learning_rule,seed,epoch,replay_loss
gradient_descent,42,1,11.033849677681472
gradient_descent,42,2,5.506841396079098
gradient_descent,42,3,2.7020567369304613
gradient_descent,42,4,2.6924997622304776
gradient_descent,42,5,2.652702323978169
gradient_descent,42,6,2.0789485749404024
gradient_descent,42,7,2.23269364413425
gradient_descent,42,8,1.8854615578371168
gradient_descent,42,9,1.7502427307803883
gradient_descent,42,10,1.5310006353315762
gradient_descent,42,11,1.55411494638834
gradient_descent,42,12,1.3769717816034053
gradient_descent,42,13,1.3020061715072513
gradient_descent,42,14,1.0889438547841916
gradient_descent,42,15,1.1358833739522116
gradient_descent,42,16,1.1088660919518423
gradient_descent,42,17,1.2970156605437042
gradient_descent,42,18,0.9759269266651148
gradient_descent,42,19,0.9298809617863981
gradient_descent,42,20,0.870388450116715
gradient_descent,42,21,0.8811633232998738
gradient_descent,42,22,0.8616876522613297
gradient_descent,42,23,0.6574430308507568
gradient_descent,42,24,0.637656660464761
gradient_descent,42,25,0.698845116270787
gradient_descent,42,26,0.7624952491975331
gradient_descent,42,27,0.7060213316243198
gradient_descent,42,28,0.6846541856963078
gradient_descent,42,29,0.78679179736305
gradient_descent,42,30,0.6244008546363432
gradient_descent,42,31,0.6086347852285484
gradient_descent,42,32,0.6623872006248757
gradient_descent,42,33,0.5912664762159621
gradient_descent,42,34,0.5241460787902343
gradient_descent,42,35,0.5117018731282753
gradient_descent,42,36,0.5002435641663457
gradient_descent,42,37,0.4370018371898185
gradient_descent,42,38,0.3646620493273456
gradient_descent,42,39,0.36699812589114633
gradient_descent,42,40,0.44075203423012876
gradient_descent,42,41,0.43259910770744053
gradient_descent,42,42,0.4251806698046719
gradient_descent,42,43,0.36900011067839367
gradient_descent,42,44,0.36636000188829193
gradient_descent,42,45,0.28024886885199907
gradient_descent,42,46,0.2635986003259918
gradient_descent,42,47,0.26016932238047114
gradient_descent,42,48,0.2510149989803789
gradient_descent,42,49,0.2624970435100513
gradient_descent,42,50,0.24784850565308195
gradient_descent,42,51,0.33002981310798396
gradient_descent,42,52,0.30179890831451184
gradient_descent,42,53,0.23910575690121433
gradient_descent,42,54,0.3105728298080799
gradient_descent,42,55,0.2624882564337619
gradient_descent,42,56,0.20376580133805422
gradient_descent,42,57,0.20234149394459608
gradient_descent,42,58,0.2167326204945531
gradient_descent,42,59,0.2632413436671142
gradient_descent,42,60,0.23465090955312853
gradient_descent,42,61,0.2433028854793701
gradient_descent,42,62,0.20916766991850924
gradient_descent,42,63,0.14071648803414336
gradient_descent,42,64,0.14415491300112304
gradient_descent,42,65,0.148911127453798
gradient_descent,42,66,0.1505005309706655
gradient_descent,42,67,0.14770272767546752
gradient_descent,42,68,0.1305228117124509
gradient_descent,42,69,0.14165724006759384
gradient_descent,42,70,0.14140620326360018
gradient_descent,42,71,0.11148107384861779
gradient_descent,42,72,0.10195116964122747
gradient_descent,42,73,0.09854934414544796
gradient_descent,42,74,0.10147287098393011
gradient_descent,42,75,0.10871975338479963
gradient_descent,42,76,0.10415805862105038
gradient_descent,42,77,0.11613828822117891
gradient_descent,42,78,0.09292636068777815
gradient_descent,42,79,0.09192728324434621
gradient_descent,42,80,0.10510026544275526
gradient_descent,42,81,0.1645607100373825
gradient_descent,42,82,0.1601115022918122
gradient_descent,42,83,0.10946052147990874
gradient_descent,42,84,0.09130359196469877
gradient_descent,42,85,0.08630924350243181
gradient_descent,42,86,0.09055918418050463
gradient_descent,42,87,0.0972980644827881
gradient_descent,42,88,0.08784715978454241
gradient_descent,42,89,0.0945323896258952
gradient_descent,42,90,0.07900419885347204
gradient_descent,42,91,0.07773328001652462
gradient_descent,42,92,0.06401396357025393
gradient_descent,42,93,0.0714346585798996
gradient_descent,42,94,0.07195412123303535
gradient_descent,42,95,0.06622153925027274
gradient_descent,42,96,0.06803826436708361
gradient_descent,42,97,0.06980044760613167
gradient_descent,42,98,0.057081093159533365
gradient_descent,42,99,0.06427304418806283
gradient_descent,42,100,0.07493452416665604
gradient_descent,42,101,0.10988394103427067
gradient_descent,42,102,0.08546773453690593
gradient_descent,42,103,0.06658507468904987
gradient_descent,42,104,0.058016256016239894
gradient_descent,42,105,0.06146652569379805
gradient_descent,42,106,0.05352967450170352
gradient_descent,42,107,0.05779254492375003
gradient_descent,42,108,0.057766393448292215
gradient_descent,42,109,0.058716242973467225
gradient_descent,42,110,0.061056773017294244
gradient_descent,42,111,0.06733735429331522
gradient_descent,42,112,0.06566748265408605
gradient_descent,42,113,0.056564541419311005
gradient_descent,42,114,0.06442305276231436
gradient_descent,42,115,0.049067276148915644
gradient_descent,42,116,0.058610370523159094
gradient_descent,42,117,0.0586912294312907
gradient_descent,42,118,0.05497254596617096
gradient_descent,42,119,0.05561878306711858
gradient_descent,42,120,0.049788885050558736
gradient_descent,42,121,0.04720546893175444
gradient_descent,42,122,0.053560215100046535
gradient_descent,42,123,0.05126166965923757
gradient_descent,42,124,0.050186066646466514
gradient_descent,42,125,0.05203979995591935
gradient_descent,42,126,0.047440324134673674
gradient_descent,42,127,0.055617827552783015
gradient_descent,42,128,0.05466616764820741
gradient_descent,42,129,0.05318511985980246
gradient_descent,42,130,0.049672714999810824
gradient_descent,42,131,0.059192755470536144
gradient_descent,42,132,0.056445185345210855
gradient_descent,42,133,0.06228320183614409
gradient_descent,42,134,0.055715431117516784
gradient_descent,42,135,0.05056797709060321
gradient_descent,42,136,0.052782898801627766
gradient_descent,42,137,0.054180942919634795
gradient_descent,42,138,0.05645036413188553
gradient_descent,42,139,0.05037067698007076
gradient_descent,42,140,0.0497331538162181
gradient_descent,42,141,0.04653682625689097
gradient_descent,42,142,0.04448044518665639
gradient_descent,42,143,0.047500633205958785
gradient_descent,42,144,0.04632426538986541
gradient_descent,42,145,0.04033443656674359
gradient_descent,42,146,0.04833570964094674
gradient_descent,42,147,0.04656671620300932
gradient_descent,42,148,0.049215029130361264
gradient_descent,42,149,0.046805382552800395
gradient_descent,42,150,0.043437755618139076
gradient_descent,42,151,0.04385098920859652
gradient_descent,42,152,0.04717314903333285
gradient_descent,42,153,0.05061878748927374
gradient_descent,42,154,0.050223356607709796
gradient_descent,42,155,0.047119280506819745
gradient_descent,42,156,0.05074785360203485
gradient_descent,42,157,0.04671436826497266
gradient_descent,42,158,0.04697884380229122
gradient_descent,42,159,0.04451131655486062
gradient_descent,42,160,0.04519506967415653
gradient_descent,42,161,0.03713543773183709
gradient_descent,42,162,0.0416441680751121
gradient_descent,42,163,0.03923747590636074
gradient_descent,42,164,0.0383310784508398
gradient_descent,42,165,0.042556621497435304
gradient_descent,42,166,0.042756297390075235
gradient_descent,42,167,0.045284678457463805
gradient_descent,42,168,0.05052380952570376
gradient_descent,42,169,0.05012091414966235
gradient_descent,42,170,0.05953723187986196
gradient_descent,42,171,0.06068600752172788
gradient_descent,42,172,0.05094058058005637
gradient_descent,42,173,0.04383208130697434
gradient_descent,42,174,0.036961128184994994
gradient_descent,42,175,0.04238158527706264
gradient_descent,42,176,0.03770961766557318
gradient_descent,42,177,0.04236131950179022
gradient_descent,42,178,0.040001555701126776
gradient_descent,42,179,0.041076470487394906
gradient_descent,42,180,0.041038881956065136
gradient_descent,42,181,0.04130823356422842
gradient_descent,42,182,0.036418554707888746
gradient_descent,42,183,0.037266772982472766
gradient_descent,42,184,0.04128314505036583
gradient_descent,42,185,0.036849833059153285
gradient_descent,42,186,0.03840575929499772
gradient_descent,42,187,0.037045463366780856
gradient_descent,42,188,0.03649536284096868
gradient_descent,42,189,0.04067966728457772
gradient_descent,42,190,0.03862548218788597
gradient_descent,42,191,0.03758903368282334
gradient_descent,42,192,0.043907854633720246
gradient_descent,42,193,0.04440182312223922
gradient_descent,42,194,0.049019968361229356
gradient_descent,42,195,0.037767104734415746
gradient_descent,42,196,0.03917680546103916
gradient_descent,42,197,0.03823209523279425
gradient_descent,42,198,0.034988741232773006
gradient_descent,42,199,0.03562639098369324
gradient_descent,42,200,0.0363335038613582
gradient_descent,42,201,0.03971239810617968
gradient_descent,42,202,0.05015475860022805
gradient_descent,42,203,0.04766924217715571
gradient_descent,42,204,0.042806987259377725
gradient_descent,42,205,0.04144461728049778
gradient_descent,42,206,0.04322060856156723
gradient_descent,42,207,0.04500240881968099
gradient_descent,42,208,0.03863252018719126
gradient_descent,42,209,0.04019686424327964
gradient_descent,42,210,0.03837494429185096
gradient_descent,42,211,0.038299378849066194
gradient_descent,42,212,0.040212765686266076
gradient_descent,42,213,0.040493271405196984
gradient_descent,42,214,0.03756892935234813
gradient_descent,42,215,0.04198341429836305
gradient_descent,42,216,0.036516392382416135
gradient_descent,42,217,0.03966931117829928
gradient_descent,42,218,0.04226832831636279
gradient_descent,42,219,0.040272591072396176
gradient_descent,42,220,0.03739665304478351
gradient_descent,42,221,0.035862302239841395
gradient_descent,42,222,0.038544483316290214
gradient_descent,42,223,0.03732059567288835
gradient_descent,42,224,0.0324989598901104
gradient_descent,42,225,0.035218050968904464
gradient_descent,42,226,0.03981457839659465
gradient_descent,42,227,0.0385195172353783
gradient_descent,42,228,0.04372838664084567
gradient_descent,42,229,0.04420272464265855
gradient_descent,42,230,0.036174889030654384
gradient_descent,42,231,0.037622439619531094
gradient_descent,42,232,0.03875840892511704
gradient_descent,42,233,0.03843004720429866
gradient_descent,42,234,0.03499715067459895
gradient_descent,42,235,0.03986745568862485
gradient_descent,42,236,0.03405916326278526
gradient_descent,42,237,0.036857598659953354
gradient_descent,42,238,0.03598039089543787
gradient_descent,42,239,0.03602273023273923
gradient_descent,42,240,0.035633849105997574
gradient_descent,42,241,0.035231480772485724
gradient_descent,42,242,0.03615328056465616
gradient_descent,42,243,0.036851317988447804
gradient_descent,42,244,0.03661765531943033
gradient_descent,42,245,0.035822463712350185
gradient_descent,42,246,0.04209694770871914
gradient_descent,42,247,0.03613866721709822
gradient_descent,42,248,0.03804847218590009
gradient_descent,42,249,0.03555005745598976
gradient_descent,42,250,0.03570429330020746
gradient_descent,42,251,0.03576148147297909
gradient_descent,42,252,0.03374000818120108
gradient_descent,42,253,0.03568922199551936
gradient_descent,42,254,0.037767037744216504
gradient_descent,42,255,0.0378715563528235
gradient_descent,42,256,0.03770830962687849
gradient_descent,42,257,0.03562404305888684
gradient_descent,42,258,0.03625664410139914
gradient_descent,42,259,0.035279595421992785
gradient_descent,42,260,0.0298648766401859
gradient_descent,42,261,0.0341560681717732
gradient_descent,42,262,0.03340112596078493
gradient_descent,42,263,0.035491183804465656
gradient_descent,42,264,0.03634749548079224
gradient_descent,42,265,0.033959536089919834
gradient_descent,42,266,0.032881239736832
gradient_descent,42,267,0.03266084711789112
gradient_descent,42,268,0.032743072890187824
gradient_descent,42,269,0.029342908966217017
gradient_descent,42,270,0.03391124270420085
gradient_descent,42,271,0.03426671109169256
gradient_descent,42,272,0.03368892960631348
gradient_descent,42,273,0.03680837642197205
gradient_descent,42,274,0.0355403059664875
gradient_descent,42,275,0.03704795286559757
gradient_descent,42,276,0.035409789074793384
gradient_descent,42,277,0.03180064086963514
gradient_descent,42,278,0.03107777544240747
gradient_descent,42,279,0.03414160771779065
gradient_descent,42,280,0.033215628002996496
gradient_descent,42,281,0.03475024083351973
gradient_descent,42,282,0.034121722187692584
gradient_descent,42,283,0.0318257076611393
gradient_descent,42,284,0.034048064112000336
gradient_descent,42,285,0.031214793534396712
gradient_descent,42,286,0.037934008092215844
gradient_descent,42,287,0.03371338893764866
gradient_descent,42,288,0.0345824571081353
gradient_descent,42,289,0.03059737441648289
gradient_descent,42,290,0.029237852737409822
gradient_descent,42,291,0.031595654788410664
gradient_descent,42,292,0.033618625440832224
gradient_descent,42,293,0.0338222857609544
gradient_descent,42,294,0.03378015437344537
gradient_descent,42,295,0.03264775270910807
gradient_descent,42,296,0.03534903152096807
gradient_descent,42,297,0.03286198027358887
gradient_descent,42,298,0.029893811205945312
gradient_descent,42,299,0.033130902490122814
gradient_descent,42,300,0.033983098614541705
gradient_descent,43,1,21.64425513059423
gradient_descent,43,2,9.122365332496868
gradient_descent,43,3,3.7324009550575283
gradient_descent,43,4,3.780118567323291
gradient_descent,43,5,4.46799976583572
gradient_descent,43,6,3.190721398381164
gradient_descent,43,7,3.990636186493718
gradient_descent,43,8,3.0554094608792868
gradient_descent,43,9,3.2087603046817788
gradient_descent,43,10,2.808501082614052
gradient_descent,43,11,3.07663783555364
gradient_descent,43,12,2.832963357730528
gradient_descent,43,13,2.756604907009613
gradient_descent,43,14,2.588475796833352
gradient_descent,43,15,2.422012627657858
gradient_descent,43,16,2.3610788287616327
gradient_descent,43,17,2.0489091918727
gradient_descent,43,18,2.333409419972968
gradient_descent,43,19,2.164109828941307
gradient_descent,43,20,1.9940686055961643
gradient_descent,43,21,2.086595911258884
gradient_descent,43,22,1.9455385813686312
gradient_descent,43,23,1.8125830044908804
gradient_descent,43,24,1.8208799025183147
gradient_descent,43,25,1.797059541235543
gradient_descent,43,26,1.7184198872741157
gradient_descent,43,27,1.7184955411830898
gradient_descent,43,28,1.6500266430768078
gradient_descent,43,29,1.7305103422632817
gradient_descent,43,30,1.7292143602543353
gradient_descent,43,31,1.701845540840469
gradient_descent,43,32,1.757965329016014
gradient_descent,43,33,1.4443875771332513
gradient_descent,43,34,1.3666689610021658
gradient_descent,43,35,1.3534900139015789
gradient_descent,43,36,1.2064641736926722
gradient_descent,43,37,1.4834314624157043
gradient_descent,43,38,1.1099835025439588
gradient_descent,43,39,1.496282886284264
gradient_descent,43,40,1.0964063136191113
gradient_descent,43,41,1.3859745659946148
gradient_descent,43,42,1.3288600666177321
gradient_descent,43,43,1.4988556450707984
gradient_descent,43,44,1.3143711870768664
gradient_descent,43,45,1.0905475292589355
gradient_descent,43,46,1.3730967526909355
gradient_descent,43,47,0.8900585867938751
gradient_descent,43,48,1.0936229944204294
gradient_descent,43,49,0.9002389206815596
gradient_descent,43,50,1.1044407059606536
gradient_descent,43,51,0.9386618679519536
gradient_descent,43,52,1.3781922139089202
gradient_descent,43,53,0.9734702695104551
gradient_descent,43,54,1.1946751321996782
gradient_descent,43,55,0.9558266905993569
gradient_descent,43,56,1.1864087170251068
gradient_descent,43,57,0.9487231699665202
gradient_descent,43,58,0.8313351135853808
gradient_descent,43,59,0.7747930438009921
gradient_descent,43,60,0.6897012666058843
gradient_descent,43,61,0.8772618723626415
gradient_descent,43,62,0.7384888288856989
gradient_descent,43,63,0.7999639907918792
gradient_descent,43,64,0.6892253735972633
gradient_descent,43,65,0.7251938971090394
gradient_descent,43,66,0.8172522140168446
gradient_descent,43,67,0.8982759767835091
gradient_descent,43,68,0.7128783549451613
gradient_descent,43,69,0.7499186969761145
gradient_descent,43,70,0.7691192221087865
gradient_descent,43,71,0.7034039750665241
gradient_descent,43,72,0.7051970051387951
gradient_descent,43,73,0.580537221968688
gradient_descent,43,74,0.5229981084418737
gradient_descent,43,75,0.8142437158375929
gradient_descent,43,76,0.6419700636824522
gradient_descent,43,77,0.6507736995057343
gradient_descent,43,78,0.6981882902620359
gradient_descent,43,79,0.7626598155662712
gradient_descent,43,80,0.6103717726152393
gradient_descent,43,81,0.7008160761663382
gradient_descent,43,82,0.5735474587473863
gradient_descent,43,83,0.4787459792252321
gradient_descent,43,84,0.4406720986767858
gradient_descent,43,85,0.6570851809555688
gradient_descent,43,86,0.55737371639094
gradient_descent,43,87,0.5942285551394761
gradient_descent,43,88,0.6048947592227978
gradient_descent,43,89,0.6901139124391045
gradient_descent,43,90,0.6635179739860806
gradient_descent,43,91,0.5095524583206529
gradient_descent,43,92,0.5550948928032242
gradient_descent,43,93,0.5561017832999112
gradient_descent,43,94,0.5643431098735777
gradient_descent,43,95,0.5102505285776987
gradient_descent,43,96,0.500071584454627
gradient_descent,43,97,0.45926453386246807
gradient_descent,43,98,0.5079349375395202
gradient_descent,43,99,0.5020783196863348
gradient_descent,43,100,0.3520484433521778
gradient_descent,43,101,0.4505643099802357
gradient_descent,43,102,0.4111663082849454
gradient_descent,43,103,0.3667896567053125
gradient_descent,43,104,0.277548529204895
gradient_descent,43,105,0.3490089581345774
gradient_descent,43,106,0.49270951230841376
gradient_descent,43,107,0.4101766278606705
gradient_descent,43,108,0.5151948162000928
gradient_descent,43,109,0.4165531050318887
gradient_descent,43,110,0.5771847013490562
gradient_descent,43,111,0.3454437884893386
gradient_descent,43,112,0.46865346133275065
gradient_descent,43,113,0.36508644344154706
gradient_descent,43,114,0.4358770495072968
gradient_descent,43,115,0.41600979685353023
gradient_descent,43,116,0.5765369721602623
gradient_descent,43,117,0.2476218860900029
gradient_descent,43,118,0.4379786621820317
gradient_descent,43,119,0.41616763746453284
gradient_descent,43,120,0.3641564158378969
gradient_descent,43,121,0.31015090491722896
gradient_descent,43,122,0.4313208835985039
gradient_descent,43,123,0.2815687317259296
gradient_descent,43,124,0.35033477083551684
gradient_descent,43,125,0.3518932000815331
gradient_descent,43,126,0.39448741531826703
gradient_descent,43,127,0.24828043739016542
gradient_descent,43,128,0.26578573552875184
gradient_descent,43,129,0.3572387031474684
gradient_descent,43,130,0.3606092015602764
gradient_descent,43,131,0.23626105050544408
gradient_descent,43,132,0.3777503506173833
gradient_descent,43,133,0.2757445055789876
gradient_descent,43,134,0.3689148746656032
gradient_descent,43,135,0.3419964213078924
gradient_descent,43,136,0.26381593166638534
gradient_descent,43,137,0.21142269058919716
gradient_descent,43,138,0.17252450111456097
gradient_descent,43,139,0.18058159128630827
gradient_descent,43,140,0.20998215046722307
gradient_descent,43,141,0.2285857440825851
gradient_descent,43,142,0.2447161559636581
gradient_descent,43,143,0.2708838126599071
gradient_descent,43,144,0.2434736938149033
gradient_descent,43,145,0.20525889951848003
gradient_descent,43,146,0.19731374259742224
gradient_descent,43,147,0.19886058202421006
gradient_descent,43,148,0.2406694900466488
gradient_descent,43,149,0.2713119200411623
gradient_descent,43,150,0.3583408183148706
gradient_descent,43,151,0.2640263790105944
gradient_descent,43,152,0.34111301216287
gradient_descent,43,153,0.20926032649240367
gradient_descent,43,154,0.33283573150130663
gradient_descent,43,155,0.336537198223817
gradient_descent,43,156,0.3704841135323271
gradient_descent,43,157,0.15895219846075576
gradient_descent,43,158,0.247818335895694
gradient_descent,43,159,0.17629162461624237
gradient_descent,43,160,0.2958903518690223
gradient_descent,43,161,0.1544467416105217
gradient_descent,43,162,0.24111164882905697
gradient_descent,43,163,0.15450723105523345
gradient_descent,43,164,0.2016019544077496
gradient_descent,43,165,0.12747037031924066
gradient_descent,43,166,0.1983952939864359
gradient_descent,43,167,0.1784861993315388
gradient_descent,43,168,0.20279367546781976
gradient_descent,43,169,0.1736781232493687
gradient_descent,43,170,0.23303304150388868
gradient_descent,43,171,0.21381534192399473
gradient_descent,43,172,0.2543317368826321
gradient_descent,43,173,0.12594715450192762
gradient_descent,43,174,0.15413175968369622
gradient_descent,43,175,0.29326986906755176
gradient_descent,43,176,0.35534413009145627
gradient_descent,43,177,0.1802771927351847
gradient_descent,43,178,0.3500776141237107
gradient_descent,43,179,0.23470461696176245
gradient_descent,43,180,0.25901985255905474
gradient_descent,43,181,0.2204596589458245
gradient_descent,43,182,0.22571216730580881
gradient_descent,43,183,0.17220243830651463
gradient_descent,43,184,0.25413709005477414
gradient_descent,43,185,0.16521503292649295
gradient_descent,43,186,0.17074323438141922
gradient_descent,43,187,0.1610778057589582
gradient_descent,43,188,0.14502780936163714
gradient_descent,43,189,0.19116153384768167
gradient_descent,43,190,0.16075730789481035
gradient_descent,43,191,0.14909438384204143
gradient_descent,43,192,0.21061173854650583
gradient_descent,43,193,0.15974735654272176
gradient_descent,43,194,0.22165695576545213
gradient_descent,43,195,0.2104940244914961
gradient_descent,43,196,0.23208034168444944
gradient_descent,43,197,0.17168771234104446
gradient_descent,43,198,0.23656291728690154
gradient_descent,43,199,0.2001549549794615
gradient_descent,43,200,0.2584091195282115
gradient_descent,43,201,0.17081824674850657
gradient_descent,43,202,0.1936348357649192
gradient_descent,43,203,0.20777871601368966
gradient_descent,43,204,0.2788961506316267
gradient_descent,43,205,0.12667191352068338
gradient_descent,43,206,0.13050168846489782
gradient_descent,43,207,0.15638875158755772
gradient_descent,43,208,0.13798579246878764
gradient_descent,43,209,0.10934556762849622
gradient_descent,43,210,0.16001670148759461
gradient_descent,43,211,0.11773178732180346
gradient_descent,43,212,0.14438666037701386
gradient_descent,43,213,0.1687546168065943
gradient_descent,43,214,0.21454600935123347
gradient_descent,43,215,0.2471354171826164
gradient_descent,43,216,0.33077241506039007
gradient_descent,43,217,0.18587406658475025
gradient_descent,43,218,0.22728112031889244
gradient_descent,43,219,0.14471342573209814
gradient_descent,43,220,0.18295513085363782
gradient_descent,43,221,0.10259363496080141
gradient_descent,43,222,0.14268369937050485
gradient_descent,43,223,0.10036638645061782
gradient_descent,43,224,0.16225057437584012
gradient_descent,43,225,0.11367293198315022
gradient_descent,43,226,0.12838650537726426
gradient_descent,43,227,0.10163632818828097
gradient_descent,43,228,0.1609267788771465
gradient_descent,43,229,0.21295324720221712
gradient_descent,43,230,0.18258270668100404
gradient_descent,43,231,0.09789447771895508
gradient_descent,43,232,0.1516304757066951
gradient_descent,43,233,0.14352810890430803
gradient_descent,43,234,0.17094139963640007
gradient_descent,43,235,0.08957431182663061
gradient_descent,43,236,0.18557943172738908
gradient_descent,43,237,0.179498371231367
gradient_descent,43,238,0.21181017257404802
gradient_descent,43,239,0.14083819195700562
gradient_descent,43,240,0.1702807945394149
gradient_descent,43,241,0.10842707986933595
gradient_descent,43,242,0.17047908795505443
gradient_descent,43,243,0.11899410483221856
gradient_descent,43,244,0.13100256099666308
gradient_descent,43,245,0.1009158916506379
gradient_descent,43,246,0.12470785601050222
gradient_descent,43,247,0.10636636860651137
gradient_descent,43,248,0.12261299647216553
gradient_descent,43,249,0.08262448472097582
gradient_descent,43,250,0.15500458441950135
gradient_descent,43,251,0.18303520067663398
gradient_descent,43,252,0.17215964673759157
gradient_descent,43,253,0.11861217649040262
gradient_descent,43,254,0.17071044043598171
gradient_descent,43,255,0.12169992146301402
gradient_descent,43,256,0.10897801366874793
gradient_descent,43,257,0.10739218500142789
gradient_descent,43,258,0.1754433344669706
gradient_descent,43,259,0.14486330595007393
gradient_descent,43,260,0.16675354493179945
gradient_descent,43,261,0.11653968794391088
gradient_descent,43,262,0.12919158665808442
gradient_descent,43,263,0.1065675310888242
gradient_descent,43,264,0.10981049643317183
gradient_descent,43,265,0.0968988571040953
gradient_descent,43,266,0.11843983279513383
gradient_descent,43,267,0.09931996584131131
gradient_descent,43,268,0.16528816720002773
gradient_descent,43,269,0.19673985553676296
gradient_descent,43,270,0.24310653877369628
gradient_descent,43,271,0.12731834691750543
gradient_descent,43,272,0.16995281186343572
gradient_descent,43,273,0.14888696535609683
gradient_descent,43,274,0.12888230037848636
gradient_descent,43,275,0.09785477530022355
gradient_descent,43,276,0.11122592379533279
gradient_descent,43,277,0.10534051114453574
gradient_descent,43,278,0.1339955366195957
gradient_descent,43,279,0.14347130787576048
gradient_descent,43,280,0.18397410248585205
gradient_descent,43,281,0.10092709865456923
gradient_descent,43,282,0.07964933774873925
gradient_descent,43,283,0.09606722116289643
gradient_descent,43,284,0.14246564309072926
gradient_descent,43,285,0.08835065788339111
gradient_descent,43,286,0.10660333265538843
gradient_descent,43,287,0.10290582120671954
gradient_descent,43,288,0.12110128524108689
gradient_descent,43,289,0.12115912804147179
gradient_descent,43,290,0.14015226109222953
gradient_descent,43,291,0.13592205037667532
gradient_descent,43,292,0.12584067776575159
gradient_descent,43,293,0.06838489508871469
gradient_descent,43,294,0.09590891517380419
gradient_descent,43,295,0.1344198784732031
gradient_descent,43,296,0.1903441817495133
gradient_descent,43,297,0.11990705792634673
gradient_descent,43,298,0.1642274697192495
gradient_descent,43,299,0.2129376337050909
gradient_descent,43,300,0.20169889282167264
gradient_descent,44,1,26.438323407080517
gradient_descent,44,2,8.462539403975809
gradient_descent,44,3,4.023752682458436
gradient_descent,44,4,3.473981932892068
gradient_descent,44,5,3.5466657700190507
gradient_descent,44,6,3.2266217986353123
gradient_descent,44,7,3.912088064253551
gradient_descent,44,8,2.991690569087878
gradient_descent,44,9,2.4477905333893375
gradient_descent,44,10,2.354941254488311
gradient_descent,44,11,3.0476141503224596
gradient_descent,44,12,2.099593346444154
gradient_descent,44,13,2.895653549268198
gradient_descent,44,14,2.3994939609767325
gradient_descent,44,15,2.806827700712095
gradient_descent,44,16,2.1469482939088915
gradient_descent,44,17,2.216418972946076
gradient_descent,44,18,1.5867130389771134
gradient_descent,44,19,1.9780091742005013
gradient_descent,44,20,2.1588249095952157
gradient_descent,44,21,1.658876545283909
gradient_descent,44,22,2.1524640502055465
gradient_descent,44,23,1.4435709838442397
gradient_descent,44,24,1.8261747466284637
gradient_descent,44,25,1.0542668609201211
gradient_descent,44,26,1.4136953468654108
gradient_descent,44,27,2.0231341895005706
gradient_descent,44,28,1.225608456616461
gradient_descent,44,29,1.3926237221928734
gradient_descent,44,30,0.9641196030589554
gradient_descent,44,31,0.957228898538688
gradient_descent,44,32,1.380282968057701
gradient_descent,44,33,0.9338132745612387
gradient_descent,44,34,1.0565643460619834
gradient_descent,44,35,1.5322540458668963
gradient_descent,44,36,1.1130540927188914
gradient_descent,44,37,0.9551928072255914
gradient_descent,44,38,0.884728588200933
gradient_descent,44,39,1.3129876537944742
gradient_descent,44,40,1.0778027122052387
gradient_descent,44,41,0.9845024857531238
gradient_descent,44,42,0.9002437116994974
gradient_descent,44,43,0.81390376577579
gradient_descent,44,44,0.7878622887550484
gradient_descent,44,45,0.9535786685324954
gradient_descent,44,46,0.6029760099558984
gradient_descent,44,47,0.8445091715597379
gradient_descent,44,48,0.7021044652059865
gradient_descent,44,49,0.7918666018267234
gradient_descent,44,50,0.6658220720781641
gradient_descent,44,51,0.666083588351185
gradient_descent,44,52,0.7455062929153411
gradient_descent,44,53,0.7194451364052431
gradient_descent,44,54,0.7326688503748638
gradient_descent,44,55,0.7370862971052019
gradient_descent,44,56,0.7969326424913515
gradient_descent,44,57,0.5984899234580083
gradient_descent,44,58,0.5443299892880447
gradient_descent,44,59,0.5506230988684181
gradient_descent,44,60,0.5475227243090518
gradient_descent,44,61,0.5188553926356883
gradient_descent,44,62,0.4826319045133023
gradient_descent,44,63,0.5023910094462771
gradient_descent,44,64,0.4743374630467374
gradient_descent,44,65,0.487783166054664
gradient_descent,44,66,0.602044979669478
gradient_descent,44,67,0.44614248796385864
gradient_descent,44,68,0.37136091057708726
gradient_descent,44,69,0.3295429289374682
gradient_descent,44,70,0.4847259502731777
gradient_descent,44,71,0.4332214669565259
gradient_descent,44,72,0.3864758434688691
gradient_descent,44,73,0.34461050059895354
gradient_descent,44,74,0.4028361504575425
gradient_descent,44,75,0.4347700475399978
gradient_descent,44,76,0.3819811289070294
gradient_descent,44,77,0.410389695823962
gradient_descent,44,78,0.3758835025300311
gradient_descent,44,79,0.3327499056549757
gradient_descent,44,80,0.3478644785309417
gradient_descent,44,81,0.25498144883019314
gradient_descent,44,82,0.28831354361007794
gradient_descent,44,83,0.38404448641733313
gradient_descent,44,84,0.35461225735213237
gradient_descent,44,85,0.2943305639846812
gradient_descent,44,86,0.29167439188716954
gradient_descent,44,87,0.28453437947669963
gradient_descent,44,88,0.4065878685612446
gradient_descent,44,89,0.3188867498240738
gradient_descent,44,90,0.4429865130235689
gradient_descent,44,91,0.23918350783116393
gradient_descent,44,92,0.3382793159460448
gradient_descent,44,93,0.3506930492474547
gradient_descent,44,94,0.3081327906225773
gradient_descent,44,95,0.296663787727345
gradient_descent,44,96,0.25806445398064465
gradient_descent,44,97,0.26683601618712216
gradient_descent,44,98,0.385392981982199
gradient_descent,44,99,0.25222102713160893
gradient_descent,44,100,0.19406857273634628
gradient_descent,44,101,0.31804974082621934
gradient_descent,44,102,0.3644428386087959
gradient_descent,44,103,0.3612668275909488
gradient_descent,44,104,0.31878487465793914
gradient_descent,44,105,0.2660616928341761
gradient_descent,44,106,0.19083311006279863
gradient_descent,44,107,0.15758505932685613
gradient_descent,44,108,0.1249332110918187
gradient_descent,44,109,0.14962287467879154
gradient_descent,44,110,0.22031007835813626
gradient_descent,44,111,0.265623875374259
gradient_descent,44,112,0.2744335087905338
gradient_descent,44,113,0.13343052994839247
gradient_descent,44,114,0.14662657064573706
gradient_descent,44,115,0.13841197971177505
gradient_descent,44,116,0.15882780882099248
gradient_descent,44,117,0.20386162528000054
gradient_descent,44,118,0.19362759618387704
gradient_descent,44,119,0.24982499826233964
gradient_descent,44,120,0.15681518071238498
gradient_descent,44,121,0.11908885797721001
gradient_descent,44,122,0.16346326759967275
gradient_descent,44,123,0.12636154662923157
gradient_descent,44,124,0.10884533158259124
gradient_descent,44,125,0.12598260646535572
gradient_descent,44,126,0.1511353129805747
gradient_descent,44,127,0.15658757861989858
gradient_descent,44,128,0.12764600273234913
gradient_descent,44,129,0.10051249059874635
gradient_descent,44,130,0.09926744790860896
gradient_descent,44,131,0.08125180479569566
gradient_descent,44,132,0.09671530700758137
gradient_descent,44,133,0.0925919037777459
gradient_descent,44,134,0.09839970973899616
gradient_descent,44,135,0.11165096536837207
gradient_descent,44,136,0.14089750151526853
gradient_descent,44,137,0.13239078092287598
gradient_descent,44,138,0.19203895190514275
gradient_descent,44,139,0.11930011067203936
gradient_descent,44,140,0.0974081473386257
gradient_descent,44,141,0.07474717641278522
gradient_descent,44,142,0.07677210104551375
gradient_descent,44,143,0.07048343739086756
gradient_descent,44,144,0.05640855459943873
gradient_descent,44,145,0.06102972093800778
gradient_descent,44,146,0.06343235986967594
gradient_descent,44,147,0.05890861217413304
gradient_descent,44,148,0.05545219518659896
gradient_descent,44,149,0.05181556001654335
gradient_descent,44,150,0.05901402096792794
gradient_descent,44,151,0.05694969427232266
gradient_descent,44,152,0.056174931964351145
gradient_descent,44,153,0.05994511865731536
gradient_descent,44,154,0.06214573186028338
gradient_descent,44,155,0.06804653138217831
gradient_descent,44,156,0.07866678783326773
gradient_descent,44,157,0.0728315549851401
gradient_descent,44,158,0.06209349617294433
gradient_descent,44,159,0.06191080836965117
gradient_descent,44,160,0.0868096446494519
gradient_descent,44,161,0.0813236377603397
gradient_descent,44,162,0.0874395910940157
gradient_descent,44,163,0.08341849541261971
gradient_descent,44,164,0.08605677476059942
gradient_descent,44,165,0.06883911664491388
gradient_descent,44,166,0.06271620641609608
gradient_descent,44,167,0.048827978851679485
gradient_descent,44,168,0.047060894056544504
gradient_descent,44,169,0.04632198840231389
gradient_descent,44,170,0.04706152388423648
gradient_descent,44,171,0.04971539199941097
gradient_descent,44,172,0.05377621460791611
gradient_descent,44,173,0.05400975107385801
gradient_descent,44,174,0.07185894642744918
gradient_descent,44,175,0.0778285780711835
gradient_descent,44,176,0.06613153241850221
gradient_descent,44,177,0.05602354386942065
gradient_descent,44,178,0.05036502638794695
gradient_descent,44,179,0.04694530595997533
gradient_descent,44,180,0.04234143830020673
gradient_descent,44,181,0.048302842633224416
gradient_descent,44,182,0.05229766018193774
gradient_descent,44,183,0.04776591160128112
gradient_descent,44,184,0.050872177393224256
gradient_descent,44,185,0.05404582533752293
gradient_descent,44,186,0.06011706704560583
gradient_descent,44,187,0.06916205298397067
gradient_descent,44,188,0.06644997488074936
gradient_descent,44,189,0.06255528252477127
gradient_descent,44,190,0.05555608760878614
gradient_descent,44,191,0.04138433827445244
gradient_descent,44,192,0.04585758744564885
gradient_descent,44,193,0.05125006334676878
gradient_descent,44,194,0.052115148064302834
gradient_descent,44,195,0.04182103758891471
gradient_descent,44,196,0.04305205186905554
gradient_descent,44,197,0.05397029204525308
gradient_descent,44,198,0.06166195841287844
gradient_descent,44,199,0.05423304075763494
gradient_descent,44,200,0.04872438148648588
gradient_descent,44,201,0.04822667283841731
gradient_descent,44,202,0.054083105840114845
gradient_descent,44,203,0.04680914797753796
gradient_descent,44,204,0.045502851624534824
gradient_descent,44,205,0.038398576178539395
gradient_descent,44,206,0.03895792877184683
gradient_descent,44,207,0.03912101563416038
gradient_descent,44,208,0.03850597790776821
gradient_descent,44,209,0.03873665075807879
gradient_descent,44,210,0.03861095663590623
gradient_descent,44,211,0.040050445665941875
gradient_descent,44,212,0.04292845800027973
gradient_descent,44,213,0.037143358957447865
gradient_descent,44,214,0.037291178782370545
gradient_descent,44,215,0.04048415517870132
gradient_descent,44,216,0.04204000549784848
gradient_descent,44,217,0.047475691497049936
gradient_descent,44,218,0.04646381459315249
gradient_descent,44,219,0.037737737315759426
gradient_descent,44,220,0.033102223614012535
gradient_descent,44,221,0.034632293251898025
gradient_descent,44,222,0.037548647584157054
gradient_descent,44,223,0.03402900046368012
gradient_descent,44,224,0.04239677333425242
gradient_descent,44,225,0.04004770703052087
gradient_descent,44,226,0.03927346248973369
gradient_descent,44,227,0.03948553725239557
gradient_descent,44,228,0.03975912299353942
gradient_descent,44,229,0.04320815610449533
gradient_descent,44,230,0.0402118782420523
gradient_descent,44,231,0.038638195537518905
gradient_descent,44,232,0.032554873572454415
gradient_descent,44,233,0.037755280230020616
gradient_descent,44,234,0.036782772103555565
gradient_descent,44,235,0.03789971855411156
gradient_descent,44,236,0.04162529362950061
gradient_descent,44,237,0.04048495769917379
gradient_descent,44,238,0.03653557240207869
gradient_descent,44,239,0.03757936582441438
gradient_descent,44,240,0.03850589810881201
gradient_descent,44,241,0.03745350290981477
gradient_descent,44,242,0.0421460261192037
gradient_descent,44,243,0.038958965746471126
gradient_descent,44,244,0.03740828577152784
gradient_descent,44,245,0.03586368410753455
gradient_descent,44,246,0.04351214593356673
gradient_descent,44,247,0.04353279111881974
gradient_descent,44,248,0.048127225267340874
gradient_descent,44,249,0.05289726141633586
gradient_descent,44,250,0.05238888342087287
gradient_descent,44,251,0.03998313638407454
gradient_descent,44,252,0.03993822418945944
gradient_descent,44,253,0.04110259381707226
gradient_descent,44,254,0.04091617578637285
gradient_descent,44,255,0.036626016391841154
gradient_descent,44,256,0.03420358289235325
gradient_descent,44,257,0.03633991708301644
gradient_descent,44,258,0.0355251198292323
gradient_descent,44,259,0.03200314743482258
gradient_descent,44,260,0.03361896357357398
gradient_descent,44,261,0.03472040617770053
gradient_descent,44,262,0.03853731742820218
gradient_descent,44,263,0.037870373385636084
gradient_descent,44,264,0.037569710951828976
gradient_descent,44,265,0.0357827897346161
gradient_descent,44,266,0.0341466978021877
gradient_descent,44,267,0.03496731976403953
gradient_descent,44,268,0.041510871687789525
gradient_descent,44,269,0.03550951092527961
gradient_descent,44,270,0.03292481008720323
gradient_descent,44,271,0.03450372660558044
gradient_descent,44,272,0.03362312559640534
gradient_descent,44,273,0.03351160226177081
gradient_descent,44,274,0.03048106683713827
gradient_descent,44,275,0.03677109967272543
gradient_descent,44,276,0.03448078031659278
gradient_descent,44,277,0.036677495915285414
gradient_descent,44,278,0.036154580200720016
gradient_descent,44,279,0.03508888254912317
gradient_descent,44,280,0.037095027806053955
gradient_descent,44,281,0.04045592255692928
gradient_descent,44,282,0.034829500334417854
gradient_descent,44,283,0.03324815096174907
gradient_descent,44,284,0.03154594380410794
gradient_descent,44,285,0.030703112584460315
gradient_descent,44,286,0.03261118247370238
gradient_descent,44,287,0.03299279396689498
gradient_descent,44,288,0.03526771698947531
gradient_descent,44,289,0.03378240185044384
gradient_descent,44,290,0.03207467565504183
gradient_descent,44,291,0.03536651617223778
gradient_descent,44,292,0.03360615936094337
gradient_descent,44,293,0.034845052288394046
gradient_descent,44,294,0.03612335209579811
gradient_descent,44,295,0.03343725065978383
gradient_descent,44,296,0.03375894120202678
gradient_descent,44,297,0.03618657181090981
gradient_descent,44,298,0.03235084055441187
gradient_descent,44,299,0.034158467462014314
gradient_descent,44,300,0.034146695430191026
gradient_descent,45,1,15.766376257669965
gradient_descent,45,2,7.036411436599888
gradient_descent,45,3,3.819550281517414
gradient_descent,45,4,4.137898659162946
gradient_descent,45,5,3.4263851067732856
gradient_descent,45,6,2.787176026345321
gradient_descent,45,7,2.833904432760759
gradient_descent,45,8,2.6531244073689733
gradient_descent,45,9,2.054502679322087
gradient_descent,45,10,1.967702477306578
gradient_descent,45,11,2.2341603478197314
gradient_descent,45,12,2.054577230409505
gradient_descent,45,13,1.9534192767833736
gradient_descent,45,14,1.5384980817402096
gradient_descent,45,15,1.5992215036423907
gradient_descent,45,16,1.4535823731857016
gradient_descent,45,17,1.4026953471248957
gradient_descent,45,18,1.5231270142230733
gradient_descent,45,19,1.6063520626635992
gradient_descent,45,20,1.3989512167370868
gradient_descent,45,21,1.4610272256720724
gradient_descent,45,22,0.9241508165335811
gradient_descent,45,23,1.201320578971863
gradient_descent,45,24,1.0567156771348973
gradient_descent,45,25,1.0837401452500814
gradient_descent,45,26,1.029515904654491
gradient_descent,45,27,0.8496392865641934
gradient_descent,45,28,0.9127925618983881
gradient_descent,45,29,0.7614575515320148
gradient_descent,45,30,0.7994800118926917
gradient_descent,45,31,0.934893743750483
gradient_descent,45,32,0.8141950271170622
gradient_descent,45,33,0.7119743846796389
gradient_descent,45,34,0.8137274341548649
gradient_descent,45,35,0.7856413301383873
gradient_descent,45,36,0.6787216220740561
gradient_descent,45,37,0.7952869346270746
gradient_descent,45,38,0.7629691908019073
gradient_descent,45,39,0.7545241799343251
gradient_descent,45,40,0.6765976305689435
gradient_descent,45,41,0.5890536290669046
gradient_descent,45,42,0.5408133218211577
gradient_descent,45,43,0.52505308567852
gradient_descent,45,44,0.5702712379727446
gradient_descent,45,45,0.543745007350848
gradient_descent,45,46,0.5361233151009042
gradient_descent,45,47,0.5614349295556461
gradient_descent,45,48,0.5142925976315196
gradient_descent,45,49,0.4820427864201882
gradient_descent,45,50,0.43846178669568125
gradient_descent,45,51,0.492464677215359
gradient_descent,45,52,0.4067332995135939
gradient_descent,45,53,0.395359720399439
gradient_descent,45,54,0.36879699710943203
gradient_descent,45,55,0.38992632915712144
gradient_descent,45,56,0.41313126816528756
gradient_descent,45,57,0.4275403772407485
gradient_descent,45,58,0.35556510811595776
gradient_descent,45,59,0.28760170515168376
gradient_descent,45,60,0.24642041139715476
gradient_descent,45,61,0.3140133609497516
gradient_descent,45,62,0.337561677254131
gradient_descent,45,63,0.25163882618063504
gradient_descent,45,64,0.2270615214632042
gradient_descent,45,65,0.21142539155104642
gradient_descent,45,66,0.22321014563333505
gradient_descent,45,67,0.21735241598789615
gradient_descent,45,68,0.19921227971749964
gradient_descent,45,69,0.22813992129313637
gradient_descent,45,70,0.24265858432466827
gradient_descent,45,71,0.22714397688679752
gradient_descent,45,72,0.23389911490168866
gradient_descent,45,73,0.30421596355429836
gradient_descent,45,74,0.24640799865450608
gradient_descent,45,75,0.22899635955519146
gradient_descent,45,76,0.23218570350413606
gradient_descent,45,77,0.22516018155907414
gradient_descent,45,78,0.14117674866326047
gradient_descent,45,79,0.1331991335398647
gradient_descent,45,80,0.13600878211326237
gradient_descent,45,81,0.12359246154979385
gradient_descent,45,82,0.12221348383273996
gradient_descent,45,83,0.10261192151361108
gradient_descent,45,84,0.1445800431498532
gradient_descent,45,85,0.14607838883482444
gradient_descent,45,86,0.11679751357130641
gradient_descent,45,87,0.1265260364821537
gradient_descent,45,88,0.10848079334056816
gradient_descent,45,89,0.1246428001953363
gradient_descent,45,90,0.13231037663524325
gradient_descent,45,91,0.14892168315340948
gradient_descent,45,92,0.1581018362219291
gradient_descent,45,93,0.13108960945958803
gradient_descent,45,94,0.1711306565752582
gradient_descent,45,95,0.14551505489573005
gradient_descent,45,96,0.13731442663349916
gradient_descent,45,97,0.1375842719815277
gradient_descent,45,98,0.12208449254397506
gradient_descent,45,99,0.11124778664347486
gradient_descent,45,100,0.10373551201908861
gradient_descent,45,101,0.1012481207463575
gradient_descent,45,102,0.11496147742263295
gradient_descent,45,103,0.12717537830566117
gradient_descent,45,104,0.11876658386974351
gradient_descent,45,105,0.07799872728926559
gradient_descent,45,106,0.07272968396633749
gradient_descent,45,107,0.07494061018150129
gradient_descent,45,108,0.07465749526830909
gradient_descent,45,109,0.07820740684335044
gradient_descent,45,110,0.10813031365595638
gradient_descent,45,111,0.13581219838346448
gradient_descent,45,112,0.13784789908331943
gradient_descent,45,113,0.08423197035355816
gradient_descent,45,114,0.07649431119983095
gradient_descent,45,115,0.07383784994230147
gradient_descent,45,116,0.06580545422085686
gradient_descent,45,117,0.06482551321617533
gradient_descent,45,118,0.06366178118350241
gradient_descent,45,119,0.05701134199774472
gradient_descent,45,120,0.056345314725493784
gradient_descent,45,121,0.058526191040552816
gradient_descent,45,122,0.05942917743129898
gradient_descent,45,123,0.05542263283014665
gradient_descent,45,124,0.059722300329590604
gradient_descent,45,125,0.06407580977679987
gradient_descent,45,126,0.0575673925131081
gradient_descent,45,127,0.057955427686074514
gradient_descent,45,128,0.05622917663893833
gradient_descent,45,129,0.049936814886009845
gradient_descent,45,130,0.059127275623327424
gradient_descent,45,131,0.052331320126302774
gradient_descent,45,132,0.05694153676012841
gradient_descent,45,133,0.0583061973669295
gradient_descent,45,134,0.06329074348656594
gradient_descent,45,135,0.05362876709060636
gradient_descent,45,136,0.0521103241955114
gradient_descent,45,137,0.05702824937919404
gradient_descent,45,138,0.05194543565821974
gradient_descent,45,139,0.05434374909071822
gradient_descent,45,140,0.048102468219809305
gradient_descent,45,141,0.04754328818725841
gradient_descent,45,142,0.0462361661158686
gradient_descent,45,143,0.05427076604285039
gradient_descent,45,144,0.04734226629472781
gradient_descent,45,145,0.0446469532255627
gradient_descent,45,146,0.04546950648561407
gradient_descent,45,147,0.04974793656626257
gradient_descent,45,148,0.05302705206769913
gradient_descent,45,149,0.054468155410204354
gradient_descent,45,150,0.05132869970454523
gradient_descent,45,151,0.056260029892362944
gradient_descent,45,152,0.059049749321147746
gradient_descent,45,153,0.06598469169638937
gradient_descent,45,154,0.06296236625107536
gradient_descent,45,155,0.056522516262686257
gradient_descent,45,156,0.053858933940335876
gradient_descent,45,157,0.045204661822504884
gradient_descent,45,158,0.04402425817493661
gradient_descent,45,159,0.04037908873490952
gradient_descent,45,160,0.04534050901955364
gradient_descent,45,161,0.04845155891216651
gradient_descent,45,162,0.045316257035681366
gradient_descent,45,163,0.03903732461863569
gradient_descent,45,164,0.04177069944179176
gradient_descent,45,165,0.04361409445338911
gradient_descent,45,166,0.03712717615876457
gradient_descent,45,167,0.03947709086534306
gradient_descent,45,168,0.04451188098125685
gradient_descent,45,169,0.0422859667792758
gradient_descent,45,170,0.039275784373838586
gradient_descent,45,171,0.0496224439893515
gradient_descent,45,172,0.048384390584560615
gradient_descent,45,173,0.046469532075494625
gradient_descent,45,174,0.04607389690710279
gradient_descent,45,175,0.0430535419978594
gradient_descent,45,176,0.044512433035167456
gradient_descent,45,177,0.04519724809952608
gradient_descent,45,178,0.04373009491168153
gradient_descent,45,179,0.04845578605390093
gradient_descent,45,180,0.04298374824688454
gradient_descent,45,181,0.048275297023306664
gradient_descent,45,182,0.054394680141984855
gradient_descent,45,183,0.05025924693387118
gradient_descent,45,184,0.044964965857098395
gradient_descent,45,185,0.03965787717736701
gradient_descent,45,186,0.04129354455321352
gradient_descent,45,187,0.04078972369642156
gradient_descent,45,188,0.03647864307322253
gradient_descent,45,189,0.036498966305447175
gradient_descent,45,190,0.037205839573644976
gradient_descent,45,191,0.0386584386647687
gradient_descent,45,192,0.03551877593542216
gradient_descent,45,193,0.03963961113938542
gradient_descent,45,194,0.03743420424176039
gradient_descent,45,195,0.04183446571101006
gradient_descent,45,196,0.038149422392703955
gradient_descent,45,197,0.03943881256810917
gradient_descent,45,198,0.04221912533520968
gradient_descent,45,199,0.03947414545108192
gradient_descent,45,200,0.040397435581369594
gradient_descent,45,201,0.041596462178454516
gradient_descent,45,202,0.04087857785433397
gradient_descent,45,203,0.03951566528641537
gradient_descent,45,204,0.039100937063009884
gradient_descent,45,205,0.036643963413961485
gradient_descent,45,206,0.03618359673335913
gradient_descent,45,207,0.04187843559766653
gradient_descent,45,208,0.04051331059479982
gradient_descent,45,209,0.036899282114180934
gradient_descent,45,210,0.03545271158222713
gradient_descent,45,211,0.03788515787983724
gradient_descent,45,212,0.03444790273477182
gradient_descent,45,213,0.03363595491816616
gradient_descent,45,214,0.03503749602649189
gradient_descent,45,215,0.039541879060987564
gradient_descent,45,216,0.0397019977729385
gradient_descent,45,217,0.036932110444129855
gradient_descent,45,218,0.0376624273894785
gradient_descent,45,219,0.03557890291317534
gradient_descent,45,220,0.0386902638000334
gradient_descent,45,221,0.03732951041263957
gradient_descent,45,222,0.0446229999523392
gradient_descent,45,223,0.0354820996606583
gradient_descent,45,224,0.0350386822163592
gradient_descent,45,225,0.03929001372824195
gradient_descent,45,226,0.03754141091618067
gradient_descent,45,227,0.03746912018501528
gradient_descent,45,228,0.04081007350424205
gradient_descent,45,229,0.032608116255953494
gradient_descent,45,230,0.03992937741217411
gradient_descent,45,231,0.03951690603496635
gradient_descent,45,232,0.04002217030478014
gradient_descent,45,233,0.0346219339640401
gradient_descent,45,234,0.036019495355158464
gradient_descent,45,235,0.03916994165190355
gradient_descent,45,236,0.03749804033979432
gradient_descent,45,237,0.03989888657670792
gradient_descent,45,238,0.04145284691542717
gradient_descent,45,239,0.03494001442870101
gradient_descent,45,240,0.03681822912475272
gradient_descent,45,241,0.037088368319499625
gradient_descent,45,242,0.03738385255045397
gradient_descent,45,243,0.03953801325218804
gradient_descent,45,244,0.03702261778498588
gradient_descent,45,245,0.034581914169014155
gradient_descent,45,246,0.03679700231914802
gradient_descent,45,247,0.03387095748749056
gradient_descent,45,248,0.03221634398309277
gradient_descent,45,249,0.040347166840268914
gradient_descent,45,250,0.035375137872751414
gradient_descent,45,251,0.03387432509307025
gradient_descent,45,252,0.03631477206961753
gradient_descent,45,253,0.0346443903572129
gradient_descent,45,254,0.041134898147019275
gradient_descent,45,255,0.03998692422413955
gradient_descent,45,256,0.03395138863265524
gradient_descent,45,257,0.035003930728165315
gradient_descent,45,258,0.0350844146314164
gradient_descent,45,259,0.03582200272692474
gradient_descent,45,260,0.0375377452380076
gradient_descent,45,261,0.033282100222131204
gradient_descent,45,262,0.03576984310448421
gradient_descent,45,263,0.03910843125298538
gradient_descent,45,264,0.04048322413345387
gradient_descent,45,265,0.040907538498859176
gradient_descent,45,266,0.03817345770059204
gradient_descent,45,267,0.03741704636219136
gradient_descent,45,268,0.03613342247491027
gradient_descent,45,269,0.03629198611334468
gradient_descent,45,270,0.035514756439321664
gradient_descent,45,271,0.034633272041140924
gradient_descent,45,272,0.03350396566246732
gradient_descent,45,273,0.03482626132585518
gradient_descent,45,274,0.033206113605189366
gradient_descent,45,275,0.03391933697133171
gradient_descent,45,276,0.042231517614015154
gradient_descent,45,277,0.0415999638900267
gradient_descent,45,278,0.037512315281958
gradient_descent,45,279,0.03541652065934687
gradient_descent,45,280,0.03487056866833925
gradient_descent,45,281,0.037238401872044746
gradient_descent,45,282,0.038097099062819724
gradient_descent,45,283,0.03044712414893047
gradient_descent,45,284,0.032269058660900386
gradient_descent,45,285,0.038721998147094074
gradient_descent,45,286,0.04169579085299619
gradient_descent,45,287,0.03299936612292293
gradient_descent,45,288,0.035420633872137224
gradient_descent,45,289,0.0307799124733158
gradient_descent,45,290,0.032816592864226425
gradient_descent,45,291,0.032949503167880846
gradient_descent,45,292,0.0348265290284576
gradient_descent,45,293,0.03507861680100715
gradient_descent,45,294,0.03682211838951463
gradient_descent,45,295,0.030586913930778545
gradient_descent,45,296,0.030605031769426003
gradient_descent,45,297,0.030276791005199814
gradient_descent,45,298,0.0312965106666723
gradient_descent,45,299,0.032481595105467435
gradient_descent,45,300,0.03212770853558227
gradient_descent,46,1,18.881746494217147
gradient_descent,46,2,8.083869940222836
gradient_descent,46,3,3.1309188894233686
gradient_descent,46,4,3.871990260711612
gradient_descent,46,5,2.7404486342052183
gradient_descent,46,6,2.828004634271299
gradient_descent,46,7,2.3191990683960717
gradient_descent,46,8,2.589963935331097
gradient_descent,46,9,2.4260986469442503
gradient_descent,46,10,2.588077846882304
gradient_descent,46,11,2.0941497710047483
gradient_descent,46,12,2.4457605194021266
gradient_descent,46,13,1.93758908649827
gradient_descent,46,14,2.3831863612723105
gradient_descent,46,15,1.9439760126274563
gradient_descent,46,16,2.4993653529459503
gradient_descent,46,17,1.8736944110049514
gradient_descent,46,18,2.0621755827506605
gradient_descent,46,19,1.7919192397611496
gradient_descent,46,20,1.9612485585390866
gradient_descent,46,21,1.9634545227956715
gradient_descent,46,22,1.5780179858690666
gradient_descent,46,23,1.552634348349401
gradient_descent,46,24,1.5737420375474367
gradient_descent,46,25,1.6125855330088414
gradient_descent,46,26,1.3945603669121314
gradient_descent,46,27,1.5061955101725493
gradient_descent,46,28,1.3592730808987161
gradient_descent,46,29,1.4650348994154918
gradient_descent,46,30,1.1750077999270023
gradient_descent,46,31,1.2859371999490137
gradient_descent,46,32,1.008275725792814
gradient_descent,46,33,1.3830023150118673
gradient_descent,46,34,1.0059038615735185
gradient_descent,46,35,1.183439051409669
gradient_descent,46,36,0.9639191595931113
gradient_descent,46,37,1.2333265706103822
gradient_descent,46,38,1.029353835240054
gradient_descent,46,39,1.4288258403004448
gradient_descent,46,40,1.0725597221969063
gradient_descent,46,41,1.302759212122793
gradient_descent,46,42,0.7953194701247154
gradient_descent,46,43,1.2059636219602226
gradient_descent,46,44,1.2864017279543531
gradient_descent,46,45,1.055946856143366
gradient_descent,46,46,1.0791094304764157
gradient_descent,46,47,0.8780379274263606
gradient_descent,46,48,0.8199925178874543
gradient_descent,46,49,0.9382426402385182
gradient_descent,46,50,0.8018957623217138
gradient_descent,46,51,0.7782992016395052
gradient_descent,46,52,0.7704424548751304
gradient_descent,46,53,0.9794598903701709
gradient_descent,46,54,0.7128657182825953
gradient_descent,46,55,1.1048266055805422
gradient_descent,46,56,0.6915764792811796
gradient_descent,46,57,0.8015518084933596
gradient_descent,46,58,0.7392563005639385
gradient_descent,46,59,0.8701686042871327
gradient_descent,46,60,0.5916880190167866
gradient_descent,46,61,0.7310925341299975
gradient_descent,46,62,0.6560109296884383
gradient_descent,46,63,0.7515758512765067
gradient_descent,46,64,0.6192385993759844
gradient_descent,46,65,0.7137099203406365
gradient_descent,46,66,0.6308700037504729
gradient_descent,46,67,0.8298196875845624
gradient_descent,46,68,0.6809093479358407
gradient_descent,46,69,0.8464714604729604
gradient_descent,46,70,0.8208958287891474
gradient_descent,46,71,0.6884306370680199
gradient_descent,46,72,0.8066885235654627
gradient_descent,46,73,0.6893304031044875
gradient_descent,46,74,0.5161623958644402
gradient_descent,46,75,0.7023696154196186
gradient_descent,46,76,0.5739682114482615
gradient_descent,46,77,0.5146756282241545
gradient_descent,46,78,0.6829850384968084
gradient_descent,46,79,0.6609189371946482
gradient_descent,46,80,0.5640637958360007
gradient_descent,46,81,0.7496442828126344
gradient_descent,46,82,0.5879372762954724
gradient_descent,46,83,0.6647183983513135
gradient_descent,46,84,0.3664762103551087
gradient_descent,46,85,0.6542125643324818
gradient_descent,46,86,0.43024494908822475
gradient_descent,46,87,0.618593608988746
gradient_descent,46,88,0.5585129548029278
gradient_descent,46,89,0.5645341738598201
gradient_descent,46,90,0.5426708150277487
gradient_descent,46,91,0.5262402501571242
gradient_descent,46,92,0.4687786753871352
gradient_descent,46,93,0.6021675432274729
gradient_descent,46,94,0.4548935609317517
gradient_descent,46,95,0.7249542251611967
gradient_descent,46,96,0.35097556703765187
gradient_descent,46,97,0.5951198355005635
gradient_descent,46,98,0.4529636102919921
gradient_descent,46,99,0.6180879474431689
gradient_descent,46,100,0.4958873592805137
gradient_descent,46,101,0.45137447400696545
gradient_descent,46,102,0.47153708000794753
gradient_descent,46,103,0.4573588256164837
gradient_descent,46,104,0.37971823586440046
gradient_descent,46,105,0.5730922975562492
gradient_descent,46,106,0.5333272568712591
gradient_descent,46,107,0.5935614202567959
gradient_descent,46,108,0.4545745189408679
gradient_descent,46,109,0.6080941471870678
gradient_descent,46,110,0.31734807405625093
gradient_descent,46,111,0.4975320845993274
gradient_descent,46,112,0.40949039046651503
gradient_descent,46,113,0.5021574539265843
gradient_descent,46,114,0.358287136018167
gradient_descent,46,115,0.5328911231987367
gradient_descent,46,116,0.31466473809394907
gradient_descent,46,117,0.4338552510915105
gradient_descent,46,118,0.3876604031399904
gradient_descent,46,119,0.5329483436453533
gradient_descent,46,120,0.4207155506434786
gradient_descent,46,121,0.5184443277207016
gradient_descent,46,122,0.4001941199708344
gradient_descent,46,123,0.4627545849531055
gradient_descent,46,124,0.40533552610679036
gradient_descent,46,125,0.42178059471637785
gradient_descent,46,126,0.4080453892008528
gradient_descent,46,127,0.4804183200259539
gradient_descent,46,128,0.40269074246177217
gradient_descent,46,129,0.43964760592975033
gradient_descent,46,130,0.36462901554871546
gradient_descent,46,131,0.5242901475102092
gradient_descent,46,132,0.3445023942376819
gradient_descent,46,133,0.5230429262144202
gradient_descent,46,134,0.32025357762971196
gradient_descent,46,135,0.41569203417963807
gradient_descent,46,136,0.28260813129892454
gradient_descent,46,137,0.4830200432571404
gradient_descent,46,138,0.28871045135960394
gradient_descent,46,139,0.35444792612685777
gradient_descent,46,140,0.3081127661681775
gradient_descent,46,141,0.3487438835511077
gradient_descent,46,142,0.3190915945389896
gradient_descent,46,143,0.5840037288851283
gradient_descent,46,144,0.3118328467423516
gradient_descent,46,145,0.489284163568735
gradient_descent,46,146,0.3710634825331463
gradient_descent,46,147,0.5129029982406933
gradient_descent,46,148,0.3460370136972389
gradient_descent,46,149,0.4624199420796721
gradient_descent,46,150,0.40919440551740516
gradient_descent,46,151,0.48106828561246445
gradient_descent,46,152,0.32990267700550135
gradient_descent,46,153,0.40815543556964684
gradient_descent,46,154,0.3262731627369394
gradient_descent,46,155,0.4014857414077475
gradient_descent,46,156,0.26657905112918046
gradient_descent,46,157,0.3154779648532324
gradient_descent,46,158,0.273916154286536
gradient_descent,46,159,0.3234433241536694
gradient_descent,46,160,0.27422942559478175
gradient_descent,46,161,0.46400505207195963
gradient_descent,46,162,0.38303411022364614
gradient_descent,46,163,0.5657272250452121
gradient_descent,46,164,0.37197695943521686
gradient_descent,46,165,0.40475535896976583
gradient_descent,46,166,0.22785985779137272
gradient_descent,46,167,0.36248262791914815
gradient_descent,46,168,0.26741467652083484
gradient_descent,46,169,0.3097238977596314
gradient_descent,46,170,0.2757448908140636
gradient_descent,46,171,0.358708784802718
gradient_descent,46,172,0.3199418547530453
gradient_descent,46,173,0.43704188816727424
gradient_descent,46,174,0.2533124552343476
gradient_descent,46,175,0.37013666741245727
gradient_descent,46,176,0.2866658831155889
gradient_descent,46,177,0.39618105559651345
gradient_descent,46,178,0.27452183238065303
gradient_descent,46,179,0.25987031861116244
gradient_descent,46,180,0.24488725598767766
gradient_descent,46,181,0.39440491488309615
gradient_descent,46,182,0.2919079231631932
gradient_descent,46,183,0.3526435411612026
gradient_descent,46,184,0.28572723639637676
gradient_descent,46,185,0.36113642127489176
gradient_descent,46,186,0.24455824990457123
gradient_descent,46,187,0.35481495794402435
gradient_descent,46,188,0.33391577712430237
gradient_descent,46,189,0.4156361350191078
gradient_descent,46,190,0.25474882718404035
gradient_descent,46,191,0.34273778415748857
gradient_descent,46,192,0.2594322338366316
gradient_descent,46,193,0.3069532226258453
gradient_descent,46,194,0.2521765439475537
gradient_descent,46,195,0.3931716530307355
gradient_descent,46,196,0.2509422321700087
gradient_descent,46,197,0.3766098865056321
gradient_descent,46,198,0.26751054787873335
gradient_descent,46,199,0.3553058406697641
gradient_descent,46,200,0.27365633212590584
gradient_descent,46,201,0.3865132851216719
gradient_descent,46,202,0.23167682505621548
gradient_descent,46,203,0.3385557795011769
gradient_descent,46,204,0.2977013099691553
gradient_descent,46,205,0.3359397551381861
gradient_descent,46,206,0.31352988284684286
gradient_descent,46,207,0.4874567436613843
gradient_descent,46,208,0.2574000028832613
gradient_descent,46,209,0.32395794459321625
gradient_descent,46,210,0.30778336786131
gradient_descent,46,211,0.3502774809322848
gradient_descent,46,212,0.27201248940353095
gradient_descent,46,213,0.2842407133262644
gradient_descent,46,214,0.2492767549513461
gradient_descent,46,215,0.3081898012132968
gradient_descent,46,216,0.20262585482619838
gradient_descent,46,217,0.36072912226269094
gradient_descent,46,218,0.25895643719806644
gradient_descent,46,219,0.3583094096119163
gradient_descent,46,220,0.24274120981690459
gradient_descent,46,221,0.3449990725723268
gradient_descent,46,222,0.24345653916112023
gradient_descent,46,223,0.3612538003890744
gradient_descent,46,224,0.3266473439213922
gradient_descent,46,225,0.4708476301756556
gradient_descent,46,226,0.26318240156919576
gradient_descent,46,227,0.37485530079087526
gradient_descent,46,228,0.2729503899835501
gradient_descent,46,229,0.4505667958854696
gradient_descent,46,230,0.19627397059588014
gradient_descent,46,231,0.2223149158082004
gradient_descent,46,232,0.2640168216636209
gradient_descent,46,233,0.33058372491320503
gradient_descent,46,234,0.2264699645155428
gradient_descent,46,235,0.27608133235789406
gradient_descent,46,236,0.24798021379543925
gradient_descent,46,237,0.3480902583937096
gradient_descent,46,238,0.30117926720094096
gradient_descent,46,239,0.3296926880310717
gradient_descent,46,240,0.29391376503104033
gradient_descent,46,241,0.3116438352218596
gradient_descent,46,242,0.32305987205097025
gradient_descent,46,243,0.394468751843943
gradient_descent,46,244,0.32098792559180195
gradient_descent,46,245,0.3966035983737577
gradient_descent,46,246,0.2451999637885138
gradient_descent,46,247,0.44586511272674606
gradient_descent,46,248,0.3141771134736548
gradient_descent,46,249,0.3630085398958644
gradient_descent,46,250,0.18778722488069421
gradient_descent,46,251,0.3172022727494603
gradient_descent,46,252,0.22380307737119057
gradient_descent,46,253,0.27300853801443475
gradient_descent,46,254,0.2405648750013318
gradient_descent,46,255,0.35794124467614535
gradient_descent,46,256,0.21406193991508352
gradient_descent,46,257,0.2783977114950694
gradient_descent,46,258,0.25519275350208925
gradient_descent,46,259,0.33836066629334344
gradient_descent,46,260,0.1686206727260836
gradient_descent,46,261,0.2609955868841013
gradient_descent,46,262,0.23151143904629584
gradient_descent,46,263,0.300975471036926
gradient_descent,46,264,0.18864653333981884
gradient_descent,46,265,0.24026055629037205
gradient_descent,46,266,0.2216509307540582
gradient_descent,46,267,0.2328603113663075
gradient_descent,46,268,0.21729167276079672
gradient_descent,46,269,0.3725234945851115
gradient_descent,46,270,0.20607812966468425
gradient_descent,46,271,0.19950721130812565
gradient_descent,46,272,0.24752029829164754
gradient_descent,46,273,0.2760403016759222
gradient_descent,46,274,0.285064147975357
gradient_descent,46,275,0.2869437753613775
gradient_descent,46,276,0.20569567241004563
gradient_descent,46,277,0.2679418227263246
gradient_descent,46,278,0.20298729841233792
gradient_descent,46,279,0.2802891903225056
gradient_descent,46,280,0.20270913708136973
gradient_descent,46,281,0.2615219178785236
gradient_descent,46,282,0.21877344310663147
gradient_descent,46,283,0.2808336481673765
gradient_descent,46,284,0.18238511697993945
gradient_descent,46,285,0.2284978069050242
gradient_descent,46,286,0.23205541384604736
gradient_descent,46,287,0.2684194804340274
gradient_descent,46,288,0.19306467978583666
gradient_descent,46,289,0.24446062574433308
gradient_descent,46,290,0.18813024150095606
gradient_descent,46,291,0.2552780652866916
gradient_descent,46,292,0.21046460304400244
gradient_descent,46,293,0.24356502285617607
gradient_descent,46,294,0.2496465272073684
gradient_descent,46,295,0.32432930359822265
gradient_descent,46,296,0.2503713847013794
gradient_descent,46,297,0.2351419146885105
gradient_descent,46,298,0.1542050166901922
gradient_descent,46,299,0.20958814326529118
gradient_descent,46,300,0.2054339698733705
gradient_descent,47,1,20.320287852966167
gradient_descent,47,2,7.681102528713487
gradient_descent,47,3,3.4561503515892515
gradient_descent,47,4,3.519171576955891
gradient_descent,47,5,3.221655594800208
gradient_descent,47,6,2.59717398031526
gradient_descent,47,7,2.682819796925593
gradient_descent,47,8,2.930207024818074
gradient_descent,47,9,2.9467884813843908
gradient_descent,47,10,2.1313626913125656
gradient_descent,47,11,2.0132248817039837
gradient_descent,47,12,3.075111582782773
gradient_descent,47,13,2.0583123972302606
gradient_descent,47,14,2.757080680038785
gradient_descent,47,15,1.972701942072507
gradient_descent,47,16,1.880825176876458
gradient_descent,47,17,1.636761342137236
gradient_descent,47,18,1.784210022155567
gradient_descent,47,19,1.5614627799800354
gradient_descent,47,20,1.4469171125833808
gradient_descent,47,21,1.5232999073149152
gradient_descent,47,22,1.4319433570837605
gradient_descent,47,23,1.2076915720036607
gradient_descent,47,24,1.0514001984487498
gradient_descent,47,25,1.0648691295749848
gradient_descent,47,26,1.362065806150494
gradient_descent,47,27,1.6354322240800614
gradient_descent,47,28,1.2704075372264827
gradient_descent,47,29,1.0934016738775207
gradient_descent,47,30,1.1428257462932394
gradient_descent,47,31,0.9922917751445915
gradient_descent,47,32,0.9875764962263994
gradient_descent,47,33,1.1489413800382797
gradient_descent,47,34,1.34155515349092
gradient_descent,47,35,0.8841581074230724
gradient_descent,47,36,0.6568235477724538
gradient_descent,47,37,0.8445356949446506
gradient_descent,47,38,0.8001431983008911
gradient_descent,47,39,0.8840941299693708
gradient_descent,47,40,0.9635152234227055
gradient_descent,47,41,0.7670725661779126
gradient_descent,47,42,0.8465577582000783
gradient_descent,47,43,0.7481150092686051
gradient_descent,47,44,1.2256767641972737
gradient_descent,47,45,0.8890114746465815
gradient_descent,47,46,0.6539439047259772
gradient_descent,47,47,0.6136110525588911
gradient_descent,47,48,0.7323949379006851
gradient_descent,47,49,0.5744504030673117
gradient_descent,47,50,0.6916804296807849
gradient_descent,47,51,0.6217389550886993
gradient_descent,47,52,0.8168127461426611
gradient_descent,47,53,0.5328917782209293
gradient_descent,47,54,0.47252753125555363
gradient_descent,47,55,0.37131672691610357
gradient_descent,47,56,0.3744815486372703
gradient_descent,47,57,0.5483688259670327
gradient_descent,47,58,0.4574570730998214
gradient_descent,47,59,0.5152196738212891
gradient_descent,47,60,0.3215473347832566
gradient_descent,47,61,0.3616280631265542
gradient_descent,47,62,0.39313323339296763
gradient_descent,47,63,0.43175149236086763
gradient_descent,47,64,0.39451987677299055
gradient_descent,47,65,0.3932676033240966
gradient_descent,47,66,0.4635461242248713
gradient_descent,47,67,0.3519116250964792
gradient_descent,47,68,0.4689558887155746
gradient_descent,47,69,0.3106421584652002
gradient_descent,47,70,0.32133658050327435
gradient_descent,47,71,0.3990290033348764
gradient_descent,47,72,0.3098413449672086
gradient_descent,47,73,0.2674410794428455
gradient_descent,47,74,0.335455255113761
gradient_descent,47,75,0.23967883247146024
gradient_descent,47,76,0.2928770662985384
gradient_descent,47,77,0.31616481055568046
gradient_descent,47,78,0.4319206518738669
gradient_descent,47,79,0.48070387188842356
gradient_descent,47,80,0.38124915289032335
gradient_descent,47,81,0.2412606348140406
gradient_descent,47,82,0.2851779850120371
gradient_descent,47,83,0.3278753152057565
gradient_descent,47,84,0.2984721573068848
gradient_descent,47,85,0.14985447006710045
gradient_descent,47,86,0.3021455168134986
gradient_descent,47,87,0.17906326931833141
gradient_descent,47,88,0.17105743712927626
gradient_descent,47,89,0.2584906428679232
gradient_descent,47,90,0.3041142237331468
gradient_descent,47,91,0.2082586790968971
gradient_descent,47,92,0.2506726916683379
gradient_descent,47,93,0.24050065126288758
gradient_descent,47,94,0.202239634600502
gradient_descent,47,95,0.17694637614703304
gradient_descent,47,96,0.24304081070014363
gradient_descent,47,97,0.2481820886543134
gradient_descent,47,98,0.18552482806749235
gradient_descent,47,99,0.16363761392590004
gradient_descent,47,100,0.27198873235981613
gradient_descent,47,101,0.16993090175453984
gradient_descent,47,102,0.2093804277567387
gradient_descent,47,103,0.2564327928355338
gradient_descent,47,104,0.1725412601817011
gradient_descent,47,105,0.2059069941862817
gradient_descent,47,106,0.25338264983634645
gradient_descent,47,107,0.20213419506119842
gradient_descent,47,108,0.24122899039638723
gradient_descent,47,109,0.19708806966973788
gradient_descent,47,110,0.19579187310515672
gradient_descent,47,111,0.1997521032759604
gradient_descent,47,112,0.19780461971528246
gradient_descent,47,113,0.1907173631531939
gradient_descent,47,114,0.2294252201946337
gradient_descent,47,115,0.24457878462326074
gradient_descent,47,116,0.209040824169723
gradient_descent,47,117,0.11517429621155269
gradient_descent,47,118,0.13648725164445324
gradient_descent,47,119,0.16195128731542308
gradient_descent,47,120,0.1747303287014734
gradient_descent,47,121,0.18894558616409063
gradient_descent,47,122,0.22037111233363776
gradient_descent,47,123,0.13093783066420153
gradient_descent,47,124,0.15197146254115623
gradient_descent,47,125,0.1718469342304279
gradient_descent,47,126,0.16197425150580747
gradient_descent,47,127,0.1518418813441911
gradient_descent,47,128,0.15086535752105512
gradient_descent,47,129,0.17573577031303822
gradient_descent,47,130,0.14112966606958752
gradient_descent,47,131,0.16109004956526968
gradient_descent,47,132,0.1525324825472593
gradient_descent,47,133,0.1153224659346935
gradient_descent,47,134,0.2030845070278098
gradient_descent,47,135,0.1922996411029665
gradient_descent,47,136,0.231357585258543
gradient_descent,47,137,0.20875721542953582
gradient_descent,47,138,0.2000002328842599
gradient_descent,47,139,0.11985160986461198
gradient_descent,47,140,0.09783896297956586
gradient_descent,47,141,0.06453292677984317
gradient_descent,47,142,0.07192953528776518
gradient_descent,47,143,0.08591378176290027
gradient_descent,47,144,0.07216905433574518
gradient_descent,47,145,0.10393211290818603
gradient_descent,47,146,0.1338929364021146
gradient_descent,47,147,0.10067543398623674
gradient_descent,47,148,0.08911757720354405
gradient_descent,47,149,0.15521296141704266
gradient_descent,47,150,0.1309300081383622
gradient_descent,47,151,0.10733100601535024
gradient_descent,47,152,0.08428380603539204
gradient_descent,47,153,0.13477450684128314
gradient_descent,47,154,0.17567474562395538
gradient_descent,47,155,0.16657677220390008
gradient_descent,47,156,0.16590649718965747
gradient_descent,47,157,0.1748137154765246
gradient_descent,47,158,0.10386061805315468
gradient_descent,47,159,0.05952532270257624
gradient_descent,47,160,0.07801075176712834
gradient_descent,47,161,0.08617576185296888
gradient_descent,47,162,0.08933230798310014
gradient_descent,47,163,0.09216417505600188
gradient_descent,47,164,0.11076078727123426
gradient_descent,47,165,0.12538796022575352
gradient_descent,47,166,0.12681888816819223
gradient_descent,47,167,0.10433950402999956
gradient_descent,47,168,0.08335723878986824
gradient_descent,47,169,0.10391543099498941
gradient_descent,47,170,0.11732762506980149
gradient_descent,47,171,0.07483858357549564
gradient_descent,47,172,0.06655359797063194
gradient_descent,47,173,0.09236105422929172
gradient_descent,47,174,0.08516266328851198
gradient_descent,47,175,0.08645148382908135
gradient_descent,47,176,0.1173280999417448
gradient_descent,47,177,0.12411719640341033
gradient_descent,47,178,0.08968448399531675
gradient_descent,47,179,0.10428470191061395
gradient_descent,47,180,0.08825234495355337
gradient_descent,47,181,0.08094519575651597
gradient_descent,47,182,0.07753501696981635
gradient_descent,47,183,0.06714841761210716
gradient_descent,47,184,0.05489252931047333
gradient_descent,47,185,0.07241172880868184
gradient_descent,47,186,0.07956460546461185
gradient_descent,47,187,0.07506003827742569
gradient_descent,47,188,0.08903503619713725
gradient_descent,47,189,0.07683595873537657
gradient_descent,47,190,0.0763836363111799
gradient_descent,47,191,0.08134905341705517
gradient_descent,47,192,0.07655793444692133
gradient_descent,47,193,0.05688046337742909
gradient_descent,47,194,0.06727892243596224
gradient_descent,47,195,0.06691222964002795
gradient_descent,47,196,0.06012551229538487
gradient_descent,47,197,0.06408093287162797
gradient_descent,47,198,0.06712731525614313
gradient_descent,47,199,0.0716458473770844
gradient_descent,47,200,0.05996154395905015
gradient_descent,47,201,0.0874928496848762
gradient_descent,47,202,0.09992683502082902
gradient_descent,47,203,0.1309377078699447
gradient_descent,47,204,0.14051827354993687
gradient_descent,47,205,0.11767023723623703
gradient_descent,47,206,0.10659617350648078
gradient_descent,47,207,0.1324020868331346
gradient_descent,47,208,0.08605508899024224
gradient_descent,47,209,0.08755288851747771
gradient_descent,47,210,0.10166056147458907
gradient_descent,47,211,0.08121845060974374
gradient_descent,47,212,0.06036365026653707
gradient_descent,47,213,0.05378262281568496
gradient_descent,47,214,0.06061146385765556
gradient_descent,47,215,0.08087125708698031
gradient_descent,47,216,0.09077572820698124
gradient_descent,47,217,0.07156013189052554
gradient_descent,47,218,0.06287023818680255
gradient_descent,47,219,0.055360995689418144
gradient_descent,47,220,0.05305547255831819
gradient_descent,47,221,0.05907750737261754
gradient_descent,47,222,0.0550973008856307
gradient_descent,47,223,0.05116733506232381
gradient_descent,47,224,0.05509849673315497
gradient_descent,47,225,0.06600632256464883
gradient_descent,47,226,0.06187806085856677
gradient_descent,47,227,0.055406152408873165
gradient_descent,47,228,0.052931014316493205
gradient_descent,47,229,0.053701609381800915
gradient_descent,47,230,0.05342129956497987
gradient_descent,47,231,0.05071185420165591
gradient_descent,47,232,0.047761694888107664
gradient_descent,47,233,0.04979185076136939
gradient_descent,47,234,0.0490889878472566
gradient_descent,47,235,0.05755448475622315
gradient_descent,47,236,0.06832206072594804
gradient_descent,47,237,0.05906280843035206
gradient_descent,47,238,0.05467454769859145
gradient_descent,47,239,0.048473585267464765
gradient_descent,47,240,0.05968638519343235
gradient_descent,47,241,0.05233127889989611
gradient_descent,47,242,0.05074951115707258
gradient_descent,47,243,0.053493689241192556
gradient_descent,47,244,0.05576283763266716
gradient_descent,47,245,0.0736826330141256
gradient_descent,47,246,0.054596883402008946
gradient_descent,47,247,0.06281277095683441
gradient_descent,47,248,0.07221439206902218
gradient_descent,47,249,0.07867536399961764
gradient_descent,47,250,0.0746600976239792
gradient_descent,47,251,0.052859071456680236
gradient_descent,47,252,0.06295592922963429
gradient_descent,47,253,0.06588783508328434
gradient_descent,47,254,0.05481149042991385
gradient_descent,47,255,0.05149767733899169
gradient_descent,47,256,0.05751405707484651
gradient_descent,47,257,0.05634409951548765
gradient_descent,47,258,0.04626480173851675
gradient_descent,47,259,0.040906048962632946
gradient_descent,47,260,0.04403326870318451
gradient_descent,47,261,0.056657477794150424
gradient_descent,47,262,0.06161189693782194
gradient_descent,47,263,0.05573671584525992
gradient_descent,47,264,0.04886869098540529
gradient_descent,47,265,0.047577435956766494
gradient_descent,47,266,0.05566296610464174
gradient_descent,47,267,0.04823421332454778
gradient_descent,47,268,0.041961758231611856
gradient_descent,47,269,0.04341853732937731
gradient_descent,47,270,0.0412621958110847
gradient_descent,47,271,0.038470892919011006
gradient_descent,47,272,0.03977974969929283
gradient_descent,47,273,0.03932082751839103
gradient_descent,47,274,0.03795636856499809
gradient_descent,47,275,0.039737945172813344
gradient_descent,47,276,0.04585767735064623
gradient_descent,47,277,0.04442807763687146
gradient_descent,47,278,0.040725597405526164
gradient_descent,47,279,0.03416114812468933
gradient_descent,47,280,0.040558990681478085
gradient_descent,47,281,0.03667415829567636
gradient_descent,47,282,0.03717792918302353
gradient_descent,47,283,0.040163743388768484
gradient_descent,47,284,0.040922714711034806
gradient_descent,47,285,0.047127994811117284
gradient_descent,47,286,0.04430964659458955
gradient_descent,47,287,0.0435679791163411
gradient_descent,47,288,0.03966392250331404
gradient_descent,47,289,0.034856490452465076
gradient_descent,47,290,0.037773287198378455
gradient_descent,47,291,0.03983651442784814
gradient_descent,47,292,0.035983125870643846
gradient_descent,47,293,0.03682576023095021
gradient_descent,47,294,0.03871117617944967
gradient_descent,47,295,0.04714090112498857
gradient_descent,47,296,0.04341692038013006
gradient_descent,47,297,0.041414179343553556
gradient_descent,47,298,0.035290382108860464
gradient_descent,47,299,0.03339630139474126
gradient_descent,47,300,0.03777336546679117
gradient_descent,48,1,12.080571530361919
gradient_descent,48,2,5.6704477913311555
gradient_descent,48,3,2.863676692705873
gradient_descent,48,4,2.827451496536802
gradient_descent,48,5,3.0679777687668324
gradient_descent,48,6,2.6236072748361505
gradient_descent,48,7,2.755876582428817
gradient_descent,48,8,3.7026669856549073
gradient_descent,48,9,2.1147216360883014
gradient_descent,48,10,2.694189538232671
gradient_descent,48,11,2.4267041764150648
gradient_descent,48,12,2.4572334714015214
gradient_descent,48,13,1.9596920479687119
gradient_descent,48,14,2.3634289202285426
gradient_descent,48,15,1.8530811980735444
gradient_descent,48,16,1.8151429104565644
gradient_descent,48,17,1.6130270065266352
gradient_descent,48,18,1.5539568171176497
gradient_descent,48,19,1.50077395660754
gradient_descent,48,20,1.509254667949211
gradient_descent,48,21,1.212491451633923
gradient_descent,48,22,1.2260931613509947
gradient_descent,48,23,1.4397408004150174
gradient_descent,48,24,1.2883307681958949
gradient_descent,48,25,1.5236590538470254
gradient_descent,48,26,1.258079070559453
gradient_descent,48,27,1.392851511494172
gradient_descent,48,28,1.1599688488098165
gradient_descent,48,29,1.1552753418752941
gradient_descent,48,30,1.0382878387576644
gradient_descent,48,31,1.2449410114109627
gradient_descent,48,32,0.9465086599293724
gradient_descent,48,33,0.9493978657764508
gradient_descent,48,34,0.8416598834842866
gradient_descent,48,35,0.8517815007633864
gradient_descent,48,36,0.9575175679681817
gradient_descent,48,37,0.807731887787358
gradient_descent,48,38,0.9338021860332746
gradient_descent,48,39,0.9627389055505085
gradient_descent,48,40,0.8574708086564631
gradient_descent,48,41,0.7590679906603465
gradient_descent,48,42,0.7306524513248582
gradient_descent,48,43,0.6907876920078558
gradient_descent,48,44,0.8050912154906743
gradient_descent,48,45,0.7084411100683167
gradient_descent,48,46,0.7283415795611018
gradient_descent,48,47,0.6625278990055518
gradient_descent,48,48,0.7691917790615638
gradient_descent,48,49,0.5447320750046686
gradient_descent,48,50,0.6186314543735123
gradient_descent,48,51,0.47668130218737387
gradient_descent,48,52,0.6244850990326484
gradient_descent,48,53,0.5077681748104765
gradient_descent,48,54,0.5521101529389904
gradient_descent,48,55,0.5273277327106262
gradient_descent,48,56,0.5268814413930697
gradient_descent,48,57,0.49815757078688494
gradient_descent,48,58,0.4807333504921852
gradient_descent,48,59,0.5399232527946868
gradient_descent,48,60,0.4595071835305028
gradient_descent,48,61,0.4848064379551596
gradient_descent,48,62,0.4663870465706386
gradient_descent,48,63,0.4213233958893641
gradient_descent,48,64,0.3815860286329417
gradient_descent,48,65,0.4396901528866408
gradient_descent,48,66,0.44506160192327865
gradient_descent,48,67,0.5167521284940693
gradient_descent,48,68,0.47301406822000486
gradient_descent,48,69,0.48193560150714276
gradient_descent,48,70,0.3904604179930826
gradient_descent,48,71,0.43554874156987905
gradient_descent,48,72,0.2951531618540499
gradient_descent,48,73,0.3580778510805151
gradient_descent,48,74,0.36267651543645735
gradient_descent,48,75,0.36765310637356097
gradient_descent,48,76,0.2843684425917093
gradient_descent,48,77,0.3263535718165915
gradient_descent,48,78,0.3332488162989463
gradient_descent,48,79,0.315818673091151
gradient_descent,48,80,0.2998275723863694
gradient_descent,48,81,0.3040390154283954
gradient_descent,48,82,0.291555007580039
gradient_descent,48,83,0.2853109615881226
gradient_descent,48,84,0.30200922580335215
gradient_descent,48,85,0.3430170401645722
gradient_descent,48,86,0.2555498670069614
gradient_descent,48,87,0.27921311942897814
gradient_descent,48,88,0.2758981841830337
gradient_descent,48,89,0.2705780788153893
gradient_descent,48,90,0.26271575322161156
gradient_descent,48,91,0.3116931782484884
gradient_descent,48,92,0.36551711913178037
gradient_descent,48,93,0.3339264647931425
gradient_descent,48,94,0.2087401050750061
gradient_descent,48,95,0.208786279021837
gradient_descent,48,96,0.17963196995879308
gradient_descent,48,97,0.20213341198307164
gradient_descent,48,98,0.20227622060669884
gradient_descent,48,99,0.2161577370809601
gradient_descent,48,100,0.2053238782253264
gradient_descent,48,101,0.22372752650736635
gradient_descent,48,102,0.19179592584833685
gradient_descent,48,103,0.17559191439230917
gradient_descent,48,104,0.15120476610776198
gradient_descent,48,105,0.14866115259747664
gradient_descent,48,106,0.1430930556908319
gradient_descent,48,107,0.16940005068150168
gradient_descent,48,108,0.19674719885265454
gradient_descent,48,109,0.1399323094456932
gradient_descent,48,110,0.1615307407142124
gradient_descent,48,111,0.17209329284497682
gradient_descent,48,112,0.14858730979056115
gradient_descent,48,113,0.14294452862928653
gradient_descent,48,114,0.17153510265641686
gradient_descent,48,115,0.1656490286635225
gradient_descent,48,116,0.16462491669998067
gradient_descent,48,117,0.13708460092520947
gradient_descent,48,118,0.13359627142397826
gradient_descent,48,119,0.12962718873567083
gradient_descent,48,120,0.12559741341111794
gradient_descent,48,121,0.11610343997397216
gradient_descent,48,122,0.11957371920282195
gradient_descent,48,123,0.1285524015041145
gradient_descent,48,124,0.11556398965881627
gradient_descent,48,125,0.10356244509974935
gradient_descent,48,126,0.0980375388747746
gradient_descent,48,127,0.09783718300721041
gradient_descent,48,128,0.07556400176507659
gradient_descent,48,129,0.0780617044531507
gradient_descent,48,130,0.08168147726253926
gradient_descent,48,131,0.07593402596254675
gradient_descent,48,132,0.09087556343103757
gradient_descent,48,133,0.07791417297825852
gradient_descent,48,134,0.07565420544926772
gradient_descent,48,135,0.07628618665954004
gradient_descent,48,136,0.06660373263073942
gradient_descent,48,137,0.08472258595651684
gradient_descent,48,138,0.09046991968983821
gradient_descent,48,139,0.0687938760908749
gradient_descent,48,140,0.05982588628539624
gradient_descent,48,141,0.07229989135522098
gradient_descent,48,142,0.08472829899193356
gradient_descent,48,143,0.0657012629673353
gradient_descent,48,144,0.07056115151721913
gradient_descent,48,145,0.061559501680781614
gradient_descent,48,146,0.06042331008304656
gradient_descent,48,147,0.05484371549922134
gradient_descent,48,148,0.051232825372076844
gradient_descent,48,149,0.05210908132165815
gradient_descent,48,150,0.04980797223112881
gradient_descent,48,151,0.0462250679438836
gradient_descent,48,152,0.05363728629649725
gradient_descent,48,153,0.05642970041161506
gradient_descent,48,154,0.05481217891641863
gradient_descent,48,155,0.06594263407713469
gradient_descent,48,156,0.07107431630770811
gradient_descent,48,157,0.059126879512318625
gradient_descent,48,158,0.053981260517671006
gradient_descent,48,159,0.07006887645286164
gradient_descent,48,160,0.07300661649337373
gradient_descent,48,161,0.06495591010072614
gradient_descent,48,162,0.05393343509700407
gradient_descent,48,163,0.06598570065013733
gradient_descent,48,164,0.0632089996591522
gradient_descent,48,165,0.07575451825936447
gradient_descent,48,166,0.09108749383839569
gradient_descent,48,167,0.08565300864323201
gradient_descent,48,168,0.07741978660658312
gradient_descent,48,169,0.06077401339733569
gradient_descent,48,170,0.045452976599699074
gradient_descent,48,171,0.04852305388443113
gradient_descent,48,172,0.04894946796074531
gradient_descent,48,173,0.05070680348679635
gradient_descent,48,174,0.044696557198623955
gradient_descent,48,175,0.0447144491091414
gradient_descent,48,176,0.045260792439550786
gradient_descent,48,177,0.04960572998385501
gradient_descent,48,178,0.04760004774372251
gradient_descent,48,179,0.046316823843649484
gradient_descent,48,180,0.048271539013510396
gradient_descent,48,181,0.05204681340981649
gradient_descent,48,182,0.048704998144096186
gradient_descent,48,183,0.04912656359026513
gradient_descent,48,184,0.045507073542572135
gradient_descent,48,185,0.04356987297941427
gradient_descent,48,186,0.04203793475860636
gradient_descent,48,187,0.04821192287394245
gradient_descent,48,188,0.04739738206735858
gradient_descent,48,189,0.04695674305806528
gradient_descent,48,190,0.045427553140615376
gradient_descent,48,191,0.04129441927099636
gradient_descent,48,192,0.04378347923592184
gradient_descent,48,193,0.040224287006388706
gradient_descent,48,194,0.04494498242462932
gradient_descent,48,195,0.044366593990404775
gradient_descent,48,196,0.04188728203308057
gradient_descent,48,197,0.04339335469000143
gradient_descent,48,198,0.04019747636818189
gradient_descent,48,199,0.04283046715335698
gradient_descent,48,200,0.04301625718290538
gradient_descent,48,201,0.04065543135419374
gradient_descent,48,202,0.04428798228372873
gradient_descent,48,203,0.0427354051038165
gradient_descent,48,204,0.04821813992435502
gradient_descent,48,205,0.04707406536507117
gradient_descent,48,206,0.046592479792766865
gradient_descent,48,207,0.043022494091977496
gradient_descent,48,208,0.040972395943359746
gradient_descent,48,209,0.03835691975224476
gradient_descent,48,210,0.03698268354060701
gradient_descent,48,211,0.03738588752051139
gradient_descent,48,212,0.0448178051625821
gradient_descent,48,213,0.04215333684215403
gradient_descent,48,214,0.04718150483009503
gradient_descent,48,215,0.042315252341049873
gradient_descent,48,216,0.049425842907405676
gradient_descent,48,217,0.04044391436531294
gradient_descent,48,218,0.042664481149852884
gradient_descent,48,219,0.04313604631265497
gradient_descent,48,220,0.03615108823408982
gradient_descent,48,221,0.04332585988748703
gradient_descent,48,222,0.03901541048088228
gradient_descent,48,223,0.04037230450036748
gradient_descent,48,224,0.04413897232377131
gradient_descent,48,225,0.043012310417921536
gradient_descent,48,226,0.03932648055074737
gradient_descent,48,227,0.04170688964420766
gradient_descent,48,228,0.041895206219593105
gradient_descent,48,229,0.036204621472000695
gradient_descent,48,230,0.038383888038080766
gradient_descent,48,231,0.042047135680351115
gradient_descent,48,232,0.044742953755450225
gradient_descent,48,233,0.03947737062711504
gradient_descent,48,234,0.04126293502149348
gradient_descent,48,235,0.040119190724111915
gradient_descent,48,236,0.036982609268920295
gradient_descent,48,237,0.03978167738692882
gradient_descent,48,238,0.040073827769147356
gradient_descent,48,239,0.045551100036631056
gradient_descent,48,240,0.03885125584068876
gradient_descent,48,241,0.040385407198092686
gradient_descent,48,242,0.03863444281422775
gradient_descent,48,243,0.038557795920867347
gradient_descent,48,244,0.03736958879028227
gradient_descent,48,245,0.03835929640651037
gradient_descent,48,246,0.04151234583928443
gradient_descent,48,247,0.041215573467923546
gradient_descent,48,248,0.04267238654633696
gradient_descent,48,249,0.03644813583071074
gradient_descent,48,250,0.037694202642802745
gradient_descent,48,251,0.039041942842180315
gradient_descent,48,252,0.04314907257188379
gradient_descent,48,253,0.041265920853293746
gradient_descent,48,254,0.03523284639389494
gradient_descent,48,255,0.03692999260363703
gradient_descent,48,256,0.03587055487627274
gradient_descent,48,257,0.03684263382198741
gradient_descent,48,258,0.03775385930336784
gradient_descent,48,259,0.04066647637488004
gradient_descent,48,260,0.040220141305516884
gradient_descent,48,261,0.04115020605828417
gradient_descent,48,262,0.04183217602942257
gradient_descent,48,263,0.043297372308149645
gradient_descent,48,264,0.04452843445320138
gradient_descent,48,265,0.04386284281955476
gradient_descent,48,266,0.043515213975091435
gradient_descent,48,267,0.03720883338566914
gradient_descent,48,268,0.04015163168708917
gradient_descent,48,269,0.040717278199558594
gradient_descent,48,270,0.04141130574340886
gradient_descent,48,271,0.04202701439778717
gradient_descent,48,272,0.0414073777685179
gradient_descent,48,273,0.03954860747221161
gradient_descent,48,274,0.03950543131633188
gradient_descent,48,275,0.03436320110737002
gradient_descent,48,276,0.03339151890287415
gradient_descent,48,277,0.03677271423258352
gradient_descent,48,278,0.03782522483454606
gradient_descent,48,279,0.03367058538334404
gradient_descent,48,280,0.038353711605404704
gradient_descent,48,281,0.0410331473117096
gradient_descent,48,282,0.036837378662568865
gradient_descent,48,283,0.03767872888751533
gradient_descent,48,284,0.04003662506288524
gradient_descent,48,285,0.03847559886795183
gradient_descent,48,286,0.03872110030585326
gradient_descent,48,287,0.04416471526119745
gradient_descent,48,288,0.041693117821587494
gradient_descent,48,289,0.043674045741625395
gradient_descent,48,290,0.034795611519030496
gradient_descent,48,291,0.036212475040264036
gradient_descent,48,292,0.0350263426611823
gradient_descent,48,293,0.03511122841484957
gradient_descent,48,294,0.03734310907197683
gradient_descent,48,295,0.03577973713144323
gradient_descent,48,296,0.032540919758639014
gradient_descent,48,297,0.03387214385215132
gradient_descent,48,298,0.03613199850386304
gradient_descent,48,299,0.0372801259205695
gradient_descent,48,300,0.037496600171586465
gradient_descent,49,1,14.722882098011706
gradient_descent,49,2,5.069590075397298
gradient_descent,49,3,3.2291373102534737
gradient_descent,49,4,4.302508007094406
gradient_descent,49,5,2.9266450247106515
gradient_descent,49,6,3.4409652640525494
gradient_descent,49,7,2.7130092375795107
gradient_descent,49,8,2.8029187421280954
gradient_descent,49,9,2.847924124811061
gradient_descent,49,10,2.653874712993529
gradient_descent,49,11,2.62361014684658
gradient_descent,49,12,2.6360986011255325
gradient_descent,49,13,2.594924065409081
gradient_descent,49,14,2.3413661024150967
gradient_descent,49,15,2.348489566135694
gradient_descent,49,16,2.2368373240569337
gradient_descent,49,17,2.151873619878697
gradient_descent,49,18,2.1334597632305994
gradient_descent,49,19,1.753641407339797
gradient_descent,49,20,2.0500323494514507
gradient_descent,49,21,1.782910593381824
gradient_descent,49,22,1.813672855431826
gradient_descent,49,23,1.6304473621372848
gradient_descent,49,24,1.5423575831607756
gradient_descent,49,25,1.6879219942648065
gradient_descent,49,26,1.3930564997291128
gradient_descent,49,27,1.6243085008218023
gradient_descent,49,28,1.504396352150239
gradient_descent,49,29,1.3574321490660346
gradient_descent,49,30,1.3952267473433386
gradient_descent,49,31,1.5050045018272966
gradient_descent,49,32,1.1863856824506485
gradient_descent,49,33,1.2370157671057145
gradient_descent,49,34,1.1845346164921324
gradient_descent,49,35,1.3075330261699032
gradient_descent,49,36,1.2587156750372737
gradient_descent,49,37,1.133850628201165
gradient_descent,49,38,1.3318804221805964
gradient_descent,49,39,1.0427737092914762
gradient_descent,49,40,0.9922727262692512
gradient_descent,49,41,0.9829942616475731
gradient_descent,49,42,1.026283197314175
gradient_descent,49,43,1.0399788871522615
gradient_descent,49,44,0.9009318299004945
gradient_descent,49,45,0.8808159394545227
gradient_descent,49,46,0.9427289488763427
gradient_descent,49,47,0.7043907655910563
gradient_descent,49,48,0.8140973135178882
gradient_descent,49,49,0.7339652122448693
gradient_descent,49,50,0.7708974197199209
gradient_descent,49,51,0.6929888447878708
gradient_descent,49,52,0.8022380218677708
gradient_descent,49,53,0.6806180573655435
gradient_descent,49,54,0.7619547349037028
gradient_descent,49,55,0.6558240723307086
gradient_descent,49,56,0.7859793261509257
gradient_descent,49,57,0.7253129116079858
gradient_descent,49,58,0.6874292908581356
gradient_descent,49,59,0.7910082727117711
gradient_descent,49,60,0.7059090248977175
gradient_descent,49,61,0.678335211546662
gradient_descent,49,62,0.6609081059497286
gradient_descent,49,63,0.6171061217259503
gradient_descent,49,64,0.6564547874862494
gradient_descent,49,65,0.541224545828272
gradient_descent,49,66,0.6070363681433252
gradient_descent,49,67,0.5728301356362928
gradient_descent,49,68,0.5782945303327314
gradient_descent,49,69,0.4752767838215001
gradient_descent,49,70,0.44657456943192614
gradient_descent,49,71,0.547982757422263
gradient_descent,49,72,0.4861696195630094
gradient_descent,49,73,0.5000547560183739
gradient_descent,49,74,0.6095992740891035
gradient_descent,49,75,0.5004308864704843
gradient_descent,49,76,0.5425206230946633
gradient_descent,49,77,0.48466186797756056
gradient_descent,49,78,0.5427960885617412
gradient_descent,49,79,0.29206372628278704
gradient_descent,49,80,0.3617781723184241
gradient_descent,49,81,0.4769406329613872
gradient_descent,49,82,0.4520859064349771
gradient_descent,49,83,0.39089991601205815
gradient_descent,49,84,0.4300340731238481
gradient_descent,49,85,0.3832036525976019
gradient_descent,49,86,0.3772211703113786
gradient_descent,49,87,0.38151623267744
gradient_descent,49,88,0.41954865318805595
gradient_descent,49,89,0.4398887052749657
gradient_descent,49,90,0.41113225538754644
gradient_descent,49,91,0.3531574419660016
gradient_descent,49,92,0.3992020908992888
gradient_descent,49,93,0.3602263458090019
gradient_descent,49,94,0.3835184272287717
gradient_descent,49,95,0.3654770110338508
gradient_descent,49,96,0.46928903521236404
gradient_descent,49,97,0.27496288990566803
gradient_descent,49,98,0.4292731797329864
gradient_descent,49,99,0.3091735671804029
gradient_descent,49,100,0.30739587203100477
gradient_descent,49,101,0.31773425787597487
gradient_descent,49,102,0.3545439813453681
gradient_descent,49,103,0.3522447679431236
gradient_descent,49,104,0.3467892112984211
gradient_descent,49,105,0.264331371082822
gradient_descent,49,106,0.2808106201344268
gradient_descent,49,107,0.22746808911223687
gradient_descent,49,108,0.25648201505486873
gradient_descent,49,109,0.29331227423994655
gradient_descent,49,110,0.30342787643823665
gradient_descent,49,111,0.2428939188585443
gradient_descent,49,112,0.3738514681840217
gradient_descent,49,113,0.3089108956146893
gradient_descent,49,114,0.35350207585917964
gradient_descent,49,115,0.22537733410372304
gradient_descent,49,116,0.24139372162258874
gradient_descent,49,117,0.2574235064913868
gradient_descent,49,118,0.2718266024788244
gradient_descent,49,119,0.2162688971680369
gradient_descent,49,120,0.2473501492732016
gradient_descent,49,121,0.24227833105346228
gradient_descent,49,122,0.19354395317234083
gradient_descent,49,123,0.13932927239311946
gradient_descent,49,124,0.1503803959783194
gradient_descent,49,125,0.1330281715147984
gradient_descent,49,126,0.1425438450871699
gradient_descent,49,127,0.2017579976807749
gradient_descent,49,128,0.1951649848949137
gradient_descent,49,129,0.15479342338320387
gradient_descent,49,130,0.20363595781928942
gradient_descent,49,131,0.18068438485427982
gradient_descent,49,132,0.19987426534353522
gradient_descent,49,133,0.22126789925958504
gradient_descent,49,134,0.20246634130751182
gradient_descent,49,135,0.20021555643419767
gradient_descent,49,136,0.1997207245606847
gradient_descent,49,137,0.15527547027813238
gradient_descent,49,138,0.19973891419443224
gradient_descent,49,139,0.2153486105147719
gradient_descent,49,140,0.1972044691959922
gradient_descent,49,141,0.1988812462813116
gradient_descent,49,142,0.17355346587004106
gradient_descent,49,143,0.15691816583557233
gradient_descent,49,144,0.15077549277715782
gradient_descent,49,145,0.17026386825213832
gradient_descent,49,146,0.1536987025424477
gradient_descent,49,147,0.18046998666287115
gradient_descent,49,148,0.2062778294017911
gradient_descent,49,149,0.12953977502239952
gradient_descent,49,150,0.1642530170069294
gradient_descent,49,151,0.11738934737977959
gradient_descent,49,152,0.12762994721518667
gradient_descent,49,153,0.12408983165653914
gradient_descent,49,154,0.14994097653242247
gradient_descent,49,155,0.1480331714620404
gradient_descent,49,156,0.18401785944122845
gradient_descent,49,157,0.16659216364519144
gradient_descent,49,158,0.1918921013813651
gradient_descent,49,159,0.13845243107748587
gradient_descent,49,160,0.1529952317968574
gradient_descent,49,161,0.11816657587641735
gradient_descent,49,162,0.11339651404025863
gradient_descent,49,163,0.14712869489671193
gradient_descent,49,164,0.14357589654974798
gradient_descent,49,165,0.11812448152584297
gradient_descent,49,166,0.10647758209151847
gradient_descent,49,167,0.12715191525424488
gradient_descent,49,168,0.2167108817832664
gradient_descent,49,169,0.15379434032650194
gradient_descent,49,170,0.17134814722148944
gradient_descent,49,171,0.09009389944602166
gradient_descent,49,172,0.12251860440737133
gradient_descent,49,173,0.10141197397649494
gradient_descent,49,174,0.1771353883017013
gradient_descent,49,175,0.149781094298254
gradient_descent,49,176,0.20417715999198008
gradient_descent,49,177,0.08771438960789818
gradient_descent,49,178,0.11157490156103332
gradient_descent,49,179,0.16904257063810493
gradient_descent,49,180,0.18023695981329718
gradient_descent,49,181,0.1270679926041263
gradient_descent,49,182,0.13051271939274212
gradient_descent,49,183,0.1472914332785176
gradient_descent,49,184,0.17047943777582739
gradient_descent,49,185,0.1348780693978264
gradient_descent,49,186,0.1550419594613327
gradient_descent,49,187,0.14333921119143614
gradient_descent,49,188,0.1254474054221473
gradient_descent,49,189,0.11003511765730262
gradient_descent,49,190,0.13531798648680474
gradient_descent,49,191,0.11515900014484858
gradient_descent,49,192,0.13225194953647657
gradient_descent,49,193,0.08061556380553943
gradient_descent,49,194,0.11754099125537586
gradient_descent,49,195,0.13853632996441323
gradient_descent,49,196,0.1780894049584705
gradient_descent,49,197,0.12707167885940124
gradient_descent,49,198,0.11404519081357901
gradient_descent,49,199,0.0967040114118418
gradient_descent,49,200,0.10734011050375324
gradient_descent,49,201,0.09841434894430251
gradient_descent,49,202,0.1540212894837497
gradient_descent,49,203,0.12653413862651883
gradient_descent,49,204,0.158482931294129
gradient_descent,49,205,0.21012474195318295
gradient_descent,49,206,0.2757970917485597
gradient_descent,49,207,0.087256257407882
gradient_descent,49,208,0.08872278650854841
gradient_descent,49,209,0.09642699256089271
gradient_descent,49,210,0.10767826523505673
gradient_descent,49,211,0.11302484189239054
gradient_descent,49,212,0.12565570351641495
gradient_descent,49,213,0.10488138007641772
gradient_descent,49,214,0.14361354177529242
gradient_descent,49,215,0.10696798826261503
gradient_descent,49,216,0.13615944942396582
gradient_descent,49,217,0.1331615320209901
gradient_descent,49,218,0.17496230029524232
gradient_descent,49,219,0.10863473999853338
gradient_descent,49,220,0.11265230211549172
gradient_descent,49,221,0.09663087349578109
gradient_descent,49,222,0.11058240689618813
gradient_descent,49,223,0.09439167751421472
gradient_descent,49,224,0.12101670021204142
gradient_descent,49,225,0.0976104310846634
gradient_descent,49,226,0.09981770813619426
gradient_descent,49,227,0.09610441027598761
gradient_descent,49,228,0.13121147795045432
gradient_descent,49,229,0.1093494647904664
gradient_descent,49,230,0.08792807177365561
gradient_descent,49,231,0.07534799214497152
gradient_descent,49,232,0.0811376930237178
gradient_descent,49,233,0.07018528936277371
gradient_descent,49,234,0.08846717086294138
gradient_descent,49,235,0.1377002101508306
gradient_descent,49,236,0.1416631333006446
gradient_descent,49,237,0.1342705949895279
gradient_descent,49,238,0.143232096998414
gradient_descent,49,239,0.08066764600896549
gradient_descent,49,240,0.07344861413962588
gradient_descent,49,241,0.07341432208365524
gradient_descent,49,242,0.08404307949339508
gradient_descent,49,243,0.09395641776883501
gradient_descent,49,244,0.1054512668436892
gradient_descent,49,245,0.07322420219111185
gradient_descent,49,246,0.08013553587052852
gradient_descent,49,247,0.06998669899540864
gradient_descent,49,248,0.08315070799519246
gradient_descent,49,249,0.08636523788046707
gradient_descent,49,250,0.09751392083985021
gradient_descent,49,251,0.06500312660726468
gradient_descent,49,252,0.07625104805894692
gradient_descent,49,253,0.07240494996988606
gradient_descent,49,254,0.10162967142919956
gradient_descent,49,255,0.12226040144159472
gradient_descent,49,256,0.1504548701078917
gradient_descent,49,257,0.13081992289750055
gradient_descent,49,258,0.12177668664421479
gradient_descent,49,259,0.11637831985409605
gradient_descent,49,260,0.1102491732163202
gradient_descent,49,261,0.07389506723074558
gradient_descent,49,262,0.07099453791857101
gradient_descent,49,263,0.07776944672235421
gradient_descent,49,264,0.0841664120485235
gradient_descent,49,265,0.06833127346551525
gradient_descent,49,266,0.07648857016010825
gradient_descent,49,267,0.08209136993715634
gradient_descent,49,268,0.09191639782247286
gradient_descent,49,269,0.0929224349007928
gradient_descent,49,270,0.0984183494425864
gradient_descent,49,271,0.10564861374836343
gradient_descent,49,272,0.07015752365691713
gradient_descent,49,273,0.06293357414005671
gradient_descent,49,274,0.09253572019083647
gradient_descent,49,275,0.07638841326405922
gradient_descent,49,276,0.08672558712290633
gradient_descent,49,277,0.07405257716523587
gradient_descent,49,278,0.0667577457795777
gradient_descent,49,279,0.06934566745371332
gradient_descent,49,280,0.07806947950144343
gradient_descent,49,281,0.08690966785002073
gradient_descent,49,282,0.11011072646762023
gradient_descent,49,283,0.07133586758085779
gradient_descent,49,284,0.09519635578312702
gradient_descent,49,285,0.0844322408848664
gradient_descent,49,286,0.06062561393123802
gradient_descent,49,287,0.04826481260581991
gradient_descent,49,288,0.05567639127682647
gradient_descent,49,289,0.06015351023244901
gradient_descent,49,290,0.08801178172262253
gradient_descent,49,291,0.11217732890773847
gradient_descent,49,292,0.10375911705197632
gradient_descent,49,293,0.07993709231000896
gradient_descent,49,294,0.12717814217982146
gradient_descent,49,295,0.09238499513316545
gradient_descent,49,296,0.06992449304511071
gradient_descent,49,297,0.06414667846837406
gradient_descent,49,298,0.05806117876550787
gradient_descent,49,299,0.06851617096393403
gradient_descent,49,300,0.06876710842411315
gradient_descent,50,1,14.077310318126298
gradient_descent,50,2,6.774261865547161
gradient_descent,50,3,3.1064496904047285
gradient_descent,50,4,3.125518695913762
gradient_descent,50,5,3.5497970867822897
gradient_descent,50,6,3.4550028009832783
gradient_descent,50,7,2.7849260277728387
gradient_descent,50,8,3.5034368914308827
gradient_descent,50,9,2.5094149399034893
gradient_descent,50,10,2.6538328986751494
gradient_descent,50,11,2.514239575963029
gradient_descent,50,12,2.7085211274706547
gradient_descent,50,13,3.2779384456954883
gradient_descent,50,14,2.8007707483601503
gradient_descent,50,15,1.8921262895566435
gradient_descent,50,16,2.2132879753691204
gradient_descent,50,17,2.4811101970951244
gradient_descent,50,18,2.203867144215036
gradient_descent,50,19,2.4981919002896613
gradient_descent,50,20,1.4849593180627885
gradient_descent,50,21,2.0063880611156844
gradient_descent,50,22,1.8413926998248078
gradient_descent,50,23,1.859426655628322
gradient_descent,50,24,1.8343519177132583
gradient_descent,50,25,1.737325325540518
gradient_descent,50,26,1.4199505401555783
gradient_descent,50,27,1.5665745155409496
gradient_descent,50,28,1.7875525937068941
gradient_descent,50,29,1.7540193165621256
gradient_descent,50,30,1.4106842851115575
gradient_descent,50,31,1.3688153694936969
gradient_descent,50,32,1.6773921482927547
gradient_descent,50,33,1.6385583090197675
gradient_descent,50,34,1.5410106254368434
gradient_descent,50,35,1.3899326947331974
gradient_descent,50,36,1.4474456359868855
gradient_descent,50,37,1.5513229950366343
gradient_descent,50,38,1.5772952082739677
gradient_descent,50,39,1.3574611859923515
gradient_descent,50,40,1.6221204105000764
gradient_descent,50,41,1.3145069479585574
gradient_descent,50,42,1.0463750930734752
gradient_descent,50,43,1.2890421965206176
gradient_descent,50,44,1.1977998235793326
gradient_descent,50,45,0.893647428518372
gradient_descent,50,46,1.1410001438669561
gradient_descent,50,47,1.000758911755902
gradient_descent,50,48,0.93871713395984
gradient_descent,50,49,1.0629324140305694
gradient_descent,50,50,1.04785529219248
gradient_descent,50,51,0.7442188989863894
gradient_descent,50,52,0.9085046026341117
gradient_descent,50,53,1.1551441953332662
gradient_descent,50,54,0.9840998866607022
gradient_descent,50,55,0.8131155159013166
gradient_descent,50,56,0.9604318018148198
gradient_descent,50,57,0.9196425665408227
gradient_descent,50,58,0.8927840002283639
gradient_descent,50,59,0.862543676560285
gradient_descent,50,60,0.8457320472369642
gradient_descent,50,61,0.7885622828924497
gradient_descent,50,62,0.8338246964751247
gradient_descent,50,63,0.8668405308223341
gradient_descent,50,64,0.6303429970317458
gradient_descent,50,65,0.6537232012456463
gradient_descent,50,66,0.6278791566289835
gradient_descent,50,67,0.7227624577090054
gradient_descent,50,68,0.7942560751389852
gradient_descent,50,69,0.6592418972379832
gradient_descent,50,70,0.7548013917054608
gradient_descent,50,71,0.5601501992074809
gradient_descent,50,72,0.7322142179437926
gradient_descent,50,73,0.6755501550875637
gradient_descent,50,74,0.5202302401359248
gradient_descent,50,75,0.5315174472637515
gradient_descent,50,76,0.5271829075035918
gradient_descent,50,77,0.4929584653318459
gradient_descent,50,78,0.4187175741043588
gradient_descent,50,79,0.6034357785556524
gradient_descent,50,80,0.3922414121246881
gradient_descent,50,81,0.4801464387002979
gradient_descent,50,82,0.4560128336809657
gradient_descent,50,83,0.5274188546246592
gradient_descent,50,84,0.47479596247083494
gradient_descent,50,85,0.5826453516659497
gradient_descent,50,86,0.44023423017071733
gradient_descent,50,87,0.7430467075663352
gradient_descent,50,88,0.4009639535234195
gradient_descent,50,89,0.5076555324858822
gradient_descent,50,90,0.4382517072367252
gradient_descent,50,91,0.45757546313047986
gradient_descent,50,92,0.4643240911302789
gradient_descent,50,93,0.44111479098239736
gradient_descent,50,94,0.2899357606692107
gradient_descent,50,95,0.33953029297040255
gradient_descent,50,96,0.33954440707060146
gradient_descent,50,97,0.44238916881428964
gradient_descent,50,98,0.409456199546713
gradient_descent,50,99,0.4880477596052342
gradient_descent,50,100,0.36735593371685354
gradient_descent,50,101,0.475703840313367
gradient_descent,50,102,0.41109321551354205
gradient_descent,50,103,0.3776579956361884
gradient_descent,50,104,0.31052701818096795
gradient_descent,50,105,0.30320725760818584
gradient_descent,50,106,0.3854986606115698
gradient_descent,50,107,0.41177151619975966
gradient_descent,50,108,0.22657291666351326
gradient_descent,50,109,0.2905277686163598
gradient_descent,50,110,0.3059950286245124
gradient_descent,50,111,0.33243154746300546
gradient_descent,50,112,0.3131571032980239
gradient_descent,50,113,0.2977327488900873
gradient_descent,50,114,0.2871980939061414
gradient_descent,50,115,0.2549454763531714
gradient_descent,50,116,0.22706359567000584
gradient_descent,50,117,0.23960216201259954
gradient_descent,50,118,0.25957491306738534
gradient_descent,50,119,0.3744182605374251
gradient_descent,50,120,0.34490586873213563
gradient_descent,50,121,0.24339479037760936
gradient_descent,50,122,0.2133940748533388
gradient_descent,50,123,0.27010974658106995
gradient_descent,50,124,0.26843588792811546
gradient_descent,50,125,0.24013782682363063
gradient_descent,50,126,0.29873039772737753
gradient_descent,50,127,0.19709353343787564
gradient_descent,50,128,0.25916346655173345
gradient_descent,50,129,0.310471426576616
gradient_descent,50,130,0.2618052879996282
gradient_descent,50,131,0.1577786469622028
gradient_descent,50,132,0.21270475717480392
gradient_descent,50,133,0.19381916051775788
gradient_descent,50,134,0.22277753579268691
gradient_descent,50,135,0.2584631688344162
gradient_descent,50,136,0.23006135625535817
gradient_descent,50,137,0.1490655535631968
gradient_descent,50,138,0.2017809201150591
gradient_descent,50,139,0.18699403988110805
gradient_descent,50,140,0.10997698508907984
gradient_descent,50,141,0.09091324479935259
gradient_descent,50,142,0.10708669712939352
gradient_descent,50,143,0.13325083114905836
gradient_descent,50,144,0.18540290860295094
gradient_descent,50,145,0.1382127262595862
gradient_descent,50,146,0.1797049557087589
gradient_descent,50,147,0.21467562506523571
gradient_descent,50,148,0.23218245088169198
gradient_descent,50,149,0.191420892510864
gradient_descent,50,150,0.264770494545919
gradient_descent,50,151,0.28896245799617937
gradient_descent,50,152,0.2642728784096872
gradient_descent,50,153,0.16028258183919777
gradient_descent,50,154,0.16109222691589498
gradient_descent,50,155,0.08337356442821865
gradient_descent,50,156,0.1276197021059845
gradient_descent,50,157,0.27510069268011517
gradient_descent,50,158,0.23186872541906423
gradient_descent,50,159,0.16343508261853654
gradient_descent,50,160,0.1704368936302506
gradient_descent,50,161,0.19067736860041357
gradient_descent,50,162,0.15280454389228587
gradient_descent,50,163,0.1391402185131612
gradient_descent,50,164,0.1534532857770415
gradient_descent,50,165,0.14282742161920428
gradient_descent,50,166,0.15623644221160327
gradient_descent,50,167,0.12210158575923523
gradient_descent,50,168,0.12780361165030757
gradient_descent,50,169,0.0964889636456606
gradient_descent,50,170,0.0765054143820617
gradient_descent,50,171,0.09533507607147969
gradient_descent,50,172,0.10899368459151218
gradient_descent,50,173,0.12018718243825878
gradient_descent,50,174,0.14559290948874432
gradient_descent,50,175,0.12261427391597435
gradient_descent,50,176,0.1276394163429677
gradient_descent,50,177,0.10744008364869563
gradient_descent,50,178,0.12729926402041192
gradient_descent,50,179,0.13986891710330882
gradient_descent,50,180,0.09435294701804917
gradient_descent,50,181,0.12580307186055037
gradient_descent,50,182,0.12538259477665845
gradient_descent,50,183,0.0755076381532159
gradient_descent,50,184,0.08750873970840076
gradient_descent,50,185,0.11569552051694419
gradient_descent,50,186,0.11911936696716839
gradient_descent,50,187,0.0809392576557581
gradient_descent,50,188,0.07074872899172584
gradient_descent,50,189,0.06285448142297977
gradient_descent,50,190,0.09908005889582219
gradient_descent,50,191,0.09915096748691475
gradient_descent,50,192,0.13041582284366607
gradient_descent,50,193,0.09344981035179592
gradient_descent,50,194,0.09302706739832019
gradient_descent,50,195,0.0962481437415795
gradient_descent,50,196,0.08258728210373927
gradient_descent,50,197,0.08414282842407933
gradient_descent,50,198,0.11272588989239442
gradient_descent,50,199,0.11728886747477572
gradient_descent,50,200,0.0766022964219272
gradient_descent,50,201,0.04990499993644073
gradient_descent,50,202,0.053332819718597275
gradient_descent,50,203,0.0514342986949691
gradient_descent,50,204,0.05575445315211005
gradient_descent,50,205,0.07208557145866738
gradient_descent,50,206,0.07762604631315907
gradient_descent,50,207,0.07385177704153824
gradient_descent,50,208,0.12341401898359376
gradient_descent,50,209,0.10630704822534952
gradient_descent,50,210,0.10198778066955581
gradient_descent,50,211,0.1104958151886101
gradient_descent,50,212,0.11923784307591655
gradient_descent,50,213,0.06865095968250859
gradient_descent,50,214,0.07345677409400757
gradient_descent,50,215,0.09167241157814238
gradient_descent,50,216,0.0544804490183169
gradient_descent,50,217,0.0625819555508804
gradient_descent,50,218,0.06389120797596963
gradient_descent,50,219,0.07386374520533602
gradient_descent,50,220,0.05430850590418617
gradient_descent,50,221,0.05226079708360705
gradient_descent,50,222,0.04686232481373179
gradient_descent,50,223,0.044209033112405434
gradient_descent,50,224,0.04948211323233738
gradient_descent,50,225,0.045553982100424203
gradient_descent,50,226,0.05414158195305261
gradient_descent,50,227,0.05161760104301461
gradient_descent,50,228,0.06324744555736578
gradient_descent,50,229,0.07150426918343177
gradient_descent,50,230,0.06470190851050896
gradient_descent,50,231,0.0700961155788722
gradient_descent,50,232,0.06316831023107296
gradient_descent,50,233,0.07821254034342143
gradient_descent,50,234,0.08442775321107972
gradient_descent,50,235,0.10218768185049575
gradient_descent,50,236,0.09365890808198288
gradient_descent,50,237,0.07997911337803991
gradient_descent,50,238,0.08194427441236914
gradient_descent,50,239,0.06699135360917219
gradient_descent,50,240,0.05312952370631094
gradient_descent,50,241,0.06188168338652997
gradient_descent,50,242,0.06825442175873761
gradient_descent,50,243,0.058816604247455745
gradient_descent,50,244,0.05672823513251037
gradient_descent,50,245,0.05861406736077678
gradient_descent,50,246,0.04807006323453223
gradient_descent,50,247,0.046740906575518944
gradient_descent,50,248,0.046063952066552026
gradient_descent,50,249,0.04557919612390142
gradient_descent,50,250,0.04859974876433451
gradient_descent,50,251,0.044501037053334566
gradient_descent,50,252,0.043100283087917905
gradient_descent,50,253,0.048245712435189575
gradient_descent,50,254,0.05620924706311467
gradient_descent,50,255,0.039885994045137
gradient_descent,50,256,0.04516850073802517
gradient_descent,50,257,0.05610623618257375
gradient_descent,50,258,0.05055735155280245
gradient_descent,50,259,0.05226111053834415
gradient_descent,50,260,0.04656444965445275
gradient_descent,50,261,0.049274650740833974
gradient_descent,50,262,0.04281355428478693
gradient_descent,50,263,0.0402696494188119
gradient_descent,50,264,0.04053396896063458
gradient_descent,50,265,0.03960068686459255
gradient_descent,50,266,0.0481488580482003
gradient_descent,50,267,0.054088683730286816
gradient_descent,50,268,0.06382934122195866
gradient_descent,50,269,0.04265837522027755
gradient_descent,50,270,0.04104171029774955
gradient_descent,50,271,0.04696798501425061
gradient_descent,50,272,0.045470413546751964
gradient_descent,50,273,0.04307866172646108
gradient_descent,50,274,0.03769600968774109
gradient_descent,50,275,0.03511877386572488
gradient_descent,50,276,0.03742225107622118
gradient_descent,50,277,0.0352114238663134
gradient_descent,50,278,0.03701309494468977
gradient_descent,50,279,0.046915222673110435
gradient_descent,50,280,0.04697562826284458
gradient_descent,50,281,0.04465016012403086
gradient_descent,50,282,0.05297612228948627
gradient_descent,50,283,0.04455709507069508
gradient_descent,50,284,0.03953009745438218
gradient_descent,50,285,0.03765413068669936
gradient_descent,50,286,0.037281472364070006
gradient_descent,50,287,0.03981420005289531
gradient_descent,50,288,0.03710544387636072
gradient_descent,50,289,0.03989993998377115
gradient_descent,50,290,0.045979605175919654
gradient_descent,50,291,0.05909185072544971
gradient_descent,50,292,0.056780965130860055
gradient_descent,50,293,0.04685031864293485
gradient_descent,50,294,0.047916857213438184
gradient_descent,50,295,0.045815640531137285
gradient_descent,50,296,0.04451906640360869
gradient_descent,50,297,0.050515363579667176
gradient_descent,50,298,0.06658843199939726
gradient_descent,50,299,0.05379585752900898
gradient_descent,50,300,0.05929164606664786
gradient_descent,51,1,33.364880207170174
gradient_descent,51,2,15.01161784177986
gradient_descent,51,3,5.603420574527553
gradient_descent,51,4,3.366624911077489
gradient_descent,51,5,4.644147833065819
gradient_descent,51,6,3.493779846794905
gradient_descent,51,7,5.0383472615304585
gradient_descent,51,8,3.107350781632563
gradient_descent,51,9,4.18754995258421
gradient_descent,51,10,3.1940838533250666
gradient_descent,51,11,3.705394169412007
gradient_descent,51,12,2.8092617861437508
gradient_descent,51,13,3.5965330545086247
gradient_descent,51,14,3.091597519974178
gradient_descent,51,15,3.008123613431731
gradient_descent,51,16,2.6925371896881414
gradient_descent,51,17,2.8737390706769843
gradient_descent,51,18,2.1807673129270415
gradient_descent,51,19,3.167840279605185
gradient_descent,51,20,2.611605842600488
gradient_descent,51,21,2.7274724958572043
gradient_descent,51,22,1.9995196383124325
gradient_descent,51,23,2.7367082180521747
gradient_descent,51,24,2.4122113855047087
gradient_descent,51,25,2.3466332590561256
gradient_descent,51,26,2.1940214604120905
gradient_descent,51,27,2.2143140497835296
gradient_descent,51,28,2.1057237463596974
gradient_descent,51,29,2.072687423851883
gradient_descent,51,30,2.0495122703651973
gradient_descent,51,31,1.8861992906360834
gradient_descent,51,32,1.9522700668249322
gradient_descent,51,33,1.7467181519512216
gradient_descent,51,34,2.07300259697822
gradient_descent,51,35,1.7480338436344693
gradient_descent,51,36,2.021916235867356
gradient_descent,51,37,1.7281696609963213
gradient_descent,51,38,1.7376534870524736
gradient_descent,51,39,1.6985213232042462
gradient_descent,51,40,1.659439473934937
gradient_descent,51,41,1.4048264085072795
gradient_descent,51,42,1.7043632994361835
gradient_descent,51,43,1.2686388102424961
gradient_descent,51,44,1.3851056750062412
gradient_descent,51,45,1.4348286714681342
gradient_descent,51,46,1.4942598986551567
gradient_descent,51,47,1.4484714053543493
gradient_descent,51,48,1.6676983351896346
gradient_descent,51,49,1.4446482937827385
gradient_descent,51,50,1.4598539740270837
gradient_descent,51,51,1.3431171644692637
gradient_descent,51,52,1.4746478961826228
gradient_descent,51,53,1.254239731692744
gradient_descent,51,54,1.2267290835366493
gradient_descent,51,55,1.0127084947411196
gradient_descent,51,56,0.9603114591088061
gradient_descent,51,57,1.0670652605823825
gradient_descent,51,58,1.0158294568446131
gradient_descent,51,59,1.3461229913734847
gradient_descent,51,60,1.3058163907512572
gradient_descent,51,61,0.7360243022255084
gradient_descent,51,62,1.1166557514656674
gradient_descent,51,63,1.0309586026546045
gradient_descent,51,64,1.092392309454951
gradient_descent,51,65,1.2869698585083944
gradient_descent,51,66,0.914495779782645
gradient_descent,51,67,0.8422502281465726
gradient_descent,51,68,1.0546266235659403
gradient_descent,51,69,0.7958703999890023
gradient_descent,51,70,0.9506506045778816
gradient_descent,51,71,0.7821255089774418
gradient_descent,51,72,0.8407652959611941
gradient_descent,51,73,0.9230699748194943
gradient_descent,51,74,0.9359009070326265
gradient_descent,51,75,1.0809720731130623
gradient_descent,51,76,0.6767500322125942
gradient_descent,51,77,0.8761883880950482
gradient_descent,51,78,0.9974180345860156
gradient_descent,51,79,0.8611662593724696
gradient_descent,51,80,0.6652111941584855
gradient_descent,51,81,0.5564745662608386
gradient_descent,51,82,0.7123329456838653
gradient_descent,51,83,0.587018864011768
gradient_descent,51,84,0.5308278744258046
gradient_descent,51,85,0.9067556737031253
gradient_descent,51,86,0.866142644517237
gradient_descent,51,87,0.8904873475751074
gradient_descent,51,88,0.5061404120469533
gradient_descent,51,89,0.652204526869777
gradient_descent,51,90,0.585777418920138
gradient_descent,51,91,0.6595424170732908
gradient_descent,51,92,0.644843161741825
gradient_descent,51,93,0.6676040238379216
gradient_descent,51,94,0.6284321308548079
gradient_descent,51,95,0.555387824112
gradient_descent,51,96,0.5710328352232499
gradient_descent,51,97,0.573139173885063
gradient_descent,51,98,0.5130868257781258
gradient_descent,51,99,0.41950348981028507
gradient_descent,51,100,0.5076713789169461
gradient_descent,51,101,0.45054679260881
gradient_descent,51,102,0.5590439681854691
gradient_descent,51,103,0.42326093473351434
gradient_descent,51,104,0.5362516948967646
gradient_descent,51,105,0.5414844650664712
gradient_descent,51,106,0.7116764838177255
gradient_descent,51,107,0.7195752265173093
gradient_descent,51,108,0.4247713558429059
gradient_descent,51,109,0.35612277586661006
gradient_descent,51,110,0.4990307583377513
gradient_descent,51,111,0.3486448633939641
gradient_descent,51,112,0.41444140397344803
gradient_descent,51,113,0.37454100583078154
gradient_descent,51,114,0.4985444375383557
gradient_descent,51,115,0.3704076586849159
gradient_descent,51,116,0.4054064380104474
gradient_descent,51,117,0.40673175596550737
gradient_descent,51,118,0.46231473508532694
gradient_descent,51,119,0.42823955984958767
gradient_descent,51,120,0.36073071122562683
gradient_descent,51,121,0.28478047530594053
gradient_descent,51,122,0.33836055550137567
gradient_descent,51,123,0.41645911523696366
gradient_descent,51,124,0.3848213820116273
gradient_descent,51,125,0.25495471644986806
gradient_descent,51,126,0.37383814017007205
gradient_descent,51,127,0.2962808144506601
gradient_descent,51,128,0.28686537903242654
gradient_descent,51,129,0.2827681843243568
gradient_descent,51,130,0.30263819354863947
gradient_descent,51,131,0.2529725014012227
gradient_descent,51,132,0.32598968543676654
gradient_descent,51,133,0.275692472272006
gradient_descent,51,134,0.30729184424290545
gradient_descent,51,135,0.29449294423163114
gradient_descent,51,136,0.34839493045234743
gradient_descent,51,137,0.26241854833660677
gradient_descent,51,138,0.4383917541136901
gradient_descent,51,139,0.27538790630563564
gradient_descent,51,140,0.37005135841145675
gradient_descent,51,141,0.20613396735667935
gradient_descent,51,142,0.2126056213344825
gradient_descent,51,143,0.17505582795589822
gradient_descent,51,144,0.20765713281559606
gradient_descent,51,145,0.16520834144856875
gradient_descent,51,146,0.19645482674175982
gradient_descent,51,147,0.21083546602885903
gradient_descent,51,148,0.2234119703947589
gradient_descent,51,149,0.24897925486030123
gradient_descent,51,150,0.2592038168057423
gradient_descent,51,151,0.15356764443911428
gradient_descent,51,152,0.3162325251142033
gradient_descent,51,153,0.3580089685382024
gradient_descent,51,154,0.3845360576003593
gradient_descent,51,155,0.313884950549074
gradient_descent,51,156,0.3186250118201364
gradient_descent,51,157,0.2182987168657655
gradient_descent,51,158,0.2714219289585136
gradient_descent,51,159,0.2319187717803057
gradient_descent,51,160,0.2623609314607402
gradient_descent,51,161,0.1617839157554964
gradient_descent,51,162,0.1738213010309364
gradient_descent,51,163,0.18075864117064214
gradient_descent,51,164,0.2167218426290021
gradient_descent,51,165,0.1979444836640285
gradient_descent,51,166,0.24573377947657649
gradient_descent,51,167,0.2163720457422488
gradient_descent,51,168,0.22915677014647942
gradient_descent,51,169,0.13288673314592384
gradient_descent,51,170,0.16513554813770567
gradient_descent,51,171,0.19392372877268246
gradient_descent,51,172,0.19163539357613127
gradient_descent,51,173,0.20253453805702473
gradient_descent,51,174,0.2367527995301158
gradient_descent,51,175,0.15846804804634973
gradient_descent,51,176,0.24777893451251398
gradient_descent,51,177,0.2793502811302067
gradient_descent,51,178,0.2347035026680972
gradient_descent,51,179,0.08506109095856672
gradient_descent,51,180,0.07993608616697832
gradient_descent,51,181,0.12053961999167999
gradient_descent,51,182,0.14258751858960983
gradient_descent,51,183,0.11946519651939878
gradient_descent,51,184,0.18609794496681042
gradient_descent,51,185,0.1516720108634004
gradient_descent,51,186,0.1550523511092269
gradient_descent,51,187,0.16576452165278588
gradient_descent,51,188,0.1269268654630955
gradient_descent,51,189,0.1176286263959187
gradient_descent,51,190,0.11036184494966263
gradient_descent,51,191,0.12867433881969942
gradient_descent,51,192,0.179256566142936
gradient_descent,51,193,0.16316706652223675
gradient_descent,51,194,0.09910556687723916
gradient_descent,51,195,0.10367094006876462
gradient_descent,51,196,0.11918642673031156
gradient_descent,51,197,0.11563129494274961
gradient_descent,51,198,0.1468164162244842
gradient_descent,51,199,0.1602482679401302
gradient_descent,51,200,0.16173181256624786
gradient_descent,51,201,0.08168683294444651
gradient_descent,51,202,0.08619620704314192
gradient_descent,51,203,0.09645682519382227
gradient_descent,51,204,0.14362996436181563
gradient_descent,51,205,0.11350785841488259
gradient_descent,51,206,0.13770505054279614
gradient_descent,51,207,0.09844896445292427
gradient_descent,51,208,0.13439782856209295
gradient_descent,51,209,0.09905985474786401
gradient_descent,51,210,0.08883610477427761
gradient_descent,51,211,0.10979885697623253
gradient_descent,51,212,0.1532819723954581
gradient_descent,51,213,0.13902054918936607
gradient_descent,51,214,0.2087233318859684
gradient_descent,51,215,0.09843009404231774
gradient_descent,51,216,0.11324860851091617
gradient_descent,51,217,0.13030250223259437
gradient_descent,51,218,0.15680983902352888
gradient_descent,51,219,0.10860300260971019
gradient_descent,51,220,0.10309513412025183
gradient_descent,51,221,0.09780788208250678
gradient_descent,51,222,0.1067671520273023
gradient_descent,51,223,0.11420535689241268
gradient_descent,51,224,0.11564472341352064
gradient_descent,51,225,0.1335234647129792
gradient_descent,51,226,0.16396375619501483
gradient_descent,51,227,0.08527071010232178
gradient_descent,51,228,0.09942085538133191
gradient_descent,51,229,0.07504975264634878
gradient_descent,51,230,0.09689909247283178
gradient_descent,51,231,0.11132687327566006
gradient_descent,51,232,0.12032910450823947
gradient_descent,51,233,0.11499685309582088
gradient_descent,51,234,0.14926759409461426
gradient_descent,51,235,0.08951405841316183
gradient_descent,51,236,0.11306480278165756
gradient_descent,51,237,0.09323426644711828
gradient_descent,51,238,0.09860884476010687
gradient_descent,51,239,0.06405527503476394
gradient_descent,51,240,0.07170502685682524
gradient_descent,51,241,0.07401283094001267
gradient_descent,51,242,0.08405147484768581
gradient_descent,51,243,0.06514138495898103
gradient_descent,51,244,0.0888250250404987
gradient_descent,51,245,0.09677602717596488
gradient_descent,51,246,0.06703087584890056
gradient_descent,51,247,0.08543971493835667
gradient_descent,51,248,0.14477684578654257
gradient_descent,51,249,0.09268572752939912
gradient_descent,51,250,0.08835289141802853
gradient_descent,51,251,0.07220200996190605
gradient_descent,51,252,0.09161222214008619
gradient_descent,51,253,0.09254873848526665
gradient_descent,51,254,0.1122566950618324
gradient_descent,51,255,0.09579735879932948
gradient_descent,51,256,0.08625068360823189
gradient_descent,51,257,0.053199141066689486
gradient_descent,51,258,0.04890130070807501
gradient_descent,51,259,0.04198697726178788
gradient_descent,51,260,0.059411092807874176
gradient_descent,51,261,0.0609184490643267
gradient_descent,51,262,0.06376327987910874
gradient_descent,51,263,0.06910228026516418
gradient_descent,51,264,0.07400809607935814
gradient_descent,51,265,0.04715240272809463
gradient_descent,51,266,0.06110427280714508
gradient_descent,51,267,0.06346330378136195
gradient_descent,51,268,0.05973077338555861
gradient_descent,51,269,0.054423793532333016
gradient_descent,51,270,0.07952862065334926
gradient_descent,51,271,0.07992504399495547
gradient_descent,51,272,0.0982598088416211
gradient_descent,51,273,0.07964121828526984
gradient_descent,51,274,0.060704322153389875
gradient_descent,51,275,0.042972100321360215
gradient_descent,51,276,0.0380275660934927
gradient_descent,51,277,0.03742355133241986
gradient_descent,51,278,0.037874703800190694
gradient_descent,51,279,0.03992875116222516
gradient_descent,51,280,0.03990069825704148
gradient_descent,51,281,0.041026971947431254
gradient_descent,51,282,0.040165479423683946
gradient_descent,51,283,0.03954403372077339
gradient_descent,51,284,0.03674838106856444
gradient_descent,51,285,0.03874245330054862
gradient_descent,51,286,0.04208288316258031
gradient_descent,51,287,0.03690449826820834
gradient_descent,51,288,0.03624733798192805
gradient_descent,51,289,0.03777585693771513
gradient_descent,51,290,0.0377403935392041
gradient_descent,51,291,0.041997011569745564
gradient_descent,51,292,0.04049190252025763
gradient_descent,51,293,0.039542928803038994
gradient_descent,51,294,0.037196608485521636
gradient_descent,51,295,0.041570415718041154
gradient_descent,51,296,0.04387772822733261
gradient_descent,51,297,0.03776827591089348
gradient_descent,51,298,0.03977644415012516
gradient_descent,51,299,0.03879014384233705
gradient_descent,51,300,0.04384693172689043
chl,42,1,11.033849677681472
chl,42,2,12.169704000182962
chl,42,3,44.01597511151012
chl,42,4,21176.37310870746
chl,42,5,4517389.630447831
chl,42,6,94028.12363800587
chl,42,7,2686407.1158414762
chl,42,8,203954.92770432148
chl,42,9,2104209.681064861
chl,42,10,173387.19825125032
chl,42,11,1623009.7367397437
chl,42,12,192558.51833169282
chl,42,13,2552338.846162494
chl,42,14,148194.35984810253
chl,42,15,1745321.4706769728
chl,42,16,207224.3362139411
chl,42,17,2643606.7373347087
chl,42,18,155835.00341737064
chl,42,19,2462242.016447675
chl,42,20,183174.6204148266
chl,42,21,2525760.0436716336
chl,42,22,167982.1595688983
chl,42,23,1635569.1479131675
chl,42,24,153321.86179473536
chl,42,25,3075106.1641110275
chl,42,26,101986.39571744244
chl,42,27,1228859.536749401
chl,42,28,179958.63944280669
chl,42,29,1529410.7209487625
chl,42,30,392908.204375702
chl,42,31,1740380.8966380574
chl,42,32,418119.5553330751
chl,42,33,1339264.784131252
chl,42,34,383431.6443378614
chl,42,35,1456797.008769069
chl,42,36,226212.56598071737
chl,42,37,1149367.737088146
chl,42,38,287853.86134072323
chl,42,39,1452964.4089409858
chl,42,40,349639.4226986984
chl,42,41,1921599.5935672445
chl,42,42,285873.8451347021
chl,42,43,1141288.2382525858
chl,42,44,335003.4024224853
chl,42,45,1359763.253119749
chl,42,46,245943.12569066908
chl,42,47,1818476.5593896352
chl,42,48,254891.53512163626
chl,42,49,1600781.7892710797
chl,42,50,166696.46997718627
chl,42,51,695816.5793620148
chl,42,52,420834.7616582503
chl,42,53,1091940.8740459806
chl,42,54,372894.4035459758
chl,42,55,1013303.553186629
chl,42,56,398374.5506957568
chl,42,57,1061741.1849753908
chl,42,58,315518.1328486238
chl,42,59,1043634.2138743722
chl,42,60,514938.904856769
chl,42,61,871472.1926983227
chl,42,62,276729.33048646303
chl,42,63,1112156.3032731386
chl,42,64,256700.34265080912
chl,42,65,950408.7001075189
chl,42,66,299711.62307326787
chl,42,67,793858.5246618207
chl,42,68,293199.6376463875
chl,42,69,856558.0356115412
chl,42,70,275983.49585259636
chl,42,71,1485988.7043287812
chl,42,72,270442.2562176691
chl,42,73,1211062.0491121695
chl,42,74,296542.1243319073
chl,42,75,969760.943978924
chl,42,76,256746.65994033217
chl,42,77,1169659.6988463053
chl,42,78,364137.0659998176
chl,42,79,1296656.3828920284
chl,42,80,226893.43069887778
chl,42,81,1345995.4500349564
chl,42,82,247494.56182743915
chl,42,83,979179.1628096954
chl,42,84,193832.67439184964
chl,42,85,1034171.681726769
chl,42,86,264055.52752506477
chl,42,87,1315919.3707704225
chl,42,88,338749.10983950616
chl,42,89,1523219.3369850973
chl,42,90,404465.62886079645
chl,42,91,1127645.8313557773
chl,42,92,415704.8438900687
chl,42,93,948106.8607503801
chl,42,94,377890.0027367534
chl,42,95,638387.1775567617
chl,42,96,578105.5379630347
chl,42,97,1250297.4411478576
chl,42,98,552336.1097193366
chl,42,99,1163464.896899367
chl,42,100,389030.15539955144
chl,42,101,3427930.2052315907
chl,42,102,147594.31816923572
chl,42,103,1997391.9463788962
chl,42,104,244953.56976429035
chl,42,105,2039707.0690760084
chl,42,106,276442.2049179559
chl,42,107,2266096.2130433675
chl,42,108,206250.30319427105
chl,42,109,2694979.978498763
chl,42,110,332828.24762373324
chl,42,111,1693770.7186038159
chl,42,112,261596.28955215664
chl,42,113,1842356.5148869029
chl,42,114,275453.91628756723
chl,42,115,1671654.5312699655
chl,42,116,301970.25746848766
chl,42,117,1049686.7868606779
chl,42,118,286464.1290299418
chl,42,119,2156547.5872249277
chl,42,120,233566.10781122584
chl,42,121,1587782.6149288071
chl,42,122,417624.1994452834
chl,42,123,1870426.3402632782
chl,42,124,387830.1858096683
chl,42,125,1254157.7990555167
chl,42,126,260932.62903355752
chl,42,127,1904316.4479130872
chl,42,128,174186.31826279708
chl,42,129,1676419.617366617
chl,42,130,160882.5914950331
chl,42,131,1453588.5383358828
chl,42,132,247090.84505191928
chl,42,133,2337935.412391141
chl,42,134,227082.11921203553
chl,42,135,1617335.6370629736
chl,42,136,226469.3246233968
chl,42,137,2379526.6902365373
chl,42,138,244298.4374635012
chl,42,139,1486580.821558723
chl,42,140,272513.85374952405
chl,42,141,1486832.443533032
chl,42,142,292158.6590574636
chl,42,143,1588486.895162537
chl,42,144,227721.21227518792
chl,42,145,1734284.5938750335
chl,42,146,227707.34505149117
chl,42,147,1508676.626718885
chl,42,148,242690.0410516295
chl,42,149,1652959.5140458778
chl,42,150,585018.3472722007
chl,42,151,1142373.2722470656
chl,42,152,594172.0305750817
chl,42,153,1195274.9421483744
chl,42,154,524760.0615167982
chl,42,155,1221887.2644490048
chl,42,156,414755.49994635774
chl,42,157,1251897.0321006617
chl,42,158,465666.78742582793
chl,42,159,1017030.4588464965
chl,42,160,355177.950876721
chl,42,161,1085734.7484816762
chl,42,162,349633.93491242215
chl,42,163,1660832.8302859901
chl,42,164,472467.2962646597
chl,42,165,1063452.3233562177
chl,42,166,301463.1519201066
chl,42,167,2527278.903473914
chl,42,168,327042.04383340257
chl,42,169,2073666.695892235
chl,42,170,407094.69370626827
chl,42,171,2154669.7404001323
chl,42,172,337094.66840962245
chl,42,173,1528132.2015930882
chl,42,174,383182.10952425934
chl,42,175,1226687.4647084195
chl,42,176,245056.4260727173
chl,42,177,1809810.9041098708
chl,42,178,386385.39976292034
chl,42,179,2098241.911487469
chl,42,180,371158.63457501365
chl,42,181,1843476.454830982
chl,42,182,280874.14818956563
chl,42,183,2012279.1182048463
chl,42,184,271017.60206236504
chl,42,185,1444971.531679905
chl,42,186,272869.3749295423
chl,42,187,2131156.7795995674
chl,42,188,442406.2974712119
chl,42,189,1500854.0836656196
chl,42,190,261801.69639470178
chl,42,191,1612299.5017651967
chl,42,192,432213.41805485653
chl,42,193,1135447.0337552207
chl,42,194,350152.7201360455
chl,42,195,1871892.9840925015
chl,42,196,348025.45367118664
chl,42,197,1527707.1852816641
chl,42,198,476063.7926169219
chl,42,199,1337111.4843647094
chl,42,200,364889.03096473706
chl,42,201,1454745.345564341
chl,42,202,484435.33127736166
chl,42,203,1103639.1660397798
chl,42,204,269813.7376929598
chl,42,205,1910448.0259026757
chl,42,206,379026.1407014382
chl,42,207,1829900.0612272671
chl,42,208,401774.9239818813
chl,42,209,2054870.495695806
chl,42,210,389262.227793898
chl,42,211,1502065.020444703
chl,42,212,259557.91212484206
chl,42,213,2010242.8041468314
chl,42,214,398724.6048024771
chl,42,215,1264380.445783986
chl,42,216,340012.8006563114
chl,42,217,1176904.172400933
chl,42,218,225941.75181543684
chl,42,219,801265.7158518228
chl,42,220,202449.17532192712
chl,42,221,1498078.0469806327
chl,42,222,373378.833260978
chl,42,223,1858758.0377778804
chl,42,224,321657.431775619
chl,42,225,1783234.1215224077
chl,42,226,332198.11165874585
chl,42,227,1134017.3616652705
chl,42,228,221333.75196461423
chl,42,229,1317254.814931321
chl,42,230,271957.7287710682
chl,42,231,1560665.8259997726
chl,42,232,471101.1304664398
chl,42,233,1625068.668949283
chl,42,234,322241.9930258473
chl,42,235,1424373.9367044
chl,42,236,331273.40647397854
chl,42,237,1644071.8930198692
chl,42,238,283295.4266473162
chl,42,239,1235176.5838829505
chl,42,240,448468.38775229506
chl,42,241,1813041.817194557
chl,42,242,337453.16095765535
chl,42,243,1757687.7450165139
chl,42,244,352884.20673548384
chl,42,245,1753228.4715456306
chl,42,246,192321.35942804872
chl,42,247,1431755.8380674024
chl,42,248,367067.3762660594
chl,42,249,1544390.3830766305
chl,42,250,295813.9690184498
chl,42,251,1264160.0787702217
chl,42,252,339322.3044101823
chl,42,253,2057777.094106832
chl,42,254,253905.5528456539
chl,42,255,1071743.5850922547
chl,42,256,262777.1697346968
chl,42,257,1678371.7502471826
chl,42,258,403916.15214122174
chl,42,259,1046979.9299914986
chl,42,260,360025.28777724545
chl,42,261,1022075.3411830298
chl,42,262,388919.171905726
chl,42,263,985379.4926356897
chl,42,264,272774.3128553577
chl,42,265,1490206.297065772
chl,42,266,300073.00608685566
chl,42,267,1516475.6645367267
chl,42,268,314365.4738488966
chl,42,269,1193844.5599365185
chl,42,270,356836.75708239776
chl,42,271,1295694.9123008205
chl,42,272,312207.2675447177
chl,42,273,1343793.2597548375
chl,42,274,470453.74371412344
chl,42,275,1381274.9119557554
chl,42,276,320118.3213729286
chl,42,277,1760730.8041526629
chl,42,278,496937.53570461104
chl,42,279,1568066.8995849637
chl,42,280,532110.5639499129
chl,42,281,1418031.154480683
chl,42,282,487636.20059310464
chl,42,283,1402852.0187769628
chl,42,284,331585.8273703106
chl,42,285,1989360.852259997
chl,42,286,515672.68333180994
chl,42,287,2026813.663252711
chl,42,288,569932.0991976626
chl,42,289,3114629.184790835
chl,42,290,261846.43782145792
chl,42,291,3023778.938004185
chl,42,292,446495.99410103617
chl,42,293,2689634.714451678
chl,42,294,384816.8625120143
chl,42,295,2663894.5087620406
chl,42,296,406135.1888623275
chl,42,297,1851015.3056610061
chl,42,298,352373.3699207457
chl,42,299,1830922.8079410018
chl,42,300,440693.7630051305
chl,43,1,21.64425513059423
chl,43,2,893.4472363592274
chl,43,3,12936650.826632071
chl,43,4,22762.38638803444
chl,43,5,12449458.233917402
chl,43,6,24979.514378579683
chl,43,7,12266489.873395694
chl,43,8,25083.64608633603
chl,43,9,9785935.00823061
chl,43,10,49853.66042803416
chl,43,11,9874036.09690402
chl,43,12,57056.157013486256
chl,43,13,7947349.751418849
chl,43,14,56479.0968554134
chl,43,15,8095194.744715756
chl,43,16,68573.19832939163
chl,43,17,6239591.930666706
chl,43,18,88929.82496949639
chl,43,19,7935941.174149974
chl,43,20,81130.04376546862
chl,43,21,7922298.165758976
chl,43,22,59689.11301306053
chl,43,23,6483609.099629313
chl,43,24,85173.83973745911
chl,43,25,5733750.8194269445
chl,43,26,83361.1255170165
chl,43,27,6102234.423919514
chl,43,28,65693.76533349419
chl,43,29,6771207.710158852
chl,43,30,92901.72337987689
chl,43,31,6273501.039630976
chl,43,32,90069.36243047987
chl,43,33,5641595.386610695
chl,43,34,81482.0090408533
chl,43,35,6808032.067258203
chl,43,36,102723.71816397952
chl,43,37,6072516.615494485
chl,43,38,69873.93196157108
chl,43,39,7494411.467995367
chl,43,40,76721.32970815111
chl,43,41,6771246.002270964
chl,43,42,77276.32810938447
chl,43,43,7242774.30353829
chl,43,44,75974.57688915967
chl,43,45,7012033.291589185
chl,43,46,78837.55780786605
chl,43,47,6479036.67469317
chl,43,48,85626.81036960917
chl,43,49,6779334.755865938
chl,43,50,94458.89218562836
chl,43,51,6382816.500310039
chl,43,52,89385.5510718149
chl,43,53,7829101.920886993
chl,43,54,75383.38527869641
chl,43,55,7119823.095037504
chl,43,56,82778.39354362946
chl,43,57,7395053.441331713
chl,43,58,82650.99519394146
chl,43,59,6111427.996021702
chl,43,60,108715.61420036863
chl,43,61,5828941.573765037
chl,43,62,104894.20428924133
chl,43,63,5493920.168038684
chl,43,64,85052.07290845209
chl,43,65,5368743.405499102
chl,43,66,115048.83911327091
chl,43,67,6014304.166792005
chl,43,68,101122.28969856667
chl,43,69,5463741.206607411
chl,43,70,103900.390025132
chl,43,71,5154964.330483035
chl,43,72,101735.51661414215
chl,43,73,5831560.646033279
chl,43,74,104254.75775576654
chl,43,75,6940667.379098141
chl,43,76,134968.83183342128
chl,43,77,5490545.809985903
chl,43,78,97952.79677348114
chl,43,79,5836114.852250684
chl,43,80,98741.75873631497
chl,43,81,6721935.836747671
chl,43,82,83091.14120470591
chl,43,83,6588925.7887168825
chl,43,84,114793.1564210716
chl,43,85,6176245.0688849455
chl,43,86,97949.05678783054
chl,43,87,5908141.801643839
chl,43,88,107430.15745977657
chl,43,89,6266739.45005286
chl,43,90,101734.50473299737
chl,43,91,4945834.099747292
chl,43,92,126769.49000770468
chl,43,93,5159967.9777753735
chl,43,94,83071.43254934774
chl,43,95,4722523.167287517
chl,43,96,94522.83079094716
chl,43,97,6239020.311462343
chl,43,98,106327.37570948839
chl,43,99,5798870.942193844
chl,43,100,118184.15397253446
chl,43,101,5670423.178425583
chl,43,102,99850.8451387602
chl,43,103,4885389.065704469
chl,43,104,120945.11955510652
chl,43,105,5260806.038813434
chl,43,106,126321.30584377436
chl,43,107,5256168.060770103
chl,43,108,78152.21238658554
chl,43,109,5955279.236665439
chl,43,110,99670.45569941573
chl,43,111,4943540.43639231
chl,43,112,102312.14179991983
chl,43,113,6203673.403110107
chl,43,114,93852.86538837865
chl,43,115,6343692.255445377
chl,43,116,92192.05948764477
chl,43,117,5475971.83642444
chl,43,118,96375.34455266896
chl,43,119,7071401.221416045
chl,43,120,88338.50548920872
chl,43,121,6462411.935888139
chl,43,122,112012.02689867585
chl,43,123,5298673.593525566
chl,43,124,95144.0876502386
chl,43,125,5951487.373100578
chl,43,126,96687.71260184362
chl,43,127,4781632.883373225
chl,43,128,118050.25324075551
chl,43,129,4859438.2937747575
chl,43,130,110040.29891827804
chl,43,131,5458490.698600215
chl,43,132,133763.0011612395
chl,43,133,4873336.2273149835
chl,43,134,121273.00789123232
chl,43,135,5034200.214386381
chl,43,136,118527.25390543764
chl,43,137,5187859.209671536
chl,43,138,76541.12439186122
chl,43,139,7933191.956910651
chl,43,140,101420.4238017145
chl,43,141,4932697.101359067
chl,43,142,85104.34088068405
chl,43,143,7074578.072736344
chl,43,144,92987.60311801067
chl,43,145,5726017.65885875
chl,43,146,90022.9173171699
chl,43,147,6360968.2712209225
chl,43,148,73849.75365303892
chl,43,149,5386983.277077737
chl,43,150,103074.18771916573
chl,43,151,6402496.191140348
chl,43,152,77975.83383322354
chl,43,153,6573842.436131155
chl,43,154,77853.54405551757
chl,43,155,6741099.4803290935
chl,43,156,88914.87745860899
chl,43,157,6608399.346489564
chl,43,158,65506.88848689828
chl,43,159,6843869.993446275
chl,43,160,88692.06171044284
chl,43,161,6890584.905651033
chl,43,162,76371.73091578255
chl,43,163,6481535.745757817
chl,43,164,78307.35241480307
chl,43,165,6422273.8200809155
chl,43,166,79889.0435285563
chl,43,167,6139225.705930493
chl,43,168,73837.50341862813
chl,43,169,6571385.717769245
chl,43,170,83751.44815876888
chl,43,171,6955067.040931403
chl,43,172,91197.23122302815
chl,43,173,5588624.141362933
chl,43,174,90244.59328778867
chl,43,175,6744783.794331941
chl,43,176,80650.8878789313
chl,43,177,5784097.031379885
chl,43,178,83426.10691320203
chl,43,179,5960192.812916587
chl,43,180,86080.08777611906
chl,43,181,6577583.439050904
chl,43,182,101000.470425585
chl,43,183,5971452.644913856
chl,43,184,93939.26903581702
chl,43,185,5681418.298832867
chl,43,186,101581.54204976112
chl,43,187,4985563.163766978
chl,43,188,101391.73926908337
chl,43,189,6538515.152549576
chl,43,190,110121.28339003696
chl,43,191,5312838.7049316615
chl,43,192,93869.1672346272
chl,43,193,6930217.256031158
chl,43,194,104335.02592915986
chl,43,195,6462319.760554156
chl,43,196,83873.79017964193
chl,43,197,5479329.902158073
chl,43,198,87831.73513478917
chl,43,199,5446090.532454686
chl,43,200,94085.14708469123
chl,43,201,5576270.602774656
chl,43,202,130784.33934657373
chl,43,203,6495906.197383136
chl,43,204,96908.77682830514
chl,43,205,5738059.928799131
chl,43,206,79161.74683555553
chl,43,207,5848258.644385259
chl,43,208,62960.13299133955
chl,43,209,6598096.781243777
chl,43,210,93838.74653883697
chl,43,211,6521749.514199124
chl,43,212,64568.282056937314
chl,43,213,6376483.5981628625
chl,43,214,67006.32826769995
chl,43,215,8179943.121050924
chl,43,216,80874.22328420804
chl,43,217,7940535.933681656
chl,43,218,72579.48230078888
chl,43,219,7614340.012115481
chl,43,220,73301.00293100647
chl,43,221,6142453.290286418
chl,43,222,74861.58191890527
chl,43,223,6578415.772109246
chl,43,224,67708.44157843941
chl,43,225,6294294.744554308
chl,43,226,80322.66171114198
chl,43,227,6077551.736138956
chl,43,228,79901.94190903041
chl,43,229,7400843.042528648
chl,43,230,71342.15088290564
chl,43,231,5709936.019243366
chl,43,232,80253.43436595856
chl,43,233,6721989.845022565
chl,43,234,85850.23791487128
chl,43,235,5933694.860725502
chl,43,236,133694.5110919837
chl,43,237,3913405.1360672335
chl,43,238,128136.59812341152
chl,43,239,5153913.380746987
chl,43,240,98066.88542138114
chl,43,241,5040123.26644603
chl,43,242,122467.7441559928
chl,43,243,3702875.2414417644
chl,43,244,98606.04128839546
chl,43,245,4377097.256740684
chl,43,246,127131.71685191165
chl,43,247,4494686.115414139
chl,43,248,112186.93364391128
chl,43,249,5833054.304803922
chl,43,250,94757.05397533273
chl,43,251,6323381.190329238
chl,43,252,89366.13522768232
chl,43,253,5180543.863242495
chl,43,254,99657.93262362851
chl,43,255,5719297.862280757
chl,43,256,92927.94999180337
chl,43,257,4692123.467986744
chl,43,258,111562.60317818372
chl,43,259,4035983.753489527
chl,43,260,116678.30487430828
chl,43,261,4454923.965487464
chl,43,262,108348.29463642019
chl,43,263,4841266.97710514
chl,43,264,109509.59376995047
chl,43,265,4332912.097680401
chl,43,266,125674.16020334698
chl,43,267,5254362.69745749
chl,43,268,143518.77723907225
chl,43,269,5842124.024396016
chl,43,270,117734.30697768135
chl,43,271,4635406.929214742
chl,43,272,146181.72012468937
chl,43,273,4132342.3383368105
chl,43,274,155247.1003304077
chl,43,275,4312407.597170547
chl,43,276,136907.63227921017
chl,43,277,4399488.773205046
chl,43,278,132104.75047819255
chl,43,279,5208549.225359754
chl,43,280,115377.96886910334
chl,43,281,3733247.755352237
chl,43,282,104025.51708023543
chl,43,283,3968805.884841902
chl,43,284,136322.58318869938
chl,43,285,4965374.243395142
chl,43,286,109076.03535650129
chl,43,287,6145134.246890846
chl,43,288,84284.45497995894
chl,43,289,4915578.110331669
chl,43,290,116161.47453634602
chl,43,291,5870367.58574515
chl,43,292,93178.54716916058
chl,43,293,5506868.43162607
chl,43,294,109530.08478185078
chl,43,295,5466901.539837802
chl,43,296,114138.4324590203
chl,43,297,5035651.8615143355
chl,43,298,110703.32217213813
chl,43,299,7162584.365783879
chl,43,300,91237.46320742926
chl,44,1,26.438323407080517
chl,44,2,10377.344553280744
chl,44,3,13936834.450628411
chl,44,4,12080.046034463596
chl,44,5,12735756.843659949
chl,44,6,18258.767108880253
chl,44,7,15222449.405881422
chl,44,8,16831.948126532163
chl,44,9,9582405.502153968
chl,44,10,26473.58340806861
chl,44,11,8990866.829171889
chl,44,12,67699.48943938226
chl,44,13,11579804.346750058
chl,44,14,62436.86403461946
chl,44,15,9477499.19364583
chl,44,16,68846.96609809644
chl,44,17,7397631.470157862
chl,44,18,72729.53404059805
chl,44,19,11069998.052246599
chl,44,20,114603.36722961179
chl,44,21,7408922.327167135
chl,44,22,163744.71324125965
chl,44,23,7417105.589438251
chl,44,24,121393.89007820697
chl,44,25,5470269.394472568
chl,44,26,138381.72649338742
chl,44,27,9811500.294666223
chl,44,28,106003.51693918249
chl,44,29,6714391.31875261
chl,44,30,93018.61664585456
chl,44,31,7821825.558377171
chl,44,32,186139.7008171522
chl,44,33,5718317.302590069
chl,44,34,123112.43689725768
chl,44,35,9101533.594987385
chl,44,36,156628.02751547747
chl,44,37,5588321.040551325
chl,44,38,132544.36123338866
chl,44,39,7520674.186653262
chl,44,40,148102.2977805096
chl,44,41,6750220.00715752
chl,44,42,126100.18362267497
chl,44,43,5249038.615338128
chl,44,44,149910.6861952056
chl,44,45,7661363.060758284
chl,44,46,103301.94781203197
chl,44,47,7883488.22768293
chl,44,48,111193.31312412472
chl,44,49,7927264.068795144
chl,44,50,102563.60346362194
chl,44,51,7590893.739003255
chl,44,52,75318.03907990434
chl,44,53,8033054.892464474
chl,44,54,118166.96239350952
chl,44,55,8106344.255440712
chl,44,56,90812.6313431306
chl,44,57,7619193.223251286
chl,44,58,94872.12808448273
chl,44,59,7767496.984711387
chl,44,60,85984.32087245189
chl,44,61,6702599.55594315
chl,44,62,102895.04365232392
chl,44,63,9385186.21516592
chl,44,64,118303.62882511178
chl,44,65,8991020.744694356
chl,44,66,136643.01930710135
chl,44,67,8739375.650260601
chl,44,68,103583.14344963999
chl,44,69,8026266.86231582
chl,44,70,96076.54996071184
chl,44,71,8808397.007209845
chl,44,72,79264.2467142064
chl,44,73,5909367.742904806
chl,44,74,86600.66362418536
chl,44,75,6966549.436700493
chl,44,76,139648.04272390183
chl,44,77,8902866.859915476
chl,44,78,101172.42392315115
chl,44,79,8135563.4585602125
chl,44,80,114470.67255511173
chl,44,81,7020935.310498291
chl,44,82,157658.922421793
chl,44,83,8559988.682847466
chl,44,84,137238.22991552734
chl,44,85,7632963.977744887
chl,44,86,129507.44555755095
chl,44,87,10052946.425717475
chl,44,88,151109.0222674724
chl,44,89,7774939.095379833
chl,44,90,127167.00527203531
chl,44,91,5921682.125490637
chl,44,92,119879.51341614682
chl,44,93,5895682.958526068
chl,44,94,122936.17308363965
chl,44,95,7040394.553718161
chl,44,96,151859.47275385933
chl,44,97,7600945.863187878
chl,44,98,212530.93550785352
chl,44,99,4301113.124145804
chl,44,100,134201.21545426128
chl,44,101,6167742.678912732
chl,44,102,254812.12153676525
chl,44,103,5597266.791504551
chl,44,104,256707.81329488425
chl,44,105,5185834.289329282
chl,44,106,172089.12368818183
chl,44,107,4275695.085097177
chl,44,108,137301.04695464543
chl,44,109,7015947.298224235
chl,44,110,226309.08450573424
chl,44,111,6772747.831677292
chl,44,112,210733.15935520027
chl,44,113,3818046.1315164473
chl,44,114,166654.7733839285
chl,44,115,6073034.34019673
chl,44,116,219969.74520501393
chl,44,117,4207721.5030264575
chl,44,118,189319.61652223946
chl,44,119,4876210.140242785
chl,44,120,109885.15869236189
chl,44,121,7085188.628461447
chl,44,122,147074.43128535373
chl,44,123,5114722.907263456
chl,44,124,182622.1095153131
chl,44,125,5871296.244649898
chl,44,126,188152.31702648432
chl,44,127,6576886.109917604
chl,44,128,190075.63377173498
chl,44,129,6720187.18564623
chl,44,130,142476.93045776413
chl,44,131,6382463.383096174
chl,44,132,129843.36011691944
chl,44,133,6377888.876885956
chl,44,134,158929.89513278336
chl,44,135,7906417.622818443
chl,44,136,131477.33284233708
chl,44,137,8009977.444398424
chl,44,138,168236.66862753953
chl,44,139,5607795.5670976695
chl,44,140,114682.71175325467
chl,44,141,6129407.553381351
chl,44,142,153227.7466657041
chl,44,143,4068984.7052227003
chl,44,144,145523.81719305136
chl,44,145,6510434.723304779
chl,44,146,138838.03171404527
chl,44,147,5863660.735776779
chl,44,148,131143.98469834367
chl,44,149,5915952.363168547
chl,44,150,196486.5702424055
chl,44,151,4057381.800259016
chl,44,152,219242.27074151344
chl,44,153,4737616.198027601
chl,44,154,191490.2198814838
chl,44,155,4971254.669691152
chl,44,156,188383.36495981988
chl,44,157,3334713.5549561814
chl,44,158,250770.8185021867
chl,44,159,4831362.057491776
chl,44,160,281713.72809442965
chl,44,161,5595363.404597201
chl,44,162,191510.7589902275
chl,44,163,5912927.001292468
chl,44,164,202364.97120368175
chl,44,165,5687199.59240544
chl,44,166,196689.42912709413
chl,44,167,4477076.55708397
chl,44,168,197390.60217678268
chl,44,169,4527072.922784802
chl,44,170,212555.28829834488
chl,44,171,5310562.765254236
chl,44,172,178806.45411878006
chl,44,173,6316016.393216204
chl,44,174,158596.0405077722
chl,44,175,6562810.295030156
chl,44,176,141543.0861512767
chl,44,177,5763922.843684
chl,44,178,149336.09278958337
chl,44,179,5178079.7864098465
chl,44,180,186617.79741438295
chl,44,181,6082534.84363762
chl,44,182,163633.54067381602
chl,44,183,4998192.51578501
chl,44,184,188326.30311149254
chl,44,185,6977884.170760297
chl,44,186,246164.63306979055
chl,44,187,6134111.854845264
chl,44,188,177565.15138397468
chl,44,189,4980613.205953211
chl,44,190,161182.7519912526
chl,44,191,4712840.006905613
chl,44,192,171491.5120190317
chl,44,193,6085607.323065417
chl,44,194,189606.35621524008
chl,44,195,4886631.997336345
chl,44,196,221230.4354263218
chl,44,197,6473325.566216663
chl,44,198,198560.2757930042
chl,44,199,4332314.342466113
chl,44,200,187506.14861255267
chl,44,201,6618263.764007425
chl,44,202,166356.11791458272
chl,44,203,5786048.159575119
chl,44,204,141888.8675562715
chl,44,205,5657841.891704417
chl,44,206,236438.7474638685
chl,44,207,3778286.4070806373
chl,44,208,184984.28579107768
chl,44,209,6286527.280317315
chl,44,210,177118.86773487175
chl,44,211,3954058.185598673
chl,44,212,181926.7022982009
chl,44,213,5924837.994098347
chl,44,214,157807.54020127605
chl,44,215,3863150.4791052523
chl,44,216,268140.7337628945
chl,44,217,5629097.482007641
chl,44,218,162143.3477315126
chl,44,219,4140473.1329701273
chl,44,220,137812.68558325103
chl,44,221,4923320.566032513
chl,44,222,168976.34947753098
chl,44,223,6732513.420944553
chl,44,224,140134.57070321986
chl,44,225,6683189.710285493
chl,44,226,225926.45993167933
chl,44,227,5412149.153897411
chl,44,228,178894.1854548655
chl,44,229,6132546.556003614
chl,44,230,124461.97496767333
chl,44,231,5246445.5840028785
chl,44,232,192403.51381289214
chl,44,233,5914965.115048199
chl,44,234,174389.79959796186
chl,44,235,4848908.21508997
chl,44,236,185593.51934373518
chl,44,237,5552200.0276995
chl,44,238,174775.71338500388
chl,44,239,6412291.73992771
chl,44,240,113910.33487577205
chl,44,241,6510720.774353277
chl,44,242,177072.69450807327
chl,44,243,5041669.040931859
chl,44,244,190474.3706331407
chl,44,245,5835426.766280181
chl,44,246,184901.19574308753
chl,44,247,5989103.772102614
chl,44,248,244165.79089968142
chl,44,249,5224591.780905527
chl,44,250,186538.4097870065
chl,44,251,4870168.451907223
chl,44,252,206964.319602127
chl,44,253,4599939.109064653
chl,44,254,175951.9675722227
chl,44,255,4319471.612094188
chl,44,256,186129.79633031675
chl,44,257,5028515.87200042
chl,44,258,227263.74205709714
chl,44,259,5039680.353429317
chl,44,260,232635.75884944777
chl,44,261,4053041.755110107
chl,44,262,208644.78114703984
chl,44,263,4051826.759623228
chl,44,264,179941.07224178713
chl,44,265,4716376.704825884
chl,44,266,135981.8494644811
chl,44,267,4600282.107526555
chl,44,268,223649.98142455786
chl,44,269,4546399.821201751
chl,44,270,153284.44310173127
chl,44,271,4605941.795459681
chl,44,272,150985.3098813533
chl,44,273,4258274.97870878
chl,44,274,203020.22046507642
chl,44,275,4487288.036091421
chl,44,276,132700.26086554874
chl,44,277,4764010.227489582
chl,44,278,204217.96556670807
chl,44,279,5301826.810922713
chl,44,280,203135.8996174169
chl,44,281,4544085.1867363565
chl,44,282,135902.22484536088
chl,44,283,5899960.94570048
chl,44,284,158018.00586836998
chl,44,285,4543078.603212877
chl,44,286,148212.61598499696
chl,44,287,5588073.208816127
chl,44,288,197385.71023113962
chl,44,289,4472249.096563857
chl,44,290,159333.93433563228
chl,44,291,4526908.624705028
chl,44,292,157256.79983970695
chl,44,293,6712162.287441052
chl,44,294,205637.44433381342
chl,44,295,5263520.3863990465
chl,44,296,139930.94054680204
chl,44,297,5976196.554698385
chl,44,298,173168.67675877846
chl,44,299,4984125.898596673
chl,44,300,210437.78865440612
chl,45,1,15.766376257669965
chl,45,2,69.13827353114381
chl,45,3,352975.1860017017
chl,45,4,4581156.132439069
chl,45,5,409115.0172076948
chl,45,6,3829238.3945477232
chl,45,7,482505.6699395681
chl,45,8,4024011.02091231
chl,45,9,378142.303032587
chl,45,10,4022830.9959190194
chl,45,11,474727.669884255
chl,45,12,3830515.929924534
chl,45,13,537776.2466788946
chl,45,14,4199414.134406834
chl,45,15,472462.4170864461
chl,45,16,3758856.5323989214
chl,45,17,555309.6529322973
chl,45,18,1942525.9963366718
chl,45,19,583506.3639135312
chl,45,20,3711615.827601235
chl,45,21,1000226.6533585064
chl,45,22,1344601.9854965264
chl,45,23,1149198.841354669
chl,45,24,1702533.1166477387
chl,45,25,1454080.532603384
chl,45,26,1392915.531543379
chl,45,27,1646535.5335062994
chl,45,28,1451835.9814325415
chl,45,29,1968261.0830899342
chl,45,30,906697.636697417
chl,45,31,2019430.2898969657
chl,45,32,1039452.3020035676
chl,45,33,2584159.410750267
chl,45,34,1350820.293059008
chl,45,35,1914377.7026430639
chl,45,36,1399682.4570994666
chl,45,37,2332903.7243275573
chl,45,38,1240030.265655716
chl,45,39,1619117.4471825056
chl,45,40,1540528.0836233525
chl,45,41,1362735.800202658
chl,45,42,1154872.1842130586
chl,45,43,2006234.0706098662
chl,45,44,1165286.6769631119
chl,45,45,1688125.246096078
chl,45,46,1442583.7771025952
chl,45,47,1510947.9522521798
chl,45,48,1443609.98856736
chl,45,49,1562246.4340043655
chl,45,50,844473.0606950768
chl,45,51,1747537.605504548
chl,45,52,1179192.4423531338
chl,45,53,1575985.3259863968
chl,45,54,1717684.155782111
chl,45,55,1440998.1298964897
chl,45,56,1676281.3447706252
chl,45,57,1900572.7305364066
chl,45,58,1530831.9211834772
chl,45,59,1563774.0789828787
chl,45,60,1059184.3460917594
chl,45,61,1567089.6615184448
chl,45,62,1126254.8258606596
chl,45,63,1990941.7810290502
chl,45,64,1167924.5123640762
chl,45,65,1975227.5661297576
chl,45,66,1422213.2510896341
chl,45,67,1923287.2395401706
chl,45,68,1039127.0979899532
chl,45,69,1705481.8901397737
chl,45,70,1154666.9802898655
chl,45,71,1784328.2335057734
chl,45,72,883709.2851332359
chl,45,73,1735833.7493884454
chl,45,74,1051397.618638412
chl,45,75,1630249.5498634041
chl,45,76,1376235.4922610277
chl,45,77,1586271.6268425211
chl,45,78,641955.3440963336
chl,45,79,2535330.4661580417
chl,45,80,644385.5022374048
chl,45,81,2186738.049272636
chl,45,82,755774.3045756449
chl,45,83,2411368.593637831
chl,45,84,1094767.815439309
chl,45,85,1622002.7991005995
chl,45,86,1415156.8263804957
chl,45,87,1724265.7509682714
chl,45,88,1091328.2663992576
chl,45,89,1807210.7053159543
chl,45,90,1212080.7608201965
chl,45,91,2502722.7431215355
chl,45,92,1091602.5500025535
chl,45,93,1819319.415091058
chl,45,94,1080217.9177875475
chl,45,95,1969686.5928903325
chl,45,96,1337141.7642914767
chl,45,97,1514290.0164039372
chl,45,98,978569.7124056262
chl,45,99,1859456.6683003732
chl,45,100,1023640.0888078795
chl,45,101,2247934.574041523
chl,45,102,568459.206541272
chl,45,103,969078.9213609827
chl,45,104,1447665.4451168245
chl,45,105,1839459.35877722
chl,45,106,1572799.551413253
chl,45,107,1232360.6321874708
chl,45,108,1075433.5735005755
chl,45,109,1397858.0347885408
chl,45,110,1520360.0982198694
chl,45,111,1073664.9788562823
chl,45,112,1216193.2942661247
chl,45,113,2134574.6657733168
chl,45,114,953833.3229951857
chl,45,115,2115851.1308235317
chl,45,116,983972.5341606309
chl,45,117,1757675.7365257794
chl,45,118,1150943.4810325392
chl,45,119,2376004.6346003655
chl,45,120,1263952.603657608
chl,45,121,1315003.1480573157
chl,45,122,1128524.363097711
chl,45,123,1467731.685177923
chl,45,124,1137197.5266616023
chl,45,125,1375134.581500871
chl,45,126,2002900.248540117
chl,45,127,1306505.811340677
chl,45,128,1318847.1839388658
chl,45,129,1136730.3564110918
chl,45,130,1458261.2928766047
chl,45,131,1637699.0752960802
chl,45,132,2337601.795776562
chl,45,133,1469255.3104139166
chl,45,134,1488868.3497573747
chl,45,135,1130318.2173226625
chl,45,136,1456129.2754663131
chl,45,137,1560307.58144499
chl,45,138,2053321.7365596727
chl,45,139,1332545.3494550746
chl,45,140,1501827.0082981368
chl,45,141,1738847.1872811115
chl,45,142,1431551.0693831488
chl,45,143,1025723.2020200267
chl,45,144,1672288.8605738545
chl,45,145,1558870.4622219407
chl,45,146,1859744.3939020762
chl,45,147,1488978.42686397
chl,45,148,2282039.364052276
chl,45,149,1036627.9012882649
chl,45,150,2002325.5853040083
chl,45,151,1360593.1538190695
chl,45,152,2020813.8448034564
chl,45,153,1423462.8605639297
chl,45,154,1767361.7024844424
chl,45,155,1629048.0661070861
chl,45,156,2109901.7918233927
chl,45,157,1096991.4424367587
chl,45,158,1886512.5506678624
chl,45,159,1680552.6736323663
chl,45,160,1714381.3831441887
chl,45,161,1389677.804996614
chl,45,162,1639357.4230728983
chl,45,163,1615528.4493125314
chl,45,164,1484060.8994401516
chl,45,165,942660.1256829561
chl,45,166,1128626.2328615033
chl,45,167,876179.650599787
chl,45,168,1481183.586021392
chl,45,169,1728590.8213760832
chl,45,170,1553018.5121187603
chl,45,171,1443625.1042325345
chl,45,172,1881992.0110063816
chl,45,173,1593971.8489927873
chl,45,174,1533403.2582410865
chl,45,175,1285179.8190234883
chl,45,176,1577238.95156852
chl,45,177,1854717.043531447
chl,45,178,1762778.762375009
chl,45,179,1517151.8723344977
chl,45,180,1992817.0814845213
chl,45,181,1890986.6055119946
chl,45,182,1698517.0491759216
chl,45,183,1565654.8549420806
chl,45,184,1472150.3044827858
chl,45,185,1422398.0667136258
chl,45,186,1477985.3276162995
chl,45,187,1589780.4105316012
chl,45,188,1383612.5665918535
chl,45,189,1811763.291175001
chl,45,190,1742839.5824465102
chl,45,191,995535.5523039949
chl,45,192,1575003.22712789
chl,45,193,1811768.8654360904
chl,45,194,2182566.3008566787
chl,45,195,1540096.1988188676
chl,45,196,1254829.3336343493
chl,45,197,1260339.2956393037
chl,45,198,1633568.9835623847
chl,45,199,1252749.11121988
chl,45,200,2519697.308014229
chl,45,201,830227.6363428007
chl,45,202,1045734.81856164
chl,45,203,1009095.8487067987
chl,45,204,1242150.4237075674
chl,45,205,1537627.9006988988
chl,45,206,2146492.799126078
chl,45,207,1306597.8122963388
chl,45,208,1614499.5907942012
chl,45,209,1182701.0869263574
chl,45,210,1676278.2442180715
chl,45,211,927000.072994791
chl,45,212,1527080.04411012
chl,45,213,1130431.749925319
chl,45,214,1273476.7275355838
chl,45,215,994321.63147181
chl,45,216,1390636.2878115287
chl,45,217,1653914.2421781367
chl,45,218,1754309.6091628843
chl,45,219,1323929.5788804924
chl,45,220,1420426.164494256
chl,45,221,725299.3420704054
chl,45,222,2250607.599783348
chl,45,223,1683740.4743443206
chl,45,224,2044094.6200498075
chl,45,225,1559388.900775228
chl,45,226,1620938.0080285044
chl,45,227,1235165.780891268
chl,45,228,1658273.7326153333
chl,45,229,930781.0368217356
chl,45,230,1713568.2549403878
chl,45,231,2470276.4152731374
chl,45,232,1164921.770284868
chl,45,233,1308984.054684186
chl,45,234,950986.9044566039
chl,45,235,1362894.1567309103
chl,45,236,1389220.2554665594
chl,45,237,712961.7519843293
chl,45,238,2712895.3734194194
chl,45,239,1036701.7003614513
chl,45,240,2010117.3872037327
chl,45,241,914335.6244609979
chl,45,242,1896887.7090482237
chl,45,243,1541008.9474754257
chl,45,244,2397992.7376012397
chl,45,245,1001906.9290353331
chl,45,246,1822385.0308371624
chl,45,247,997083.3032608655
chl,45,248,2534540.592098254
chl,45,249,1193217.9089933462
chl,45,250,2179688.715454275
chl,45,251,1011095.283895384
chl,45,252,2297242.4283931535
chl,45,253,920686.4770677731
chl,45,254,2036041.4813939014
chl,45,255,771799.9194335341
chl,45,256,1970390.5402835116
chl,45,257,887580.6751112975
chl,45,258,1681026.480538186
chl,45,259,1187116.0796938667
chl,45,260,1657487.4406096404
chl,45,261,1084990.7658713625
chl,45,262,2396318.5968888025
chl,45,263,1331145.6597179233
chl,45,264,2693152.0153026655
chl,45,265,841615.6334726195
chl,45,266,1816495.9874099602
chl,45,267,1307483.3201844806
chl,45,268,2575984.102881958
chl,45,269,957173.2678812427
chl,45,270,2167556.4341009
chl,45,271,924586.2514942725
chl,45,272,2341832.5331762214
chl,45,273,1006603.4567446194
chl,45,274,3176621.262398169
chl,45,275,1145673.0647419735
chl,45,276,2187374.046103993
chl,45,277,1398348.6346052224
chl,45,278,1731603.3471575712
chl,45,279,1355251.4616776286
chl,45,280,2436052.929436083
chl,45,281,1005888.6085780144
chl,45,282,1895231.8186128212
chl,45,283,1388016.7773150164
chl,45,284,1230040.7838182768
chl,45,285,1192686.569017908
chl,45,286,1336966.3989959413
chl,45,287,1870946.8612932563
chl,45,288,1109351.4784420088
chl,45,289,1734888.8447292594
chl,45,290,1161013.9819088916
chl,45,291,2087909.164460577
chl,45,292,1457376.1679183797
chl,45,293,2899564.836495584
chl,45,294,1214559.5133934447
chl,45,295,2392888.872958606
chl,45,296,827722.1664905223
chl,45,297,2062664.0540751198
chl,45,298,796572.3509294526
chl,45,299,1827174.0446364926
chl,45,300,1061592.6970100557
chl,46,1,18.881746494217147
chl,46,2,780.7693753994325
chl,46,3,6208854.087528405
chl,46,4,284970.3212790617
chl,46,5,7339046.368937465
chl,46,6,281883.17742228345
chl,46,7,5360508.166824148
chl,46,8,421920.7997872069
chl,46,9,4560079.051252569
chl,46,10,390133.8188094865
chl,46,11,5169487.566101075
chl,46,12,350423.5574647259
chl,46,13,5205608.886642531
chl,46,14,344464.63089199
chl,46,15,5890626.978993273
chl,46,16,389733.3646484088
chl,46,17,4399138.514086116
chl,46,18,385799.17032980284
chl,46,19,5811616.358230487
chl,46,20,377545.9448485353
chl,46,21,7179023.242126313
chl,46,22,304768.29544404015
chl,46,23,6511905.284583485
chl,46,24,290291.36802509933
chl,46,25,6356570.378601918
chl,46,26,221787.59154883373
chl,46,27,4549201.42724067
chl,46,28,302931.3620187028
chl,46,29,4174043.658284898
chl,46,30,447334.031326879
chl,46,31,2929147.164542659
chl,46,32,452460.08802160906
chl,46,33,3469137.7283041533
chl,46,34,393857.37145260186
chl,46,35,3629093.180133569
chl,46,36,436911.278871668
chl,46,37,3561797.244285299
chl,46,38,423114.10781953786
chl,46,39,3912096.9894616874
chl,46,40,378536.58199035004
chl,46,41,3971482.031422658
chl,46,42,419883.0549789881
chl,46,43,4010339.7004396846
chl,46,44,503299.25600934954
chl,46,45,3343199.8997672442
chl,46,46,423251.2702269945
chl,46,47,3709805.014124647
chl,46,48,381854.15204217244
chl,46,49,3905427.61904618
chl,46,50,356041.31072638097
chl,46,51,2998076.2023522677
chl,46,52,367103.810777095
chl,46,53,4336601.699078524
chl,46,54,294068.3767881247
chl,46,55,4971867.03714544
chl,46,56,277489.35866752896
chl,46,57,4053019.3321872996
chl,46,58,344376.1203894629
chl,46,59,4825349.69538388
chl,46,60,284461.26563689724
chl,46,61,3953877.212787792
chl,46,62,348457.67774897645
chl,46,63,4303539.286948742
chl,46,64,383243.03151750495
chl,46,65,3884959.8011371493
chl,46,66,339912.14584114583
chl,46,67,4379336.099654325
chl,46,68,343615.9799102233
chl,46,69,4165535.3329094728
chl,46,70,393213.084463902
chl,46,71,4600008.030193973
chl,46,72,341261.79154289817
chl,46,73,4218071.8305811705
chl,46,74,320189.0184602702
chl,46,75,4676821.703741709
chl,46,76,309019.84034936107
chl,46,77,4254184.5697050365
chl,46,78,342167.24614466814
chl,46,79,4525899.8681770405
chl,46,80,380412.72828893823
chl,46,81,3592989.8703327207
chl,46,82,401672.3702433731
chl,46,83,4213199.759283418
chl,46,84,358231.5975268197
chl,46,85,3368174.9822535557
chl,46,86,355391.6504618456
chl,46,87,4173906.348896195
chl,46,88,330062.00148252194
chl,46,89,4746258.87673148
chl,46,90,298532.13140539476
chl,46,91,4899753.830321015
chl,46,92,342219.14418086334
chl,46,93,4189000.042947406
chl,46,94,265195.4573857516
chl,46,95,5277077.029367787
chl,46,96,156855.4543961145
chl,46,97,4886742.039782192
chl,46,98,293625.3198981997
chl,46,99,5027918.932071282
chl,46,100,300148.5993717487
chl,46,101,4512143.023038776
chl,46,102,336710.8636916196
chl,46,103,4037474.241377389
chl,46,104,302381.65577693353
chl,46,105,4676235.71287126
chl,46,106,313962.56583202764
chl,46,107,5356541.106046275
chl,46,108,341816.3701398466
chl,46,109,4195488.819124182
chl,46,110,241071.25660396044
chl,46,111,5464958.285572651
chl,46,112,267400.25332264067
chl,46,113,4365170.280110888
chl,46,114,321068.526028364
chl,46,115,4787259.550131667
chl,46,116,286470.80717526976
chl,46,117,4372809.081173105
chl,46,118,292699.94519709586
chl,46,119,5274431.078356229
chl,46,120,252170.29662573457
chl,46,121,5004431.481394649
chl,46,122,264860.41442543414
chl,46,123,4979080.807841767
chl,46,124,312739.27656480396
chl,46,125,5062665.488823796
chl,46,126,231617.47674385618
chl,46,127,4682423.402082236
chl,46,128,307819.5059174115
chl,46,129,4513579.281308409
chl,46,130,269332.645802578
chl,46,131,4325606.846988968
chl,46,132,387637.1396080457
chl,46,133,4206928.546304113
chl,46,134,368319.23496774957
chl,46,135,3183344.705335598
chl,46,136,363155.99791349145
chl,46,137,3950325.844033122
chl,46,138,373781.7805107656
chl,46,139,4236251.720438209
chl,46,140,345362.2127725085
chl,46,141,4242004.193445671
chl,46,142,447616.25485625956
chl,46,143,4442339.9998935675
chl,46,144,312550.84217692073
chl,46,145,4056505.3074091915
chl,46,146,366517.4111246375
chl,46,147,3833442.467822145
chl,46,148,321302.8058474315
chl,46,149,4546345.921453319
chl,46,150,250670.45133375705
chl,46,151,4769433.044582619
chl,46,152,377750.9275818581
chl,46,153,4663802.004374572
chl,46,154,266862.0144761952
chl,46,155,4673381.572958479
chl,46,156,273720.6733320485
chl,46,157,4256002.5928231925
chl,46,158,287007.7239108333
chl,46,159,5022578.64708611
chl,46,160,282173.16177551483
chl,46,161,5527262.457549653
chl,46,162,296032.9969490309
chl,46,163,6429145.599645144
chl,46,164,248751.09676896126
chl,46,165,5747566.581263649
chl,46,166,175177.8499799913
chl,46,167,6483626.571262904
chl,46,168,174555.7268887071
chl,46,169,6731075.048771834
chl,46,170,239000.03401610898
chl,46,171,6259018.658285961
chl,46,172,292886.06203623855
chl,46,173,4836941.64168312
chl,46,174,219921.77599263776
chl,46,175,4549412.312398754
chl,46,176,315462.68233700783
chl,46,177,4371146.721658981
chl,46,178,264160.74090923223
chl,46,179,3318707.905846013
chl,46,180,272200.3992955268
chl,46,181,4172182.2240867345
chl,46,182,302901.06769495213
chl,46,183,4408515.386943978
chl,46,184,302242.50472178595
chl,46,185,3446614.6696616723
chl,46,186,328794.9577425058
chl,46,187,4928415.120009917
chl,46,188,392021.8452558426
chl,46,189,4323623.047518555
chl,46,190,313210.29754742363
chl,46,191,4798886.296991909
chl,46,192,270184.8684159605
chl,46,193,5319918.826718983
chl,46,194,271406.65013911197
chl,46,195,5804967.351916003
chl,46,196,263246.0878709683
chl,46,197,6337942.821447871
chl,46,198,256465.14515256093
chl,46,199,5448574.689509994
chl,46,200,236867.4783670092
chl,46,201,5689585.780268087
chl,46,202,207099.50780793803
chl,46,203,6039210.341515497
chl,46,204,223808.2039998722
chl,46,205,5723428.376642162
chl,46,206,197888.96497499326
chl,46,207,8682527.026656827
chl,46,208,116479.56059821801
chl,46,209,6715508.038505024
chl,46,210,204234.00441899954
chl,46,211,6876119.218265777
chl,46,212,195773.03796803148
chl,46,213,6206561.620020009
chl,46,214,210809.52110489408
chl,46,215,4635922.050623071
chl,46,216,181699.21136515346
chl,46,217,6722103.257514074
chl,46,218,276129.1882996084
chl,46,219,5076211.803109471
chl,46,220,190045.0605628753
chl,46,221,6155797.804420149
chl,46,222,184377.2785915213
chl,46,223,5797199.112574638
chl,46,224,247121.6064249119
chl,46,225,5947154.2243591985
chl,46,226,280549.72810087353
chl,46,227,6370018.609753274
chl,46,228,224238.12107397048
chl,46,229,6446866.94725736
chl,46,230,149193.12036061668
chl,46,231,5711185.509802595
chl,46,232,242177.1263636184
chl,46,233,5746905.094419593
chl,46,234,266103.80652652215
chl,46,235,4155078.344928294
chl,46,236,261941.55156664288
chl,46,237,4625578.6119986065
chl,46,238,256397.3225626849
chl,46,239,4665572.593214419
chl,46,240,242673.42147566754
chl,46,241,4635697.756379369
chl,46,242,263306.5428041422
chl,46,243,5080921.041142097
chl,46,244,277445.2805473328
chl,46,245,3655941.6418980006
chl,46,246,318375.1453683905
chl,46,247,4558876.601255021
chl,46,248,314655.37228885223
chl,46,249,4832111.292687401
chl,46,250,301864.68941706396
chl,46,251,3714789.1479330957
chl,46,252,313501.77843433357
chl,46,253,3545372.070405799
chl,46,254,292282.4521435829
chl,46,255,3796131.6477172896
chl,46,256,288217.7817213884
chl,46,257,4104883.0269997385
chl,46,258,318016.88579913735
chl,46,259,3311607.291324502
chl,46,260,248071.0179486758
chl,46,261,4523534.178990044
chl,46,262,281807.73835477064
chl,46,263,3620850.3161277324
chl,46,264,272029.6003490504
chl,46,265,3481885.587485392
chl,46,266,348948.8897470603
chl,46,267,3340313.6381725683
chl,46,268,351823.5083388248
chl,46,269,5095792.177208551
chl,46,270,279583.1690167785
chl,46,271,4199738.473188711
chl,46,272,246271.6211145772
chl,46,273,4553983.316001702
chl,46,274,294313.44967385096
chl,46,275,4869865.409774811
chl,46,276,250632.69619664576
chl,46,277,3874092.5558109987
chl,46,278,319199.84553762194
chl,46,279,4312397.529961632
chl,46,280,335459.7284421698
chl,46,281,3647223.3937986116
chl,46,282,338757.2477688727
chl,46,283,3917685.626985447
chl,46,284,373392.994883159
chl,46,285,4063301.5704963
chl,46,286,327024.13430585223
chl,46,287,3353009.7784886467
chl,46,288,392310.8339111153
chl,46,289,3669356.92951116
chl,46,290,295303.3141847133
chl,46,291,4115045.6029159664
chl,46,292,316197.8164361044
chl,46,293,3411854.5379062863
chl,46,294,371974.5340719163
chl,46,295,4666449.489147987
chl,46,296,379089.53551686415
chl,46,297,2861129.921731142
chl,46,298,373360.1457734697
chl,46,299,3623190.5634825113
chl,46,300,345353.9684697102
chl,47,1,20.320287852966167
chl,47,2,841.7299950245069
chl,47,3,8528964.06574517
chl,47,4,17533.255128870307
chl,47,5,5802889.929177997
chl,47,6,16954.561739003155
chl,47,7,6604128.6393400105
chl,47,8,28819.57266372925
chl,47,9,8060724.708166136
chl,47,10,19143.72354149263
chl,47,11,5835181.6010539085
chl,47,12,44723.243224633625
chl,47,13,6841401.317667773
chl,47,14,36428.45992846305
chl,47,15,7676415.730882573
chl,47,16,30134.5750903254
chl,47,17,4937318.966139673
chl,47,18,32454.805990096254
chl,47,19,5987414.983216911
chl,47,20,40300.12227948341
chl,47,21,5230202.27575582
chl,47,22,42123.440396896964
chl,47,23,4110389.5025353716
chl,47,24,40619.66988052846
chl,47,25,4451797.965445921
chl,47,26,27106.922139306807
chl,47,27,6643636.960337479
chl,47,28,42585.72040837403
chl,47,29,6591941.486015797
chl,47,30,51864.20792776242
chl,47,31,5112140.273620538
chl,47,32,53562.06104962053
chl,47,33,6962363.71216982
chl,47,34,52942.30398678162
chl,47,35,4552313.89138751
chl,47,36,50735.381849386504
chl,47,37,3342606.5388125856
chl,47,38,37211.499496075376
chl,47,39,6630183.273766561
chl,47,40,43206.36443377204
chl,47,41,5218992.882017908
chl,47,42,33847.404570000115
chl,47,43,5099803.404655908
chl,47,44,66925.73968243382
chl,47,45,5502912.560967535
chl,47,46,36676.59991344723
chl,47,47,4757984.034318325
chl,47,48,43957.72652792651
chl,47,49,3744318.7838155357
chl,47,50,56883.414677128894
chl,47,51,6277732.153461703
chl,47,52,53648.54605508204
chl,47,53,3505287.866515823
chl,47,54,55239.55023541364
chl,47,55,3118247.4736068924
chl,47,56,72424.61076461145
chl,47,57,4127537.4640620006
chl,47,58,64672.72681569779
chl,47,59,4200523.732565818
chl,47,60,36004.51417863271
chl,47,61,4342394.025544751
chl,47,62,37264.22733571548
chl,47,63,5817557.759734433
chl,47,64,59705.10815796182
chl,47,65,5184808.809324351
chl,47,66,50340.3694195431
chl,47,67,4108896.6036786884
chl,47,68,68531.82267871419
chl,47,69,3424605.2896304685
chl,47,70,75423.58561658376
chl,47,71,4298386.764509497
chl,47,72,43426.15318006448
chl,47,73,4361360.221485314
chl,47,74,64209.89882783168
chl,47,75,3542889.5138849798
chl,47,76,56520.56770080097
chl,47,77,4723937.305115738
chl,47,78,77217.73535510007
chl,47,79,4295379.619253122
chl,47,80,70127.30859681661
chl,47,81,3269050.547285275
chl,47,82,55105.58137517092
chl,47,83,4095340.6967299553
chl,47,84,72185.41266730663
chl,47,85,5311686.004134047
chl,47,86,75288.66987569084
chl,47,87,2852604.8603010993
chl,47,88,65974.95175783684
chl,47,89,3571379.2718380406
chl,47,90,65441.32774091692
chl,47,91,3403485.2635319014
chl,47,92,81018.29298347287
chl,47,93,3489626.5780084585
chl,47,94,72801.33049661558
chl,47,95,3569481.510741074
chl,47,96,63059.26832360316
chl,47,97,4440069.689167752
chl,47,98,53921.09585938584
chl,47,99,3592417.052632837
chl,47,100,75164.19643037222
chl,47,101,2156768.9630401004
chl,47,102,90618.7948720333
chl,47,103,3960092.6451046127
chl,47,104,46066.036209705846
chl,47,105,6720485.858963254
chl,47,106,60040.094772242286
chl,47,107,5743205.256479436
chl,47,108,55982.88056856473
chl,47,109,3463625.0179953277
chl,47,110,61018.593655070224
chl,47,111,4012131.490174036
chl,47,112,49968.72821345612
chl,47,113,4111398.562257565
chl,47,114,67615.46181165705
chl,47,115,5463500.692104816
chl,47,116,38237.6004796353
chl,47,117,2342186.4405689053
chl,47,118,73274.58013056334
chl,47,119,3454285.7450937983
chl,47,120,55430.6225717905
chl,47,121,4831566.01602264
chl,47,122,47659.61904659971
chl,47,123,2626072.5585873527
chl,47,124,49338.40446244117
chl,47,125,4033143.485038091
chl,47,126,47071.77140716832
chl,47,127,3386995.758359058
chl,47,128,67260.2924954404
chl,47,129,3569148.8736702907
chl,47,130,60561.78366692029
chl,47,131,4374927.955594131
chl,47,132,44273.274684087424
chl,47,133,5029954.082971259
chl,47,134,79370.05697535825
chl,47,135,5286175.713799259
chl,47,136,64928.55757034896
chl,47,137,5118234.328783371
chl,47,138,58401.452122042865
chl,47,139,5191853.127606839
chl,47,140,26873.051517181484
chl,47,141,3115681.6560814665
chl,47,142,63098.21357267443
chl,47,143,2761667.0789297493
chl,47,144,91448.73149905726
chl,47,145,3744297.7903790134
chl,47,146,86696.2763828265
chl,47,147,2299005.9475555955
chl,47,148,91009.5145111871
chl,47,149,3673888.4588042647
chl,47,150,60765.72658500513
chl,47,151,1836658.9543065482
chl,47,152,54315.517140357035
chl,47,153,4425423.168374479
chl,47,154,58638.10614985349
chl,47,155,4106904.8515685294
chl,47,156,77814.42858702279
chl,47,157,3759923.0335638043
chl,47,158,42642.882913959285
chl,47,159,2903428.008687185
chl,47,160,56092.2713010049
chl,47,161,2964284.8273673304
chl,47,162,75167.95671854484
chl,47,163,3298072.0136195477
chl,47,164,77785.29045610437
chl,47,165,2872228.4335060166
chl,47,166,74325.64583657827
chl,47,167,2258367.6680493285
chl,47,168,63683.64816935409
chl,47,169,4505983.252761834
chl,47,170,65274.24138111098
chl,47,171,2539330.189621927
chl,47,172,88758.66218941748
chl,47,173,2475932.941931214
chl,47,174,93730.75308058444
chl,47,175,3261097.9591892213
chl,47,176,79459.33258912977
chl,47,177,2380150.886813158
chl,47,178,78168.83575270609
chl,47,179,3348953.738028528
chl,47,180,72455.24479363443
chl,47,181,2727150.9006448067
chl,47,182,62857.0510587205
chl,47,183,1991439.3726237419
chl,47,184,72343.1561489766
chl,47,185,2092077.4869202345
chl,47,186,79130.89823344286
chl,47,187,1970307.8598559806
chl,47,188,52512.363588727436
chl,47,189,2373666.7754177297
chl,47,190,85887.31049841677
chl,47,191,3594288.354442084
chl,47,192,54530.32616876881
chl,47,193,2224294.793520173
chl,47,194,95126.24799835583
chl,47,195,2168778.039651172
chl,47,196,62915.8871216519
chl,47,197,2271930.154484348
chl,47,198,90317.61232375406
chl,47,199,1711884.3147752292
chl,47,200,95592.74098722385
chl,47,201,3196719.976333126
chl,47,202,99710.82138143084
chl,47,203,3527862.272826925
chl,47,204,95447.61022367609
chl,47,205,1925740.1385237507
chl,47,206,105174.06201647992
chl,47,207,2758516.3981449497
chl,47,208,64696.3216142574
chl,47,209,2599283.843268873
chl,47,210,89816.42645194498
chl,47,211,2571493.815325659
chl,47,212,56228.531070630175
chl,47,213,2175216.3967638616
chl,47,214,98511.8061746797
chl,47,215,3590198.6979695316
chl,47,216,83402.39394310521
chl,47,217,2175067.1504961983
chl,47,218,72200.0413001483
chl,47,219,1898279.6738665402
chl,47,220,92097.48911245119
chl,47,221,3508532.5250296253
chl,47,222,66554.1747136389
chl,47,223,3118896.8145111497
chl,47,224,55704.90608810691
chl,47,225,2197080.5149149415
chl,47,226,89420.87010341094
chl,47,227,1685591.7537405111
chl,47,228,89847.73968101763
chl,47,229,2418332.0983109516
chl,47,230,81656.73111631497
chl,47,231,3353589.6074932734
chl,47,232,79336.1940442075
chl,47,233,3197887.1864624997
chl,47,234,79229.87023430176
chl,47,235,3993873.5675580893
chl,47,236,75626.58620734584
chl,47,237,2733044.051569998
chl,47,238,63711.92202408134
chl,47,239,3035722.522344542
chl,47,240,76635.32938237098
chl,47,241,1662693.3041655696
chl,47,242,97992.35185317534
chl,47,243,1870610.5858044855
chl,47,244,111663.65845773737
chl,47,245,2523714.669713587
chl,47,246,87040.44209626471
chl,47,247,2404616.0406310814
chl,47,248,105428.77745319638
chl,47,249,3061783.904428095
chl,47,250,77837.69713574594
chl,47,251,2945520.1715228115
chl,47,252,105857.28620525914
chl,47,253,2269712.5628682408
chl,47,254,92825.85568416842
chl,47,255,2793645.4963978436
chl,47,256,91573.13920614445
chl,47,257,2135006.1998082306
chl,47,258,66166.64397191076
chl,47,259,2051928.07221642
chl,47,260,95040.08992863593
chl,47,261,2391862.053161243
chl,47,262,96312.38877932866
chl,47,263,2250117.420280595
chl,47,264,81504.58086191228
chl,47,265,3019257.346459506
chl,47,266,72068.87797863776
chl,47,267,1933242.042555192
chl,47,268,88506.43654123403
chl,47,269,1693274.9707498683
chl,47,270,86774.24314750828
chl,47,271,3099373.483373444
chl,47,272,53737.05686084803
chl,47,273,1937830.9083661179
chl,47,274,72238.43741257382
chl,47,275,1993408.5793987967
chl,47,276,94601.8165873628
chl,47,277,3017124.9065605383
chl,47,278,69750.02016736963
chl,47,279,3333868.717911612
chl,47,280,65202.13662572586
chl,47,281,4142076.4487064835
chl,47,282,51380.04586155331
chl,47,283,4123999.5374418814
chl,47,284,50773.13032981823
chl,47,285,4247183.19912767
chl,47,286,60231.89322745675
chl,47,287,3036579.9896340966
chl,47,288,39753.1281482098
chl,47,289,5928858.586778539
chl,47,290,62150.63829066211
chl,47,291,4169701.175980693
chl,47,292,48171.463556661714
chl,47,293,3531000.9557400104
chl,47,294,35323.065774937066
chl,47,295,3597763.654436383
chl,47,296,72145.35052975803
chl,47,297,6970356.371732837
chl,47,298,77963.93771318201
chl,47,299,2984186.9391728668
chl,47,300,83817.63220091333
chl,48,1,12.080571530361919
chl,48,2,35.80157099573282
chl,48,3,5246.453463750594
chl,48,4,8054833.67474992
chl,48,5,140488.4819736237
chl,48,6,6137487.146895596
chl,48,7,147964.902545395
chl,48,8,6845065.7356413
chl,48,9,167864.3254354244
chl,48,10,4350261.342820043
chl,48,11,277538.17536423705
chl,48,12,4391253.976278197
chl,48,13,172287.7790360018
chl,48,14,4276572.690325123
chl,48,15,266451.0659269311
chl,48,16,4101113.348064387
chl,48,17,204519.60233505265
chl,48,18,3626068.143607241
chl,48,19,323497.36755091645
chl,48,20,3605996.9616745766
chl,48,21,320745.585311976
chl,48,22,2806411.655368954
chl,48,23,269468.70945929375
chl,48,24,3557050.4816475157
chl,48,25,329529.48602630984
chl,48,26,3196328.750188776
chl,48,27,329483.1031194081
chl,48,28,4770685.65353193
chl,48,29,304257.7084241033
chl,48,30,4620157.147080157
chl,48,31,489755.1489637895
chl,48,32,3295772.387138972
chl,48,33,422734.57629451505
chl,48,34,4030056.097573474
chl,48,35,293991.9195717981
chl,48,36,3007858.4487166908
chl,48,37,349730.8707185673
chl,48,38,3469086.261128225
chl,48,39,371973.2178558018
chl,48,40,3412595.3339050994
chl,48,41,368196.5539528608
chl,48,42,2438552.887140518
chl,48,43,405992.88369215524
chl,48,44,3153772.3635628764
chl,48,45,349441.24964817334
chl,48,46,3379313.6620856808
chl,48,47,432232.0491578098
chl,48,48,3537811.209364292
chl,48,49,287258.0802697634
chl,48,50,3382292.5125235156
chl,48,51,455171.47029931896
chl,48,52,4188504.511601901
chl,48,53,395525.6131711217
chl,48,54,3342472.4787152978
chl,48,55,395183.26156867965
chl,48,56,3078465.1059096907
chl,48,57,430126.31605525257
chl,48,58,3849088.4660987095
chl,48,59,249703.4573720756
chl,48,60,5335916.1912733605
chl,48,61,255380.82104388022
chl,48,62,5266409.701917567
chl,48,63,223234.6293929971
chl,48,64,5067591.2472439185
chl,48,65,281804.2850765087
chl,48,66,4341607.24172585
chl,48,67,258765.0398544179
chl,48,68,5202916.53716143
chl,48,69,246733.29820559826
chl,48,70,6771850.444246551
chl,48,71,251872.966176101
chl,48,72,4716707.925945194
chl,48,73,296319.4817319698
chl,48,74,5706623.419791752
chl,48,75,278967.24193609523
chl,48,76,3558437.453813084
chl,48,77,243039.59199656642
chl,48,78,3770624.2616665917
chl,48,79,215927.27611942726
chl,48,80,4990027.946131901
chl,48,81,229994.53807741858
chl,48,82,5772672.26716555
chl,48,83,281481.4836493498
chl,48,84,2920218.320184487
chl,48,85,344621.2696280304
chl,48,86,3374374.4321516757
chl,48,87,733373.7805693225
chl,48,88,1468624.9813235814
chl,48,89,631619.1199962202
chl,48,90,2419080.3966514017
chl,48,91,595614.5454965228
chl,48,92,2720588.372329065
chl,48,93,589639.0315861619
chl,48,94,2005997.5909001373
chl,48,95,640213.3771568849
chl,48,96,2524243.4809536296
chl,48,97,647267.647784233
chl,48,98,1664079.9429814497
chl,48,99,654641.8157657998
chl,48,100,2770373.37939335
chl,48,101,636058.8307881874
chl,48,102,1639067.4516452043
chl,48,103,556969.8128478137
chl,48,104,2513977.290623202
chl,48,105,651399.9940008611
chl,48,106,2025788.6847054341
chl,48,107,475742.9369679237
chl,48,108,1879554.279891157
chl,48,109,616141.549513848
chl,48,110,2511234.6941922964
chl,48,111,638730.3959946781
chl,48,112,1952188.8742061434
chl,48,113,665726.0906523945
chl,48,114,2246523.604966343
chl,48,115,543354.6333751578
chl,48,116,2834435.3005742324
chl,48,117,605158.2874986137
chl,48,118,2239726.3049782
chl,48,119,644070.1954943129
chl,48,120,1794099.5974074334
chl,48,121,546776.9368281298
chl,48,122,1747194.5170959362
chl,48,123,598560.6911929848
chl,48,124,1994583.2289604521
chl,48,125,712425.9485281046
chl,48,126,1301547.6867435933
chl,48,127,458882.55278649763
chl,48,128,1813249.044599107
chl,48,129,609948.4574819218
chl,48,130,2360642.8280272833
chl,48,131,564256.7690760199
chl,48,132,3269816.247274032
chl,48,133,328915.26310645085
chl,48,134,4141597.70573584
chl,48,135,412510.94636328553
chl,48,136,5265219.741940894
chl,48,137,550763.5215146285
chl,48,138,2689384.4773484995
chl,48,139,410655.289023622
chl,48,140,3045229.0495771226
chl,48,141,625026.7475610786
chl,48,142,3280622.856438735
chl,48,143,557964.9015988392
chl,48,144,3150129.9158753157
chl,48,145,355250.379675388
chl,48,146,2703323.2689093756
chl,48,147,440397.5206988336
chl,48,148,3357235.673732202
chl,48,149,362966.3317633553
chl,48,150,2685480.3395263283
chl,48,151,447051.707898387
chl,48,152,3097415.493079287
chl,48,153,275384.5893348827
chl,48,154,3116864.2442699578
chl,48,155,412884.5882367304
chl,48,156,3774765.9476756738
chl,48,157,472064.60505520593
chl,48,158,4693049.763298411
chl,48,159,560947.2771162224
chl,48,160,3105356.8897582646
chl,48,161,429187.45074969844
chl,48,162,3523386.568346618
chl,48,163,438664.837349714
chl,48,164,3999763.548474719
chl,48,165,595582.135196559
chl,48,166,3614933.5582633954
chl,48,167,410666.05201824824
chl,48,168,3185720.828548262
chl,48,169,396537.6116593608
chl,48,170,2243146.6572445924
chl,48,171,477316.0128174534
chl,48,172,4095648.702688291
chl,48,173,537117.1354885208
chl,48,174,3323058.761135857
chl,48,175,359698.7974321086
chl,48,176,3162822.2065635356
chl,48,177,449392.3164816167
chl,48,178,3736521.4178866814
chl,48,179,497558.24023726804
chl,48,180,3500802.326256129
chl,48,181,415391.0146825876
chl,48,182,2995470.5773469955
chl,48,183,447988.142351724
chl,48,184,2662232.394690015
chl,48,185,450443.7408551919
chl,48,186,2953340.631944586
chl,48,187,434404.0998915509
chl,48,188,3116061.6148351883
chl,48,189,548475.3574887975
chl,48,190,2000354.514588545
chl,48,191,431490.4004834702
chl,48,192,4078624.9594637696
chl,48,193,388670.4102924995
chl,48,194,2940410.981525187
chl,48,195,387660.12768478226
chl,48,196,3312169.837896736
chl,48,197,622377.3897091658
chl,48,198,3601037.8926845123
chl,48,199,536314.6394744597
chl,48,200,1465240.788704937
chl,48,201,390680.14174861345
chl,48,202,2830009.719405626
chl,48,203,444261.3784433449
chl,48,204,3146322.146095263
chl,48,205,363930.9757099261
chl,48,206,2410968.870838389
chl,48,207,378541.8483425174
chl,48,208,4537055.315070466
chl,48,209,350571.9718472958
chl,48,210,2811205.0271758786
chl,48,211,371494.5300441178
chl,48,212,2173976.346772395
chl,48,213,478534.59875846753
chl,48,214,3322529.4040358798
chl,48,215,551423.830368301
chl,48,216,2971967.906503955
chl,48,217,447401.3191302199
chl,48,218,3314645.3929212224
chl,48,219,398163.4547197772
chl,48,220,3551169.651098727
chl,48,221,391574.9772820288
chl,48,222,3289349.391269066
chl,48,223,607241.4657646853
chl,48,224,3795973.1019607442
chl,48,225,649865.7799943392
chl,48,226,2829910.6062469007
chl,48,227,421824.8418474855
chl,48,228,3194298.7095520217
chl,48,229,437589.87685440225
chl,48,230,2882134.094220608
chl,48,231,500426.080508828
chl,48,232,2922147.6331338105
chl,48,233,594835.3953825183
chl,48,234,2460001.1909799427
chl,48,235,500488.23145332764
chl,48,236,3236932.709621094
chl,48,237,591844.0325928363
chl,48,238,1893018.9258350658
chl,48,239,452226.0919790251
chl,48,240,3970375.578011028
chl,48,241,373999.6052261106
chl,48,242,2752813.1137689147
chl,48,243,461735.42852193
chl,48,244,2637612.551226371
chl,48,245,480405.1656658908
chl,48,246,3701258.766050424
chl,48,247,374068.8640995436
chl,48,248,2839597.0390103227
chl,48,249,405383.7846361629
chl,48,250,2597472.3300798633
chl,48,251,342128.98264057445
chl,48,252,3462551.485878271
chl,48,253,243295.08036548086
chl,48,254,4644208.656746409
chl,48,255,419912.71994561737
chl,48,256,3323390.7577832416
chl,48,257,486572.75514966215
chl,48,258,4169608.2381038233
chl,48,259,444647.6347980134
chl,48,260,3235981.747305942
chl,48,261,498009.73952084075
chl,48,262,3217277.968765977
chl,48,263,536286.3381981282
chl,48,264,2099499.6474739956
chl,48,265,450182.1357834317
chl,48,266,4777167.959962159
chl,48,267,242078.49236073383
chl,48,268,5053399.875355798
chl,48,269,307029.2235906077
chl,48,270,4612174.555982792
chl,48,271,282699.5968523853
chl,48,272,4041760.988059454
chl,48,273,219162.5681966854
chl,48,274,3236293.909745069
chl,48,275,348404.26165313245
chl,48,276,4477430.347286188
chl,48,277,218468.1432445063
chl,48,278,3952445.1134519726
chl,48,279,233967.90187446494
chl,48,280,4851506.112254161
chl,48,281,302525.24377036653
chl,48,282,3258908.297387175
chl,48,283,219552.1986457701
chl,48,284,4975981.37453438
chl,48,285,177377.20868173725
chl,48,286,4592105.589903226
chl,48,287,273224.54811825114
chl,48,288,5638208.48017132
chl,48,289,243076.20636215483
chl,48,290,4315908.230312068
chl,48,291,201675.49335812294
chl,48,292,4695967.96692112
chl,48,293,284641.38953763526
chl,48,294,3650024.0773961325
chl,48,295,254067.48607246112
chl,48,296,3522736.379038997
chl,48,297,321314.6285044955
chl,48,298,3759488.561877729
chl,48,299,263185.6653649674
chl,48,300,4004131.6203321395
chl,49,1,14.722882098011706
chl,49,2,37.17749476611089
chl,49,3,7613.895708805965
chl,49,4,9059087.72253899
chl,49,5,31828.60854810602
chl,49,6,7596556.261831584
chl,49,7,334814.11093410145
chl,49,8,1464416.4141313147
chl,49,9,639260.7138154084
chl,49,10,3149438.438883784
chl,49,11,484932.8502682527
chl,49,12,2523791.369370283
chl,49,13,620289.8348546476
chl,49,14,3052563.6014124076
chl,49,15,589087.2242261864
chl,49,16,2251045.0850101677
chl,49,17,393221.3682342341
chl,49,18,3298970.6082905056
chl,49,19,490632.01803452487
chl,49,20,3348103.331869204
chl,49,21,506845.948030936
chl,49,22,3359357.485340453
chl,49,23,459636.44343702256
chl,49,24,3347723.860010515
chl,49,25,499969.938693391
chl,49,26,3613788.151977408
chl,49,27,440487.2365933035
chl,49,28,4404849.365002864
chl,49,29,384778.8983706104
chl,49,30,3628251.397955125
chl,49,31,424753.17381065764
chl,49,32,3608752.5488199294
chl,49,33,514505.93141505966
chl,49,34,3266347.185326216
chl,49,35,387759.15076894104
chl,49,36,4218443.039550074
chl,49,37,327850.54345937015
chl,49,38,5222801.866685709
chl,49,39,413425.85725359205
chl,49,40,4231856.167609248
chl,49,41,379664.2028539633
chl,49,42,4663529.400318009
chl,49,43,507583.80025019986
chl,49,44,3027551.7729669986
chl,49,45,453645.89664534765
chl,49,46,3880658.1097143632
chl,49,47,350353.7166779696
chl,49,48,4572298.745262758
chl,49,49,371609.8061787524
chl,49,50,5218960.618274874
chl,49,51,331578.8239404308
chl,49,52,4742934.788538274
chl,49,53,290429.6223974511
chl,49,54,4248935.964494772
chl,49,55,371178.8229039572
chl,49,56,5507066.796880519
chl,49,57,316328.81206602004
chl,49,58,2837530.9433077737
chl,49,59,435638.3668090982
chl,49,60,4635418.757171005
chl,49,61,439052.28001505794
chl,49,62,4230072.255720372
chl,49,63,586257.0918160764
chl,49,64,4336242.831923967
chl,49,65,487121.21611949074
chl,49,66,3421090.221364506
chl,49,67,468521.78284524643
chl,49,68,4414730.840439825
chl,49,69,430984.88681274466
chl,49,70,3207554.7198107196
chl,49,71,475029.6346693923
chl,49,72,3500143.753203831
chl,49,73,444289.13483942323
chl,49,74,4435389.788620699
chl,49,75,464369.2897944359
chl,49,76,4906629.602160698
chl,49,77,462076.2458914531
chl,49,78,5064533.602446304
chl,49,79,343557.920041765
chl,49,80,5162582.402530368
chl,49,81,535988.6613354008
chl,49,82,5041651.98061534
chl,49,83,408094.89099369873
chl,49,84,5459816.934451159
chl,49,85,387676.7220999922
chl,49,86,3527783.7672579098
chl,49,87,334208.68038555345
chl,49,88,5721414.15112211
chl,49,89,400567.0108094631
chl,49,90,3977607.352069354
chl,49,91,425777.41887389217
chl,49,92,4549234.618634244
chl,49,93,466368.35735508124
chl,49,94,5590133.9982868815
chl,49,95,451032.0808197061
chl,49,96,5159174.838074237
chl,49,97,418477.13649036404
chl,49,98,5446935.827678644
chl,49,99,320391.6441780433
chl,49,100,6354940.84057498
chl,49,101,357284.9109982976
chl,49,102,5932949.558615273
chl,49,103,270871.4987633704
chl,49,104,5477448.169858304
chl,49,105,444435.6062098145
chl,49,106,6811613.968153878
chl,49,107,377039.17155667115
chl,49,108,4453556.659024634
chl,49,109,353340.40961278713
chl,49,110,5363285.807711189
chl,49,111,284651.6004054178
chl,49,112,6733294.347120258
chl,49,113,375669.0758308144
chl,49,114,5499551.858727332
chl,49,115,398268.5864322141
chl,49,116,5037964.513995707
chl,49,117,308180.749514316
chl,49,118,4622321.777362088
chl,49,119,361833.94202177547
chl,49,120,2951750.331263929
chl,49,121,582953.3315344335
chl,49,122,4193869.402619958
chl,49,123,493807.45904829627
chl,49,124,2494337.4009742583
chl,49,125,617418.1044817484
chl,49,126,7030051.463935253
chl,49,127,417635.7107470011
chl,49,128,5045496.597672764
chl,49,129,278684.6283512223
chl,49,130,3261995.014404983
chl,49,131,493107.51772221946
chl,49,132,3723517.7574879094
chl,49,133,379858.1978830224
chl,49,134,4338259.034009843
chl,49,135,428035.89517762396
chl,49,136,4277900.945005631
chl,49,137,603625.612367703
chl,49,138,3817162.2896547397
chl,49,139,613384.6831458582
chl,49,140,4655037.184204162
chl,49,141,561222.3147403396
chl,49,142,3652484.740321463
chl,49,143,575797.0452616579
chl,49,144,3104303.368641099
chl,49,145,585342.3585952942
chl,49,146,2402720.8390099686
chl,49,147,943853.6789306375
chl,49,148,2443522.3247206104
chl,49,149,848119.8374087458
chl,49,150,2018978.5392969176
chl,49,151,668583.9863649326
chl,49,152,2228256.4460424106
chl,49,153,757174.4590337134
chl,49,154,3089845.574209938
chl,49,155,691598.7131160381
chl,49,156,2976294.24495993
chl,49,157,796565.747194516
chl,49,158,2417504.3874173416
chl,49,159,833160.0711638643
chl,49,160,2110074.335105069
chl,49,161,880256.9814292375
chl,49,162,1935114.9146301264
chl,49,163,1030060.740646509
chl,49,164,2620998.020976737
chl,49,165,1046558.2134016417
chl,49,166,2197666.940624759
chl,49,167,620622.3017250937
chl,49,168,2161868.0073746904
chl,49,169,994445.2714993004
chl,49,170,2233415.021767274
chl,49,171,866315.7960445653
chl,49,172,2357530.677611194
chl,49,173,612748.0295593898
chl,49,174,4424374.116450758
chl,49,175,671832.3425203067
chl,49,176,3072804.7214709534
chl,49,177,522671.6364292329
chl,49,178,3939308.3625394586
chl,49,179,456091.90295004996
chl,49,180,4628091.292953788
chl,49,181,411693.9830721585
chl,49,182,5015423.279912333
chl,49,183,477630.97235530894
chl,49,184,4403161.132550395
chl,49,185,471710.0779031554
chl,49,186,5083812.1904527135
chl,49,187,464150.39695576945
chl,49,188,4051319.7256227937
chl,49,189,499959.83906908095
chl,49,190,4143123.794808564
chl,49,191,610879.7919394729
chl,49,192,2852596.9120424655
chl,49,193,670389.7226766053
chl,49,194,3778847.6933603357
chl,49,195,548205.357833712
chl,49,196,4416879.152050521
chl,49,197,522370.62147598347
chl,49,198,4816807.084975204
chl,49,199,615351.2829068289
chl,49,200,5122143.887544941
chl,49,201,533865.4509643246
chl,49,202,3766166.65498226
chl,49,203,469835.68595712684
chl,49,204,5066016.004886865
chl,49,205,511401.1052680522
chl,49,206,3708164.5774872303
chl,49,207,516732.06922052935
chl,49,208,4689196.8114051325
chl,49,209,416370.22010954877
chl,49,210,4250262.4100593915
chl,49,211,429802.05300275
chl,49,212,5089604.942321351
chl,49,213,540760.6071182503
chl,49,214,5446288.095069924
chl,49,215,704700.8135534906
chl,49,216,3123000.324293293
chl,49,217,880107.827100969
chl,49,218,3496220.432114525
chl,49,219,825285.0288903097
chl,49,220,4274861.952245937
chl,49,221,862220.9838422746
chl,49,222,4545913.37664893
chl,49,223,667958.8797923638
chl,49,224,4269625.228476328
chl,49,225,611436.1749133187
chl,49,226,3719598.502563929
chl,49,227,661768.1013200291
chl,49,228,3433325.601979995
chl,49,229,684312.5013528134
chl,49,230,3667098.348558021
chl,49,231,712346.4705363106
chl,49,232,4251673.164367945
chl,49,233,353968.1654852583
chl,49,234,3298757.752004628
chl,49,235,744237.380009579
chl,49,236,4404154.80865194
chl,49,237,703314.8459722549
chl,49,238,3829831.838018267
chl,49,239,514927.8300468156
chl,49,240,3170782.256421514
chl,49,241,535746.4745335311
chl,49,242,4219677.162660483
chl,49,243,640420.2982411737
chl,49,244,4785310.501030761
chl,49,245,613051.31549601
chl,49,246,3268746.6309795277
chl,49,247,620607.6956883856
chl,49,248,2728998.5624703886
chl,49,249,730151.9385152762
chl,49,250,2374724.5297126193
chl,49,251,868688.6286531043
chl,49,252,3895462.655845337
chl,49,253,585542.2588374888
chl,49,254,4145156.492882215
chl,49,255,470023.25601640303
chl,49,256,4287462.754968346
chl,49,257,599686.3116124012
chl,49,258,3988023.881627591
chl,49,259,601559.1745239507
chl,49,260,4391764.054445277
chl,49,261,429722.0111073425
chl,49,262,4087823.6101942714
chl,49,263,558560.0404790323
chl,49,264,4444677.700806115
chl,49,265,513840.32027123927
chl,49,266,4150106.7334051444
chl,49,267,495871.5221534031
chl,49,268,4081903.484237048
chl,49,269,558088.6624115101
chl,49,270,4238045.306959215
chl,49,271,580373.7952604945
chl,49,272,2781574.379754738
chl,49,273,853133.9181776006
chl,49,274,4250037.816929307
chl,49,275,452155.5527156431
chl,49,276,4538155.204087501
chl,49,277,494627.5037228124
chl,49,278,3870009.622212253
chl,49,279,688778.1453494579
chl,49,280,2995281.875837332
chl,49,281,777370.3280345477
chl,49,282,4460477.6822729185
chl,49,283,516252.5516544897
chl,49,284,3121287.524535519
chl,49,285,471627.24878517404
chl,49,286,1999950.0325366415
chl,49,287,566435.095340077
chl,49,288,1691226.609839285
chl,49,289,793882.7473261963
chl,49,290,2366703.5997089525
chl,49,291,837345.406402874
chl,49,292,3862564.9469213635
chl,49,293,775588.7169927192
chl,49,294,4105826.7873116042
chl,49,295,675010.3687589802
chl,49,296,3023954.5731140184
chl,49,297,792868.8184367716
chl,49,298,2669771.556509742
chl,49,299,966941.5770218365
chl,49,300,1608825.7834499804
chl,50,1,14.077310318126298
chl,50,2,35.35806891016082
chl,50,3,44114.569780009864
chl,50,4,7072289.519013396
chl,50,5,58764.60583661816
chl,50,6,8885178.714671498
chl,50,7,44572.29778170659
chl,50,8,10296849.731870012
chl,50,9,42111.82734116614
chl,50,10,7076631.154756966
chl,50,11,135174.19956336668
chl,50,12,6781892.981155439
chl,50,13,227548.22299981254
chl,50,14,7451177.261555695
chl,50,15,141029.95406798692
chl,50,16,6137339.670371377
chl,50,17,296062.61484403204
chl,50,18,7342788.622302094
chl,50,19,190884.81127449858
chl,50,20,2431061.573628511
chl,50,21,210880.46647928303
chl,50,22,5928088.5369754275
chl,50,23,245636.079985722
chl,50,24,5186259.645945064
chl,50,25,292488.39813820575
chl,50,26,2594746.804658495
chl,50,27,365373.6201609997
chl,50,28,4121612.5249197376
chl,50,29,417378.610129107
chl,50,30,3474748.063921465
chl,50,31,340274.7659081179
chl,50,32,3965840.1518470957
chl,50,33,462070.8815002411
chl,50,34,4840759.44731969
chl,50,35,432008.7621329928
chl,50,36,3752017.582037889
chl,50,37,513991.02566632576
chl,50,38,4737304.447444664
chl,50,39,381017.4924267799
chl,50,40,5139695.132189201
chl,50,41,438718.0006540222
chl,50,42,3704651.9445428047
chl,50,43,493817.1380386129
chl,50,44,4762802.641040303
chl,50,45,285675.57953104225
chl,50,46,4478321.603359184
chl,50,47,279809.8273179476
chl,50,48,3131415.458406913
chl,50,49,540462.9225930504
chl,50,50,3637832.692259261
chl,50,51,261634.8687486531
chl,50,52,3941366.7865122394
chl,50,53,348272.5822402752
chl,50,54,5439722.977869849
chl,50,55,292072.45169924316
chl,50,56,4267322.522066587
chl,50,57,266626.5272720701
chl,50,58,4158341.9119755845
chl,50,59,343969.68704330944
chl,50,60,2802983.8532292084
chl,50,61,413329.0962873926
chl,50,62,1390577.7468649873
chl,50,63,439568.1731617864
chl,50,64,2078486.5502075779
chl,50,65,416000.94395310973
chl,50,66,2783988.0193663137
chl,50,67,659212.9091878057
chl,50,68,3751722.451739338
chl,50,69,518023.6065467302
chl,50,70,3624768.7296080957
chl,50,71,327810.083128142
chl,50,72,4732621.6687911805
chl,50,73,435488.15322840994
chl,50,74,3882907.669211301
chl,50,75,436482.42366078123
chl,50,76,3876287.4215376643
chl,50,77,348293.61277943745
chl,50,78,4976740.205885158
chl,50,79,467567.2547728684
chl,50,80,3302369.321692911
chl,50,81,354432.85896990186
chl,50,82,3989760.4323512004
chl,50,83,276297.67900688754
chl,50,84,3820797.853790012
chl,50,85,346854.82081245794
chl,50,86,3322950.908833379
chl,50,87,610329.9958050842
chl,50,88,2587336.096366338
chl,50,89,419209.2880957494
chl,50,90,2564660.4476868566
chl,50,91,518539.8942122467
chl,50,92,3192958.364105368
chl,50,93,378666.5408348776
chl,50,94,2765066.3331802352
chl,50,95,271037.11807586055
chl,50,96,2073715.0703044296
chl,50,97,562490.8933966291
chl,50,98,2378045.246519565
chl,50,99,655370.5826865714
chl,50,100,2948131.8993590805
chl,50,101,579613.2636230316
chl,50,102,2486205.1860485403
chl,50,103,544090.5948204366
chl,50,104,2832604.640447081
chl,50,105,609713.8986303356
chl,50,106,3285571.673040004
chl,50,107,550151.2590177972
chl,50,108,1655442.179471513
chl,50,109,467073.20724514313
chl,50,110,2182497.873211528
chl,50,111,470648.9197296577
chl,50,112,3043340.2129635517
chl,50,113,469946.7718103561
chl,50,114,2836050.6541385353
chl,50,115,345290.3546832029
chl,50,116,2824378.78833172
chl,50,117,392359.51671682246
chl,50,118,4305177.191527849
chl,50,119,562654.0217391673
chl,50,120,3978529.9895479083
chl,50,121,364888.59552113764
chl,50,122,3284920.1653422443
chl,50,123,440702.1979067346
chl,50,124,2817946.9010197846
chl,50,125,428668.3998156278
chl,50,126,2829347.068780521
chl,50,127,332176.6120873456
chl,50,128,3040531.6901140916
chl,50,129,535620.3470968403
chl,50,130,2398747.593499906
chl,50,131,288668.09695716406
chl,50,132,3084251.4866071944
chl,50,133,361792.27310349664
chl,50,134,3456000.5826581614
chl,50,135,417183.5131093587
chl,50,136,2461058.5662890365
chl,50,137,382240.08197354566
chl,50,138,3359589.852359468
chl,50,139,436792.265055435
chl,50,140,783640.4407687548
chl,50,141,585877.9665112575
chl,50,142,3102029.989878133
chl,50,143,668204.4270746819
chl,50,144,1900834.650046015
chl,50,145,571242.92224393
chl,50,146,1503949.1907626288
chl,50,147,648361.7743031965
chl,50,148,1731022.3838480434
chl,50,149,601130.2085608358
chl,50,150,2094484.0442235207
chl,50,151,1066508.282362498
chl,50,152,1327738.0046778643
chl,50,153,962325.4620242995
chl,50,154,1109846.7807528204
chl,50,155,796419.869995458
chl,50,156,1354886.0072154985
chl,50,157,1340675.956807252
chl,50,158,754327.1473933015
chl,50,159,839447.7668519806
chl,50,160,939714.321454744
chl,50,161,767641.6428073888
chl,50,162,1083060.5737845635
chl,50,163,763763.3373126964
chl,50,164,1010699.630986949
chl,50,165,789375.6190282318
chl,50,166,1224085.4918305574
chl,50,167,872137.0616557981
chl,50,168,1437011.4990011246
chl,50,169,517877.0678702366
chl,50,170,1156069.3738631876
chl,50,171,590228.9081808067
chl,50,172,862285.5580557074
chl,50,173,688283.1948375194
chl,50,174,1637996.999178783
chl,50,175,603323.8791883121
chl,50,176,1247848.052811493
chl,50,177,561724.3134029413
chl,50,178,1688289.7739878572
chl,50,179,602409.3493789681
chl,50,180,2175267.3429626143
chl,50,181,649921.9188334655
chl,50,182,1020583.2918183767
chl,50,183,610716.2164665465
chl,50,184,2406184.8356273104
chl,50,185,718287.7099120842
chl,50,186,1855452.3745891063
chl,50,187,595911.1118435931
chl,50,188,1379925.5393684767
chl,50,189,672991.9551353708
chl,50,190,2002695.961184237
chl,50,191,570525.9987106717
chl,50,192,2292744.4363563
chl,50,193,546473.7949223113
chl,50,194,2148566.170069431
chl,50,195,634462.782705
chl,50,196,1614831.4545208937
chl,50,197,545942.8725975564
chl,50,198,2367883.0287087937
chl,50,199,582196.6066138687
chl,50,200,1586172.9361747198
chl,50,201,606338.2557025648
chl,50,202,1517852.9457436318
chl,50,203,403308.6364398163
chl,50,204,2442457.9987985566
chl,50,205,649587.6605101334
chl,50,206,2175471.18643204
chl,50,207,660063.141697237
chl,50,208,3089887.3599730823
chl,50,209,502381.7504068125
chl,50,210,2704717.420256362
chl,50,211,593405.8237640043
chl,50,212,2573791.5964470343
chl,50,213,483548.8728758398
chl,50,214,3989589.557730186
chl,50,215,337361.99109826464
chl,50,216,2981270.3718129643
chl,50,217,447344.65617683565
chl,50,218,3798403.836795009
chl,50,219,342092.769186651
chl,50,220,1807581.6639154344
chl,50,221,370220.1823364263
chl,50,222,2276962.1814759215
chl,50,223,375774.85900961165
chl,50,224,2921401.770904079
chl,50,225,565486.7154128668
chl,50,226,2496611.51571867
chl,50,227,489380.6769732749
chl,50,228,3118573.5468139234
chl,50,229,411268.3145109551
chl,50,230,2688073.3835199084
chl,50,231,402301.078759722
chl,50,232,3938650.5954082515
chl,50,233,423193.8601621492
chl,50,234,3192038.7935204627
chl,50,235,568777.1200492886
chl,50,236,2276907.6138937697
chl,50,237,473132.8669817679
chl,50,238,2991552.9038927965
chl,50,239,465046.7839079714
chl,50,240,2402955.33110202
chl,50,241,451619.70643192716
chl,50,242,3410046.649815683
chl,50,243,360290.6772829959
chl,50,244,2678676.7252470287
chl,50,245,362471.12605138874
chl,50,246,1873398.62310479
chl,50,247,350357.5193586947
chl,50,248,2239798.020905662
chl,50,249,428140.1906713392
chl,50,250,2041079.1953767708
chl,50,251,571330.8126496597
chl,50,252,2682405.566285958
chl,50,253,688993.7165278499
chl,50,254,2088041.2469354272
chl,50,255,401606.79851898144
chl,50,256,3333471.0358051597
chl,50,257,380420.6848997105
chl,50,258,2295179.168395643
chl,50,259,327812.61053511733
chl,50,260,3790074.205747187
chl,50,261,279978.5137980212
chl,50,262,3535568.7919550645
chl,50,263,294992.91062666563
chl,50,264,3777807.596626157
chl,50,265,354987.2716645611
chl,50,266,4167594.103141601
chl,50,267,415864.7964088215
chl,50,268,2102367.7441603257
chl,50,269,292149.9665565494
chl,50,270,3885964.226082693
chl,50,271,338656.81247056474
chl,50,272,2145408.344707182
chl,50,273,455642.3553571149
chl,50,274,1774452.32260443
chl,50,275,439462.25207093376
chl,50,276,2855978.5265963865
chl,50,277,278522.1665475962
chl,50,278,5016232.783551736
chl,50,279,353293.5085682731
chl,50,280,3727786.1412056144
chl,50,281,332592.87044024566
chl,50,282,3932521.6794252517
chl,50,283,216046.23270873658
chl,50,284,4339177.877989038
chl,50,285,247042.76358343632
chl,50,286,3627242.3193030953
chl,50,287,242086.36310249427
chl,50,288,3150084.5506937965
chl,50,289,238574.4274933935
chl,50,290,5279142.103058334
chl,50,291,513423.64418664033
chl,50,292,2533291.3333662627
chl,50,293,463400.4772822011
chl,50,294,2672527.3664512816
chl,50,295,306908.48486156
chl,50,296,3947517.458734561
chl,50,297,461185.6909802256
chl,50,298,3167964.6555801434
chl,50,299,429598.27739154326
chl,50,300,3448504.0169704985
chl,51,1,33.364880207170174
chl,51,2,2085.7480707875634
chl,51,3,11173735.372530641
chl,51,4,83736.10838684383
chl,51,5,8776351.998505408
chl,51,6,138683.6108690886
chl,51,7,8232292.791305802
chl,51,8,121145.19302603231
chl,51,9,6561517.886041903
chl,51,10,147366.12945770295
chl,51,11,6239319.1917066015
chl,51,12,152778.95705040006
chl,51,13,7373513.04175193
chl,51,14,173756.8293160592
chl,51,15,4900522.920594087
chl,51,16,139957.7929028316
chl,51,17,5293660.582457308
chl,51,18,159335.22427810918
chl,51,19,5895801.752341081
chl,51,20,165706.6842846859
chl,51,21,6378864.302868996
chl,51,22,114511.75281290455
chl,51,23,7823609.171966452
chl,51,24,176075.48792438416
chl,51,25,5688854.928614493
chl,51,26,120516.67704293839
chl,51,27,6754174.610860306
chl,51,28,165987.11741218742
chl,51,29,7099031.205534264
chl,51,30,132190.14828713512
chl,51,31,6107890.123894215
chl,51,32,201891.90831650197
chl,51,33,3809748.465674658
chl,51,34,183766.23452731024
chl,51,35,5780340.691374839
chl,51,36,211446.69774570223
chl,51,37,6938288.5696285395
chl,51,38,179725.26822548689
chl,51,39,5565135.856792668
chl,51,40,192285.6408444348
chl,51,41,3077312.2414912065
chl,51,42,185394.352815665
chl,51,43,5335967.62963611
chl,51,44,179540.63338355886
chl,51,45,6565404.246483702
chl,51,46,161565.8291450227
chl,51,47,4121941.6898095952
chl,51,48,167710.78930614906
chl,51,49,4625272.189667288
chl,51,50,304556.6954134522
chl,51,51,4202955.478586692
chl,51,52,325505.5150795185
chl,51,53,6071889.16681411
chl,51,54,156155.59572508995
chl,51,55,5595480.1843930185
chl,51,56,226332.45369024377
chl,51,57,4150919.300349176
chl,51,58,256514.08021005962
chl,51,59,3613881.164505473
chl,51,60,239610.71546741016
chl,51,61,4746111.267336698
chl,51,62,248398.88592042902
chl,51,63,3112441.450022577
chl,51,64,382470.5224811357
chl,51,65,6177356.420044712
chl,51,66,351618.6533583505
chl,51,67,5013661.758760906
chl,51,68,398387.423370437
chl,51,69,3506008.2870267215
chl,51,70,439510.0329372942
chl,51,71,3455541.004851356
chl,51,72,539129.8300266922
chl,51,73,3457821.47409423
chl,51,74,405561.6774804892
chl,51,75,5368761.836236388
chl,51,76,425722.8447859913
chl,51,77,5610959.207409436
chl,51,78,561207.0152964864
chl,51,79,5441584.586202083
chl,51,80,510043.01396890526
chl,51,81,4189725.5562789943
chl,51,82,594925.73380698
chl,51,83,4156491.320510538
chl,51,84,322411.29249539657
chl,51,85,3936413.0415621875
chl,51,86,697759.0574374032
chl,51,87,4620246.651303794
chl,51,88,533244.1447712337
chl,51,89,4278504.997519586
chl,51,90,405954.64288921567
chl,51,91,2679588.1854195576
chl,51,92,418379.7907753726
chl,51,93,2919256.9745736658
chl,51,94,293019.81346803135
chl,51,95,3605772.3884161296
chl,51,96,629051.7414393101
chl,51,97,4230997.716722182
chl,51,98,579623.6233313303
chl,51,99,3790689.119959381
chl,51,100,452233.3565950571
chl,51,101,5718329.148472286
chl,51,102,502412.7013304793
chl,51,103,3608039.745771773
chl,51,104,536748.2408942076
chl,51,105,4184003.8034383776
chl,51,106,533678.225198971
chl,51,107,4353438.800662874
chl,51,108,390838.95936087763
chl,51,109,3456674.3634270267
chl,51,110,419876.6388787899
chl,51,111,4279166.796517092
chl,51,112,366442.8598348513
chl,51,113,4200283.792767926
chl,51,114,553051.1760761022
chl,51,115,3343397.9590779706
chl,51,116,533657.3420265322
chl,51,117,4239280.572389523
chl,51,118,352388.286394216
chl,51,119,3578203.287620181
chl,51,120,367417.3972746442
chl,51,121,3543364.5324892118
chl,51,122,325245.97146928334
chl,51,123,4077354.6482568476
chl,51,124,469381.4972294955
chl,51,125,4246046.121665422
chl,51,126,502222.52761285077
chl,51,127,3775758.8250725092
chl,51,128,318863.1118004586
chl,51,129,3427257.690365484
chl,51,130,472403.90107172896
chl,51,131,3895931.0114845694
chl,51,132,457174.3622132838
chl,51,133,3641003.351106794
chl,51,134,421546.45013738883
chl,51,135,4437177.514935196
chl,51,136,329507.57866669266
chl,51,137,5088183.830425435
chl,51,138,485559.96902014874
chl,51,139,4233940.138223503
chl,51,140,517783.96609163977
chl,51,141,2808161.7847991623
chl,51,142,369474.16599525954
chl,51,143,3029786.521502172
chl,51,144,302816.85448147834
chl,51,145,3991327.6035390855
chl,51,146,529848.2946731568
chl,51,147,3091837.1487416904
chl,51,148,323047.8889855796
chl,51,149,4394249.087006176
chl,51,150,301160.7365492948
chl,51,151,4533279.626918919
chl,51,152,500668.0570901414
chl,51,153,4061091.1851519863
chl,51,154,606888.1822673188
chl,51,155,5171813.510961988
chl,51,156,516115.56576749514
chl,51,157,3541797.8449883894
chl,51,158,529892.8611118473
chl,51,159,4069973.469096295
chl,51,160,475937.2293828458
chl,51,161,4121629.0900962157
chl,51,162,395982.89223444817
chl,51,163,3546087.1775943805
chl,51,164,469595.83863689465
chl,51,165,5556753.791854494
chl,51,166,338677.4118530234
chl,51,167,4321683.857668561
chl,51,168,350702.36495778814
chl,51,169,2818133.7804034697
chl,51,170,373198.68604745617
chl,51,171,3119958.822544666
chl,51,172,393201.7882803119
chl,51,173,4730059.878293103
chl,51,174,530234.9668575932
chl,51,175,4400241.238145974
chl,51,176,417840.57484107296
chl,51,177,5950529.744896068
chl,51,178,340975.76710577094
chl,51,179,3184125.336018233
chl,51,180,378793.71552116587
chl,51,181,4342930.28209099
chl,51,182,340490.28668558405
chl,51,183,4938736.450883881
chl,51,184,398466.3745231696
chl,51,185,4721456.297664209
chl,51,186,352144.4117194955
chl,51,187,4812115.586537186
chl,51,188,273717.606663295
chl,51,189,3537248.1791299987
chl,51,190,371462.8663707271
chl,51,191,5329222.6343798395
chl,51,192,379394.7812462209
chl,51,193,3794999.9117737357
chl,51,194,275819.6560115444
chl,51,195,3907485.1226895098
chl,51,196,276306.36452960694
chl,51,197,4199492.481584022
chl,51,198,224203.5487846968
chl,51,199,5289060.424027031
chl,51,200,262656.8736004934
chl,51,201,3369658.5654228632
chl,51,202,311113.4264886307
chl,51,203,4121445.216213264
chl,51,204,262060.13974725406
chl,51,205,3965812.508921103
chl,51,206,380545.28627019585
chl,51,207,3275561.487483141
chl,51,208,388096.32678694464
chl,51,209,2722167.757825838
chl,51,210,343600.6286804333
chl,51,211,5117738.368269873
chl,51,212,347448.32068319165
chl,51,213,4856120.145842363
chl,51,214,422600.1119109084
chl,51,215,3409099.4256315124
chl,51,216,419624.9617982035
chl,51,217,4223653.659313166
chl,51,218,351145.9694518735
chl,51,219,4211918.887125686
chl,51,220,331277.49690163403
chl,51,221,3081896.8105615336
chl,51,222,354058.4840989342
chl,51,223,3398309.6931055514
chl,51,224,381920.36901732313
chl,51,225,4984789.817834224
chl,51,226,410026.415149516
chl,51,227,5292946.51699759
chl,51,228,353233.0957190673
chl,51,229,4755991.203191798
chl,51,230,420755.63784558716
chl,51,231,4944391.755902704
chl,51,232,332749.7895233563
chl,51,233,5996722.019507668
chl,51,234,320270.0531689837
chl,51,235,5008656.844395981
chl,51,236,357308.2048328224
chl,51,237,6222491.8004130395
chl,51,238,336492.0125377429
chl,51,239,3434626.503516585
chl,51,240,353463.9774189145
chl,51,241,3664537.1389882844
chl,51,242,335467.8833178154
chl,51,243,4617098.229105062
chl,51,244,513676.9493242882
chl,51,245,3283785.883374087
chl,51,246,396426.9080037566
chl,51,247,5128159.067147194
chl,51,248,422462.9351114062
chl,51,249,3680615.599042898
chl,51,250,426740.709662197
chl,51,251,3629692.6681548925
chl,51,252,425620.1696639283
chl,51,253,4249752.1277642185
chl,51,254,458062.33972020814
chl,51,255,4572627.852102887
chl,51,256,252072.70507565505
chl,51,257,3144907.1719300016
chl,51,258,298085.44411573623
chl,51,259,2885591.316783125
chl,51,260,432835.58264785056
chl,51,261,4071506.645809305
chl,51,262,471236.4464307753
chl,51,263,3857495.192174959
chl,51,264,358947.37803040986
chl,51,265,3453742.737550531
chl,51,266,502418.27459699934
chl,51,267,2289935.942154186
chl,51,268,355786.5985965219
chl,51,269,3074279.5324449237
chl,51,270,423115.78977484273
chl,51,271,2718883.300757482
chl,51,272,577298.2797272578
chl,51,273,3164013.024992946
chl,51,274,204426.05525998728
chl,51,275,2903865.474754797
chl,51,276,477934.88410457486
chl,51,277,1656029.5327382504
chl,51,278,419997.18028616684
chl,51,279,1846283.4372056688
chl,51,280,346749.8339627178
chl,51,281,3106791.770580003
chl,51,282,503732.3322949465
chl,51,283,3241545.11096513
chl,51,284,326080.8416439383
chl,51,285,2726998.564498892
chl,51,286,312179.5111949364
chl,51,287,4400294.6984000765
chl,51,288,435966.5583386672
chl,51,289,2870845.0341907176
chl,51,290,444883.4045925809
chl,51,291,3338136.1049884437
chl,51,292,343285.4822078243
chl,51,293,2820656.3536614
chl,51,294,442672.0883832857
chl,51,295,3370619.752737689
chl,51,296,363936.1165705402
chl,51,297,2656811.301241054
chl,51,298,481579.8897765742
chl,51,299,2998876.6328448504
chl,51,300,459056.2784633113
qpc,42,1,11.033849677681472
qpc,42,2,14.353035481187895
qpc,42,3,15.2880116862266
qpc,42,4,15.849957914479303
qpc,42,5,17.901513820529683
qpc,42,6,18.20436716899669
qpc,42,7,17.13756654643139
qpc,42,8,18.104539683117267
qpc,42,9,13.726356205329155
qpc,42,10,15.38205167332233
qpc,42,11,12.910641187369054
qpc,42,12,13.198691506537164
qpc,42,13,12.481910721467704
qpc,42,14,10.71438003578723
qpc,42,15,9.988356736091571
qpc,42,16,12.328140207052881
qpc,42,17,12.348105443907457
qpc,42,18,11.94451012613902
qpc,42,19,13.119146306574482
qpc,42,20,13.491319145384132
qpc,42,21,15.467922363244321
qpc,42,22,13.742523083191342
qpc,42,23,13.696906019644995
qpc,42,24,12.68797467437741
qpc,42,25,15.115370333840719
qpc,42,26,15.759530775119599
qpc,42,27,12.989324115610305
qpc,42,28,12.713807596574565
qpc,42,29,13.331802434840307
qpc,42,30,10.683843167260955
qpc,42,31,12.25264771900383
qpc,42,32,9.908117943291058
qpc,42,33,11.28763696938998
qpc,42,34,10.437961940714167
qpc,42,35,8.43348959171662
qpc,42,36,8.313176357759396
qpc,42,37,6.889363890005623
qpc,42,38,7.5032121485553205
qpc,42,39,6.774434800242065
qpc,42,40,6.6700843304056745
qpc,42,41,8.249313084186367
qpc,42,42,7.130611609020296
qpc,42,43,8.17316767724857
qpc,42,44,6.09913040141455
qpc,42,45,7.741693067605044
qpc,42,46,7.549637537539732
qpc,42,47,9.413538553922267
qpc,42,48,7.9260275806990075
qpc,42,49,9.568275999679953
qpc,42,50,7.896666038210866
qpc,42,51,9.767599531567726
qpc,42,52,9.966265059485988
qpc,42,53,11.589084541185999
qpc,42,54,11.322996693728022
qpc,42,55,9.74560174969161
qpc,42,56,12.396057997182425
qpc,42,57,10.222018778708561
qpc,42,58,10.369487445038015
qpc,42,59,11.974741519958917
qpc,42,60,11.347430071402604
qpc,42,61,14.980309656875681
qpc,42,62,11.577657561821148
qpc,42,63,13.260885475163786
qpc,42,64,12.042484132581443
qpc,42,65,13.481513035570918
qpc,42,66,13.16047304994883
qpc,42,67,12.693468936018979
qpc,42,68,14.352738044963433
qpc,42,69,13.187945518416035
qpc,42,70,13.38798728033122
qpc,42,71,15.172136605649001
qpc,42,72,14.96971342753014
qpc,42,73,15.673594824286521
qpc,42,74,13.866291845340315
qpc,42,75,14.521877254978904
qpc,42,76,15.16960240682923
qpc,42,77,14.790954858791183
qpc,42,78,16.336331938870714
qpc,42,79,16.206083488020496
qpc,42,80,14.736245667392858
qpc,42,81,16.40160778233832
qpc,42,82,15.188020262326887
qpc,42,83,18.097995413674564
qpc,42,84,18.06070394874381
qpc,42,85,16.036602742345938
qpc,42,86,17.542875678948686
qpc,42,87,20.293087059617434
qpc,42,88,18.835003994205405
qpc,42,89,21.39178877494886
qpc,42,90,19.736952016372058
qpc,42,91,15.588813796450872
qpc,42,92,21.37704579201807
qpc,42,93,17.925141950993076
qpc,42,94,18.611241534572198
qpc,42,95,24.831972580006756
qpc,42,96,21.588712687631865
qpc,42,97,23.67895228111303
qpc,42,98,25.28443837159062
qpc,42,99,21.739267243058524
qpc,42,100,24.942056473375597
qpc,42,101,19.389099688339158
qpc,42,102,27.482398041719318
qpc,42,103,18.96278050877086
qpc,42,104,24.39361615877345
qpc,42,105,18.976859304706494
qpc,42,106,27.589270577946515
qpc,42,107,18.681430177346485
qpc,42,108,26.587166060125636
qpc,42,109,24.12188737178606
qpc,42,110,24.448204234570326
qpc,42,111,23.408651412090844
qpc,42,112,33.901512492958304
qpc,42,113,22.413770197348242
qpc,42,114,31.989035106934594
qpc,42,115,29.56350202214119
qpc,42,116,28.91293886791044
qpc,42,117,30.47800482868181
qpc,42,118,29.05415716063508
qpc,42,119,28.105509045920886
qpc,42,120,27.397823115156253
qpc,42,121,32.42662660954125
qpc,42,122,27.67830947641098
qpc,42,123,36.24588033217514
qpc,42,124,38.69944171193852
qpc,42,125,33.27443745409493
qpc,42,126,33.78876828424746
qpc,42,127,33.53399210836766
qpc,42,128,33.87131943394865
qpc,42,129,34.49636611321962
qpc,42,130,40.43415637592938
qpc,42,131,36.395636829762246
qpc,42,132,39.04905908232764
qpc,42,133,40.81702822718359
qpc,42,134,35.38474163269728
qpc,42,135,35.31364139550403
qpc,42,136,42.04797439848391
qpc,42,137,39.49039465876833
qpc,42,138,33.956791806135776
qpc,42,139,39.74915307260483
qpc,42,140,41.89059823503698
qpc,42,141,39.60583732527263
qpc,42,142,42.74255394668234
qpc,42,143,42.915505898688075
qpc,42,144,48.39601794369339
qpc,42,145,42.361563175712426
qpc,42,146,40.528216549153576
qpc,42,147,46.07862186856714
qpc,42,148,42.999840038952364
qpc,42,149,47.98436548465119
qpc,42,150,52.34621293564066
qpc,42,151,40.6935836627623
qpc,42,152,45.07033121150305
qpc,42,153,45.83402790875544
qpc,42,154,41.08590298560196
qpc,42,155,47.90692182933313
qpc,42,156,46.01533660961384
qpc,42,157,42.0747650105182
qpc,42,158,41.656548324374484
qpc,42,159,38.996945336755374
qpc,42,160,46.01648724789371
qpc,42,161,39.757529157325685
qpc,42,162,50.92438929486957
qpc,42,163,51.32155035057085
qpc,42,164,50.329863779689646
qpc,42,165,51.118860576884074
qpc,42,166,48.34593666012469
qpc,42,167,60.50780537292052
qpc,42,168,48.8103069966179
qpc,42,169,55.58002835379647
qpc,42,170,55.766288887049065
qpc,42,171,55.32405899668842
qpc,42,172,52.88884972712583
qpc,42,173,43.79835485955568
qpc,42,174,51.091888220488606
qpc,42,175,49.58857628261835
qpc,42,176,56.66052047311546
qpc,42,177,57.15850370017451
qpc,42,178,63.935502927616014
qpc,42,179,61.13657571300273
qpc,42,180,66.53221349239267
qpc,42,181,52.70922369039508
qpc,42,182,62.29863541963418
qpc,42,183,59.08323529371084
qpc,42,184,65.88042839364438
qpc,42,185,59.11724028144584
qpc,42,186,59.20141693779417
qpc,42,187,67.75480498005851
qpc,42,188,64.34188131979373
qpc,42,189,66.07556614919825
qpc,42,190,70.10891900606019
qpc,42,191,59.61679670880988
qpc,42,192,61.69225947880843
qpc,42,193,55.84622057412755
qpc,42,194,60.48734341496342
qpc,42,195,63.89997605318263
qpc,42,196,75.78729882060793
qpc,42,197,52.76885153419109
qpc,42,198,76.21511551827986
qpc,42,199,68.32705135643995
qpc,42,200,66.60164951935646
qpc,42,201,63.30590543159571
qpc,42,202,60.049256866289056
qpc,42,203,72.22547337876067
qpc,42,204,62.00646686118789
qpc,42,205,69.31941364832464
qpc,42,206,64.12123417525785
qpc,42,207,78.48968004770785
qpc,42,208,69.20736440410859
qpc,42,209,73.22998114798094
qpc,42,210,66.02242973410726
qpc,42,211,75.69190828540354
qpc,42,212,60.830400104501535
qpc,42,213,86.09302534132404
qpc,42,214,72.99787004342639
qpc,42,215,86.14459363482136
qpc,42,216,74.032160442726
qpc,42,217,86.71383711965206
qpc,42,218,64.28727155284808
qpc,42,219,76.24352262998573
qpc,42,220,84.02797932368465
qpc,42,221,83.80454449411602
qpc,42,222,72.29688420942793
qpc,42,223,89.15957024292496
qpc,42,224,72.59390689931226
qpc,42,225,92.36673473317678
qpc,42,226,63.83310527964539
qpc,42,227,89.30617071790356
qpc,42,228,56.35996665076736
qpc,42,229,96.20627384742725
qpc,42,230,74.08422278022623
qpc,42,231,87.94607477802042
qpc,42,232,78.39431158944022
qpc,42,233,92.28705956399077
qpc,42,234,88.61979948768116
qpc,42,235,94.40753890070809
qpc,42,236,97.4928930291081
qpc,42,237,92.65025770844738
qpc,42,238,82.66948765959205
qpc,42,239,85.9331463284495
qpc,42,240,92.51889536833393
qpc,42,241,82.19831412411783
qpc,42,242,86.73164035498377
qpc,42,243,97.93161023115846
qpc,42,244,83.84189909323798
qpc,42,245,116.39739269802546
qpc,42,246,97.84642749063302
qpc,42,247,85.60262481883893
qpc,42,248,86.7231358800783
qpc,42,249,95.047792398573
qpc,42,250,86.75596340204305
qpc,42,251,116.34559507727826
qpc,42,252,104.91188564306495
qpc,42,253,118.20319907659349
qpc,42,254,99.89491787683838
qpc,42,255,96.00180999807803
qpc,42,256,115.2620169757386
qpc,42,257,103.30527015906951
qpc,42,258,109.64793041339185
qpc,42,259,114.4827476736764
qpc,42,260,98.3556251841332
qpc,42,261,114.88748858220168
qpc,42,262,84.51730075833242
qpc,42,263,112.64862928339079
qpc,42,264,77.79411804860352
qpc,42,265,123.57269988495801
qpc,42,266,93.70748151593824
qpc,42,267,113.03688773279067
qpc,42,268,112.81864303724188
qpc,42,269,124.95694237081565
qpc,42,270,114.6853989825513
qpc,42,271,108.79770288342264
qpc,42,272,117.29142500931506
qpc,42,273,112.9548480356019
qpc,42,274,136.26533771678834
qpc,42,275,107.43822121153961
qpc,42,276,126.3242532154687
qpc,42,277,118.89661659032176
qpc,42,278,110.03392645652913
qpc,42,279,106.92621964809868
qpc,42,280,131.97383990168566
qpc,42,281,123.84964852963913
qpc,42,282,117.06790677831978
qpc,42,283,117.37704653103542
qpc,42,284,142.53225583358616
qpc,42,285,132.81593467223237
qpc,42,286,127.57314425542191
qpc,42,287,102.86762757059678
qpc,42,288,126.64622322618537
qpc,42,289,132.08894367582914
qpc,42,290,124.04074171975623
qpc,42,291,121.92389975008874
qpc,42,292,137.64329034296662
qpc,42,293,124.711279514348
qpc,42,294,143.58021072039904
qpc,42,295,145.88852679499104
qpc,42,296,126.77912969306857
qpc,42,297,126.0586369434966
qpc,42,298,152.7898396747185
qpc,42,299,119.684674734283
qpc,42,300,137.13208713528317
qpc,43,1,21.64425513059423
qpc,43,2,27.87561500822307
qpc,43,3,28.995442350931697
qpc,43,4,33.994932045517416
qpc,43,5,31.961188520318345
qpc,43,6,33.26944256539875
qpc,43,7,36.304784478043786
qpc,43,8,32.37356816823378
qpc,43,9,30.57525431356493
qpc,43,10,34.8144086909091
qpc,43,11,39.209844886591824
qpc,43,12,44.59452738543195
qpc,43,13,36.87468576434614
qpc,43,14,41.33220202916028
qpc,43,15,49.37822237578961
qpc,43,16,45.269357327394886
qpc,43,17,41.39215493648012
qpc,43,18,50.91558892641438
qpc,43,19,46.85952274468986
qpc,43,20,43.597638004878846
qpc,43,21,52.767378156773425
qpc,43,22,36.94467785788984
qpc,43,23,26.582754348743848
qpc,43,24,23.03516877963881
qpc,43,25,23.931367714567738
qpc,43,26,22.847464947977095
qpc,43,27,16.801732534058957
qpc,43,28,14.556675736938512
qpc,43,29,18.102340540889802
qpc,43,30,11.279530295335759
qpc,43,31,18.445646005149758
qpc,43,32,13.4329797938857
qpc,43,33,15.76113408442103
qpc,43,34,11.96330440937453
qpc,43,35,16.029438971709464
qpc,43,36,11.96452632984932
qpc,43,37,13.39070421361651
qpc,43,38,12.440916000300666
qpc,43,39,12.52789032450442
qpc,43,40,13.924763971827709
qpc,43,41,16.534765437726836
qpc,43,42,15.710632249795571
qpc,43,43,15.8895549640789
qpc,43,44,18.181049777244173
qpc,43,45,13.59392179009424
qpc,43,46,16.87178415994598
qpc,43,47,14.16026331401211
qpc,43,48,13.912951277330887
qpc,43,49,12.414537019120674
qpc,43,50,16.471957958254816
qpc,43,51,13.351025480757
qpc,43,52,20.051155129874957
qpc,43,53,17.83281631252527
qpc,43,54,23.886872077523375
qpc,43,55,21.05575211666222
qpc,43,56,18.69325349468063
qpc,43,57,21.654636922912093
qpc,43,58,24.790267067793483
qpc,43,59,21.310533118213982
qpc,43,60,21.096518649713797
qpc,43,61,16.996822346137705
qpc,43,62,18.358637978799454
qpc,43,63,15.18041109256251
qpc,43,64,15.807580257462886
qpc,43,65,25.93777907821153
qpc,43,66,16.611162031301422
qpc,43,67,21.363116764207135
qpc,43,68,17.729910260637595
qpc,43,69,17.18370380245685
qpc,43,70,23.00251886326582
qpc,43,71,19.816442344846237
qpc,43,72,22.61294990136615
qpc,43,73,23.982846169546722
qpc,43,74,17.10821468193104
qpc,43,75,33.54329071662198
qpc,43,76,19.258557772980875
qpc,43,77,21.161718338660478
qpc,43,78,27.965389452982325
qpc,43,79,26.8424944384765
qpc,43,80,27.281700706733947
qpc,43,81,25.86067906141194
qpc,43,82,27.958600737847494
qpc,43,83,28.756840986717872
qpc,43,84,26.158539897134315
qpc,43,85,31.014722250722766
qpc,43,86,26.50954192633052
qpc,43,87,22.028076863107867
qpc,43,88,19.457514736354135
qpc,43,89,28.71399349358847
qpc,43,90,23.619743596000614
qpc,43,91,32.03006323645257
qpc,43,92,29.40011917943624
qpc,43,93,30.938201575353617
qpc,43,94,33.28652959423207
qpc,43,95,26.60601727538144
qpc,43,96,30.585300812434
qpc,43,97,30.704381519807285
qpc,43,98,29.878173118325325
qpc,43,99,32.26230972783749
qpc,43,100,32.04803723314573
qpc,43,101,34.56899163906609
qpc,43,102,28.042445725950135
qpc,43,103,43.703284354884005
qpc,43,104,24.182397734807523
qpc,43,105,41.487484884660596
qpc,43,106,42.21171153371301
qpc,43,107,35.7154925090772
qpc,43,108,39.215140354972334
qpc,43,109,33.12147407109695
qpc,43,110,43.12690065919972
qpc,43,111,32.65644647844345
qpc,43,112,37.720512164190986
qpc,43,113,35.812923122526264
qpc,43,114,48.8113575785859
qpc,43,115,42.692178416025584
qpc,43,116,44.58358622704785
qpc,43,117,43.51455889662472
qpc,43,118,25.801970307565103
qpc,43,119,63.59705760975573
qpc,43,120,34.13695969103707
qpc,43,121,51.960875922412136
qpc,43,122,40.29344088348179
qpc,43,123,36.58765945451625
qpc,43,124,40.579372650820936
qpc,43,125,48.493841856278415
qpc,43,126,50.178700430085655
qpc,43,127,46.53532301669756
qpc,43,128,37.57124389672727
qpc,43,129,41.648038513844405
qpc,43,130,39.2202293355249
qpc,43,131,44.660647087422475
qpc,43,132,62.752305835799234
qpc,43,133,47.79339891180616
qpc,43,134,52.57940039693205
qpc,43,135,60.74773388993014
qpc,43,136,54.92339650542538
qpc,43,137,33.178362335322454
qpc,43,138,48.57949824811263
qpc,43,139,37.50634407609422
qpc,43,140,43.72836534190943
qpc,43,141,43.76636467496717
qpc,43,142,66.00368135992503
qpc,43,143,72.644322827539
qpc,43,144,54.24870566224423
qpc,43,145,49.34347446173578
qpc,43,146,47.59183042020998
qpc,43,147,49.18724447336221
qpc,43,148,63.5340591548599
qpc,43,149,46.88755617375327
qpc,43,150,45.327612413657455
qpc,43,151,62.076560332891795
qpc,43,152,48.875255419270864
qpc,43,153,60.74454754273488
qpc,43,154,53.32262301377655
qpc,43,155,80.6008206559988
qpc,43,156,48.8496071865975
qpc,43,157,65.3909319468673
qpc,43,158,55.61213479607904
qpc,43,159,64.96657890575365
qpc,43,160,64.59142275080163
qpc,43,161,65.35383201089134
qpc,43,162,54.38828941069503
qpc,43,163,62.30433839402845
qpc,43,164,50.975954926691294
qpc,43,165,55.38718218516704
qpc,43,166,48.86559759398024
qpc,43,167,71.46195633904256
qpc,43,168,52.28226839950794
qpc,43,169,67.15156064078484
qpc,43,170,53.72906705762282
qpc,43,171,88.1493154218083
qpc,43,172,54.27270413855306
qpc,43,173,62.83676610833386
qpc,43,174,54.01774570617599
qpc,43,175,112.39418331574412
qpc,43,176,59.77947724653829
qpc,43,177,101.27308665810936
qpc,43,178,78.73219814650014
qpc,43,179,92.60540159390031
qpc,43,180,75.51106866666206
qpc,43,181,96.77552723321683
qpc,43,182,60.5313946473483
qpc,43,183,106.06294150310788
qpc,43,184,74.40352748268171
qpc,43,185,83.60379067698604
qpc,43,186,72.9387063616539
qpc,43,187,102.03342494798427
qpc,43,188,66.44797006585536
qpc,43,189,95.07092081231814
qpc,43,190,58.93156500417231
qpc,43,191,71.03574717424567
qpc,43,192,68.64505014508504
qpc,43,193,67.95698152242852
qpc,43,194,95.77757513236503
qpc,43,195,80.72349979729955
qpc,43,196,98.37860892847112
qpc,43,197,63.61820990381569
qpc,43,198,117.42650021134965
qpc,43,199,70.41951950648955
qpc,43,200,131.30101313225722
qpc,43,201,83.00228674897565
qpc,43,202,103.77756856886617
qpc,43,203,106.12878929759472
qpc,43,204,115.45949025816687
qpc,43,205,94.41996945176767
qpc,43,206,96.84503323646645
qpc,43,207,111.74416625242525
qpc,43,208,77.4076422328385
qpc,43,209,81.94139258685533
qpc,43,210,100.84227003054792
qpc,43,211,90.38285879798615
qpc,43,212,93.26371953640133
qpc,43,213,121.9238789219075
qpc,43,214,99.77730046890642
qpc,43,215,151.767333513982
qpc,43,216,117.73628992653948
qpc,43,217,127.62072269313165
qpc,43,218,109.8498251829109
qpc,43,219,132.147196558691
qpc,43,220,114.0589166702374
qpc,43,221,127.25561929994593
qpc,43,222,99.11577516988562
qpc,43,223,113.26070035008262
qpc,43,224,128.1577320857427
qpc,43,225,95.33756525904549
qpc,43,226,118.08617710614234
qpc,43,227,99.29471343040169
qpc,43,228,122.50973146413581
qpc,43,229,127.69838329639236
qpc,43,230,122.81923020332084
qpc,43,231,134.96397182075762
qpc,43,232,117.63674260292464
qpc,43,233,112.44933920528833
qpc,43,234,163.89453177771728
qpc,43,235,102.990339014544
qpc,43,236,209.59497956077306
qpc,43,237,119.86266025433893
qpc,43,238,201.48666330712467
qpc,43,239,145.7434411764723
qpc,43,240,207.74770328051827
qpc,43,241,116.25956788775925
qpc,43,242,173.4945721509794
qpc,43,243,144.6105024049243
qpc,43,244,135.76349034071683
qpc,43,245,107.05799339568807
qpc,43,246,117.06300226320205
qpc,43,247,130.52506527575576
qpc,43,248,133.1835738212183
qpc,43,249,110.16064136117939
qpc,43,250,142.68478885200102
qpc,43,251,161.41136390999574
qpc,43,252,145.97626620114158
qpc,43,253,165.35638755517547
qpc,43,254,172.96202067657012
qpc,43,255,145.8828817113081
qpc,43,256,131.28667906178933
qpc,43,257,170.28075786876653
qpc,43,258,178.67798309677426
qpc,43,259,173.60846090076026
qpc,43,260,190.63079004655611
qpc,43,261,151.3565892960685
qpc,43,262,185.50183785498882
qpc,43,263,142.42691023275992
qpc,43,264,128.13857568650167
qpc,43,265,147.45025954034682
qpc,43,266,146.71291037445894
qpc,43,267,125.7909296579277
qpc,43,268,201.26020740915283
qpc,43,269,163.25288608505133
qpc,43,270,201.96326410390412
qpc,43,271,170.35612633355404
qpc,43,272,172.1258528841818
qpc,43,273,194.5930851933673
qpc,43,274,136.06230608911062
qpc,43,275,179.4497523690321
qpc,43,276,127.36218215802559
qpc,43,277,208.96060176174387
qpc,43,278,161.56545680711244
qpc,43,279,234.77663589544383
qpc,43,280,151.1966214309823
qpc,43,281,198.74066747315013
qpc,43,282,112.29189318974922
qpc,43,283,181.66993761436007
qpc,43,284,165.07815471142473
qpc,43,285,142.09921662928
qpc,43,286,194.603694540605
qpc,43,287,190.0516423947038
qpc,43,288,194.36058589389233
qpc,43,289,153.6150275759586
qpc,43,290,195.11340118434006
qpc,43,291,193.9364385496464
qpc,43,292,175.6738974751894
qpc,43,293,122.60680845262527
qpc,43,294,180.69655819258963
qpc,43,295,210.31058232943624
qpc,43,296,197.90230999479573
qpc,43,297,195.2714649629298
qpc,43,298,204.8283134904331
qpc,43,299,250.21213997697677
qpc,43,300,204.10296130432891
qpc,44,1,26.438323407080517
qpc,44,2,29.490445702761516
qpc,44,3,35.0100896679734
qpc,44,4,37.79137229157672
qpc,44,5,35.255323308184224
qpc,44,6,44.78890955712202
qpc,44,7,44.09761519271786
qpc,44,8,45.794846281800076
qpc,44,9,36.25196646367463
qpc,44,10,44.20798963737097
qpc,44,11,48.03259633586154
qpc,44,12,57.57572969334085
qpc,44,13,81.32695419106292
qpc,44,14,71.66368874877789
qpc,44,15,73.9652528067596
qpc,44,16,84.1943872520511
qpc,44,17,60.16323414998257
qpc,44,18,56.55923093560664
qpc,44,19,77.22652877409745
qpc,44,20,51.62336890241618
qpc,44,21,43.70088022951254
qpc,44,22,49.18529528804444
qpc,44,23,35.758552153977774
qpc,44,24,31.523894688654256
qpc,44,25,19.082766325222817
qpc,44,26,24.645845990399298
qpc,44,27,22.50880206240341
qpc,44,28,23.76980140325087
qpc,44,29,24.670109761113054
qpc,44,30,31.756610100660055
qpc,44,31,28.440043525374016
qpc,44,32,31.838707153842247
qpc,44,33,35.299981046328156
qpc,44,34,23.451878853160977
qpc,44,35,29.27936287667478
qpc,44,36,36.48876076413689
qpc,44,37,30.7923168366901
qpc,44,38,27.961655452418913
qpc,44,39,32.588466601181125
qpc,44,40,29.77892158610882
qpc,44,41,28.00097709594079
qpc,44,42,29.152922204369517
qpc,44,43,28.130027187754397
qpc,44,44,24.293450980040348
qpc,44,45,26.641825879163992
qpc,44,46,23.535388319815993
qpc,44,47,20.33780897267854
qpc,44,48,27.59870230489871
qpc,44,49,23.371728417055387
qpc,44,50,18.853016040342048
qpc,44,51,22.3259362965371
qpc,44,52,22.39583562165486
qpc,44,53,20.53831587181635
qpc,44,54,20.772479080882874
qpc,44,55,25.054323407770138
qpc,44,56,26.950307293862604
qpc,44,57,24.592745615119885
qpc,44,58,24.119166883983418
qpc,44,59,27.83214903504895
qpc,44,60,19.271237260993246
qpc,44,61,22.81106223345978
qpc,44,62,22.504604593481375
qpc,44,63,28.129496294468595
qpc,44,64,29.083687140971733
qpc,44,65,26.86818957863542
qpc,44,66,36.506146980906436
qpc,44,67,29.29239417603991
qpc,44,68,30.416313767585734
qpc,44,69,21.372195438682983
qpc,44,70,36.287291324773975
qpc,44,71,21.766181014397667
qpc,44,72,24.82786938524218
qpc,44,73,19.309677981324764
qpc,44,74,27.490484862992393
qpc,44,75,28.57519483145056
qpc,44,76,25.73414757968293
qpc,44,77,39.41261870403799
qpc,44,78,24.225042740026364
qpc,44,79,27.864484513339917
qpc,44,80,31.663497009921944
qpc,44,81,21.58542542398814
qpc,44,82,34.52260214753479
qpc,44,83,34.78495152249823
qpc,44,84,30.736273079816055
qpc,44,85,34.850619056458605
qpc,44,86,33.14194481184545
qpc,44,87,30.37217322087648
qpc,44,88,48.39156951307629
qpc,44,89,30.414678805265307
qpc,44,90,39.32574061300569
qpc,44,91,32.6166618654567
qpc,44,92,33.21641291681572
qpc,44,93,36.01330571659102
qpc,44,94,34.94239741775048
qpc,44,95,46.36445768674602
qpc,44,96,38.161523033962766
qpc,44,97,45.08318587819581
qpc,44,98,50.49539715606641
qpc,44,99,33.30328639783174
qpc,44,100,32.55797881481016
qpc,44,101,41.24907248079032
qpc,44,102,39.50807217639286
qpc,44,103,49.4288344253559
qpc,44,104,45.14134729790856
qpc,44,105,45.97714941233999
qpc,44,106,40.92425700222075
qpc,44,107,40.20822147380262
qpc,44,108,36.59723058003305
qpc,44,109,47.897312991492576
qpc,44,110,53.32636509576002
qpc,44,111,51.295454159270825
qpc,44,112,47.85491711675525
qpc,44,113,37.15120581662749
qpc,44,114,42.58707908721578
qpc,44,115,46.01158875834062
qpc,44,116,58.28524549358026
qpc,44,117,42.262833204804515
qpc,44,118,58.76558287366323
qpc,44,119,54.57828151619902
qpc,44,120,43.57962809532429
qpc,44,121,58.75815243957401
qpc,44,122,48.92768085271068
qpc,44,123,44.59752177676244
qpc,44,124,62.372586638178774
qpc,44,125,50.94783257079069
qpc,44,126,63.27344052470599
qpc,44,127,57.00946270172597
qpc,44,128,59.68798278745157
qpc,44,129,60.53440614580276
qpc,44,130,53.06483403266847
qpc,44,131,62.351311060687564
qpc,44,132,61.453507499363056
qpc,44,133,57.27631157356479
qpc,44,134,68.28646662956902
qpc,44,135,60.90464128583571
qpc,44,136,85.35574756352307
qpc,44,137,65.01101214704764
qpc,44,138,88.34712642460248
qpc,44,139,70.9351647368023
qpc,44,140,64.13265865233784
qpc,44,141,52.97109606928272
qpc,44,142,86.823665730212
qpc,44,143,57.69284754343405
qpc,44,144,61.018927299119895
qpc,44,145,81.39126926793803
qpc,44,146,56.87023437580429
qpc,44,147,65.1409353731197
qpc,44,148,74.51445519856757
qpc,44,149,68.55472637050087
qpc,44,150,86.66902263322089
qpc,44,151,81.96794840013438
qpc,44,152,72.00705718930266
qpc,44,153,89.04517378417404
qpc,44,154,63.66365024556728
qpc,44,155,95.49092862024654
qpc,44,156,76.5011307388758
qpc,44,157,90.52513353208408
qpc,44,158,61.61749701444394
qpc,44,159,108.19926693787767
qpc,44,160,62.53985017853666
qpc,44,161,108.54288678464678
qpc,44,162,90.52767626351647
qpc,44,163,95.59730188724326
qpc,44,164,91.64855261040739
qpc,44,165,100.0819142787529
qpc,44,166,95.98424003756928
qpc,44,167,71.82514946762016
qpc,44,168,70.39665029602405
qpc,44,169,113.17752087234327
qpc,44,170,74.69859692917929
qpc,44,171,121.3605764882832
qpc,44,172,81.19356271368764
qpc,44,173,98.13916290512253
qpc,44,174,85.92204602267749
qpc,44,175,105.59153228216356
qpc,44,176,84.78798555194275
qpc,44,177,81.59528917590325
qpc,44,178,89.53161120486742
qpc,44,179,70.37378667602087
qpc,44,180,106.2258787353415
qpc,44,181,83.97074994957647
qpc,44,182,89.8588422585903
qpc,44,183,87.60676097437899
qpc,44,184,85.58458194444717
qpc,44,185,122.48017648477594
qpc,44,186,99.3244881279536
qpc,44,187,124.10669530079062
qpc,44,188,90.5268555902515
qpc,44,189,118.03903181019132
qpc,44,190,83.30013673180983
qpc,44,191,114.64300889484898
qpc,44,192,104.52161037932159
qpc,44,193,122.34395320350791
qpc,44,194,110.40549308831001
qpc,44,195,103.32591346868894
qpc,44,196,113.15428883529802
qpc,44,197,125.39390952425812
qpc,44,198,117.61773642922257
qpc,44,199,110.48372612354683
qpc,44,200,96.12699991967446
qpc,44,201,137.84435361073787
qpc,44,202,100.53449252424744
qpc,44,203,124.60073593484395
qpc,44,204,92.7585123534329
qpc,44,205,120.55824980391176
qpc,44,206,139.83118499806415
qpc,44,207,94.65385852940972
qpc,44,208,142.78414944968932
qpc,44,209,106.45892955041778
qpc,44,210,150.5702405131194
qpc,44,211,94.44317953082644
qpc,44,212,112.15124284738035
qpc,44,213,112.18536569107779
qpc,44,214,129.54854489642477
qpc,44,215,112.35668687034128
qpc,44,216,127.34366895403824
qpc,44,217,145.8822669353902
qpc,44,218,94.88253557012467
qpc,44,219,96.10192987980172
qpc,44,220,104.98970074871183
qpc,44,221,99.47238073004387
qpc,44,222,119.93625201277554
qpc,44,223,127.17820479817114
qpc,44,224,105.85350969410266
qpc,44,225,146.00547912478012
qpc,44,226,159.39323362455437
qpc,44,227,153.58855125680265
qpc,44,228,142.43214715168648
qpc,44,229,175.83288141805286
qpc,44,230,109.62562552900141
qpc,44,231,131.82346323097187
qpc,44,232,156.58565356766414
qpc,44,233,165.33463870021768
qpc,44,234,134.19227478513787
qpc,44,235,136.0132608539354
qpc,44,236,156.65812836453722
qpc,44,237,146.16786643483766
qpc,44,238,182.38707712006274
qpc,44,239,151.4405821046848
qpc,44,240,157.9771409795607
qpc,44,241,156.64380279004982
qpc,44,242,198.7245575559542
qpc,44,243,110.89172941959647
qpc,44,244,170.35217735506225
qpc,44,245,196.4811065243534
qpc,44,246,181.22203501594407
qpc,44,247,187.7734735339661
qpc,44,248,186.92222246010417
qpc,44,249,194.05093104699853
qpc,44,250,181.84369242331584
qpc,44,251,185.66939578737748
qpc,44,252,180.49441821542632
qpc,44,253,180.7417688692043
qpc,44,254,191.94388190953586
qpc,44,255,219.58194121099586
qpc,44,256,180.16009084921828
qpc,44,257,196.7314600663558
qpc,44,258,160.65977208148726
qpc,44,259,197.78130343472313
qpc,44,260,215.41492183114923
qpc,44,261,164.70293228307338
qpc,44,262,177.63498491790367
qpc,44,263,200.09661340393583
qpc,44,264,140.9985843161544
qpc,44,265,188.42870966961038
qpc,44,266,163.09848099202992
qpc,44,267,180.75027856337172
qpc,44,268,235.17496126289825
qpc,44,269,163.94982184099752
qpc,44,270,178.07890550886557
qpc,44,271,179.91714200539835
qpc,44,272,155.3491087882608
qpc,44,273,172.66320959872888
qpc,44,274,198.98308473452371
qpc,44,275,160.29625174738658
qpc,44,276,161.73541693529384
qpc,44,277,173.53389158803122
qpc,44,278,190.82473587535407
qpc,44,279,177.21159494291743
qpc,44,280,233.49060890762047
qpc,44,281,163.55624956291695
qpc,44,282,176.56380006909083
qpc,44,283,192.03109714765068
qpc,44,284,221.56110915922852
qpc,44,285,183.88249305585916
qpc,44,286,171.81828053983492
qpc,44,287,217.94013413937316
qpc,44,288,272.0426748698379
qpc,44,289,203.47368800180527
qpc,44,290,203.54983725049976
qpc,44,291,179.52925332770073
qpc,44,292,201.43546518720967
qpc,44,293,248.4933148879961
qpc,44,294,206.56905005173823
qpc,44,295,238.2429118138538
qpc,44,296,224.3411586092957
qpc,44,297,208.41907355567253
qpc,44,298,219.0748237266718
qpc,44,299,215.89819240179278
qpc,44,300,225.18543944924733
qpc,45,1,15.766376257669965
qpc,45,2,22.769142781309913
qpc,45,3,26.195409612350257
qpc,45,4,29.622323244227914
qpc,45,5,31.450612868932982
qpc,45,6,32.70683464232438
qpc,45,7,35.08697594379692
qpc,45,8,35.71183517897007
qpc,45,9,35.70542765480408
qpc,45,10,42.52194676345348
qpc,45,11,40.87513053604594
qpc,45,12,49.50887218427064
qpc,45,13,46.42500456110789
qpc,45,14,56.37015511979812
qpc,45,15,47.01835423819741
qpc,45,16,55.24543972482095
qpc,45,17,43.38798340936574
qpc,45,18,38.80652295471654
qpc,45,19,34.90229828948848
qpc,45,20,31.57940524039043
qpc,45,21,32.80727714913466
qpc,45,22,26.19758362464629
qpc,45,23,22.41358799841475
qpc,45,24,17.684118386024725
qpc,45,25,16.353039074757305
qpc,45,26,11.022253725230083
qpc,45,27,9.904373755990267
qpc,45,28,5.916960099120785
qpc,45,29,7.586218449927119
qpc,45,30,9.483008259055824
qpc,45,31,7.877608466595756
qpc,45,32,10.833679239496385
qpc,45,33,8.469370449803485
qpc,45,34,8.56348197788052
qpc,45,35,9.178268939257991
qpc,45,36,8.631468096608323
qpc,45,37,9.073945535191738
qpc,45,38,9.5818866853576
qpc,45,39,11.447111040009448
qpc,45,40,9.745247575413675
qpc,45,41,11.686711015265796
qpc,45,42,11.234818955417536
qpc,45,43,12.95067455663205
qpc,45,44,9.984178727806695
qpc,45,45,11.395254307284356
qpc,45,46,11.321881093704024
qpc,45,47,13.815970592288151
qpc,45,48,12.06973864893317
qpc,45,49,13.065173670833671
qpc,45,50,15.007441653824817
qpc,45,51,14.396365553699178
qpc,45,52,14.635206657609059
qpc,45,53,13.863175290224042
qpc,45,54,13.705775574991646
qpc,45,55,15.224992959207487
qpc,45,56,11.667179303701454
qpc,45,57,14.874849110201591
qpc,45,58,19.68020703736638
qpc,45,59,18.57344053065782
qpc,45,60,17.411202596237672
qpc,45,61,18.489705410573865
qpc,45,62,20.78397074195539
qpc,45,63,16.610475202723684
qpc,45,64,22.649702133083245
qpc,45,65,15.222314152508012
qpc,45,66,18.44512803070945
qpc,45,67,20.384975353721863
qpc,45,68,18.778814080883997
qpc,45,69,24.551302705772255
qpc,45,70,19.32888913491666
qpc,45,71,22.845131705758163
qpc,45,72,24.486268302778193
qpc,45,73,27.590388803177873
qpc,45,74,28.791757888395292
qpc,45,75,22.973697399306786
qpc,45,76,34.28949179161731
qpc,45,77,28.148977433865227
qpc,45,78,27.517289415591407
qpc,45,79,23.424795670139225
qpc,45,80,28.969028383758033
qpc,45,81,27.243554791034093
qpc,45,82,29.721941762860812
qpc,45,83,34.784841256012825
qpc,45,84,27.168206135372635
qpc,45,85,23.59068991578391
qpc,45,86,23.835361394648483
qpc,45,87,31.168353530554224
qpc,45,88,31.465344329690115
qpc,45,89,32.853562823722
qpc,45,90,30.24970367806617
qpc,45,91,36.09964708234587
qpc,45,92,36.025312082988336
qpc,45,93,33.427063874172404
qpc,45,94,38.8183213128363
qpc,45,95,31.13840469761128
qpc,45,96,42.887433432175676
qpc,45,97,42.572426446325586
qpc,45,98,36.54475704445183
qpc,45,99,28.138077992687098
qpc,45,100,34.612936009446166
qpc,45,101,31.298795302341855
qpc,45,102,32.61812808992072
qpc,45,103,28.931123139895444
qpc,45,104,31.026626535588722
qpc,45,105,42.68456711730757
qpc,45,106,32.6917593587211
qpc,45,107,27.640997158237212
qpc,45,108,27.43040957358321
qpc,45,109,33.654217242184934
qpc,45,110,32.409777739835455
qpc,45,111,31.62660284510887
qpc,45,112,34.809555109312114
qpc,45,113,39.23157308468531
qpc,45,114,36.30659533698297
qpc,45,115,39.82834571171489
qpc,45,116,30.934949179526527
qpc,45,117,28.85248188937428
qpc,45,118,53.83133206341375
qpc,45,119,41.62659890952422
qpc,45,120,39.8148297303336
qpc,45,121,38.200636438647805
qpc,45,122,49.76488015355428
qpc,45,123,35.46259870222734
qpc,45,124,34.1954921583049
qpc,45,125,35.09272210193742
qpc,45,126,52.725183719268664
qpc,45,127,40.212566029049256
qpc,45,128,36.19516303054175
qpc,45,129,39.01598213520146
qpc,45,130,51.30578872659817
qpc,45,131,49.239193265673954
qpc,45,132,55.39697792545935
qpc,45,133,56.314653106698415
qpc,45,134,48.87849430323516
qpc,45,135,42.431104544897366
qpc,45,136,43.04814026569529
qpc,45,137,53.20987009627647
qpc,45,138,51.84166789136223
qpc,45,139,45.51061853106236
qpc,45,140,49.99838965525855
qpc,45,141,55.57183932724301
qpc,45,142,62.674162000740914
qpc,45,143,47.78659237423567
qpc,45,144,47.8220771495875
qpc,45,145,69.14664322050929
qpc,45,146,62.486839008150895
qpc,45,147,65.7054020353297
qpc,45,148,63.72791237831023
qpc,45,149,56.15539712498957
qpc,45,150,40.51663258843954
qpc,45,151,60.14364956787315
qpc,45,152,57.0892931400936
qpc,45,153,69.15219747064661
qpc,45,154,57.80492758736188
qpc,45,155,49.1184146880488
qpc,45,156,68.67245563878623
qpc,45,157,41.58801585162037
qpc,45,158,50.05085989308234
qpc,45,159,61.75756586912996
qpc,45,160,51.04438690576412
qpc,45,161,61.63604241285798
qpc,45,162,60.80350571330719
qpc,45,163,62.67992116649512
qpc,45,164,52.182204287174564
qpc,45,165,59.78755942342435
qpc,45,166,48.4331205715988
qpc,45,167,58.29051424653836
qpc,45,168,52.18650463175016
qpc,45,169,81.6218007363933
qpc,45,170,53.93322895238434
qpc,45,171,70.76829180867672
qpc,45,172,56.55575157373173
qpc,45,173,72.74817881725475
qpc,45,174,63.35932380956503
qpc,45,175,76.17417836539215
qpc,45,176,70.43612385957096
qpc,45,177,89.25797754734499
qpc,45,178,67.43151360708332
qpc,45,179,75.309650915865
qpc,45,180,66.90078604550307
qpc,45,181,91.62752031622989
qpc,45,182,70.87319627250055
qpc,45,183,80.70937551388836
qpc,45,184,74.67098742391906
qpc,45,185,60.63222185586849
qpc,45,186,65.7382388315667
qpc,45,187,75.28081360734974
qpc,45,188,63.163076405658416
qpc,45,189,75.97516303819744
qpc,45,190,87.7513951004486
qpc,45,191,74.84797224436805
qpc,45,192,82.65135609054883
qpc,45,193,81.1044359359759
qpc,45,194,78.16226488032203
qpc,45,195,86.75116001598235
qpc,45,196,74.10515726846702
qpc,45,197,72.16829735086036
qpc,45,198,61.29912863336701
qpc,45,199,69.42331198684474
qpc,45,200,88.6875009093966
qpc,45,201,77.93813402527915
qpc,45,202,65.1347823065818
qpc,45,203,61.82777144737931
qpc,45,204,79.66102358664124
qpc,45,205,71.55355610539632
qpc,45,206,114.69506119425085
qpc,45,207,63.396791138953446
qpc,45,208,84.0658919997135
qpc,45,209,79.62194797640531
qpc,45,210,102.49331643626827
qpc,45,211,75.49458413318406
qpc,45,212,81.3027324883282
qpc,45,213,91.26947679050691
qpc,45,214,85.89922916951205
qpc,45,215,79.21529372428905
qpc,45,216,79.84240490596534
qpc,45,217,119.71019916651075
qpc,45,218,85.12156871075034
qpc,45,219,98.16005649410475
qpc,45,220,74.03483925302118
qpc,45,221,77.29762468916717
qpc,45,222,70.1084235825016
qpc,45,223,137.9422309317547
qpc,45,224,79.57321052727524
qpc,45,225,149.9090868669649
qpc,45,226,68.36932062199426
qpc,45,227,84.90031938914268
qpc,45,228,94.45557975171282
qpc,45,229,82.93385303243426
qpc,45,230,76.07469278013338
qpc,45,231,186.43120830453745
qpc,45,232,78.8702084308711
qpc,45,233,89.05169657969664
qpc,45,234,95.35674427753992
qpc,45,235,89.70998371833274
qpc,45,236,105.86484491535289
qpc,45,237,82.68716211797116
qpc,45,238,108.38778622424728
qpc,45,239,96.69412768641264
qpc,45,240,111.82182809298492
qpc,45,241,91.14799244590118
qpc,45,242,124.16221611446004
qpc,45,243,87.42945949265923
qpc,45,244,133.60340410567312
qpc,45,245,96.47619436275723
qpc,45,246,105.15339691226578
qpc,45,247,107.1838532800712
qpc,45,248,128.8086130635704
qpc,45,249,142.82969282553609
qpc,45,250,110.61506500885021
qpc,45,251,112.69212879345133
qpc,45,252,150.84877459893093
qpc,45,253,129.827283048473
qpc,45,254,117.17797168791334
qpc,45,255,94.87127651967612
qpc,45,256,103.73469612437113
qpc,45,257,140.2498894273138
qpc,45,258,104.86582282354766
qpc,45,259,138.60822215810848
qpc,45,260,115.61672509217732
qpc,45,261,94.10500853754334
qpc,45,262,126.87987776351287
qpc,45,263,96.43096065880826
qpc,45,264,88.52190172561018
qpc,45,265,117.69203999673337
qpc,45,266,146.6263798214567
qpc,45,267,116.74408418495068
qpc,45,268,100.4118751618334
qpc,45,269,98.38179694395802
qpc,45,270,155.6709365043766
qpc,45,271,100.85105700428174
qpc,45,272,134.4419506609631
qpc,45,273,88.70735188647511
qpc,45,274,98.11743786773005
qpc,45,275,99.95749128660844
qpc,45,276,133.62364909418156
qpc,45,277,121.50044935500318
qpc,45,278,142.6267956480631
qpc,45,279,108.93104949962547
qpc,45,280,140.64203938525594
qpc,45,281,167.1919235492498
qpc,45,282,131.9073607953837
qpc,45,283,139.8753487830895
qpc,45,284,170.53524278361678
qpc,45,285,166.35823253160336
qpc,45,286,143.2270004178377
qpc,45,287,109.30436106308775
qpc,45,288,151.0082587930754
qpc,45,289,138.68164958952772
qpc,45,290,136.26084965119682
qpc,45,291,144.64309412415952
qpc,45,292,113.59395895628532
qpc,45,293,136.9023386752839
qpc,45,294,123.58040570579584
qpc,45,295,142.84383170645953
qpc,45,296,226.83685614820197
qpc,45,297,130.63172686810384
qpc,45,298,171.60528732044102
qpc,45,299,183.8452859324212
qpc,45,300,162.27233841577333
qpc,46,1,18.881746494217147
qpc,46,2,27.795038329741466
qpc,46,3,31.461255335788803
qpc,46,4,35.43062214168969
qpc,46,5,41.82919779209066
qpc,46,6,44.257993282467254
qpc,46,7,44.463397496333165
qpc,46,8,49.06897597703624
qpc,46,9,52.00411007743355
qpc,46,10,48.97645015601565
qpc,46,11,52.059629820983226
qpc,46,12,51.5824977577933
qpc,46,13,52.870292294671984
qpc,46,14,50.87557277957019
qpc,46,15,55.0152471813806
qpc,46,16,53.65208386181757
qpc,46,17,54.57225924178713
qpc,46,18,48.718354812852915
qpc,46,19,49.45008475599056
qpc,46,20,44.14496010018518
qpc,46,21,42.39828956133186
qpc,46,22,42.85794187649983
qpc,46,23,42.09360817431048
qpc,46,24,33.94439243966456
qpc,46,25,35.46507555925691
qpc,46,26,24.717717950893142
qpc,46,27,23.149058634963964
qpc,46,28,16.730892126649106
qpc,46,29,16.024420206431486
qpc,46,30,13.072439276417485
qpc,46,31,12.101597022802004
qpc,46,32,9.694491919785024
qpc,46,33,6.9557869601839055
qpc,46,34,7.71283589391177
qpc,46,35,7.442562188267913
qpc,46,36,7.835448491983897
qpc,46,37,8.92223117820704
qpc,46,38,10.773219551756448
qpc,46,39,6.6855520816567955
qpc,46,40,10.873310432032683
qpc,46,41,12.271153369619258
qpc,46,42,10.22816621976416
qpc,46,43,10.319551886467654
qpc,46,44,13.12397838143151
qpc,46,45,10.7891604941355
qpc,46,46,11.81034315962391
qpc,46,47,11.748113298118522
qpc,46,48,12.85909371004186
qpc,46,49,11.148215838321448
qpc,46,50,12.73283894618177
qpc,46,51,13.345904051904931
qpc,46,52,12.210159984041963
qpc,46,53,13.865764701094484
qpc,46,54,12.82457022873187
qpc,46,55,13.027382812205872
qpc,46,56,14.579365520246979
qpc,46,57,15.75107594740922
qpc,46,58,15.635881851113673
qpc,46,59,16.52697853677303
qpc,46,60,15.115769315657452
qpc,46,61,15.172830114721995
qpc,46,62,18.933193627515156
qpc,46,63,17.925813036519255
qpc,46,64,21.37939439230786
qpc,46,65,17.298079686402534
qpc,46,66,21.29547020386675
qpc,46,67,18.75173847057959
qpc,46,68,17.590175088288063
qpc,46,69,18.646039661928537
qpc,46,70,16.747910042982895
qpc,46,71,22.361452841076076
qpc,46,72,20.714612597314645
qpc,46,73,24.681670007794512
qpc,46,74,20.62764982367077
qpc,46,75,27.137608275602155
qpc,46,76,22.120206874436676
qpc,46,77,23.09060005663074
qpc,46,78,24.269800784901328
qpc,46,79,20.581314689558095
qpc,46,80,28.754736776990843
qpc,46,81,22.482501781281954
qpc,46,82,29.47232385653273
qpc,46,83,20.964842319076197
qpc,46,84,26.87449458520199
qpc,46,85,23.3421506231581
qpc,46,86,30.76173363851221
qpc,46,87,28.79312743330883
qpc,46,88,32.02814199853358
qpc,46,89,28.566148072312902
qpc,46,90,31.949907316215
qpc,46,91,31.86774164127497
qpc,46,92,30.920368352428763
qpc,46,93,34.59378311607045
qpc,46,94,26.923549536270908
qpc,46,95,36.31924917736381
qpc,46,96,32.93143497930952
qpc,46,97,29.06499694561169
qpc,46,98,34.35595211574151
qpc,46,99,34.685703990159226
qpc,46,100,34.05520384977137
qpc,46,101,32.33531801724305
qpc,46,102,35.560585567488594
qpc,46,103,30.637526670883325
qpc,46,104,32.68922705831134
qpc,46,105,36.468560054147154
qpc,46,106,35.87467668909476
qpc,46,107,30.744752739652004
qpc,46,108,39.63505534144259
qpc,46,109,29.28160341019341
qpc,46,110,41.47122526207528
qpc,46,111,34.2675206159678
qpc,46,112,38.843464003371395
qpc,46,113,38.79809081296935
qpc,46,114,39.87063262272187
qpc,46,115,34.067497290445274
qpc,46,116,40.61292944011339
qpc,46,117,35.04547811379906
qpc,46,118,34.66088661323061
qpc,46,119,40.59484103618249
qpc,46,120,37.10336183375459
qpc,46,121,40.19467761589335
qpc,46,122,38.51088717984092
qpc,46,123,40.302565225637416
qpc,46,124,54.229496530546406
qpc,46,125,35.155464610575336
qpc,46,126,47.11928573991896
qpc,46,127,39.834419563989535
qpc,46,128,50.454821347827604
qpc,46,129,34.6125200932872
qpc,46,130,48.1782121971678
qpc,46,131,39.059093753247005
qpc,46,132,49.89021137250306
qpc,46,133,38.27006181378645
qpc,46,134,53.743764728921114
qpc,46,135,41.96102749838338
qpc,46,136,45.0940659364013
qpc,46,137,54.17960662664125
qpc,46,138,56.63031831827187
qpc,46,139,32.78633975667972
qpc,46,140,60.341190363017034
qpc,46,141,39.67882258295758
qpc,46,142,51.04553623125535
qpc,46,143,49.053989859183815
qpc,46,144,53.783018118982675
qpc,46,145,47.726777509220206
qpc,46,146,53.77654455602185
qpc,46,147,43.4278432552305
qpc,46,148,56.85542994552131
qpc,46,149,56.11966073038618
qpc,46,150,66.62874340820781
qpc,46,151,45.08352963215245
qpc,46,152,54.71669266261291
qpc,46,153,49.36689444460347
qpc,46,154,59.86619142118931
qpc,46,155,49.59878468540075
qpc,46,156,64.21855414175883
qpc,46,157,52.13653029868544
qpc,46,158,76.63574321530255
qpc,46,159,48.52679232025628
qpc,46,160,84.52521538265741
qpc,46,161,50.621678023457136
qpc,46,162,59.71921119287433
qpc,46,163,63.58628467255355
qpc,46,164,71.72722462257781
qpc,46,165,69.58554641192359
qpc,46,166,67.33378194894486
qpc,46,167,66.35822826395983
qpc,46,168,67.02744360582709
qpc,46,169,79.57060574287972
qpc,46,170,79.46889314356427
qpc,46,171,81.31994719389614
qpc,46,172,78.84823759829098
qpc,46,173,67.4266460946924
qpc,46,174,91.30638392780115
qpc,46,175,63.882446771674175
qpc,46,176,106.64938506912777
qpc,46,177,67.243024740421
qpc,46,178,103.81855913430792
qpc,46,179,73.59848467417022
qpc,46,180,81.69955485115896
qpc,46,181,73.99468066580174
qpc,46,182,81.27589396706938
qpc,46,183,68.09738125564753
qpc,46,184,87.42211574672946
qpc,46,185,70.86037585635388
qpc,46,186,81.34845037239847
qpc,46,187,91.44268740219327
qpc,46,188,76.13771929127316
qpc,46,189,88.7778784560758
qpc,46,190,83.67390531969069
qpc,46,191,96.41742293254984
qpc,46,192,81.321293887924
qpc,46,193,79.69536567033342
qpc,46,194,88.87862045751126
qpc,46,195,79.87828143087951
qpc,46,196,87.88836596822908
qpc,46,197,88.9631038783116
qpc,46,198,89.32156503850669
qpc,46,199,84.63534257416194
qpc,46,200,90.38318583750551
qpc,46,201,92.96594033271764
qpc,46,202,96.83567569196329
qpc,46,203,103.67263976698624
qpc,46,204,86.08411678816658
qpc,46,205,115.81812771888666
qpc,46,206,94.78643392716599
qpc,46,207,79.90664554783493
qpc,46,208,86.466157100901
qpc,46,209,94.38408978414604
qpc,46,210,86.79007410955244
qpc,46,211,101.600272915569
qpc,46,212,81.23802594361013
qpc,46,213,114.89255679900552
qpc,46,214,100.10747512701164
qpc,46,215,112.2410955933616
qpc,46,216,84.43999386116795
qpc,46,217,102.8821023871511
qpc,46,218,118.83331173365463
qpc,46,219,106.23575226875379
qpc,46,220,98.489073641717
qpc,46,221,106.11917002990813
qpc,46,222,109.70067198842902
qpc,46,223,96.90588926120982
qpc,46,224,126.50379406940738
qpc,46,225,94.41930537647609
qpc,46,226,102.88074925210987
qpc,46,227,111.1652846334177
qpc,46,228,101.40815359758699
qpc,46,229,112.00959760284697
qpc,46,230,102.94515761551435
qpc,46,231,144.72324627649937
qpc,46,232,108.82308895666016
qpc,46,233,144.6099039968731
qpc,46,234,127.35428945320064
qpc,46,235,101.75539218064837
qpc,46,236,133.16043139041628
qpc,46,237,93.0257479137612
qpc,46,238,135.02203293371423
qpc,46,239,115.99225462643273
qpc,46,240,139.1270348695252
qpc,46,241,101.94005827084737
qpc,46,242,150.09982608025047
qpc,46,243,111.91237362716855
qpc,46,244,133.25484593321573
qpc,46,245,99.02045503300631
qpc,46,246,148.1848504192981
qpc,46,247,119.43009392044404
qpc,46,248,141.56136413270517
qpc,46,249,130.00490462218428
qpc,46,250,145.36295969257816
qpc,46,251,151.1062998549098
qpc,46,252,144.6342099518413
qpc,46,253,135.2664159589922
qpc,46,254,143.4098533528989
qpc,46,255,122.30436524045287
qpc,46,256,157.39210997116598
qpc,46,257,131.75798454431882
qpc,46,258,151.46366588774234
qpc,46,259,133.81357849277467
qpc,46,260,149.01563844783658
qpc,46,261,139.2819657429968
qpc,46,262,138.6625475813744
qpc,46,263,136.5780091315829
qpc,46,264,137.03256320335487
qpc,46,265,123.82997698092555
qpc,46,266,128.05930992825972
qpc,46,267,152.1570060473635
qpc,46,268,151.8183347159076
qpc,46,269,140.57020405277476
qpc,46,270,131.5028081460578
qpc,46,271,154.44208858450568
qpc,46,272,152.37406444820402
qpc,46,273,152.22627738035388
qpc,46,274,144.68481695096145
qpc,46,275,153.2149172688365
qpc,46,276,156.9247173590285
qpc,46,277,149.5786093044598
qpc,46,278,180.72870586398378
qpc,46,279,174.46322671020258
qpc,46,280,178.2846191755164
qpc,46,281,168.38990606911918
qpc,46,282,123.61361880436401
qpc,46,283,194.4548273479388
qpc,46,284,152.62769401489635
qpc,46,285,160.20762168117074
qpc,46,286,160.10586803231953
qpc,46,287,155.71304645348656
qpc,46,288,165.65057095807697
qpc,46,289,182.17108795384465
qpc,46,290,161.58819023795976
qpc,46,291,175.19805428978222
qpc,46,292,198.32383799226247
qpc,46,293,183.34449597695118
qpc,46,294,165.8713497037683
qpc,46,295,154.44297838126846
qpc,46,296,184.53154801335901
qpc,46,297,167.81349027582635
qpc,46,298,185.53927046961562
qpc,46,299,169.92461657571332
qpc,46,300,185.9438409324601
qpc,47,1,20.320287852966167
qpc,47,2,21.699090738972032
qpc,47,3,25.063421856915852
qpc,47,4,27.33775407361951
qpc,47,5,27.999997284858356
qpc,47,6,27.49476513943537
qpc,47,7,29.34665185957265
qpc,47,8,28.77519089517151
qpc,47,9,30.28427755345264
qpc,47,10,24.01933615139188
qpc,47,11,30.31178155356196
qpc,47,12,36.71819280620625
qpc,47,13,36.429109250040206
qpc,47,14,41.66618111536739
qpc,47,15,50.23694563528534
qpc,47,16,37.666537311616686
qpc,47,17,38.93406833456177
qpc,47,18,42.697345191196334
qpc,47,19,46.00379034808523
qpc,47,20,37.23932845813834
qpc,47,21,38.59283902216906
qpc,47,22,35.589794447364156
qpc,47,23,37.94019951458291
qpc,47,24,30.58457786461217
qpc,47,25,30.311030600258857
qpc,47,26,28.61649788944269
qpc,47,27,24.02728034450447
qpc,47,28,20.57707388988328
qpc,47,29,18.286004427981926
qpc,47,30,15.595159085822646
qpc,47,31,14.691877549431295
qpc,47,32,14.148387640460017
qpc,47,33,14.572780509407188
qpc,47,34,10.402696223213592
qpc,47,35,11.872538409547872
qpc,47,36,9.339476035195242
qpc,47,37,7.989187796866295
qpc,47,38,10.671725995126197
qpc,47,39,7.066097347163034
qpc,47,40,6.827942871454394
qpc,47,41,8.121372512712561
qpc,47,42,9.091264873499822
qpc,47,43,8.19509394447839
qpc,47,44,7.540703987167174
qpc,47,45,7.55852209348999
qpc,47,46,8.23091481643555
qpc,47,47,8.554349208788961
qpc,47,48,8.350161915796019
qpc,47,49,9.101083825536882
qpc,47,50,9.560926675856265
qpc,47,51,11.036460191128407
qpc,47,52,8.930512056746352
qpc,47,53,9.629695037425744
qpc,47,54,10.22400712323729
qpc,47,55,7.980307543978805
qpc,47,56,10.500473036522655
qpc,47,57,9.260219195820275
qpc,47,58,9.893401538651483
qpc,47,59,11.364726941782532
qpc,47,60,9.560257417501834
qpc,47,61,9.896763807740596
qpc,47,62,9.522332474335379
qpc,47,63,11.044325817797459
qpc,47,64,12.938255935105712
qpc,47,65,10.564177129050906
qpc,47,66,13.607129669816317
qpc,47,67,11.549039308542682
qpc,47,68,13.153884802853606
qpc,47,69,12.347809747900282
qpc,47,70,13.818845762511645
qpc,47,71,14.271995998025687
qpc,47,72,11.49320529223483
qpc,47,73,13.60763884274487
qpc,47,74,14.825894797447951
qpc,47,75,14.31227428532187
qpc,47,76,11.09511639024904
qpc,47,77,13.726678851607623
qpc,47,78,17.64234619862752
qpc,47,79,14.326611684675958
qpc,47,80,16.667372468795648
qpc,47,81,15.301669450096943
qpc,47,82,18.654553163095308
qpc,47,83,15.864700715509663
qpc,47,84,15.722637086091032
qpc,47,85,17.29048372543298
qpc,47,86,22.294606439772995
qpc,47,87,15.251290771359551
qpc,47,88,15.877968340597244
qpc,47,89,21.04516119607197
qpc,47,90,18.51975694134369
qpc,47,91,18.116735437460633
qpc,47,92,19.81926110957863
qpc,47,93,19.561843353802445
qpc,47,94,19.08105737536454
qpc,47,95,19.047866034668182
qpc,47,96,22.23979164880002
qpc,47,97,21.689476874719034
qpc,47,98,17.671685103374504
qpc,47,99,19.07646679552904
qpc,47,100,26.085135891602075
qpc,47,101,18.526683671668085
qpc,47,102,19.03756506738623
qpc,47,103,24.278096254284648
qpc,47,104,17.540676485207936
qpc,47,105,34.22267577761107
qpc,47,106,21.677448219198595
qpc,47,107,27.915440917026526
qpc,47,108,24.33692148303577
qpc,47,109,23.39331517214343
qpc,47,110,21.979170061894447
qpc,47,111,26.749283155730144
qpc,47,112,20.00071932665152
qpc,47,113,25.91349168202365
qpc,47,114,27.041016274778666
qpc,47,115,33.936589550243596
qpc,47,116,19.66497529414175
qpc,47,117,23.655885911182168
qpc,47,118,28.501365874330407
qpc,47,119,27.774242478414706
qpc,47,120,28.221466992134967
qpc,47,121,33.07254925995473
qpc,47,122,30.378399238944926
qpc,47,123,20.998968649829656
qpc,47,124,28.354142174812285
qpc,47,125,33.33676723883236
qpc,47,126,22.96106716781605
qpc,47,127,30.426719541156956
qpc,47,128,41.10757060820407
qpc,47,129,30.5652724424809
qpc,47,130,30.99104262770038
qpc,47,131,37.95312307310883
qpc,47,132,30.616022474563817
qpc,47,133,38.17625460748316
qpc,47,134,43.915385046244005
qpc,47,135,42.090978629211506
qpc,47,136,42.933144427147504
qpc,47,137,43.3150033366634
qpc,47,138,31.63626565164167
qpc,47,139,46.62039385528606
qpc,47,140,22.975078552817788
qpc,47,141,31.70233085943825
qpc,47,142,51.778195816000384
qpc,47,143,30.520976040934762
qpc,47,144,60.21560036207339
qpc,47,145,49.33591076497704
qpc,47,146,52.6408223576285
qpc,47,147,40.39559170017986
qpc,47,148,40.18716401020484
qpc,47,149,59.51069227489426
qpc,47,150,41.84555760773573
qpc,47,151,43.31380139597263
qpc,47,152,37.468219732217285
qpc,47,153,58.68712654836593
qpc,47,154,51.34894235530053
qpc,47,155,70.05071986387603
qpc,47,156,51.192489961837595
qpc,47,157,63.755870155316664
qpc,47,158,35.74266855240081
qpc,47,159,46.58450399123705
qpc,47,160,50.20866282304771
qpc,47,161,48.08926610147432
qpc,47,162,43.87167134109443
qpc,47,163,57.13845446489545
qpc,47,164,58.522295225050065
qpc,47,165,64.51056472879154
qpc,47,166,52.21155978114634
qpc,47,167,54.10673388224043
qpc,47,168,48.45133406966434
qpc,47,169,68.24798320140307
qpc,47,170,43.638617441115024
qpc,47,171,47.05715672433626
qpc,47,172,47.37027379785757
qpc,47,173,51.884150270807524
qpc,47,174,56.05014469536818
qpc,47,175,65.61001061222257
qpc,47,176,73.01040631765669
qpc,47,177,66.74373672731564
qpc,47,178,58.36129541446833
qpc,47,179,76.21590463109932
qpc,47,180,53.26146192018636
qpc,47,181,63.87793365374955
qpc,47,182,54.971284321029025
qpc,47,183,52.22705445719482
qpc,47,184,53.645719748399806
qpc,47,185,61.37309628023011
qpc,47,186,59.64748177745435
qpc,47,187,66.04012755565863
qpc,47,188,55.37232222544373
qpc,47,189,64.94511596337611
qpc,47,190,68.75689781487159
qpc,47,191,92.34643065150263
qpc,47,192,62.092314250562985
qpc,47,193,55.38069908869445
qpc,47,194,77.10466480939895
qpc,47,195,65.82190189292238
qpc,47,196,74.2484524763853
qpc,47,197,57.61554612749646
qpc,47,198,83.85682945898941
qpc,47,199,63.8555122436096
qpc,47,200,74.38528036035335
qpc,47,201,93.56799380760343
qpc,47,202,98.96033781796599
qpc,47,203,110.90960733505943
qpc,47,204,100.67008920747335
qpc,47,205,78.96801166317107
qpc,47,206,104.07402345203785
qpc,47,207,93.70282107572434
qpc,47,208,94.0984216191444
qpc,47,209,99.38206445912145
qpc,47,210,107.69123425342785
qpc,47,211,89.2894165239796
qpc,47,212,78.9722126638135
qpc,47,213,86.37759395819559
qpc,47,214,92.72241208969216
qpc,47,215,116.7974581959969
qpc,47,216,100.33486732055941
qpc,47,217,91.04105986872287
qpc,47,218,91.92250896754976
qpc,47,219,87.50725537166512
qpc,47,220,82.49723360401548
qpc,47,221,75.43471625460215
qpc,47,222,78.92593946963258
qpc,47,223,87.21715028834465
qpc,47,224,95.02432374036245
qpc,47,225,109.39895935409896
qpc,47,226,90.02954222684653
qpc,47,227,73.96711049059581
qpc,47,228,103.78650106779159
qpc,47,229,81.72054626150438
qpc,47,230,110.49888428088913
qpc,47,231,75.52039639419644
qpc,47,232,90.37885524620394
qpc,47,233,80.49452547195341
qpc,47,234,128.93324541551266
qpc,47,235,101.76503513530557
qpc,47,236,99.667857895415
qpc,47,237,82.33655265454635
qpc,47,238,90.681405860838
qpc,47,239,89.7255546139654
qpc,47,240,126.92679170382908
qpc,47,241,80.8665898805196
qpc,47,242,116.8049484689297
qpc,47,243,95.53847411390497
qpc,47,244,143.07943319307424
qpc,47,245,122.13115518695513
qpc,47,246,116.53479778717205
qpc,47,247,127.3182334229849
qpc,47,248,130.68083139200237
qpc,47,249,132.1493868380305
qpc,47,250,145.10898414904705
qpc,47,251,104.33219117415084
qpc,47,252,148.66272597722974
qpc,47,253,94.76978898503029
qpc,47,254,121.87466334014944
qpc,47,255,117.20808237025139
qpc,47,256,154.45279849641292
qpc,47,257,110.86161328359921
qpc,47,258,87.85978715179235
qpc,47,259,128.2237274000215
qpc,47,260,109.32357705693845
qpc,47,261,160.42789800224347
qpc,47,262,122.0278250290956
qpc,47,263,143.75761034451259
qpc,47,264,97.7223561664633
qpc,47,265,143.88001123775268
qpc,47,266,114.01724441638743
qpc,47,267,119.25435611510343
qpc,47,268,133.451684039904
qpc,47,269,129.58417406918431
qpc,47,270,113.26627015917884
qpc,47,271,166.68839297112908
qpc,47,272,90.96712726992347
qpc,47,273,103.69568038991086
qpc,47,274,154.26687703533347
qpc,47,275,108.85356916626277
qpc,47,276,156.9990345478417
qpc,47,277,129.11789149794524
qpc,47,278,122.24623394154919
qpc,47,279,85.171418378621
qpc,47,280,156.98934009502088
qpc,47,281,109.30103615278713
qpc,47,282,213.13957252417748
qpc,47,283,115.61293989565378
qpc,47,284,164.04856041144842
qpc,47,285,146.60211991621682
qpc,47,286,169.64311706929809
qpc,47,287,129.32811126387048
qpc,47,288,89.45079884446488
qpc,47,289,160.75349142012132
qpc,47,290,161.43713494331402
qpc,47,291,130.84729867706696
qpc,47,292,132.42582073515663
qpc,47,293,103.91052399432942
qpc,47,294,109.08130697483998
qpc,47,295,131.19180090340697
qpc,47,296,135.3092167888107
qpc,47,297,208.5466542926367
qpc,47,298,143.5737405381454
qpc,47,299,129.75477232523784
qpc,47,300,115.11089140596414
qpc,48,1,12.080571530361919
qpc,48,2,15.720893793618286
qpc,48,3,18.44478351044412
qpc,48,4,22.565905021117462
qpc,48,5,25.04100901351762
qpc,48,6,27.826597911045898
qpc,48,7,35.89884996444551
qpc,48,8,36.28570764337342
qpc,48,9,33.540189027568836
qpc,48,10,37.654403010033114
qpc,48,11,44.024315635420116
qpc,48,12,43.85950675884093
qpc,48,13,46.274065149674215
qpc,48,14,47.78509011634938
qpc,48,15,47.1547363456011
qpc,48,16,49.12177235597926
qpc,48,17,44.95085518576196
qpc,48,18,45.003713676021746
qpc,48,19,49.7077058038009
qpc,48,20,44.438833108567025
qpc,48,21,40.75886146376907
qpc,48,22,33.85804873405525
qpc,48,23,33.996983823532396
qpc,48,24,30.262515413234826
qpc,48,25,27.113167869497133
qpc,48,26,19.921274285072908
qpc,48,27,19.268117998024294
qpc,48,28,14.038678934227494
qpc,48,29,12.340738054580738
qpc,48,30,8.480453820674082
qpc,48,31,10.47887728372839
qpc,48,32,7.124473452417738
qpc,48,33,10.489081870747485
qpc,48,34,7.08003456566586
qpc,48,35,7.299358951027073
qpc,48,36,6.031933945524594
qpc,48,37,9.847049916932882
qpc,48,38,8.370097664261946
qpc,48,39,9.115511412385404
qpc,48,40,7.0627721492864906
qpc,48,41,8.218966399641106
qpc,48,42,7.9386439251269625
qpc,48,43,10.020072258556468
qpc,48,44,10.816553204664563
qpc,48,45,10.73076804205026
qpc,48,46,8.50885789100769
qpc,48,47,10.483574117559733
qpc,48,48,12.807517643134787
qpc,48,49,8.157031813273962
qpc,48,50,11.642122718478133
qpc,48,51,13.101088696629455
qpc,48,52,12.679939469724497
qpc,48,53,11.060932328781838
qpc,48,54,13.016410514751596
qpc,48,55,16.464999738502353
qpc,48,56,13.299293208041119
qpc,48,57,16.955994175178656
qpc,48,58,12.691266036660545
qpc,48,59,15.100703879525922
qpc,48,60,14.514264658318258
qpc,48,61,17.240730167353046
qpc,48,62,14.002029317078883
qpc,48,63,13.686956412706303
qpc,48,64,14.866009116152213
qpc,48,65,19.638610016177363
qpc,48,66,18.857641467456176
qpc,48,67,17.66008157546756
qpc,48,68,20.134842684431216
qpc,48,69,20.658985299081372
qpc,48,70,20.00460176090602
qpc,48,71,22.794531362183076
qpc,48,72,17.85505595000164
qpc,48,73,28.034587117576486
qpc,48,74,17.795578488544134
qpc,48,75,22.24989206478771
qpc,48,76,18.17767586693911
qpc,48,77,17.981967915885363
qpc,48,78,17.633671434546752
qpc,48,79,20.483770185721696
qpc,48,80,20.885888943309997
qpc,48,81,16.709374592740186
qpc,48,82,29.042358312361845
qpc,48,83,21.023298245233438
qpc,48,84,20.813150053867233
qpc,48,85,19.168305249118067
qpc,48,86,30.242687437086158
qpc,48,87,27.51898589677047
qpc,48,88,24.814565598012823
qpc,48,89,23.666645337933563
qpc,48,90,25.451863037592624
qpc,48,91,31.531923231029374
qpc,48,92,33.25539202522195
qpc,48,93,27.70702975004914
qpc,48,94,27.428673982130498
qpc,48,95,23.034488079826044
qpc,48,96,28.86110582812361
qpc,48,97,27.134443584030837
qpc,48,98,28.500979023656523
qpc,48,99,26.406260307630337
qpc,48,100,39.531603645553986
qpc,48,101,31.067078813373243
qpc,48,102,26.75391082079324
qpc,48,103,30.51572452779233
qpc,48,104,33.885159360172814
qpc,48,105,34.17360466349202
qpc,48,106,28.416083094333803
qpc,48,107,34.994346441360136
qpc,48,108,26.78293936228367
qpc,48,109,39.77612111916173
qpc,48,110,32.49568005611632
qpc,48,111,46.366849426835714
qpc,48,112,28.748961229148144
qpc,48,113,43.63252537639747
qpc,48,114,26.810283052819397
qpc,48,115,35.627958916528634
qpc,48,116,36.931975614988026
qpc,48,117,33.75124792701283
qpc,48,118,37.885440668456084
qpc,48,119,30.536220530219236
qpc,48,120,42.99045054814873
qpc,48,121,32.53128970571875
qpc,48,122,46.84069199544558
qpc,48,123,40.326131528682396
qpc,48,124,40.79675592545097
qpc,48,125,42.39939390180816
qpc,48,126,32.522054639291376
qpc,48,127,38.66424470483315
qpc,48,128,49.98990659230321
qpc,48,129,43.42720880226991
qpc,48,130,45.263254718563644
qpc,48,131,51.01043408329447
qpc,48,132,50.31187241516074
qpc,48,133,43.13415553940673
qpc,48,134,60.51574011303898
qpc,48,135,50.135098689963236
qpc,48,136,52.89843372316295
qpc,48,137,64.1005085770546
qpc,48,138,48.51188560735239
qpc,48,139,43.74421481850146
qpc,48,140,66.62238054244013
qpc,48,141,48.83896390555535
qpc,48,142,57.66767457348814
qpc,48,143,52.9958723272895
qpc,48,144,59.569917314379744
qpc,48,145,43.611163209255324
qpc,48,146,55.00414323431473
qpc,48,147,53.96908027295637
qpc,48,148,50.16347703266677
qpc,48,149,51.274030752548214
qpc,48,150,44.05963591334577
qpc,48,151,55.021800358767905
qpc,48,152,59.006751404770995
qpc,48,153,54.683146255985974
qpc,48,154,52.24673546248784
qpc,48,155,62.3939246121741
qpc,48,156,56.60736430850215
qpc,48,157,62.004584490851975
qpc,48,158,74.3084788134528
qpc,48,159,72.07936827130293
qpc,48,160,68.08399765663802
qpc,48,161,53.91447153091815
qpc,48,162,77.76671711725174
qpc,48,163,63.21003350579429
qpc,48,164,65.56430289020736
qpc,48,165,68.21910116117225
qpc,48,166,75.81337296142841
qpc,48,167,68.4319112710552
qpc,48,168,79.55275926287574
qpc,48,169,58.73835255451704
qpc,48,170,69.8197206779634
qpc,48,171,59.882664618854896
qpc,48,172,87.73324467718787
qpc,48,173,82.42916707844435
qpc,48,174,91.1706813944976
qpc,48,175,80.25840089870827
qpc,48,176,78.83256476681487
qpc,48,177,76.67973476792343
qpc,48,178,93.597284936028
qpc,48,179,87.91890550926263
qpc,48,180,96.32842268186528
qpc,48,181,73.68475557230737
qpc,48,182,98.81234055146557
qpc,48,183,79.4616581242237
qpc,48,184,71.59072142285957
qpc,48,185,77.92102417218759
qpc,48,186,71.47434560214533
qpc,48,187,94.62167042225015
qpc,48,188,91.31871092113505
qpc,48,189,100.88206045947707
qpc,48,190,79.17634770186322
qpc,48,191,85.52315650134682
qpc,48,192,74.03448660765139
qpc,48,193,100.5379370694795
qpc,48,194,70.28322381350038
qpc,48,195,90.17084905869315
qpc,48,196,80.93193186794343
qpc,48,197,109.01584746093404
qpc,48,198,88.82123006374543
qpc,48,199,108.87486461384907
qpc,48,200,62.72473213980648
qpc,48,201,98.02628137601414
qpc,48,202,84.95747297646157
qpc,48,203,95.37728780059537
qpc,48,204,82.7416004803589
qpc,48,205,95.9489109346017
qpc,48,206,76.10685445647755
qpc,48,207,91.36898578042778
qpc,48,208,116.74872730704519
qpc,48,209,91.76516983405932
qpc,48,210,81.61530020175145
qpc,48,211,86.82792478525994
qpc,48,212,85.78671469918072
qpc,48,213,92.91228909681323
qpc,48,214,96.51203477343164
qpc,48,215,113.32210212501663
qpc,48,216,112.55579668130535
qpc,48,217,110.59220150678375
qpc,48,218,112.20370800637824
qpc,48,219,110.92739508203981
qpc,48,220,110.87482129898329
qpc,48,221,121.16246041969731
qpc,48,222,122.3821499559816
qpc,48,223,114.49304442849895
qpc,48,224,128.4758260173821
qpc,48,225,137.32577626221644
qpc,48,226,125.70592150046237
qpc,48,227,93.7381680007681
qpc,48,228,106.1210655841449
qpc,48,229,113.20635186603126
qpc,48,230,123.19426864553603
qpc,48,231,119.25871190397311
qpc,48,232,116.09406932079955
qpc,48,233,131.99567680548228
qpc,48,234,112.91874362086334
qpc,48,235,111.38768874373619
qpc,48,236,125.85947115525327
qpc,48,237,137.44571645616577
qpc,48,238,108.14285012072477
qpc,48,239,108.31201849094792
qpc,48,240,159.70881289530806
qpc,48,241,136.66688654717544
qpc,48,242,129.32152135226627
qpc,48,243,134.3987263486229
qpc,48,244,125.47304272372524
qpc,48,245,143.09080233401554
qpc,48,246,167.34064685422243
qpc,48,247,102.45621632335319
qpc,48,248,122.61702464356745
qpc,48,249,128.7957614872122
qpc,48,250,125.93249436069317
qpc,48,251,115.26504979141723
qpc,48,252,164.13421664007163
qpc,48,253,105.49948481481533
qpc,48,254,140.27846723490575
qpc,48,255,144.26718204102096
qpc,48,256,149.91432622873552
qpc,48,257,141.16458107551415
qpc,48,258,180.26657211986912
qpc,48,259,131.12435950230898
qpc,48,260,156.22442449387037
qpc,48,261,141.73180876452105
qpc,48,262,188.33829932374158
qpc,48,263,149.6891959596778
qpc,48,264,171.0219605667942
qpc,48,265,117.00233384130107
qpc,48,266,210.30875308639096
qpc,48,267,108.72855921725316
qpc,48,268,182.0758119804931
qpc,48,269,136.14962101800506
qpc,48,270,210.57710337755626
qpc,48,271,136.55073810188478
qpc,48,272,159.24358042850017
qpc,48,273,140.4424865828203
qpc,48,274,131.9481360787305
qpc,48,275,182.8519977330314
qpc,48,276,132.62360977498153
qpc,48,277,160.28694894696585
qpc,48,278,134.02863246205808
qpc,48,279,158.04062136502532
qpc,48,280,117.45178426146794
qpc,48,281,151.64767836989847
qpc,48,282,134.2625254491353
qpc,48,283,218.91338912395403
qpc,48,284,154.9949738194795
qpc,48,285,163.19916468717744
qpc,48,286,176.6257186409015
qpc,48,287,193.58188427677197
qpc,48,288,189.2869234617144
qpc,48,289,178.61705586247578
qpc,48,290,151.97588040768943
qpc,48,291,171.02752216644677
qpc,48,292,192.75828846755704
qpc,48,293,188.38659915963527
qpc,48,294,176.85101994231292
qpc,48,295,121.99838294573304
qpc,48,296,204.67991905861848
qpc,48,297,156.666817731996
qpc,48,298,203.2997130894569
qpc,48,299,153.70360875907338
qpc,48,300,201.90495687702966
qpc,49,1,14.722882098011706
qpc,49,2,16.95348796745022
qpc,49,3,18.67937389339123
qpc,49,4,24.33753932126341
qpc,49,5,24.392699880232314
qpc,49,6,25.639908076562207
qpc,49,7,31.06421609366289
qpc,49,8,29.419784122147448
qpc,49,9,30.14786193031858
qpc,49,10,26.96425749113502
qpc,49,11,25.29288818909046
qpc,49,12,22.9441811344231
qpc,49,13,20.25715936381001
qpc,49,14,18.863462651671163
qpc,49,15,15.904514562719411
qpc,49,16,16.84922636596306
qpc,49,17,16.438047510385847
qpc,49,18,18.46684153989455
qpc,49,19,19.256987674148778
qpc,49,20,20.525856567751973
qpc,49,21,23.148498206536036
qpc,49,22,26.68816867258605
qpc,49,23,28.10242209139952
qpc,49,24,28.363979603347627
qpc,49,25,29.40200968017085
qpc,49,26,32.55060678932214
qpc,49,27,29.766757721920985
qpc,49,28,29.28816969636084
qpc,49,29,32.45345317203702
qpc,49,30,26.96040157973849
qpc,49,31,30.338284736617414
qpc,49,32,18.871323141477045
qpc,49,33,17.49333294823828
qpc,49,34,18.35959402582643
qpc,49,35,16.226547032240134
qpc,49,36,16.945757240788385
qpc,49,37,11.650777338251915
qpc,49,38,17.07430172790072
qpc,49,39,12.32871688299453
qpc,49,40,11.685242360427527
qpc,49,41,11.175361886028226
qpc,49,42,10.728143820825824
qpc,49,43,15.607093139178472
qpc,49,44,18.584571568903854
qpc,49,45,12.03749505841779
qpc,49,46,17.180509915446613
qpc,49,47,12.78265923555793
qpc,49,48,12.901279715956782
qpc,49,49,12.025736916434965
qpc,49,50,15.261625186696092
qpc,49,51,15.38809647818723
qpc,49,52,17.03267877510198
qpc,49,53,11.440772281808552
qpc,49,54,19.00865239492027
qpc,49,55,14.96294750689289
qpc,49,56,19.093669125884073
qpc,49,57,12.927257361362846
qpc,49,58,16.86404254819941
qpc,49,59,18.905688835049638
qpc,49,60,18.717499838041128
qpc,49,61,18.08824579425428
qpc,49,62,17.99140239760555
qpc,49,63,15.73929934273909
qpc,49,64,17.877009070433598
qpc,49,65,22.46874625315127
qpc,49,66,20.665837528928364
qpc,49,67,16.472246791587658
qpc,49,68,23.785903434376625
qpc,49,69,16.509520147546827
qpc,49,70,23.040637361274847
qpc,49,71,27.802443524949197
qpc,49,72,19.796771498559362
qpc,49,73,15.51601533624917
qpc,49,74,24.85945180986971
qpc,49,75,19.822467149470782
qpc,49,76,23.42661688340272
qpc,49,77,22.39884708649765
qpc,49,78,27.95260201318953
qpc,49,79,19.17293732258947
qpc,49,80,28.358959811498206
qpc,49,81,25.435988407770015
qpc,49,82,24.441754621464167
qpc,49,83,25.215465601258565
qpc,49,84,25.26137957226583
qpc,49,85,23.920832929860186
qpc,49,86,24.179951491908717
qpc,49,87,26.073892256690534
qpc,49,88,28.875343882364984
qpc,49,89,28.623850502992596
qpc,49,90,34.591877240484706
qpc,49,91,32.94240845001951
qpc,49,92,31.41483972438634
qpc,49,93,35.0289140348881
qpc,49,94,30.115440009725933
qpc,49,95,32.16538100198977
qpc,49,96,28.09099579128845
qpc,49,97,27.27827022537949
qpc,49,98,32.657960571809866
qpc,49,99,28.635584703885193
qpc,49,100,32.77862963974806
qpc,49,101,31.90934122087681
qpc,49,102,33.17031218122197
qpc,49,103,33.65328482398611
qpc,49,104,32.018241540955636
qpc,49,105,33.37024649967986
qpc,49,106,32.95518930768529
qpc,49,107,38.89297156907394
qpc,49,108,37.282317408396146
qpc,49,109,37.37254225851109
qpc,49,110,36.530478506621826
qpc,49,111,37.41268218514849
qpc,49,112,41.1033181767565
qpc,49,113,41.07657634643786
qpc,49,114,39.38271762973721
qpc,49,115,39.10717366194565
qpc,49,116,40.47700737841396
qpc,49,117,44.180860858010234
qpc,49,118,34.0106836376927
qpc,49,119,40.06000344114459
qpc,49,120,37.4812534850322
qpc,49,121,49.51483007943936
qpc,49,122,43.95040817867261
qpc,49,123,32.79420182737585
qpc,49,124,56.66643569143871
qpc,49,125,31.3049553500269
qpc,49,126,45.751445236282855
qpc,49,127,46.49667388612866
qpc,49,128,37.09747742692048
qpc,49,129,43.42961005546909
qpc,49,130,35.91910168265404
qpc,49,131,47.14070444813194
qpc,49,132,41.981660998382765
qpc,49,133,39.739664836277186
qpc,49,134,41.69707597431859
qpc,49,135,48.5367913410001
qpc,49,136,39.040935847709086
qpc,49,137,46.718949188437186
qpc,49,138,44.9028795918769
qpc,49,139,51.97593111602683
qpc,49,140,58.15483395228278
qpc,49,141,43.19739939054984
qpc,49,142,47.81832140992324
qpc,49,143,50.61537243639482
qpc,49,144,53.15019744705448
qpc,49,145,48.30874959550911
qpc,49,146,53.75608676338261
qpc,49,147,54.036434133516146
qpc,49,148,57.950447565813654
qpc,49,149,56.967106685331515
qpc,49,150,47.9677531602554
qpc,49,151,65.24473838973398
qpc,49,152,56.410733263427595
qpc,49,153,62.387724329125064
qpc,49,154,54.59751004320405
qpc,49,155,61.8038359232906
qpc,49,156,46.19693961752619
qpc,49,157,67.61397304554785
qpc,49,158,50.640337118034516
qpc,49,159,53.02220596597794
qpc,49,160,64.30855422794463
qpc,49,161,51.801320149809456
qpc,49,162,61.70318862387435
qpc,49,163,54.00828938514976
qpc,49,164,65.68090952299679
qpc,49,165,50.629607692851884
qpc,49,166,61.82370988673008
qpc,49,167,57.89636115347662
qpc,49,168,62.03211368616588
qpc,49,169,58.2001014036106
qpc,49,170,60.241565311639576
qpc,49,171,63.47381556000091
qpc,49,172,61.794791729694204
qpc,49,173,56.81476873711526
qpc,49,174,67.39035328164518
qpc,49,175,72.45522264164188
qpc,49,176,62.44357583644528
qpc,49,177,57.34154258594918
qpc,49,178,79.41200362882188
qpc,49,179,59.9056058707848
qpc,49,180,56.11688118334316
qpc,49,181,65.48248056158026
qpc,49,182,68.40680306934547
qpc,49,183,62.32308505057569
qpc,49,184,66.00178000617396
qpc,49,185,69.29800008837337
qpc,49,186,69.27927093910832
qpc,49,187,85.06420236680371
qpc,49,188,63.69873684120648
qpc,49,189,71.1704654030374
qpc,49,190,61.796147927235275
qpc,49,191,69.83741809869917
qpc,49,192,63.42508284491775
qpc,49,193,78.90617454550497
qpc,49,194,69.61256702483138
qpc,49,195,85.28464529945785
qpc,49,196,66.32608065668619
qpc,49,197,74.53951385610206
qpc,49,198,76.9663380991401
qpc,49,199,75.49152682980393
qpc,49,200,79.42469814100366
qpc,49,201,71.58809182984828
qpc,49,202,88.67663252023127
qpc,49,203,77.95063994706922
qpc,49,204,77.7526720190087
qpc,49,205,78.81142693795455
qpc,49,206,83.11757662029686
qpc,49,207,71.62850003139329
qpc,49,208,84.74473178408428
qpc,49,209,72.81140753010499
qpc,49,210,107.4714821469529
qpc,49,211,75.70164985081334
qpc,49,212,92.28491338020248
qpc,49,213,78.75528080468457
qpc,49,214,91.00365658624311
qpc,49,215,70.9132578297099
qpc,49,216,89.85258152703582
qpc,49,217,82.20117434772601
qpc,49,218,94.14752363639413
qpc,49,219,75.28115256888447
qpc,49,220,99.00638506280178
qpc,49,221,63.93739323141177
qpc,49,222,112.79390147058747
qpc,49,223,74.39982814757808
qpc,49,224,110.67225888148741
qpc,49,225,82.29233514456719
qpc,49,226,110.40165305214758
qpc,49,227,81.38668518080887
qpc,49,228,121.86887864590678
qpc,49,229,85.49397509406403
qpc,49,230,101.19681983200195
qpc,49,231,107.005490254369
qpc,49,232,101.8978912827568
qpc,49,233,102.03764048030702
qpc,49,234,100.20586775324195
qpc,49,235,115.80988149771196
qpc,49,236,81.8300690523169
qpc,49,237,115.18761559720464
qpc,49,238,95.56042002670141
qpc,49,239,111.56800382172915
qpc,49,240,91.9911668458682
qpc,49,241,129.39501930533677
qpc,49,242,116.8614482732196
qpc,49,243,107.64092145551098
qpc,49,244,106.11199437452427
qpc,49,245,106.74996765161787
qpc,49,246,147.22991602481758
qpc,49,247,112.403861973837
qpc,49,248,121.78093333437135
qpc,49,249,121.75597856094977
qpc,49,250,109.68860703236479
qpc,49,251,135.7683273036684
qpc,49,252,122.99146232971002
qpc,49,253,137.833351959865
qpc,49,254,121.32466104200789
qpc,49,255,130.87883593281455
qpc,49,256,125.42328278562883
qpc,49,257,112.73945020412317
qpc,49,258,136.01472729403142
qpc,49,259,134.247834011469
qpc,49,260,117.14021451159239
qpc,49,261,146.79289589130255
qpc,49,262,117.94829723923681
qpc,49,263,165.49745439327805
qpc,49,264,122.81270320093022
qpc,49,265,159.9139139926742
qpc,49,266,133.98338639423253
qpc,49,267,173.09177271420913
qpc,49,268,128.12113272664524
qpc,49,269,129.83957743020792
qpc,49,270,165.19689902768843
qpc,49,271,121.0109872246177
qpc,49,272,136.581199249233
qpc,49,273,151.64905355487738
qpc,49,274,152.48253530420217
qpc,49,275,152.81895200259348
qpc,49,276,149.93959357588525
qpc,49,277,168.37548131357792
qpc,49,278,169.98317224523524
qpc,49,279,149.83066363531825
qpc,49,280,157.59188074380427
qpc,49,281,214.46093798112963
qpc,49,282,146.28380982317574
qpc,49,283,155.94746149971766
qpc,49,284,157.17545231232933
qpc,49,285,119.54929256398154
qpc,49,286,145.114096475034
qpc,49,287,159.04550142210982
qpc,49,288,182.58780389536162
qpc,49,289,169.3606912798061
qpc,49,290,184.43658834604182
qpc,49,291,177.0802396335507
qpc,49,292,164.61160414918638
qpc,49,293,183.75387170791169
qpc,49,294,159.11650941598802
qpc,49,295,178.192787281153
qpc,49,296,152.67580992288475
qpc,49,297,187.7939220513933
qpc,49,298,165.81770177313717
qpc,49,299,186.6638841030566
qpc,49,300,182.0768219529796
qpc,50,1,14.077310318126298
qpc,50,2,18.66114305784398
qpc,50,3,18.68984915617863
qpc,50,4,22.598950042332124
qpc,50,5,24.89499691080018
qpc,50,6,28.013217320030154
qpc,50,7,28.549247701140953
qpc,50,8,29.52503855650705
qpc,50,9,29.926288070469592
qpc,50,10,24.525978778710293
qpc,50,11,23.84892735286169
qpc,50,12,19.391548897350912
qpc,50,13,15.856575768405518
qpc,50,14,15.123266560636415
qpc,50,15,14.657557224020563
qpc,50,16,13.049109534874441
qpc,50,17,12.033200839311148
qpc,50,18,9.924761398253112
qpc,50,19,8.893025197878679
qpc,50,20,8.905522321906664
qpc,50,21,7.735810048451032
qpc,50,22,8.814016248859115
qpc,50,23,8.671792206072185
qpc,50,24,8.907202576512871
qpc,50,25,10.244190473379136
qpc,50,26,11.042388531023043
qpc,50,27,12.347512238432081
qpc,50,28,13.186514451801191
qpc,50,29,11.512278935299593
qpc,50,30,10.7285834411417
qpc,50,31,10.592364014375505
qpc,50,32,10.586524892152738
qpc,50,33,10.057182370456689
qpc,50,34,8.519942618213333
qpc,50,35,8.052664870795793
qpc,50,36,7.859942566778456
qpc,50,37,6.654794544185873
qpc,50,38,7.513944430812581
qpc,50,39,6.834567972922605
qpc,50,40,7.471253494903173
qpc,50,41,6.799543792995767
qpc,50,42,7.080332701023417
qpc,50,43,8.15794895336793
qpc,50,44,8.745869378452177
qpc,50,45,7.620888425852178
qpc,50,46,6.968397643596341
qpc,50,47,7.9449435143703315
qpc,50,48,8.776975045657709
qpc,50,49,8.774402337347706
qpc,50,50,8.986947296905177
qpc,50,51,8.63495303527227
qpc,50,52,8.047626241657218
qpc,50,53,7.469368238382324
qpc,50,54,9.195583454738793
qpc,50,55,10.539447891237556
qpc,50,56,10.732504499799376
qpc,50,57,7.675310243669359
qpc,50,58,11.82423170165844
qpc,50,59,8.668846441674605
qpc,50,60,11.146731869769104
qpc,50,61,9.70229314896298
qpc,50,62,10.091317516585933
qpc,50,63,9.286649010030033
qpc,50,64,9.379945153351905
qpc,50,65,11.539126243901922
qpc,50,66,11.341680224788803
qpc,50,67,12.551249653295956
qpc,50,68,13.663628263709144
qpc,50,69,13.304028107223576
qpc,50,70,12.904414279330313
qpc,50,71,14.385913231459567
qpc,50,72,12.649257560052725
qpc,50,73,13.377488904224936
qpc,50,74,13.40954458961884
qpc,50,75,14.079416807104543
qpc,50,76,15.501093414929828
qpc,50,77,15.064553929115148
qpc,50,78,14.22282404827182
qpc,50,79,18.651080516445912
qpc,50,80,17.444299510903743
qpc,50,81,14.60733964244079
qpc,50,82,16.076926999428057
qpc,50,83,14.678035122417917
qpc,50,84,14.422803236232147
qpc,50,85,20.525489303817196
qpc,50,86,14.752161186386438
qpc,50,87,23.727814890794377
qpc,50,88,16.858843072370988
qpc,50,89,17.623108034612518
qpc,50,90,18.527641623471528
qpc,50,91,20.312132366855664
qpc,50,92,22.920224826132003
qpc,50,93,18.602537624442714
qpc,50,94,18.7421074056289
qpc,50,95,19.710318516659104
qpc,50,96,18.765890676417897
qpc,50,97,21.16747595173945
qpc,50,98,18.095520630391565
qpc,50,99,20.167352175062376
qpc,50,100,21.44459241128544
qpc,50,101,31.180955522837653
qpc,50,102,20.832100171653636
qpc,50,103,25.06684256695494
qpc,50,104,20.669106598916667
qpc,50,105,23.2840605010281
qpc,50,106,26.274689057717943
qpc,50,107,25.82274554830353
qpc,50,108,23.090745995904413
qpc,50,109,17.25582418688327
qpc,50,110,23.16040233675624
qpc,50,111,19.23596679366926
qpc,50,112,29.409363025968272
qpc,50,113,23.782944546240866
qpc,50,114,26.39797206891876
qpc,50,115,20.411116486327025
qpc,50,116,24.88426066059084
qpc,50,117,27.85048739022891
qpc,50,118,29.021011068302993
qpc,50,119,35.17533950331102
qpc,50,120,32.16716451060448
qpc,50,121,29.00968485085888
qpc,50,122,28.571768675066686
qpc,50,123,34.32963126761169
qpc,50,124,36.683067019355924
qpc,50,125,31.213661417913674
qpc,50,126,32.0301702657466
qpc,50,127,25.903430525813043
qpc,50,128,30.821709509259833
qpc,50,129,33.549662872625966
qpc,50,130,36.96340944258758
qpc,50,131,28.448586632793493
qpc,50,132,29.06293056846641
qpc,50,133,34.43364017442752
qpc,50,134,36.04209768865789
qpc,50,135,37.134842817604
qpc,50,136,45.05465559851364
qpc,50,137,32.48788471738521
qpc,50,138,29.411819803641254
qpc,50,139,42.28337386649002
qpc,50,140,24.54875828564419
qpc,50,141,36.992185488717276
qpc,50,142,34.532466930875145
qpc,50,143,41.56927455360472
qpc,50,144,34.39340226287907
qpc,50,145,37.48367055424398
qpc,50,146,34.35349116108826
qpc,50,147,43.47142464719193
qpc,50,148,41.19637729534573
qpc,50,149,40.90417231473141
qpc,50,150,34.51655209470644
qpc,50,151,54.94751447023994
qpc,50,152,40.65568195448358
qpc,50,153,47.019060045947775
qpc,50,154,34.96950356518926
qpc,50,155,39.433491900839954
qpc,50,156,51.72297347971982
qpc,50,157,57.92041807712667
qpc,50,158,28.85904110432227
qpc,50,159,52.783258103897694
qpc,50,160,38.9252770812818
qpc,50,161,49.27653355556944
qpc,50,162,39.99309178762038
qpc,50,163,46.28079003617989
qpc,50,164,51.196532792241854
qpc,50,165,52.11979111256658
qpc,50,166,45.888011049850306
qpc,50,167,52.756566614031414
qpc,50,168,43.16662989886215
qpc,50,169,41.809744790933806
qpc,50,170,39.779339776829424
qpc,50,171,53.040594124399355
qpc,50,172,41.2698238177067
qpc,50,173,52.42838386711703
qpc,50,174,44.55580680086853
qpc,50,175,50.0668437976479
qpc,50,176,58.02954704462048
qpc,50,177,47.95070542164967
qpc,50,178,55.6391538093286
qpc,50,179,56.60204467717356
qpc,50,180,54.74910222122538
qpc,50,181,59.94006410508817
qpc,50,182,50.5086065750057
qpc,50,183,48.16178399111953
qpc,50,184,64.61317807127574
qpc,50,185,56.57609810312718
qpc,50,186,50.319506801756546
qpc,50,187,54.51007311169879
qpc,50,188,50.09540964678313
qpc,50,189,52.15117876276479
qpc,50,190,68.17285779988444
qpc,50,191,52.83939061627009
qpc,50,192,84.65829980489876
qpc,50,193,51.90567429161239
qpc,50,194,72.33248103264866
qpc,50,195,56.22094556619289
qpc,50,196,60.002820058165256
qpc,50,197,63.20756258576761
qpc,50,198,71.78681558782269
qpc,50,199,67.21906915937825
qpc,50,200,73.53937123660897
qpc,50,201,63.4488743517585
qpc,50,202,57.192670191840534
qpc,50,203,54.85234419177102
qpc,50,204,63.18320480871648
qpc,50,205,64.85153636808116
qpc,50,206,66.35308804873443
qpc,50,207,71.60892893057053
qpc,50,208,85.4915516900845
qpc,50,209,66.9818055586421
qpc,50,210,75.60343803620843
qpc,50,211,83.33387150706504
qpc,50,212,75.27158551967457
qpc,50,213,61.78756129384167
qpc,50,214,93.59845371834908
qpc,50,215,68.10536385188941
qpc,50,216,61.42346808734166
qpc,50,217,82.75299302694201
qpc,50,218,93.68992742062046
qpc,50,219,79.95811167324233
qpc,50,220,60.6293049502543
qpc,50,221,61.57038258877049
qpc,50,222,80.99846822356453
qpc,50,223,58.99299198195201
qpc,50,224,90.04371843388812
qpc,50,225,86.4910528025111
qpc,50,226,67.61796236698225
qpc,50,227,87.33589880623654
qpc,50,228,87.01742574794213
qpc,50,229,85.34242953213398
qpc,50,230,89.76265884139546
qpc,50,231,100.65644488161917
qpc,50,232,97.66376481033825
qpc,50,233,107.55181218129951
qpc,50,234,116.24164863582213
qpc,50,235,132.38935889920762
qpc,50,236,104.22953423633349
qpc,50,237,92.6657230914379
qpc,50,238,119.11577828299174
qpc,50,239,116.40648236033006
qpc,50,240,115.95517370747802
qpc,50,241,126.87424530153993
qpc,50,242,125.80998857821739
qpc,50,243,120.2775366536947
qpc,50,244,61.648130882693415
qpc,50,245,96.02699902789631
qpc,50,246,74.68463608878511
qpc,50,247,91.15337496897281
qpc,50,248,80.60636733367495
qpc,50,249,105.38209293774865
qpc,50,250,80.11556057083317
qpc,50,251,102.1537176359087
qpc,50,252,98.07606383907051
qpc,50,253,122.42305726892573
qpc,50,254,103.68756159215012
qpc,50,255,83.53593657910409
qpc,50,256,142.34188856355996
qpc,50,257,85.67487039405097
qpc,50,258,116.21513684963715
qpc,50,259,87.56762147859341
qpc,50,260,145.02991586571576
qpc,50,261,73.55978455986565
qpc,50,262,129.68700414130615
qpc,50,263,100.75343943664593
qpc,50,264,127.47032363971807
qpc,50,265,110.11987670462521
qpc,50,266,138.59371779350892
qpc,50,267,127.64018070614135
qpc,50,268,109.11472449657062
qpc,50,269,99.63018223528766
qpc,50,270,148.47823180117481
qpc,50,271,105.472239039524
qpc,50,272,124.04335283214935
qpc,50,273,103.22390008846283
qpc,50,274,120.40657717576305
qpc,50,275,85.91655996298746
qpc,50,276,142.13116713351164
qpc,50,277,83.0827730390698
qpc,50,278,189.99644914157605
qpc,50,279,105.53824632661157
qpc,50,280,154.783684883725
qpc,50,281,121.76057970722364
qpc,50,282,153.08450775821112
qpc,50,283,107.86669941503474
qpc,50,284,144.6423573605018
qpc,50,285,139.11816020023173
qpc,50,286,133.85923814534974
qpc,50,287,136.36134364999063
qpc,50,288,146.15807407608887
qpc,50,289,110.5650830082209
qpc,50,290,209.41629304099945
qpc,50,291,125.06265380220503
qpc,50,292,172.49033554155037
qpc,50,293,144.5468473520474
qpc,50,294,169.0371403195449
qpc,50,295,141.99393035428804
qpc,50,296,161.25813310125957
qpc,50,297,178.23651355940436
qpc,50,298,162.4502989555127
qpc,50,299,153.223456102953
qpc,50,300,195.23156513487746
qpc,51,1,33.364880207170174
qpc,51,2,38.025368434543104
qpc,51,3,39.80338334958957
qpc,51,4,41.80303838715276
qpc,51,5,40.43332019879806
qpc,51,6,36.59926290021833
qpc,51,7,35.33042419845453
qpc,51,8,34.842882638578644
qpc,51,9,32.48191137264294
qpc,51,10,29.466451649968135
qpc,51,11,29.833696390854524
qpc,51,12,31.195143117084367
qpc,51,13,28.36374796469246
qpc,51,14,28.73456680641574
qpc,51,15,22.730974886126788
qpc,51,16,24.224862291842324
qpc,51,17,19.10410593278708
qpc,51,18,21.207262600198682
qpc,51,19,17.88152491795995
qpc,51,20,16.5212628525506
qpc,51,21,12.814352733572234
qpc,51,22,9.60425661871704
qpc,51,23,9.619078510096257
qpc,51,24,7.612091792507755
qpc,51,25,8.954138850814974
qpc,51,26,7.939260181101194
qpc,51,27,8.351384674993533
qpc,51,28,7.44570329666483
qpc,51,29,8.998519783099436
qpc,51,30,8.996110634755786
qpc,51,31,8.291067218213623
qpc,51,32,9.567652621661143
qpc,51,33,9.69634411711891
qpc,51,34,9.57435476085976
qpc,51,35,11.22836699792329
qpc,51,36,10.636468778473608
qpc,51,37,11.146856912744452
qpc,51,38,12.049674994903311
qpc,51,39,11.68065077981109
qpc,51,40,11.161884051710288
qpc,51,41,11.198212418266085
qpc,51,42,13.259748030919276
qpc,51,43,10.548469120093161
qpc,51,44,13.276728635550656
qpc,51,45,11.543334473769324
qpc,51,46,12.524699959082428
qpc,51,47,11.704888199383095
qpc,51,48,12.63504044452867
qpc,51,49,11.70065350792281
qpc,51,50,12.884863320198622
qpc,51,51,13.805868682351822
qpc,51,52,12.215719176048104
qpc,51,53,15.796334133572753
qpc,51,54,13.53465808572991
qpc,51,55,10.908188777446005
qpc,51,56,13.132096207224958
qpc,51,57,13.336547286559846
qpc,51,58,11.496425849206188
qpc,51,59,16.61893570440759
qpc,51,60,15.39029092245126
qpc,51,61,17.008924807822428
qpc,51,62,15.224526594604411
qpc,51,63,17.8396357862963
qpc,51,64,14.470359837371616
qpc,51,65,22.960553401553685
qpc,51,66,15.264982236961249
qpc,51,67,20.10411033338148
qpc,51,68,15.595170189831567
qpc,51,69,20.043886478529966
qpc,51,70,18.124387933932873
qpc,51,71,19.62211309099955
qpc,51,72,18.136322319927533
qpc,51,73,22.53736158140282
qpc,51,74,14.073337087172963
qpc,51,75,26.817091237589253
qpc,51,76,14.587219133825664
qpc,51,77,21.46719732559105
qpc,51,78,24.421502963001043
qpc,51,79,22.08530165570933
qpc,51,80,27.440130739370957
qpc,51,81,22.74245529221699
qpc,51,82,27.7094474389681
qpc,51,83,19.20669539633232
qpc,51,84,22.049287166023426
qpc,51,85,27.699102176754515
qpc,51,86,27.983603504101378
qpc,51,87,26.20089140497239
qpc,51,88,23.92547353460267
qpc,51,89,24.85139887859044
qpc,51,90,22.441269202408254
qpc,51,91,25.97635874166133
qpc,51,92,22.200361354519092
qpc,51,93,24.098948312645927
qpc,51,94,26.44674625398221
qpc,51,95,20.246670306677792
qpc,51,96,36.38064258562665
qpc,51,97,26.324921293193867
qpc,51,98,26.36545428650039
qpc,51,99,25.631224947116753
qpc,51,100,25.212206526441562
qpc,51,101,27.52675492519402
qpc,51,102,41.872155292166596
qpc,51,103,26.574860210902866
qpc,51,104,31.772081335950308
qpc,51,105,34.54046007859502
qpc,51,106,35.86618746996912
qpc,51,107,45.519457391326895
qpc,51,108,41.13016740438622
qpc,51,109,29.731124170657598
qpc,51,110,36.333541432857984
qpc,51,111,37.97736747149998
qpc,51,112,27.982218812166366
qpc,51,113,35.65463468434179
qpc,51,114,36.230486299602035
qpc,51,115,49.9104840827255
qpc,51,116,31.924721573243573
qpc,51,117,46.76558970677549
qpc,51,118,25.877335309935507
qpc,51,119,30.25899540000971
qpc,51,120,31.770641267266704
qpc,51,121,36.063126682790866
qpc,51,122,34.35033563523216
qpc,51,123,41.3990156124044
qpc,51,124,36.02291394191104
qpc,51,125,41.48663645187487
qpc,51,126,37.64261230721502
qpc,51,127,44.42355872440032
qpc,51,128,38.14441534447528
qpc,51,129,35.08952224181319
qpc,51,130,30.910927006927924
qpc,51,131,50.52472238459306
qpc,51,132,38.374039031100445
qpc,51,133,41.889255490629544
qpc,51,134,35.205162062341195
qpc,51,135,50.29613008753902
qpc,51,136,36.23340763439341
qpc,51,137,42.45612221332345
qpc,51,138,57.9171180372327
qpc,51,139,47.325430566063645
qpc,51,140,48.50994681017139
qpc,51,141,42.16392206336554
qpc,51,142,46.2863678732116
qpc,51,143,49.74465956602548
qpc,51,144,40.71120436256313
qpc,51,145,41.492428645888566
qpc,51,146,47.671655181931335
qpc,51,147,47.69167674252379
qpc,51,148,35.859883967194115
qpc,51,149,56.7373565642197
qpc,51,150,41.85067755250589
qpc,51,151,53.736367418546145
qpc,51,152,60.23017034749082
qpc,51,153,58.27177299744097
qpc,51,154,78.04087883128427
qpc,51,155,48.08211882388453
qpc,51,156,74.19305663949086
qpc,51,157,48.927814926044306
qpc,51,158,68.4377411591588
qpc,51,159,57.92787760913553
qpc,51,160,69.29306284210939
qpc,51,161,47.89287324832183
qpc,51,162,56.46812866764376
qpc,51,163,54.4489463775297
qpc,51,164,53.79762367307105
qpc,51,165,76.06139139444564
qpc,51,166,58.879695342398556
qpc,51,167,70.20042395380737
qpc,51,168,54.490738136603994
qpc,51,169,64.5676726114717
qpc,51,170,44.06803661562537
qpc,51,171,86.95918025264551
qpc,51,172,48.38603353260217
qpc,51,173,83.55077222097758
qpc,51,174,69.746132877637
qpc,51,175,76.36760505403126
qpc,51,176,83.30302565624571
qpc,51,177,82.43256836131236
qpc,51,178,76.02227583616461
qpc,51,179,55.16893761461706
qpc,51,180,63.47609833185259
qpc,51,181,79.46867293694707
qpc,51,182,62.06757695417857
qpc,51,183,86.62673775166255
qpc,51,184,79.05775030583203
qpc,51,185,74.67235904166321
qpc,51,186,80.60234011886308
qpc,51,187,91.63011048671818
qpc,51,188,80.13465968682075
qpc,51,189,52.75914369149359
qpc,51,190,84.4175262256048
qpc,51,191,66.91928590505817
qpc,51,192,93.94055999819685
qpc,51,193,75.11762124267284
qpc,51,194,65.60006144530311
qpc,51,195,54.74286576398901
qpc,51,196,106.50544194832645
qpc,51,197,52.42057688089351
qpc,51,198,125.38944724653571
qpc,51,199,77.50138038427305
qpc,51,200,96.26580661256543
qpc,51,201,78.0993264725882
qpc,51,202,58.54131634834589
qpc,51,203,97.40521101972499
qpc,51,204,74.49377911265067
qpc,51,205,95.92201767538641
qpc,51,206,95.6462329451259
qpc,51,207,84.35605502643836
qpc,51,208,99.64054783333114
qpc,51,209,66.90658834821411
qpc,51,210,74.95538081760749
qpc,51,211,90.38713882802476
qpc,51,212,105.85458114658303
qpc,51,213,106.58469781131292
qpc,51,214,102.94090306085891
qpc,51,215,87.1758618907907
qpc,51,216,90.06176726663813
qpc,51,217,115.2058176837463
qpc,51,218,91.94697312299708
qpc,51,219,100.96428433715582
qpc,51,220,93.52133587054942
qpc,51,221,81.99012286947081
qpc,51,222,110.14305910749111
qpc,51,223,106.84744209563792
qpc,51,224,117.40842665587371
qpc,51,225,121.21086923763288
qpc,51,226,119.05366136675697
qpc,51,227,97.41893346104449
qpc,51,228,124.5453225121434
qpc,51,229,105.74145593361494
qpc,51,230,102.54490284783918
qpc,51,231,125.33037516006083
qpc,51,232,120.07007806421271
qpc,51,233,103.51285626522969
qpc,51,234,157.20227543227094
qpc,51,235,105.5445196375755
qpc,51,236,137.13473504024222
qpc,51,237,108.18953449776522
qpc,51,238,135.7774683931698
qpc,51,239,105.38710024293209
qpc,51,240,111.47062294341922
qpc,51,241,121.77851489395638
qpc,51,242,87.76797671415065
qpc,51,243,117.75163203745902
qpc,51,244,141.1824404997606
qpc,51,245,121.72028455305735
qpc,51,246,88.22278553611535
qpc,51,247,203.07451040633276
qpc,51,248,110.50771491926731
qpc,51,249,173.64682912158355
qpc,51,250,91.19734802206176
qpc,51,251,163.45764763165496
qpc,51,252,103.56415902912354
qpc,51,253,149.9251869728886
qpc,51,254,106.40078635662253
qpc,51,255,182.98449373837855
qpc,51,256,103.49741382926099
qpc,51,257,100.73016215855112
qpc,51,258,117.33587393353606
qpc,51,259,116.6158305619711
qpc,51,260,136.72339936960063
qpc,51,261,132.7496732953838
qpc,51,262,138.72582067413265
qpc,51,263,157.41792462995835
qpc,51,264,132.179117835287
qpc,51,265,134.09596560815055
qpc,51,266,145.06815815220898
qpc,51,267,136.2415098784323
qpc,51,268,119.4880664535017
qpc,51,269,139.7176965809269
qpc,51,270,162.80376883249218
qpc,51,271,134.8199254172353
qpc,51,272,154.79923971542246
qpc,51,273,134.82518965652972
qpc,51,274,127.81793177651618
qpc,51,275,98.57114511823225
qpc,51,276,176.88482768567548
qpc,51,277,80.870142095543
qpc,51,278,165.54954251923198
qpc,51,279,147.58831520017083
qpc,51,280,178.57486444696426
qpc,51,281,100.99013671239003
qpc,51,282,219.09569443274512
qpc,51,283,111.17178225235756
qpc,51,284,139.5999018539973
qpc,51,285,87.41636027734907
qpc,51,286,158.31296256622917
qpc,51,287,125.4245392150101
qpc,51,288,188.36081797990602
qpc,51,289,134.29382874100386
qpc,51,290,242.22128280073255
qpc,51,291,145.55652965147462
qpc,51,292,168.1223410916825
qpc,51,293,100.49425099115477
qpc,51,294,210.62316729555525
qpc,51,295,115.61474387990343
qpc,51,296,218.39780444582541
qpc,51,297,105.39382100260558
qpc,51,298,216.44722949742126
qpc,51,299,147.2232549211522
qpc,51,300,219.81115570306955
hebbian,42,1,11.033849677681472
hebbian,42,2,9.76244620552124
hebbian,42,3,6.6188224658800925
hebbian,42,4,4.004055093356522
hebbian,42,5,3.4440080406812075
hebbian,42,6,2.3398410277513624
hebbian,42,7,2.5574138537810245
hebbian,42,8,2.369134628356764
hebbian,42,9,2.0433185135181673
hebbian,42,10,2.6206127645288233
hebbian,42,11,2.4000903237262254
hebbian,42,12,2.686583951488375
hebbian,42,13,2.6448868289626697
hebbian,42,14,2.907322688704336
hebbian,42,15,2.140210954915827
hebbian,42,16,3.4791101996674145
hebbian,42,17,2.630223230161255
hebbian,42,18,3.841179047959226
hebbian,42,19,2.7857161731125077
hebbian,42,20,4.862082855943144
hebbian,42,21,3.491554847519835
hebbian,42,22,5.71738390594203
hebbian,42,23,3.1783703324328245
hebbian,42,24,4.283901166651088
hebbian,42,25,4.290481863176493
hebbian,42,26,4.793830287518003
hebbian,42,27,3.3744365812423394
hebbian,42,28,5.031683910140797
hebbian,42,29,3.13222987825571
hebbian,42,30,4.98536790048057
hebbian,42,31,3.5951366301440513
hebbian,42,32,4.640718243822858
hebbian,42,33,4.176983669996936
hebbian,42,34,4.320667950807218
hebbian,42,35,4.782329904792798
hebbian,42,36,4.997630811805944
hebbian,42,37,5.331561281117596
hebbian,42,38,4.0294233297853035
hebbian,42,39,5.624721024560059
hebbian,42,40,5.214704413693991
hebbian,42,41,5.447949690847211
hebbian,42,42,5.396235437574116
hebbian,42,43,5.510449868475359
hebbian,42,44,5.1906427454503445
hebbian,42,45,5.1963878321752395
hebbian,42,46,5.630186953090099
hebbian,42,47,4.85236499576702
hebbian,42,48,6.664394883715658
hebbian,42,49,4.3911419849747455
hebbian,42,50,6.676634794035625
hebbian,42,51,6.396510391385709
hebbian,42,52,5.385350458041944
hebbian,42,53,4.862943760763373
hebbian,42,54,5.0907952148575495
hebbian,42,55,5.105917298882491
hebbian,42,56,6.494363042841317
hebbian,42,57,5.112763726283837
hebbian,42,58,6.017688729658354
hebbian,42,59,5.121733469205752
hebbian,42,60,5.4036194648685525
hebbian,42,61,4.945249612865074
hebbian,42,62,4.788819926626178
hebbian,42,63,4.948776927249097
hebbian,42,64,5.213467326008068
hebbian,42,65,5.249844569015519
hebbian,42,66,5.566290665180557
hebbian,42,67,5.303195076147738
hebbian,42,68,4.9895170081119495
hebbian,42,69,6.122537390878245
hebbian,42,70,4.513207711013158
hebbian,42,71,5.719024202386985
hebbian,42,72,4.7304960945511505
hebbian,42,73,6.57848528833909
hebbian,42,74,5.702589540641449
hebbian,42,75,6.460269178958281
hebbian,42,76,5.7900044195761
hebbian,42,77,7.021547666792799
hebbian,42,78,4.313446160097478
hebbian,42,79,7.424515402713084
hebbian,42,80,6.816867834256977
hebbian,42,81,8.411257862150054
hebbian,42,82,5.503998558923668
hebbian,42,83,6.484466907236572
hebbian,42,84,5.5745739990899175
hebbian,42,85,8.665174275876973
hebbian,42,86,6.737348719553569
hebbian,42,87,6.928415224033322
hebbian,42,88,6.182966650005493
hebbian,42,89,8.537220993414543
hebbian,42,90,6.497175197485093
hebbian,42,91,6.78608352916325
hebbian,42,92,6.415137826874756
hebbian,42,93,10.300356230837563
hebbian,42,94,6.6549748253564465
hebbian,42,95,9.206359357300313
hebbian,42,96,6.215772936995739
hebbian,42,97,8.347409528145295
hebbian,42,98,6.1117781508315625
hebbian,42,99,10.042423885420915
hebbian,42,100,8.875380230959108
hebbian,42,101,10.960035594472869
hebbian,42,102,6.367294399437141
hebbian,42,103,11.484656796974855
hebbian,42,104,7.151539642354816
hebbian,42,105,10.66787755942084
hebbian,42,106,7.472551856991448
hebbian,42,107,11.831069710923797
hebbian,42,108,9.037331062577904
hebbian,42,109,12.702440560943314
hebbian,42,110,9.389739108539665
hebbian,42,111,9.775110071232147
hebbian,42,112,7.080906326924068
hebbian,42,113,11.597076673286011
hebbian,42,114,8.188078163155566
hebbian,42,115,11.305119319850501
hebbian,42,116,7.190084295748679
hebbian,42,117,9.523039170018157
hebbian,42,118,7.856732637667144
hebbian,42,119,13.95846200664522
hebbian,42,120,7.107620964170838
hebbian,42,121,13.734066646134977
hebbian,42,122,7.064044938205776
hebbian,42,123,12.68860787695458
hebbian,42,124,8.125508438886845
hebbian,42,125,11.696262840286398
hebbian,42,126,8.41854964497536
hebbian,42,127,12.785137740490086
hebbian,42,128,7.346293314443185
hebbian,42,129,12.625450599588328
hebbian,42,130,7.388733207478344
hebbian,42,131,12.19885521361262
hebbian,42,132,6.483167067975767
hebbian,42,133,12.731355432556262
hebbian,42,134,8.055138246549076
hebbian,42,135,12.96890675569927
hebbian,42,136,7.925032067921393
hebbian,42,137,14.776155483318831
hebbian,42,138,8.32824784728026
hebbian,42,139,11.879980915267986
hebbian,42,140,8.597462364966184
hebbian,42,141,10.6514918678667
hebbian,42,142,8.909162523833027
hebbian,42,143,13.553995114812171
hebbian,42,144,7.05602193836696
hebbian,42,145,13.829415078699173
hebbian,42,146,8.024889121050386
hebbian,42,147,11.189788642811648
hebbian,42,148,8.536028555373584
hebbian,42,149,12.052717293111668
hebbian,42,150,7.645257788314632
hebbian,42,151,10.469465124674327
hebbian,42,152,8.750050586136611
hebbian,42,153,12.930422498222082
hebbian,42,154,8.270991300714693
hebbian,42,155,10.510722012968715
hebbian,42,156,7.760081902418016
hebbian,42,157,11.120719950360614
hebbian,42,158,8.891501054108142
hebbian,42,159,12.179508077374402
hebbian,42,160,8.052433421047992
hebbian,42,161,11.140010532354525
hebbian,42,162,8.10946835510539
hebbian,42,163,11.447521070261013
hebbian,42,164,8.634407966070638
hebbian,42,165,11.716551089151407
hebbian,42,166,7.829819394689459
hebbian,42,167,11.441434739188388
hebbian,42,168,8.01679779828457
hebbian,42,169,12.07033322350258
hebbian,42,170,8.464994187243294
hebbian,42,171,12.024328480982735
hebbian,42,172,8.633318498242355
hebbian,42,173,12.315462618158437
hebbian,42,174,8.46158822648465
hebbian,42,175,10.48409567340174
hebbian,42,176,8.910199937852205
hebbian,42,177,13.134575062413433
hebbian,42,178,8.377265261463712
hebbian,42,179,13.009720580957076
hebbian,42,180,9.135421631635234
hebbian,42,181,12.134772849762472
hebbian,42,182,9.077639569329333
hebbian,42,183,14.208913948451146
hebbian,42,184,9.422047917221363
hebbian,42,185,13.60745086501998
hebbian,42,186,8.674278408204612
hebbian,42,187,13.261119692336615
hebbian,42,188,9.532360049003625
hebbian,42,189,12.988598721181909
hebbian,42,190,9.44180932542843
hebbian,42,191,11.983393034916306
hebbian,42,192,8.972306715690628
hebbian,42,193,10.69728131774732
hebbian,42,194,9.374423587067518
hebbian,42,195,14.556750230939402
hebbian,42,196,8.172441584584748
hebbian,42,197,12.58614878917827
hebbian,42,198,9.434789017329551
hebbian,42,199,13.51233608020949
hebbian,42,200,8.653237260716667
hebbian,42,201,10.715699015239416
hebbian,42,202,9.633201440303173
hebbian,42,203,13.087596106977157
hebbian,42,204,8.289700125644446
hebbian,42,205,12.988499546678868
hebbian,42,206,8.779177767394597
hebbian,42,207,12.49318245888972
hebbian,42,208,9.338025279363452
hebbian,42,209,12.519040508151631
hebbian,42,210,10.081165737017637
hebbian,42,211,12.246977173083877
hebbian,42,212,8.287553359980558
hebbian,42,213,13.121700574381775
hebbian,42,214,9.231723124368152
hebbian,42,215,12.46918624980849
hebbian,42,216,9.122236138230495
hebbian,42,217,12.881822936191355
hebbian,42,218,8.86550484670662
hebbian,42,219,10.955003847721754
hebbian,42,220,9.495398233640849
hebbian,42,221,11.704529443712433
hebbian,42,222,9.961117677913636
hebbian,42,223,12.035093261580071
hebbian,42,224,9.336413583283166
hebbian,42,225,12.089835295982892
hebbian,42,226,9.749693253611474
hebbian,42,227,12.46310850943463
hebbian,42,228,9.013318261729403
hebbian,42,229,12.18233349233982
hebbian,42,230,9.092609952010095
hebbian,42,231,11.75819327636358
hebbian,42,232,9.764575225621211
hebbian,42,233,12.297510460836815
hebbian,42,234,9.233125796888848
hebbian,42,235,12.5029853070522
hebbian,42,236,9.03100338196466
hebbian,42,237,12.878148199473772
hebbian,42,238,9.874096609459299
hebbian,42,239,11.918346687482513
hebbian,42,240,10.88345211182671
hebbian,42,241,12.084068645494797
hebbian,42,242,10.23933091728429
hebbian,42,243,11.936186431113477
hebbian,42,244,10.047650551566516
hebbian,42,245,13.58520052643899
hebbian,42,246,9.195555390174325
hebbian,42,247,11.900741322050527
hebbian,42,248,10.352116723279407
hebbian,42,249,13.248591847917043
hebbian,42,250,9.643319272154507
hebbian,42,251,12.71768448545336
hebbian,42,252,8.893232983143962
hebbian,42,253,11.694908478636147
hebbian,42,254,10.938976410971167
hebbian,42,255,10.568704178965843
hebbian,42,256,11.135589122919914
hebbian,42,257,10.9622115552653
hebbian,42,258,10.317863647289947
hebbian,42,259,10.71318701876254
hebbian,42,260,10.155923686303646
hebbian,42,261,11.20096079803036
hebbian,42,262,10.597184797171218
hebbian,42,263,11.04391943844589
hebbian,42,264,10.679445133784089
hebbian,42,265,10.231484804169826
hebbian,42,266,10.266177127990739
hebbian,42,267,11.586622469210967
hebbian,42,268,10.539648766715988
hebbian,42,269,10.619098052549873
hebbian,42,270,10.595132794040818
hebbian,42,271,11.102713867814078
hebbian,42,272,10.520375094908509
hebbian,42,273,11.586833477007298
hebbian,42,274,11.082581397833325
hebbian,42,275,10.31820251394754
hebbian,42,276,11.566176426362391
hebbian,42,277,11.033036690012308
hebbian,42,278,10.760594537224303
hebbian,42,279,11.21330945105025
hebbian,42,280,11.658829739188684
hebbian,42,281,11.066980911723153
hebbian,42,282,11.147908631313253
hebbian,42,283,10.132389808026936
hebbian,42,284,9.603717444440603
hebbian,42,285,11.185155796536097
hebbian,42,286,10.818955260829137
hebbian,42,287,11.200378770145168
hebbian,42,288,10.556927772590562
hebbian,42,289,10.483664336828628
hebbian,42,290,11.071363179179789
hebbian,42,291,11.788451725087764
hebbian,42,292,11.183979650028121
hebbian,42,293,11.448683465853241
hebbian,42,294,11.343615208567366
hebbian,42,295,12.349305150129174
hebbian,42,296,10.546359948362415
hebbian,42,297,10.66593738505996
hebbian,42,298,10.760088826196453
hebbian,42,299,12.138159109666736
hebbian,42,300,11.74843969127697
hebbian,43,1,21.64425513059423
hebbian,43,2,18.567313533888115
hebbian,43,3,12.5671502024854
hebbian,43,4,9.353540450835537
hebbian,43,5,5.927514441210641
hebbian,43,6,4.674619305841607
hebbian,43,7,4.802845798662378
hebbian,43,8,4.585079425723603
hebbian,43,9,5.216406615524943
hebbian,43,10,5.690902887038653
hebbian,43,11,6.134886254980352
hebbian,43,12,8.209384697823735
hebbian,43,13,7.682150505487666
hebbian,43,14,8.588064379409794
hebbian,43,15,9.702767643627368
hebbian,43,16,10.167907415853959
hebbian,43,17,10.957198867035215
hebbian,43,18,11.661985768614402
hebbian,43,19,14.588046279542565
hebbian,43,20,10.82572780454645
hebbian,43,21,18.922593472092384
hebbian,43,22,10.691184261265722
hebbian,43,23,16.174596260014884
hebbian,43,24,9.118819873284464
hebbian,43,25,19.047920429988505
hebbian,43,26,10.510316145425412
hebbian,43,27,19.82722324821543
hebbian,43,28,10.18860342778859
hebbian,43,29,28.217264400812805
hebbian,43,30,11.709387511879015
hebbian,43,31,26.069170499145674
hebbian,43,32,12.783041258862452
hebbian,43,33,25.025572341700066
hebbian,43,34,12.80146336519343
hebbian,43,35,28.809346660253514
hebbian,43,36,7.4800229281800235
hebbian,43,37,32.37691322954076
hebbian,43,38,10.585511718527632
hebbian,43,39,36.554946814641035
hebbian,43,40,9.732694393963714
hebbian,43,41,32.806354914958234
hebbian,43,42,14.198074002858549
hebbian,43,43,33.576081717682705
hebbian,43,44,15.430088099498779
hebbian,43,45,30.859845263783033
hebbian,43,46,16.444072702798447
hebbian,43,47,28.57028554673809
hebbian,43,48,15.079866805806141
hebbian,43,49,29.610166488415416
hebbian,43,50,14.99464954986879
hebbian,43,51,29.730586065626028
hebbian,43,52,18.63390788976518
hebbian,43,53,33.73367649838037
hebbian,43,54,18.698462222322863
hebbian,43,55,33.71281605641969
hebbian,43,56,19.76647400274043
hebbian,43,57,33.25997702132028
hebbian,43,58,16.64545619630891
hebbian,43,59,29.519000745317957
hebbian,43,60,16.24013840293392
hebbian,43,61,34.89782016288892
hebbian,43,62,15.11486230544383
hebbian,43,63,23.679899864890174
hebbian,43,64,18.68593384497235
hebbian,43,65,34.723117324021494
hebbian,43,66,18.216701786368052
hebbian,43,67,32.870618802930885
hebbian,43,68,17.852798649532705
hebbian,43,69,30.991895192445977
hebbian,43,70,18.856043646618307
hebbian,43,71,28.007763488952456
hebbian,43,72,21.046166528357322
hebbian,43,73,28.795061537785077
hebbian,43,74,21.984962911583942
hebbian,43,75,33.55451158830629
hebbian,43,76,20.780401774767764
hebbian,43,77,28.024104591072444
hebbian,43,78,22.298838445075795
hebbian,43,79,30.91137082190589
hebbian,43,80,21.649143973969256
hebbian,43,81,35.957883280146724
hebbian,43,82,22.439297752388715
hebbian,43,83,26.54696146582321
hebbian,43,84,22.581880432257815
hebbian,43,85,31.630513719074248
hebbian,43,86,17.116699260320388
hebbian,43,87,28.48016653684436
hebbian,43,88,17.218917393133413
hebbian,43,89,28.79783744147233
hebbian,43,90,19.126653605729203
hebbian,43,91,31.05644774790284
hebbian,43,92,21.17585436785423
hebbian,43,93,32.15561289835037
hebbian,43,94,18.07388687633029
hebbian,43,95,30.15530602715279
hebbian,43,96,19.650725842311083
hebbian,43,97,30.180004751107944
hebbian,43,98,22.957585765084513
hebbian,43,99,28.35385509504946
hebbian,43,100,20.521514658088957
hebbian,43,101,28.913637344081348
hebbian,43,102,24.480818988247847
hebbian,43,103,26.236647101892082
hebbian,43,104,19.555938495665288
hebbian,43,105,36.424546182583704
hebbian,43,106,22.717284006903427
hebbian,43,107,30.770857193630366
hebbian,43,108,19.156203595464316
hebbian,43,109,34.29883875595412
hebbian,43,110,20.07175514841773
hebbian,43,111,29.049990282741398
hebbian,43,112,19.44042327721587
hebbian,43,113,30.678655287531686
hebbian,43,114,20.07600266412804
hebbian,43,115,32.11393401727915
hebbian,43,116,20.465334951715235
hebbian,43,117,25.72591485933683
hebbian,43,118,22.577993733283424
hebbian,43,119,30.852650298309335
hebbian,43,120,20.079546332545306
hebbian,43,121,29.751087293562684
hebbian,43,122,21.19906922100146
hebbian,43,123,28.177134372091334
hebbian,43,124,20.479316914173967
hebbian,43,125,32.539793449106334
hebbian,43,126,20.813922668217383
hebbian,43,127,26.700707327460645
hebbian,43,128,19.27097941776349
hebbian,43,129,27.590068329008115
hebbian,43,130,17.621205063312747
hebbian,43,131,31.329391523917366
hebbian,43,132,21.806809440397355
hebbian,43,133,29.89224478920949
hebbian,43,134,21.434206740428976
hebbian,43,135,32.800328431262784
hebbian,43,136,19.25326453206281
hebbian,43,137,30.823748481861934
hebbian,43,138,14.61088082853983
hebbian,43,139,28.78857250382853
hebbian,43,140,18.76730434342302
hebbian,43,141,28.24829869591471
hebbian,43,142,21.122219976576172
hebbian,43,143,33.36687654641741
hebbian,43,144,20.202189756312013
hebbian,43,145,27.84091484335087
hebbian,43,146,18.801919022600238
hebbian,43,147,32.249698472709724
hebbian,43,148,19.561743244080553
hebbian,43,149,26.488684874707598
hebbian,43,150,19.055442769933766
hebbian,43,151,31.587149373518454
hebbian,43,152,18.06052467128305
hebbian,43,153,29.017370870215903
hebbian,43,154,20.771416413520562
hebbian,43,155,32.80821574585709
hebbian,43,156,18.392825292632494
hebbian,43,157,31.162019601984547
hebbian,43,158,17.616062311811557
hebbian,43,159,35.215103428530306
hebbian,43,160,20.196935925498455
hebbian,43,161,31.806088684713327
hebbian,43,162,18.947391286920666
hebbian,43,163,29.220675605947154
hebbian,43,164,17.908238634274166
hebbian,43,165,25.999904427926275
hebbian,43,166,19.188987378877133
hebbian,43,167,27.424005902378386
hebbian,43,168,19.41233515664101
hebbian,43,169,28.104879173913403
hebbian,43,170,20.230057212178465
hebbian,43,171,30.044850348365028
hebbian,43,172,20.73535877396181
hebbian,43,173,24.141302069697243
hebbian,43,174,21.612231314351128
hebbian,43,175,33.69908162705444
hebbian,43,176,21.06988016462599
hebbian,43,177,33.055170897391164
hebbian,43,178,22.563220766961102
hebbian,43,179,30.287695959182376
hebbian,43,180,22.614507901580286
hebbian,43,181,30.331366808149877
hebbian,43,182,20.77314174704385
hebbian,43,183,32.28881966163979
hebbian,43,184,22.844011183718802
hebbian,43,185,26.3668955169635
hebbian,43,186,22.029972595785058
hebbian,43,187,26.715306153241354
hebbian,43,188,21.888682962038924
hebbian,43,189,29.539355929297987
hebbian,43,190,16.99314163527077
hebbian,43,191,31.89075994253367
hebbian,43,192,15.962054001527891
hebbian,43,193,30.27665946743946
hebbian,43,194,21.157472955689098
hebbian,43,195,31.164695108410193
hebbian,43,196,19.95256493271585
hebbian,43,197,28.344548798524155
hebbian,43,198,20.910109175187127
hebbian,43,199,29.85251635271464
hebbian,43,200,22.755388747687437
hebbian,43,201,26.558810634588635
hebbian,43,202,21.58793458764552
hebbian,43,203,32.724530378993066
hebbian,43,204,22.948984138599062
hebbian,43,205,26.397151370869974
hebbian,43,206,21.07346079129237
hebbian,43,207,28.315982255550917
hebbian,43,208,16.80614879459985
hebbian,43,209,29.545636459275258
hebbian,43,210,19.54963411139229
hebbian,43,211,26.669175845569136
hebbian,43,212,21.41081298189338
hebbian,43,213,29.56381298633536
hebbian,43,214,21.06663397224911
hebbian,43,215,36.48888837300122
hebbian,43,216,21.97616345521213
hebbian,43,217,34.733174572688775
hebbian,43,218,18.049753683115558
hebbian,43,219,34.856690088075396
hebbian,43,220,18.040871793470025
hebbian,43,221,31.13250828312385
hebbian,43,222,17.120241962815957
hebbian,43,223,32.23652105591308
hebbian,43,224,18.858162598237456
hebbian,43,225,27.411068629749252
hebbian,43,226,17.66501135851199
hebbian,43,227,26.90631012208831
hebbian,43,228,20.78432227396652
hebbian,43,229,30.65146892698526
hebbian,43,230,18.447924728229058
hebbian,43,231,26.042353910072972
hebbian,43,232,18.875034691191352
hebbian,43,233,35.38562765383211
hebbian,43,234,17.5492195330787
hebbian,43,235,33.82747208404052
hebbian,43,236,22.80780233226983
hebbian,43,237,32.25286998579929
hebbian,43,238,21.356463755345615
hebbian,43,239,33.42882611988109
hebbian,43,240,19.008723743494365
hebbian,43,241,31.56996833855278
hebbian,43,242,20.649891276111703
hebbian,43,243,27.727021748412866
hebbian,43,244,19.55549706016731
hebbian,43,245,27.59958184050913
hebbian,43,246,17.00184851701965
hebbian,43,247,31.588474491108556
hebbian,43,248,17.534875256621614
hebbian,43,249,28.42475844042623
hebbian,43,250,22.15735432473357
hebbian,43,251,32.897086103910304
hebbian,43,252,20.95830934405636
hebbian,43,253,33.37392272125959
hebbian,43,254,21.010603694611827
hebbian,43,255,27.025153294241406
hebbian,43,256,19.562323836890435
hebbian,43,257,33.416079212455934
hebbian,43,258,24.124857110046698
hebbian,43,259,32.0247149241505
hebbian,43,260,20.792268986941362
hebbian,43,261,28.823554085161586
hebbian,43,262,19.164743481419638
hebbian,43,263,29.157164589524374
hebbian,43,264,17.642635685671976
hebbian,43,265,31.151382469962673
hebbian,43,266,18.615385798357913
hebbian,43,267,30.6209505789055
hebbian,43,268,24.38872644954189
hebbian,43,269,35.721530355810756
hebbian,43,270,22.559530949416537
hebbian,43,271,28.769394863757757
hebbian,43,272,25.17348086284479
hebbian,43,273,29.139172219539038
hebbian,43,274,20.72627842067016
hebbian,43,275,27.30730886674836
hebbian,43,276,21.71619246485002
hebbian,43,277,28.954296635511522
hebbian,43,278,23.736289827128303
hebbian,43,279,34.62987561991253
hebbian,43,280,24.245188019633773
hebbian,43,281,24.632606423122844
hebbian,43,282,17.62567112227944
hebbian,43,283,35.732379551397344
hebbian,43,284,21.227701167592897
hebbian,43,285,27.139313601224103
hebbian,43,286,23.016720652318753
hebbian,43,287,31.029077203103284
hebbian,43,288,21.42923526846697
hebbian,43,289,31.333931922176102
hebbian,43,290,20.90385842915697
hebbian,43,291,32.307113480216685
hebbian,43,292,16.267096910487865
hebbian,43,293,28.661509345975446
hebbian,43,294,20.703520358916318
hebbian,43,295,36.40812914419397
hebbian,43,296,20.275963235726774
hebbian,43,297,32.40236213351925
hebbian,43,298,23.706094518918963
hebbian,43,299,40.663457818210425
hebbian,43,300,21.91247208969945
hebbian,44,1,26.438323407080517
hebbian,44,2,20.140467888520536
hebbian,44,3,16.161197576482085
hebbian,44,4,10.198603820507278
hebbian,44,5,5.37978089161924
hebbian,44,6,4.647834021276796
hebbian,44,7,4.934127184191692
hebbian,44,8,5.464473995870821
hebbian,44,9,4.570387247280052
hebbian,44,10,5.990150352598181
hebbian,44,11,5.400175876377263
hebbian,44,12,7.087537582930033
hebbian,44,13,7.2484659458986895
hebbian,44,14,10.609359856696928
hebbian,44,15,6.787771883570741
hebbian,44,16,15.02122776576819
hebbian,44,17,6.279361587131351
hebbian,44,18,12.159239172088233
hebbian,44,19,10.630957681037888
hebbian,44,20,14.51806081715162
hebbian,44,21,8.745564734576403
hebbian,44,22,17.698326408427548
hebbian,44,23,10.627382527504672
hebbian,44,24,18.614252864715922
hebbian,44,25,7.682180651621815
hebbian,44,26,21.442991663876533
hebbian,44,27,13.88685227666928
hebbian,44,28,15.312110349312574
hebbian,44,29,11.127383825364943
hebbian,44,30,14.638205310957145
hebbian,44,31,12.400591603820226
hebbian,44,32,22.374055474359526
hebbian,44,33,9.276757382927052
hebbian,44,34,24.640993070299285
hebbian,44,35,14.855065997538562
hebbian,44,36,23.286246893020483
hebbian,44,37,10.778621462273115
hebbian,44,38,21.1620025296312
hebbian,44,39,15.712008638810135
hebbian,44,40,21.583145057121968
hebbian,44,41,14.738692549999056
hebbian,44,42,22.4703947926591
hebbian,44,43,11.246618825951325
hebbian,44,44,27.92875270472479
hebbian,44,45,14.967243307960537
hebbian,44,46,24.04284921691509
hebbian,44,47,14.245223955188708
hebbian,44,48,30.471988338192194
hebbian,44,49,14.668298702146547
hebbian,44,50,24.690403158153334
hebbian,44,51,13.641764099515997
hebbian,44,52,19.7181634332
hebbian,44,53,14.941500612343951
hebbian,44,54,24.976634145461915
hebbian,44,55,16.449889244314473
hebbian,44,56,24.01941840738093
hebbian,44,57,14.744168005530897
hebbian,44,58,20.5295242199546
hebbian,44,59,15.001428909872903
hebbian,44,60,18.248091865582804
hebbian,44,61,12.966345223117019
hebbian,44,62,22.055938444760006
hebbian,44,63,17.749181291471547
hebbian,44,64,24.104312749629006
hebbian,44,65,19.077228268073025
hebbian,44,66,28.119432802796123
hebbian,44,67,18.349644081624817
hebbian,44,68,21.176587727219484
hebbian,44,69,15.734771001586234
hebbian,44,70,24.159103973390167
hebbian,44,71,17.581167896120544
hebbian,44,72,16.510220217487902
hebbian,44,73,13.63356373909344
hebbian,44,74,23.788067921004675
hebbian,44,75,15.574253549754632
hebbian,44,76,22.949735748888262
hebbian,44,77,18.858076877537773
hebbian,44,78,21.46448975768759
hebbian,44,79,18.677084186819062
hebbian,44,80,20.2992963438412
hebbian,44,81,16.219552636503746
hebbian,44,82,25.78159170189489
hebbian,44,83,20.776816341171312
hebbian,44,84,23.306659071449438
hebbian,44,85,20.33531017255796
hebbian,44,86,19.73267619089223
hebbian,44,87,23.980196820500854
hebbian,44,88,22.420763040159184
hebbian,44,89,23.101011756679306
hebbian,44,90,20.52998828451842
hebbian,44,91,16.821118189179924
hebbian,44,92,24.87126161682546
hebbian,44,93,17.884897897877018
hebbian,44,94,24.99211915223749
hebbian,44,95,19.339971379206542
hebbian,44,96,23.156331617481978
hebbian,44,97,21.484440861561403
hebbian,44,98,24.114432081059988
hebbian,44,99,12.839726669217663
hebbian,44,100,21.794927300153912
hebbian,44,101,20.06149507586973
hebbian,44,102,24.32749277005593
hebbian,44,103,20.183875457642113
hebbian,44,104,23.875080873546928
hebbian,44,105,16.854331224190688
hebbian,44,106,21.651129701488564
hebbian,44,107,11.683806401516614
hebbian,44,108,18.545969075398375
hebbian,44,109,22.064881073028086
hebbian,44,110,23.13721375631826
hebbian,44,111,22.97613324068878
hebbian,44,112,18.675524269720576
hebbian,44,113,11.782312988429162
hebbian,44,114,20.07460543043616
hebbian,44,115,18.796315081415585
hebbian,44,116,25.6990063678265
hebbian,44,117,15.52797082650448
hebbian,44,118,26.26484368101687
hebbian,44,119,17.821687084816826
hebbian,44,120,18.018768375007557
hebbian,44,121,22.962592566185346
hebbian,44,122,20.009986766693725
hebbian,44,123,15.016079722881976
hebbian,44,124,24.027572463145827
hebbian,44,125,17.906308295846763
hebbian,44,126,24.465854991417164
hebbian,44,127,18.540022362818366
hebbian,44,128,20.52027072398913
hebbian,44,129,19.09766838633005
hebbian,44,130,21.11290505652887
hebbian,44,131,18.94741670127373
hebbian,44,132,20.9239352342099
hebbian,44,133,16.80283134214958
hebbian,44,134,19.92294025287004
hebbian,44,135,21.570522985643343
hebbian,44,136,22.867292790411444
hebbian,44,137,22.544380306615622
hebbian,44,138,26.85346446432736
hebbian,44,139,15.919248082877864
hebbian,44,140,17.07735958872524
hebbian,44,141,16.66866528021325
hebbian,44,142,26.379542771835087
hebbian,44,143,10.986317666224199
hebbian,44,144,25.281336545720766
hebbian,44,145,18.31764579113203
hebbian,44,146,18.591090078334982
hebbian,44,147,18.91016561092866
hebbian,44,148,16.017678681533194
hebbian,44,149,20.26925533145525
hebbian,44,150,20.601254156531567
hebbian,44,151,15.840990499184436
hebbian,44,152,24.67604983226954
hebbian,44,153,17.61873652341725
hebbian,44,154,19.818172860107026
hebbian,44,155,19.912267755947944
hebbian,44,156,21.742569693680846
hebbian,44,157,14.675086439746014
hebbian,44,158,22.646035237628748
hebbian,44,159,20.27264815690506
hebbian,44,160,21.1310054016779
hebbian,44,161,21.079558091952112
hebbian,44,162,23.15825604237311
hebbian,44,163,17.68565103028212
hebbian,44,164,21.909231557466647
hebbian,44,165,19.599668159827868
hebbian,44,166,19.5383621433494
hebbian,44,167,15.042494983755665
hebbian,44,168,22.82012598165184
hebbian,44,169,17.59841783748226
hebbian,44,170,24.766661302276496
hebbian,44,171,17.840932845098084
hebbian,44,172,20.66683025944859
hebbian,44,173,23.16799813087633
hebbian,44,174,19.602853959847945
hebbian,44,175,19.74770454099721
hebbian,44,176,15.53738291357994
hebbian,44,177,20.4965575149988
hebbian,44,178,15.082232448347792
hebbian,44,179,17.314668353233092
hebbian,44,180,22.594846739978905
hebbian,44,181,18.44251984280229
hebbian,44,182,20.335666706087213
hebbian,44,183,16.775264732458098
hebbian,44,184,22.0058384066335
hebbian,44,185,21.284604983866714
hebbian,44,186,24.493274919282616
hebbian,44,187,19.524292537034245
hebbian,44,188,22.072964841930375
hebbian,44,189,18.34610765126562
hebbian,44,190,16.725605834279055
hebbian,44,191,18.79227762360659
hebbian,44,192,24.402716738483285
hebbian,44,193,20.16864927950925
hebbian,44,194,19.948594696884445
hebbian,44,195,17.55734004690895
hebbian,44,196,25.091216282661943
hebbian,44,197,20.377849173508864
hebbian,44,198,24.688930740719623
hebbian,44,199,16.082798894077083
hebbian,44,200,20.075003009598866
hebbian,44,201,24.528600912410003
hebbian,44,202,18.968529824925326
hebbian,44,203,21.556191545913837
hebbian,44,204,15.077128273974967
hebbian,44,205,22.182130733566826
hebbian,44,206,21.210029246610365
hebbian,44,207,14.874531318312739
hebbian,44,208,22.345318004847332
hebbian,44,209,19.27411238352779
hebbian,44,210,23.580381028202385
hebbian,44,211,13.38017782742292
hebbian,44,212,18.449170476549067
hebbian,44,213,22.666120398220496
hebbian,44,214,22.213982004933566
hebbian,44,215,16.485750716204077
hebbian,44,216,28.418720925423433
hebbian,44,217,21.280916088007142
hebbian,44,218,16.527225274259948
hebbian,44,219,15.182349936849034
hebbian,44,220,16.990968139299728
hebbian,44,221,15.976395674514329
hebbian,44,222,24.685045407143136
hebbian,44,223,19.642462239983168
hebbian,44,224,18.037888545644805
hebbian,44,225,22.56509382093437
hebbian,44,226,28.155997625683487
hebbian,44,227,16.724024549619312
hebbian,44,228,26.8646038843993
hebbian,44,229,19.959286004523232
hebbian,44,230,18.190534987276948
hebbian,44,231,18.779255160118577
hebbian,44,232,24.259958980198164
hebbian,44,233,20.439352585841604
hebbian,44,234,19.212160007753287
hebbian,44,235,16.68277534347715
hebbian,44,236,23.91351984412289
hebbian,44,237,21.935235791964605
hebbian,44,238,22.370350630294773
hebbian,44,239,22.420473852474824
hebbian,44,240,19.987819294964005
hebbian,44,241,23.75369111112824
hebbian,44,242,22.08382478298918
hebbian,44,243,15.159605904237957
hebbian,44,244,23.604382722489785
hebbian,44,245,23.532034977281388
hebbian,44,246,24.259703546797436
hebbian,44,247,21.793040645751525
hebbian,44,248,26.468268772949134
hebbian,44,249,22.16822369857292
hebbian,44,250,21.601517464112263
hebbian,44,251,19.82666932993725
hebbian,44,252,24.913411472306176
hebbian,44,253,18.327792345862857
hebbian,44,254,23.355232667595725
hebbian,44,255,20.271293332013787
hebbian,44,256,20.270354398883295
hebbian,44,257,19.263986654444594
hebbian,44,258,21.664871573696097
hebbian,44,259,19.903986951517517
hebbian,44,260,23.949148654773396
hebbian,44,261,16.35114952808462
hebbian,44,262,20.752697131531995
hebbian,44,263,18.546326805215212
hebbian,44,264,17.399854707879964
hebbian,44,265,16.44111222839539
hebbian,44,266,18.01679519637695
hebbian,44,267,16.779088620585046
hebbian,44,268,26.828315284357515
hebbian,44,269,16.569117862946396
hebbian,44,270,18.73834455927099
hebbian,44,271,18.66550969057171
hebbian,44,272,16.24856305493018
hebbian,44,273,16.94826469856847
hebbian,44,274,20.394662857484235
hebbian,44,275,14.746253053329575
hebbian,44,276,19.34983863497716
hebbian,44,277,19.289040262772712
hebbian,44,278,20.904272729840148
hebbian,44,279,21.782963248157124
hebbian,44,280,25.070174789236912
hebbian,44,281,18.73222958052293
hebbian,44,282,16.689162654228422
hebbian,44,283,20.89746057002171
hebbian,44,284,21.98685912489128
hebbian,44,285,17.960288822530345
hebbian,44,286,16.599013688943387
hebbian,44,287,21.85929994378126
hebbian,44,288,28.135162842966803
hebbian,44,289,17.373332288937604
hebbian,44,290,22.207620396061365
hebbian,44,291,15.015435351024491
hebbian,44,292,22.607693973818353
hebbian,44,293,23.185243653635073
hebbian,44,294,21.672180156819874
hebbian,44,295,22.572936516260256
hebbian,44,296,22.258711551351425
hebbian,44,297,21.750036982156917
hebbian,44,298,23.133068111495483
hebbian,44,299,17.18097485569479
hebbian,44,300,27.540880900499545
hebbian,45,1,15.766376257669965
hebbian,45,2,14.784207297121066
hebbian,45,3,10.833880667948362
hebbian,45,4,7.123706660105776
hebbian,45,5,5.853462514056921
hebbian,45,6,4.010825298002885
hebbian,45,7,3.6536784181543167
hebbian,45,8,2.915336635752963
hebbian,45,9,2.6139881789906654
hebbian,45,10,2.956003114264524
hebbian,45,11,3.3320894076910537
hebbian,45,12,4.267755170670318
hebbian,45,13,4.194165427002558
hebbian,45,14,5.1740651662889015
hebbian,45,15,3.8792104594380135
hebbian,45,16,5.22759428292411
hebbian,45,17,4.797787124014369
hebbian,45,18,4.721921750031002
hebbian,45,19,5.095095589429079
hebbian,45,20,5.914161487456366
hebbian,45,21,4.930904055822361
hebbian,45,22,6.886384464412549
hebbian,45,23,5.442709756509095
hebbian,45,24,7.619048325236256
hebbian,45,25,5.278682479511965
hebbian,45,26,8.001403369872424
hebbian,45,27,6.338846882225663
hebbian,45,28,7.554411539646829
hebbian,45,29,6.5426849526171225
hebbian,45,30,9.07086871484643
hebbian,45,31,7.417255854508126
hebbian,45,32,9.666570532950217
hebbian,45,33,7.071622999826104
hebbian,45,34,9.740805293972471
hebbian,45,35,7.585669211627348
hebbian,45,36,9.443385110150098
hebbian,45,37,8.39796239189835
hebbian,45,38,9.817735570960904
hebbian,45,39,8.726130875029071
hebbian,45,40,8.836800349607786
hebbian,45,41,8.53510736611987
hebbian,45,42,9.695676735543849
hebbian,45,43,9.07510834212152
hebbian,45,44,10.433408363525931
hebbian,45,45,8.517919143538451
hebbian,45,46,10.00177096927125
hebbian,45,47,9.486212253457182
hebbian,45,48,10.537847351964286
hebbian,45,49,8.929617232617986
hebbian,45,50,11.077341383926397
hebbian,45,51,9.90788883341754
hebbian,45,52,10.425236662736442
hebbian,45,53,9.76646864022196
hebbian,45,54,9.628066697026425
hebbian,45,55,9.734146535020821
hebbian,45,56,9.770469358748546
hebbian,45,57,10.056607832468892
hebbian,45,58,10.605553606674984
hebbian,45,59,11.511330195485083
hebbian,45,60,10.655772540103227
hebbian,45,61,11.389944958807586
hebbian,45,62,10.812903902981532
hebbian,45,63,12.084152813401044
hebbian,45,64,10.126122114800586
hebbian,45,65,11.555419763416056
hebbian,45,66,11.057602891747775
hebbian,45,67,12.867321147713385
hebbian,45,68,10.749417253897342
hebbian,45,69,13.838038339358858
hebbian,45,70,10.796968771344593
hebbian,45,71,13.982562668723006
hebbian,45,72,11.731127342835208
hebbian,45,73,14.626267448399203
hebbian,45,74,11.501494387349172
hebbian,45,75,14.98012832979544
hebbian,45,76,12.47231436372593
hebbian,45,77,14.411734746065303
hebbian,45,78,10.05463213784355
hebbian,45,79,16.26086676639555
hebbian,45,80,10.508692934599107
hebbian,45,81,16.700877648059496
hebbian,45,82,9.718938279998568
hebbian,45,83,18.380750338248074
hebbian,45,84,11.970260388475134
hebbian,45,85,13.996099476988944
hebbian,45,86,12.076898554764755
hebbian,45,87,15.49996802328151
hebbian,45,88,11.458169757724162
hebbian,45,89,17.706214071752083
hebbian,45,90,11.832271167457668
hebbian,45,91,20.03159737285581
hebbian,45,92,11.29787389404105
hebbian,45,93,19.206611293244887
hebbian,45,94,12.58027673139884
hebbian,45,95,20.179379538237285
hebbian,45,96,13.597149893375768
hebbian,45,97,17.81284906778262
hebbian,45,98,14.71278069733587
hebbian,45,99,17.774861435991433
hebbian,45,100,13.47910369491047
hebbian,45,101,18.738623731025573
hebbian,45,102,11.736786390234483
hebbian,45,103,13.835747846123873
hebbian,45,104,13.52982786188407
hebbian,45,105,16.881789257338422
hebbian,45,106,13.740659608763464
hebbian,45,107,13.76252697808931
hebbian,45,108,13.13274361050622
hebbian,45,109,16.55152930513707
hebbian,45,110,12.431750847704528
hebbian,45,111,14.471623614197165
hebbian,45,112,13.325725963844894
hebbian,45,113,17.53977729297084
hebbian,45,114,12.104279930981342
hebbian,45,115,16.841908313276505
hebbian,45,116,11.540097588971047
hebbian,45,117,15.804438065153732
hebbian,45,118,13.603319580710208
hebbian,45,119,17.0315023756
hebbian,45,120,13.641498727064437
hebbian,45,121,15.292855578829226
hebbian,45,122,13.815781499331598
hebbian,45,123,16.791263517281173
hebbian,45,124,11.437409621744902
hebbian,45,125,16.94125517397565
hebbian,45,126,14.695823367979301
hebbian,45,127,14.335087474793978
hebbian,45,128,12.95435657407188
hebbian,45,129,15.15346237284154
hebbian,45,130,13.556343100269482
hebbian,45,131,16.86495531246755
hebbian,45,132,15.55688214977669
hebbian,45,133,16.66586414547284
hebbian,45,134,13.737414890380204
hebbian,45,135,14.04336454861898
hebbian,45,136,14.236084479080802
hebbian,45,137,15.612880824169723
hebbian,45,138,14.091041400508242
hebbian,45,139,14.161903998588416
hebbian,45,140,14.010525230309781
hebbian,45,141,13.380928754171963
hebbian,45,142,14.879980000726352
hebbian,45,143,14.277535997435592
hebbian,45,144,13.855007011681634
hebbian,45,145,15.895604339749461
hebbian,45,146,16.273104700448386
hebbian,45,147,14.047423780084758
hebbian,45,148,17.118693996845366
hebbian,45,149,12.787983382338355
hebbian,45,150,16.85599294676342
hebbian,45,151,14.546486253735345
hebbian,45,152,17.06451382005432
hebbian,45,153,14.36730406357483
hebbian,45,154,15.099036130196332
hebbian,45,155,14.663091865838169
hebbian,45,156,17.720815611308616
hebbian,45,157,11.391501549608638
hebbian,45,158,15.053806509269343
hebbian,45,159,14.729505226684596
hebbian,45,160,15.683238614534286
hebbian,45,161,13.856825050495983
hebbian,45,162,16.307355684766858
hebbian,45,163,14.59078298420255
hebbian,45,164,15.540826158934637
hebbian,45,165,11.711660428075737
hebbian,45,166,14.965263354303424
hebbian,45,167,11.61173194724156
hebbian,45,168,16.901762394878425
hebbian,45,169,14.315575143428793
hebbian,45,170,15.705869945614559
hebbian,45,171,14.148247260208349
hebbian,45,172,16.882443298799462
hebbian,45,173,13.838185251762445
hebbian,45,174,17.503223504914764
hebbian,45,175,13.991055032736227
hebbian,45,176,18.037314907643403
hebbian,45,177,14.906751117414286
hebbian,45,178,17.83988517810637
hebbian,45,179,13.69127373168427
hebbian,45,180,17.928171690057898
hebbian,45,181,16.729158407414022
hebbian,45,182,17.63329057309451
hebbian,45,183,14.751645661035434
hebbian,45,184,15.712529464733167
hebbian,45,185,12.50491806527772
hebbian,45,186,16.168827404985397
hebbian,45,187,12.502678472661609
hebbian,45,188,14.654198730321564
hebbian,45,189,15.509188405972948
hebbian,45,190,17.48591028910481
hebbian,45,191,13.55995328519687
hebbian,45,192,16.133347776416073
hebbian,45,193,14.556725815862341
hebbian,45,194,17.6829036030713
hebbian,45,195,15.949022861118227
hebbian,45,196,15.006280189015042
hebbian,45,197,12.669292984586997
hebbian,45,198,14.546169965798873
hebbian,45,199,12.241978653703978
hebbian,45,200,18.144448876422896
hebbian,45,201,12.607353646153022
hebbian,45,202,16.185568630446927
hebbian,45,203,13.447611511105213
hebbian,45,204,16.16359314850406
hebbian,45,205,13.710725914554871
hebbian,45,206,19.299296604261766
hebbian,45,207,12.919830992095875
hebbian,45,208,17.86841802316816
hebbian,45,209,13.439568587839455
hebbian,45,210,17.3320894762748
hebbian,45,211,11.157057960707522
hebbian,45,212,17.869839497141676
hebbian,45,213,12.395335859670466
hebbian,45,214,16.59813056993704
hebbian,45,215,12.072577092243893
hebbian,45,216,18.142795626498085
hebbian,45,217,13.099507525792848
hebbian,45,218,17.67895899612192
hebbian,45,219,12.115036222955336
hebbian,45,220,18.40583104680814
hebbian,45,221,10.90085528175415
hebbian,45,222,18.178093670709448
hebbian,45,223,12.821941976709603
hebbian,45,224,18.451640905360218
hebbian,45,225,13.299037382589036
hebbian,45,226,17.459884611679897
hebbian,45,227,11.645055965864197
hebbian,45,228,18.196214657803623
hebbian,45,229,10.679274003476298
hebbian,45,230,17.43248242668092
hebbian,45,231,13.617885492474587
hebbian,45,232,19.053293340765237
hebbian,45,233,12.901887120154878
hebbian,45,234,17.219087034011242
hebbian,45,235,12.991778193859034
hebbian,45,236,18.469756013093946
hebbian,45,237,11.285889184346773
hebbian,45,238,18.978310215276796
hebbian,45,239,10.85782288080996
hebbian,45,240,18.551951645800706
hebbian,45,241,12.074364501417683
hebbian,45,242,19.27538540577282
hebbian,45,243,11.317783961037968
hebbian,45,244,18.960931869539873
hebbian,45,245,11.068631024445795
hebbian,45,246,20.272736848203902
hebbian,45,247,11.924457603715894
hebbian,45,248,19.776965363707184
hebbian,45,249,12.669990648336091
hebbian,45,250,18.534014578926346
hebbian,45,251,11.572135212711784
hebbian,45,252,19.544402975984116
hebbian,45,253,12.86234556879257
hebbian,45,254,19.44108899771768
hebbian,45,255,11.88651871269297
hebbian,45,256,19.667220854777362
hebbian,45,257,11.745608497258642
hebbian,45,258,18.386850181254275
hebbian,45,259,13.547096433722347
hebbian,45,260,19.055430110528768
hebbian,45,261,11.822030994985868
hebbian,45,262,18.907817283931465
hebbian,45,263,12.209170841124655
hebbian,45,264,19.707957068725392
hebbian,45,265,11.577834499151118
hebbian,45,266,18.137627242515844
hebbian,45,267,11.685772594668451
hebbian,45,268,19.84870632033428
hebbian,45,269,10.997400715987148
hebbian,45,270,19.34577995422808
hebbian,45,271,11.913049185148132
hebbian,45,272,19.806464983585332
hebbian,45,273,11.621023411528624
hebbian,45,274,20.69612297683153
hebbian,45,275,11.855486039244703
hebbian,45,276,21.49029121470994
hebbian,45,277,11.328936583589087
hebbian,45,278,18.854842872858935
hebbian,45,279,11.327227263392984
hebbian,45,280,19.19835231629871
hebbian,45,281,11.694799261134925
hebbian,45,282,19.694017911482327
hebbian,45,283,11.778690041096468
hebbian,45,284,18.792124749575354
hebbian,45,285,11.389686796885108
hebbian,45,286,19.44719294342984
hebbian,45,287,10.610709741817756
hebbian,45,288,18.872400360572744
hebbian,45,289,11.90705167426205
hebbian,45,290,18.94301369437409
hebbian,45,291,10.609307193615388
hebbian,45,292,21.247586497466365
hebbian,45,293,11.681958868546866
hebbian,45,294,20.301703818358167
hebbian,45,295,11.878483233228247
hebbian,45,296,19.20281367983196
hebbian,45,297,11.566951876493524
hebbian,45,298,18.913619008474335
hebbian,45,299,11.692376164765934
hebbian,45,300,20.49329151783458
hebbian,46,1,18.881746494217147
hebbian,46,2,16.931060004889197
hebbian,46,3,11.569235973214024
hebbian,46,4,7.206692512995488
hebbian,46,5,4.657301005420743
hebbian,46,6,3.0084675477739324
hebbian,46,7,2.9117093706766326
hebbian,46,8,3.5791217336056675
hebbian,46,9,3.4822793884777123
hebbian,46,10,4.542011845810909
hebbian,46,11,4.930359526774799
hebbian,46,12,4.471861012655807
hebbian,46,13,6.2700262269255
hebbian,46,14,4.844677558141433
hebbian,46,15,7.681707143586831
hebbian,46,16,5.511555204223125
hebbian,46,17,9.623031578800145
hebbian,46,18,6.964303710259187
hebbian,46,19,10.234368532693166
hebbian,46,20,6.602912720749368
hebbian,46,21,10.471339970965788
hebbian,46,22,8.54273286561713
hebbian,46,23,13.886818377958507
hebbian,46,24,8.04965116644847
hebbian,46,25,15.949835742152368
hebbian,46,26,7.032805571637828
hebbian,46,27,14.802820835890008
hebbian,46,28,9.214961347569787
hebbian,46,29,14.865806092859408
hebbian,46,30,8.418301348245926
hebbian,46,31,16.14751318670337
hebbian,46,32,11.10590904184174
hebbian,46,33,17.00688804038654
hebbian,46,34,9.596589557452099
hebbian,46,35,18.116584170774033
hebbian,46,36,11.441135456727496
hebbian,46,37,17.732793780950928
hebbian,46,38,12.788548484245473
hebbian,46,39,19.37741973926397
hebbian,46,40,12.595099829255942
hebbian,46,41,20.184720287961827
hebbian,46,42,13.991580440701279
hebbian,46,43,18.90618317644852
hebbian,46,44,13.865855733458003
hebbian,46,45,19.191184040413827
hebbian,46,46,14.319074806225869
hebbian,46,47,18.31650679399323
hebbian,46,48,14.97410394840236
hebbian,46,49,19.748696698986645
hebbian,46,50,14.145217796230657
hebbian,46,51,19.664767618017358
hebbian,46,52,14.32644519515402
hebbian,46,53,21.65590097688973
hebbian,46,54,13.775232527984883
hebbian,46,55,23.631333374457157
hebbian,46,56,13.607209672357014
hebbian,46,57,23.15071320863815
hebbian,46,58,14.417901716618275
hebbian,46,59,24.623644634242623
hebbian,46,60,13.71202950500665
hebbian,46,61,23.87259019167018
hebbian,46,62,14.343034965686767
hebbian,46,63,23.217471313634096
hebbian,46,64,14.28589210959614
hebbian,46,65,25.43722421276801
hebbian,46,66,13.489532096536788
hebbian,46,67,27.14639720823088
hebbian,46,68,14.500080777255102
hebbian,46,69,22.932830273656805
hebbian,46,70,13.815735449689281
hebbian,46,71,25.21359162743873
hebbian,46,72,14.48509612436814
hebbian,46,73,27.772164175452588
hebbian,46,74,13.208924479998627
hebbian,46,75,30.27399263713743
hebbian,46,76,12.93831989405514
hebbian,46,77,25.87179560413214
hebbian,46,78,12.135732356994971
hebbian,46,79,27.467613609351634
hebbian,46,80,13.074403261616668
hebbian,46,81,27.857287365592057
hebbian,46,82,14.459616761127005
hebbian,46,83,26.862019231681373
hebbian,46,84,11.490820672436199
hebbian,46,85,27.708998553548962
hebbian,46,86,13.76605139108458
hebbian,46,87,22.686558104951366
hebbian,46,88,13.695613903198044
hebbian,46,89,27.639265744326682
hebbian,46,90,14.065260386581457
hebbian,46,91,26.23768193061203
hebbian,46,92,14.63269020615837
hebbian,46,93,26.072547927794016
hebbian,46,94,15.061007083773207
hebbian,46,95,29.54008100326399
hebbian,46,96,11.602591619269447
hebbian,46,97,26.764531451283506
hebbian,46,98,14.420089930879554
hebbian,46,99,25.940558079789128
hebbian,46,100,12.375688751918734
hebbian,46,101,25.856983702081276
hebbian,46,102,14.681265351667461
hebbian,46,103,26.308928286381306
hebbian,46,104,13.721106349193583
hebbian,46,105,29.63372675572125
hebbian,46,106,14.621324180757997
hebbian,46,107,28.958232182793644
hebbian,46,108,14.625787928890615
hebbian,46,109,31.348313960392236
hebbian,46,110,10.37549293898598
hebbian,46,111,29.60395643123503
hebbian,46,112,13.034788344585097
hebbian,46,113,24.853426056090743
hebbian,46,114,14.261890916661564
hebbian,46,115,30.233378629732645
hebbian,46,116,12.169466355864694
hebbian,46,117,31.180122645721976
hebbian,46,118,12.004422514591436
hebbian,46,119,28.699775448497174
hebbian,46,120,15.495746529455584
hebbian,46,121,28.404367967597114
hebbian,46,122,14.151490431809572
hebbian,46,123,27.99180377661535
hebbian,46,124,14.81735984268213
hebbian,46,125,28.124087762257318
hebbian,46,126,13.114693626829974
hebbian,46,127,27.5310807737682
hebbian,46,128,12.498842248565062
hebbian,46,129,29.331537868648546
hebbian,46,130,9.840946039260494
hebbian,46,131,25.415039321384917
hebbian,46,132,12.274801250394658
hebbian,46,133,27.31338225730947
hebbian,46,134,14.240241068621355
hebbian,46,135,26.1963576286441
hebbian,46,136,10.748505747868478
hebbian,46,137,26.58799764802874
hebbian,46,138,13.732163697978917
hebbian,46,139,26.050108824406802
hebbian,46,140,12.544302829265565
hebbian,46,141,29.389331483394574
hebbian,46,142,11.881083760051467
hebbian,46,143,25.934142392644937
hebbian,46,144,14.258083490851254
hebbian,46,145,27.617481375257285
hebbian,46,146,14.81711580752736
hebbian,46,147,29.137344092338584
hebbian,46,148,12.304740599273087
hebbian,46,149,28.607961951130676
hebbian,46,150,15.18293707025896
hebbian,46,151,24.984097092668662
hebbian,46,152,12.755491028962819
hebbian,46,153,29.46701601384513
hebbian,46,154,14.133100166894643
hebbian,46,155,27.031234283441666
hebbian,46,156,13.790669620125833
hebbian,46,157,26.586491708876277
hebbian,46,158,16.80638064669531
hebbian,46,159,28.657586433071256
hebbian,46,160,13.727729496411316
hebbian,46,161,29.384975344208566
hebbian,46,162,11.904474479009263
hebbian,46,163,24.371792784906813
hebbian,46,164,13.824971701173787
hebbian,46,165,24.454792985551844
hebbian,46,166,15.863659004617853
hebbian,46,167,28.120079721197136
hebbian,46,168,13.008981651572288
hebbian,46,169,30.135342708890633
hebbian,46,170,13.845149267907743
hebbian,46,171,28.763942146742547
hebbian,46,172,16.3323158482733
hebbian,46,173,28.094457156221427
hebbian,46,174,14.470701960543357
hebbian,46,175,25.001254635718883
hebbian,46,176,14.835613540764019
hebbian,46,177,26.545396613944526
hebbian,46,178,14.912290219869975
hebbian,46,179,26.744837229680535
hebbian,46,180,13.800430112538619
hebbian,46,181,23.302537904286602
hebbian,46,182,13.142213133082043
hebbian,46,183,25.927288421889546
hebbian,46,184,12.643400525176617
hebbian,46,185,26.378105011534068
hebbian,46,186,13.416076217717093
hebbian,46,187,27.041364141229312
hebbian,46,188,12.915928428085884
hebbian,46,189,26.403155023380858
hebbian,46,190,15.329464879170361
hebbian,46,191,27.117474167347993
hebbian,46,192,14.295932318403652
hebbian,46,193,27.886064714910006
hebbian,46,194,14.652772791417766
hebbian,46,195,28.741208403324844
hebbian,46,196,11.704468961301489
hebbian,46,197,27.30761794965641
hebbian,46,198,13.295719182102136
hebbian,46,199,25.090711527279517
hebbian,46,200,15.701421933344905
hebbian,46,201,28.54430570474635
hebbian,46,202,13.736772359706867
hebbian,46,203,25.270573081926138
hebbian,46,204,16.522554049430905
hebbian,46,205,25.790965828696525
hebbian,46,206,12.851132241739526
hebbian,46,207,23.515082299420328
hebbian,46,208,13.748509690460589
hebbian,46,209,25.15934808094437
hebbian,46,210,13.918664911899754
hebbian,46,211,28.550970723958525
hebbian,46,212,13.40737541725473
hebbian,46,213,28.794820606191795
hebbian,46,214,15.678421775693085
hebbian,46,215,25.537494806582437
hebbian,46,216,11.358691577378552
hebbian,46,217,29.987896912660947
hebbian,46,218,13.348470803173887
hebbian,46,219,26.632940159249824
hebbian,46,220,12.958232737243081
hebbian,46,221,26.222081077892003
hebbian,46,222,12.870920954891973
hebbian,46,223,26.251244929765935
hebbian,46,224,11.562311965423786
hebbian,46,225,25.23864966075314
hebbian,46,226,13.43674296131811
hebbian,46,227,27.735135627772934
hebbian,46,228,13.901319326735212
hebbian,46,229,25.23394462872744
hebbian,46,230,13.732002198477812
hebbian,46,231,26.138251498032847
hebbian,46,232,14.801410294073078
hebbian,46,233,27.426068573748918
hebbian,46,234,13.708186493638499
hebbian,46,235,26.43853777730593
hebbian,46,236,13.86201061648021
hebbian,46,237,27.248604645761528
hebbian,46,238,13.66397525329877
hebbian,46,239,26.424822303781298
hebbian,46,240,13.940883980342072
hebbian,46,241,24.93924103452812
hebbian,46,242,14.81049899633368
hebbian,46,243,26.573044180156764
hebbian,46,244,13.397169499220121
hebbian,46,245,26.06231966063711
hebbian,46,246,14.21854413671534
hebbian,46,247,26.79592944394676
hebbian,46,248,14.137906284009752
hebbian,46,249,26.866094256638906
hebbian,46,250,13.94411658568609
hebbian,46,251,25.835382280773555
hebbian,46,252,14.499889835139866
hebbian,46,253,25.37651831788043
hebbian,46,254,12.363841594770845
hebbian,46,255,27.430107237067435
hebbian,46,256,13.618144580148993
hebbian,46,257,26.85610716216198
hebbian,46,258,12.912226290016463
hebbian,46,259,25.373744736311167
hebbian,46,260,14.258657215918515
hebbian,46,261,27.935261456814384
hebbian,46,262,13.430368942011393
hebbian,46,263,25.47821986602729
hebbian,46,264,13.902713893824187
hebbian,46,265,24.468808468828925
hebbian,46,266,14.220974713279805
hebbian,46,267,27.116912658138475
hebbian,46,268,13.836627884010374
hebbian,46,269,24.60449186930251
hebbian,46,270,14.331215550116507
hebbian,46,271,26.706259175753814
hebbian,46,272,13.95797261856801
hebbian,46,273,27.320592215966645
hebbian,46,274,12.430105713656337
hebbian,46,275,26.700382434549304
hebbian,46,276,14.239047086215889
hebbian,46,277,26.550214265656052
hebbian,46,278,14.405891768539073
hebbian,46,279,29.879325969417394
hebbian,46,280,14.211664975843304
hebbian,46,281,23.595411282973853
hebbian,46,282,13.298333598597905
hebbian,46,283,25.340668276580583
hebbian,46,284,14.77783569821517
hebbian,46,285,29.072328526766533
hebbian,46,286,15.087421071227938
hebbian,46,287,26.05411798800961
hebbian,46,288,15.631937028897529
hebbian,46,289,27.69983012983539
hebbian,46,290,13.937237249815352
hebbian,46,291,26.708596858199485
hebbian,46,292,15.566747938406174
hebbian,46,293,25.166967280474637
hebbian,46,294,12.318839224342089
hebbian,46,295,23.40657025185448
hebbian,46,296,13.02681333231903
hebbian,46,297,27.374173981838194
hebbian,46,298,14.75186028701499
hebbian,46,299,27.605443724267875
hebbian,46,300,13.846970186434525
hebbian,47,1,20.320287852966167
hebbian,47,2,14.36894452117928
hebbian,47,3,10.4521223712334
hebbian,47,4,6.929887176190559
hebbian,47,5,4.4457733896618326
hebbian,47,6,3.077389883481727
hebbian,47,7,2.4431976526864654
hebbian,47,8,3.171388025959919
hebbian,47,9,3.357384877839829
hebbian,47,10,3.1833272817321263
hebbian,47,11,3.453642047379002
hebbian,47,12,4.405028572877405
hebbian,47,13,5.311385986957018
hebbian,47,14,5.35441715386062
hebbian,47,15,7.254961298713668
hebbian,47,16,4.541293028809535
hebbian,47,17,6.927324887030189
hebbian,47,18,4.7839531439283425
hebbian,47,19,8.398598580397124
hebbian,47,20,4.720975978860782
hebbian,47,21,9.338554619093175
hebbian,47,22,4.1748254942741605
hebbian,47,23,9.84838800695029
hebbian,47,24,4.858527117659147
hebbian,47,25,9.026090251798243
hebbian,47,26,10.696328950459842
hebbian,47,27,12.39217938557649
hebbian,47,28,11.622940543056913
hebbian,47,29,10.782506168895411
hebbian,47,30,13.580052974816345
hebbian,47,31,9.25478116172946
hebbian,47,32,13.057816695725695
hebbian,47,33,12.124121932599168
hebbian,47,34,19.566176225383938
hebbian,47,35,7.306184468176303
hebbian,47,36,15.493806328560588
hebbian,47,37,5.8492494525439955
hebbian,47,38,13.343702101044293
hebbian,47,39,12.632566430462509
hebbian,47,40,12.936840214070942
hebbian,47,41,10.166793325984319
hebbian,47,42,10.322853997058678
hebbian,47,43,13.153565520935564
hebbian,47,44,19.15493948094385
hebbian,47,45,11.935246272843138
hebbian,47,46,12.069016556877697
hebbian,47,47,12.218869930624992
hebbian,47,48,12.78548819216383
hebbian,47,49,9.411656668582161
hebbian,47,50,14.228643837200286
hebbian,47,51,16.246896222594895
hebbian,47,52,17.72107506606331
hebbian,47,53,11.885513906113147
hebbian,47,54,15.775157843901225
hebbian,47,55,8.523086515738585
hebbian,47,56,19.21955542721436
hebbian,47,57,11.935162542490952
hebbian,47,58,18.3741982291405
hebbian,47,59,11.544064755433988
hebbian,47,60,11.024991993633353
hebbian,47,61,10.65001453694105
hebbian,47,62,12.559763249591667
hebbian,47,63,15.621524648024035
hebbian,47,64,15.056507401226451
hebbian,47,65,16.524056483557782
hebbian,47,66,17.126559793020185
hebbian,47,67,14.820935044359038
hebbian,47,68,19.328374528695317
hebbian,47,69,12.835551373584178
hebbian,47,70,20.081373851366973
hebbian,47,71,16.333117033534837
hebbian,47,72,16.791034438125703
hebbian,47,73,14.982409875373675
hebbian,47,74,23.51336390494458
hebbian,47,75,10.70658980732907
hebbian,47,76,15.417326128815688
hebbian,47,77,19.063579933752475
hebbian,47,78,25.52067309737353
hebbian,47,79,18.700665518376727
hebbian,47,80,19.962630895349808
hebbian,47,81,12.30458714806666
hebbian,47,82,23.040796585286724
hebbian,47,83,16.298750769056735
hebbian,47,84,16.940222469232854
hebbian,47,85,15.775004461444878
hebbian,47,86,23.96339734411139
hebbian,47,87,8.680751089196315
hebbian,47,88,21.001874493509572
hebbian,47,89,16.801883345192525
hebbian,47,90,24.518863481716814
hebbian,47,91,12.32018435859287
hebbian,47,92,25.39072665491941
hebbian,47,93,11.76715266839185
hebbian,47,94,22.583383313231522
hebbian,47,95,11.612017538270637
hebbian,47,96,27.794134775687645
hebbian,47,97,14.818826993581467
hebbian,47,98,16.665211234566677
hebbian,47,99,13.284479822033667
hebbian,47,100,28.423473503119112
hebbian,47,101,9.957972805763717
hebbian,47,102,33.13714085914295
hebbian,47,103,11.399840679907511
hebbian,47,104,21.89896647039614
hebbian,47,105,17.638774253565064
hebbian,47,106,23.985845305533676
hebbian,47,107,14.697301890755057
hebbian,47,108,25.041274238620005
hebbian,47,109,10.345325670031654
hebbian,47,110,23.201598094494244
hebbian,47,111,11.055964765475172
hebbian,47,112,19.53614216618024
hebbian,47,113,13.019384630265677
hebbian,47,114,27.399062596128605
hebbian,47,115,16.943178817066222
hebbian,47,116,16.861813357993075
hebbian,47,117,10.394083014414
hebbian,47,118,21.76991815780589
hebbian,47,119,12.366034605543147
hebbian,47,120,26.051972502057257
hebbian,47,121,14.335932250399425
hebbian,47,122,22.607224876740435
hebbian,47,123,7.972785748971711
hebbian,47,124,24.247015751555054
hebbian,47,125,12.343686997664786
hebbian,47,126,16.33457739325399
hebbian,47,127,11.749208599091327
hebbian,47,128,31.63834555139157
hebbian,47,129,11.276650085477321
hebbian,47,130,25.665528120566105
hebbian,47,131,14.39982043370381
hebbian,47,132,21.30325477856166
hebbian,47,133,14.574525400000908
hebbian,47,134,32.7699820331446
hebbian,47,135,15.383358618697372
hebbian,47,136,30.67541130526764
hebbian,47,137,15.458122047860833
hebbian,47,138,23.260206507322483
hebbian,47,139,16.370015180199285
hebbian,47,140,8.917028717366703
hebbian,47,141,12.733828186993485
hebbian,47,142,27.515815829403138
hebbian,47,143,9.137263844142725
hebbian,47,144,38.33370026535669
hebbian,47,145,13.745914461628058
hebbian,47,146,26.397683029178015
hebbian,47,147,8.8138001946518
hebbian,47,148,31.07144265051486
hebbian,47,149,13.796141456882951
hebbian,47,150,27.71883213093024
hebbian,47,151,8.402751835236755
hebbian,47,152,24.069219147234865
hebbian,47,153,14.348280184198499
hebbian,47,154,31.49159239542345
hebbian,47,155,14.806459285505612
hebbian,47,156,29.765992718368658
hebbian,47,157,14.512922348833808
hebbian,47,158,14.064208147837832
hebbian,47,159,11.439709401488368
hebbian,47,160,22.30610702096251
hebbian,47,161,12.030807979676384
hebbian,47,162,21.60212759833347
hebbian,47,163,12.74956778198806
hebbian,47,164,26.694640351970666
hebbian,47,165,13.419591954920612
hebbian,47,166,23.376504289833612
hebbian,47,167,10.779694688639006
hebbian,47,168,22.15589864223131
hebbian,47,169,14.81820606953545
hebbian,47,170,21.88992271126942
hebbian,47,171,8.263276541963675
hebbian,47,172,23.27139729839807
hebbian,47,173,11.084774527607955
hebbian,47,174,22.667757551274647
hebbian,47,175,13.72300278785439
hebbian,47,176,32.341479887350374
hebbian,47,177,11.381200720425026
hebbian,47,178,26.581070889112013
hebbian,47,179,14.537949900819852
hebbian,47,180,21.517974336363036
hebbian,47,181,11.830209600345425
hebbian,47,182,19.615167465304555
hebbian,47,183,9.206880234698508
hebbian,47,184,20.75692224325119
hebbian,47,185,10.170280677724518
hebbian,47,186,18.21341097615332
hebbian,47,187,12.272952372114595
hebbian,47,188,17.32309175491307
hebbian,47,189,13.651564938389042
hebbian,47,190,21.35758167728558
hebbian,47,191,15.781088193403066
hebbian,47,192,15.486269772795083
hebbian,47,193,9.726233983173124
hebbian,47,194,26.69820756835211
hebbian,47,195,11.2299246210788
hebbian,47,196,20.58342338135017
hebbian,47,197,9.941586676812882
hebbian,47,198,29.693814290028786
hebbian,47,199,8.713177072723996
hebbian,47,200,26.336757376117404
hebbian,47,201,14.758595873070341
hebbian,47,202,27.321035506347936
hebbian,47,203,16.634866535712696
hebbian,47,204,23.723922316855383
hebbian,47,205,11.76940681889787
hebbian,47,206,29.228930611897933
hebbian,47,207,13.384904997164524
hebbian,47,208,23.193040563762366
hebbian,47,209,14.04105695375594
hebbian,47,210,24.765097933474273
hebbian,47,211,10.581645822064488
hebbian,47,212,21.037148603322372
hebbian,47,213,10.79020672521719
hebbian,47,214,27.517887815745
hebbian,47,215,15.658021465138239
hebbian,47,216,25.266816850194605
hebbian,47,217,10.953215520676014
hebbian,47,218,20.719719073546568
hebbian,47,219,10.449501812551254
hebbian,47,220,21.041735257708204
hebbian,47,221,8.22052617066359
hebbian,47,222,24.225943134397617
hebbian,47,223,8.163022043603474
hebbian,47,224,29.962422606327756
hebbian,47,225,11.86287871726314
hebbian,47,226,18.494179709779612
hebbian,47,227,12.086409369646447
hebbian,47,228,17.923891219898213
hebbian,47,229,12.720744165120776
hebbian,47,230,21.5230016300549
hebbian,47,231,9.904747642561805
hebbian,47,232,17.32323956057917
hebbian,47,233,11.576159479089977
hebbian,47,234,30.979037698140953
hebbian,47,235,12.671057359318583
hebbian,47,236,21.812605829983166
hebbian,47,237,11.046155302115421
hebbian,47,238,17.190534442059537
hebbian,47,239,14.110505243899132
hebbian,47,240,22.40299886216923
hebbian,47,241,9.15438717663383
hebbian,47,242,27.206692552146365
hebbian,47,243,9.168474163991133
hebbian,47,244,34.46831318769143
hebbian,47,245,10.707323391488691
hebbian,47,246,26.733135091048563
hebbian,47,247,12.993239402235764
hebbian,47,248,27.400545936264436
hebbian,47,249,15.755688220224693
hebbian,47,250,21.252159698302886
hebbian,47,251,12.982528849684707
hebbian,47,252,28.656989070587574
hebbian,47,253,9.403378807194247
hebbian,47,254,20.399158289233995
hebbian,47,255,13.456288532986981
hebbian,47,256,27.664601245177515
hebbian,47,257,8.653371714162677
hebbian,47,258,19.664808080276323
hebbian,47,259,12.156506463528
hebbian,47,260,24.997489601420977
hebbian,47,261,13.195989226881249
hebbian,47,262,25.426661238589585
hebbian,47,263,10.494105985990272
hebbian,47,264,20.503999945491987
hebbian,47,265,14.28678226713109
hebbian,47,266,19.508573862387347
hebbian,47,267,10.203345676515987
hebbian,47,268,26.303975769421584
hebbian,47,269,8.173952919850286
hebbian,47,270,25.500587378935517
hebbian,47,271,13.392268320929851
hebbian,47,272,11.981003197169064
hebbian,47,273,11.379452109483994
hebbian,47,274,23.132239307247364
hebbian,47,275,10.70955820640129
hebbian,47,276,23.5778942839778
hebbian,47,277,11.54818614583965
hebbian,47,278,13.574555969513556
hebbian,47,279,11.720185993359905
hebbian,47,280,21.166132531974032
hebbian,47,281,10.948817264838645
hebbian,47,282,33.956717180689544
hebbian,47,283,10.518774164991468
hebbian,47,284,27.06220924457732
hebbian,47,285,11.583887350484623
hebbian,47,286,26.566040580541355
hebbian,47,287,7.622815663154026
hebbian,47,288,16.65449093671884
hebbian,47,289,15.467141864526328
hebbian,47,290,28.014067603900774
hebbian,47,291,9.52177554148578
hebbian,47,292,20.521483956275798
hebbian,47,293,6.6819491110719405
hebbian,47,294,22.47040701062094
hebbian,47,295,8.479761948059558
hebbian,47,296,25.796352381240993
hebbian,47,297,13.645770620286141
hebbian,47,298,22.377796301117666
hebbian,47,299,6.950289994600402
hebbian,47,300,23.015226049009126
hebbian,48,1,12.080571530361919
hebbian,48,2,9.854860973706081
hebbian,48,3,6.575001887117736
hebbian,48,4,4.829962446195066
hebbian,48,5,3.216075960932001
hebbian,48,6,3.088911539102994
hebbian,48,7,2.88349366092158
hebbian,48,8,3.721445643816583
hebbian,48,9,2.85946721892908
hebbian,48,10,3.734206814486048
hebbian,48,11,3.9540797502980625
hebbian,48,12,4.391859819745904
hebbian,48,13,3.961444266354906
hebbian,48,14,4.934995890257895
hebbian,48,15,5.0079155167211535
hebbian,48,16,5.242740132508397
hebbian,48,17,5.011998111750104
hebbian,48,18,6.4930570349038215
hebbian,48,19,7.278106887162469
hebbian,48,20,7.508685710265004
hebbian,48,21,7.0086075400684305
hebbian,48,22,5.726204999036159
hebbian,48,23,7.8649866099441565
hebbian,48,24,8.56816865903445
hebbian,48,25,7.941811425070858
hebbian,48,26,7.595029250710618
hebbian,48,27,9.687490993894523
hebbian,48,28,9.230415215017002
hebbian,48,29,9.666653661093203
hebbian,48,30,10.924288428451318
hebbian,48,31,12.544410587407576
hebbian,48,32,9.305451659147355
hebbian,48,33,11.8542622540431
hebbian,48,34,11.077187851301646
hebbian,48,35,8.759111440814857
hebbian,48,36,10.315144754523653
hebbian,48,37,11.417516702445473
hebbian,48,38,10.918102369059882
hebbian,48,39,10.19380238871082
hebbian,48,40,8.604728315529433
hebbian,48,41,10.185265512249314
hebbian,48,42,10.249594044893179
hebbian,48,43,11.938178427569591
hebbian,48,44,12.867694521590723
hebbian,48,45,10.238465682098054
hebbian,48,46,11.261592312387997
hebbian,48,47,11.761948807297678
hebbian,48,48,11.721544372281544
hebbian,48,49,8.41227543064098
hebbian,48,50,10.34275091804447
hebbian,48,51,14.39537811801677
hebbian,48,52,11.020530919196732
hebbian,48,53,12.870137386802117
hebbian,48,54,9.990317141549735
hebbian,48,55,16.10656652293649
hebbian,48,56,9.878646073247005
hebbian,48,57,15.65582755648814
hebbian,48,58,9.294446229247505
hebbian,48,59,12.879929908905291
hebbian,48,60,11.199104413770739
hebbian,48,61,14.714387988411913
hebbian,48,62,11.29158815283164
hebbian,48,63,13.443997084184378
hebbian,48,64,11.404004177150988
hebbian,48,65,17.724348827451045
hebbian,48,66,10.694217962924752
hebbian,48,67,17.848360966906647
hebbian,48,68,12.893023524141809
hebbian,48,69,17.894997203514677
hebbian,48,70,14.555332115502019
hebbian,48,71,18.286767111888516
hebbian,48,72,12.745307642748845
hebbian,48,73,22.794233117460625
hebbian,48,74,14.606384679158587
hebbian,48,75,21.884538446460947
hebbian,48,76,11.606383311498597
hebbian,48,77,16.68897643979314
hebbian,48,78,12.307516192791546
hebbian,48,79,15.76989721627354
hebbian,48,80,14.146692225419429
hebbian,48,81,16.117079094973008
hebbian,48,82,15.70132180273812
hebbian,48,83,19.590191695625734
hebbian,48,84,11.200232314692228
hebbian,48,85,17.869522175587985
hebbian,48,86,17.689375844327923
hebbian,48,87,20.6567833042305
hebbian,48,88,13.935848079783034
hebbian,48,89,19.7225111671631
hebbian,48,90,14.79683275083068
hebbian,48,91,22.54275705667558
hebbian,48,92,16.969013695127746
hebbian,48,93,21.09936997904968
hebbian,48,94,16.858785760814076
hebbian,48,95,20.054458625703628
hebbian,48,96,14.129558912473525
hebbian,48,97,22.78776249878228
hebbian,48,98,12.731954870566534
hebbian,48,99,20.81749556110588
hebbian,48,100,16.682669697083664
hebbian,48,101,23.048808327518625
hebbian,48,102,13.251274618983024
hebbian,48,103,19.54929537623635
hebbian,48,104,17.638155372736826
hebbian,48,105,22.513388631766404
hebbian,48,106,13.925358555562163
hebbian,48,107,19.855555070247853
hebbian,48,108,12.398882493615117
hebbian,48,109,21.63288112167675
hebbian,48,110,14.23831923405827
hebbian,48,111,23.672862644035835
hebbian,48,112,12.82591543292711
hebbian,48,113,25.28274020198631
hebbian,48,114,11.314678175986273
hebbian,48,115,22.60842638568731
hebbian,48,116,13.728974037139587
hebbian,48,117,22.44584245676595
hebbian,48,118,13.153048568003191
hebbian,48,119,20.874074293589242
hebbian,48,120,12.095302501248705
hebbian,48,121,22.367904564796184
hebbian,48,122,12.439692169779011
hebbian,48,123,23.59128210482128
hebbian,48,124,12.419862161334287
hebbian,48,125,24.062306491233198
hebbian,48,126,10.168771288298059
hebbian,48,127,20.89489608085569
hebbian,48,128,14.910314436371452
hebbian,48,129,21.055692001264504
hebbian,48,130,14.930928961213631
hebbian,48,131,22.548328365656747
hebbian,48,132,14.095740976967106
hebbian,48,133,19.93581590405353
hebbian,48,134,16.221575858766617
hebbian,48,135,20.028938161988375
hebbian,48,136,16.915470911300957
hebbian,48,137,25.08280315093598
hebbian,48,138,13.854732504579909
hebbian,48,139,19.60311079048833
hebbian,48,140,15.902575590713452
hebbian,48,141,24.32619980849844
hebbian,48,142,15.396037367961753
hebbian,48,143,23.475876479583256
hebbian,48,144,13.980217142895812
hebbian,48,145,16.987765837529835
hebbian,48,146,14.320535859994623
hebbian,48,147,18.253139286658858
hebbian,48,148,15.054566601871283
hebbian,48,149,18.434161244342715
hebbian,48,150,13.018943831188805
hebbian,48,151,22.11507798471066
hebbian,48,152,15.497170538363006
hebbian,48,153,20.068409876202974
hebbian,48,154,15.019350371808294
hebbian,48,155,19.879996697098154
hebbian,48,156,14.55329232039472
hebbian,48,157,20.926679220375714
hebbian,48,158,16.588657910815343
hebbian,48,159,22.292962789302585
hebbian,48,160,14.042754006641532
hebbian,48,161,18.89052724442091
hebbian,48,162,16.49351059706821
hebbian,48,163,21.470865517405862
hebbian,48,164,15.879749658506944
hebbian,48,165,24.007891028962902
hebbian,48,166,16.45672884484461
hebbian,48,167,22.171884988469145
hebbian,48,168,15.859399230732983
hebbian,48,169,18.530186853489873
hebbian,48,170,12.695474112773411
hebbian,48,171,21.128238209791775
hebbian,48,172,18.4729746901903
hebbian,48,173,21.658207292620745
hebbian,48,174,17.003779940976468
hebbian,48,175,19.033258174907214
hebbian,48,176,14.157191064930919
hebbian,48,177,19.951144728067224
hebbian,48,178,16.88677983734227
hebbian,48,179,22.859804778421235
hebbian,48,180,16.277646676807475
hebbian,48,181,20.578118577253516
hebbian,48,182,13.94788430168763
hebbian,48,183,18.67595044590778
hebbian,48,184,14.207206466673773
hebbian,48,185,16.433177523740337
hebbian,48,186,15.876835495976298
hebbian,48,187,19.574859130458325
hebbian,48,188,16.241579019370302
hebbian,48,189,21.79858618437203
hebbian,48,190,11.914818371659145
hebbian,48,191,20.420160403616624
hebbian,48,192,17.927616208562714
hebbian,48,193,18.111206121319153
hebbian,48,194,14.255709612234135
hebbian,48,195,19.270954537892717
hebbian,48,196,16.70498654716037
hebbian,48,197,22.720184507327435
hebbian,48,198,17.06573678636247
hebbian,48,199,19.646672399101416
hebbian,48,200,10.969380954283492
hebbian,48,201,17.511932777284656
hebbian,48,202,15.4956178488388
hebbian,48,203,19.295812089342913
hebbian,48,204,17.506461450401286
hebbian,48,205,17.578488275893083
hebbian,48,206,12.395817408247979
hebbian,48,207,21.242744803537377
hebbian,48,208,18.080002037169056
hebbian,48,209,19.224307951989456
hebbian,48,210,13.282291664752522
hebbian,48,211,18.970222435505125
hebbian,48,212,13.15165490992767
hebbian,48,213,18.969103615677515
hebbian,48,214,15.684746816032892
hebbian,48,215,20.454217712757124
hebbian,48,216,15.105742399884512
hebbian,48,217,21.78448707189887
hebbian,48,218,15.916006508983338
hebbian,48,219,19.440946069144502
hebbian,48,220,16.400015340632816
hebbian,48,221,19.33834744104035
hebbian,48,222,15.165011998090309
hebbian,48,223,22.603490370079143
hebbian,48,224,16.758404494826962
hebbian,48,225,23.182267521496534
hebbian,48,226,14.099962746457983
hebbian,48,227,17.95620814488515
hebbian,48,228,14.768125149206291
hebbian,48,229,18.46385580469325
hebbian,48,230,16.61531993427544
hebbian,48,231,18.30862710826662
hebbian,48,232,16.57616494597792
hebbian,48,233,23.118308348686238
hebbian,48,234,13.225076545714124
hebbian,48,235,19.187808351407707
hebbian,48,236,15.375378523493673
hebbian,48,237,19.48753565431138
hebbian,48,238,13.450493846304427
hebbian,48,239,19.14992238296061
hebbian,48,240,18.51057074921471
hebbian,48,241,21.257363100422438
hebbian,48,242,14.623963419401763
hebbian,48,243,18.296176457177268
hebbian,48,244,11.867958695820539
hebbian,48,245,24.371150530198864
hebbian,48,246,14.920434684814412
hebbian,48,247,16.33380428850431
hebbian,48,248,15.786033639548275
hebbian,48,249,23.4950965446406
hebbian,48,250,11.871760436111293
hebbian,48,251,21.82408556394083
hebbian,48,252,15.820575308970929
hebbian,48,253,15.94689519691063
hebbian,48,254,15.654207883351809
hebbian,48,255,20.35822365455728
hebbian,48,256,15.429660184849796
hebbian,48,257,23.021590130035403
hebbian,48,258,17.10782245540866
hebbian,48,259,20.771131670790588
hebbian,48,260,13.981957543772142
hebbian,48,261,24.35996390206204
hebbian,48,262,15.920890282118783
hebbian,48,263,25.32604741288012
hebbian,48,264,12.446116101320241
hebbian,48,265,27.827797133079876
hebbian,48,266,13.246847409930611
hebbian,48,267,20.978017548721038
hebbian,48,268,15.451251738193264
hebbian,48,269,24.906539707191158
hebbian,48,270,16.992454000257155
hebbian,48,271,20.941153059012684
hebbian,48,272,14.229821210102694
hebbian,48,273,16.23771205306619
hebbian,48,274,15.265522883030307
hebbian,48,275,22.98457210795245
hebbian,48,276,13.093155647610388
hebbian,48,277,19.40205323976157
hebbian,48,278,14.660377570034148
hebbian,48,279,17.097018500464255
hebbian,48,280,13.525488962504914
hebbian,48,281,17.362342697368934
hebbian,48,282,15.384066913695932
hebbian,48,283,24.843792929496793
hebbian,48,284,16.255434295510998
hebbian,48,285,19.50491526135809
hebbian,48,286,16.53479755613192
hebbian,48,287,22.5364512121464
hebbian,48,288,17.553911223218112
hebbian,48,289,17.287104788886214
hebbian,48,290,15.47605573899372
hebbian,48,291,20.48481577789827
hebbian,48,292,16.59048949791115
hebbian,48,293,22.76561953342233
hebbian,48,294,11.52450554814301
hebbian,48,295,19.005544919381354
hebbian,48,296,14.988472984867565
hebbian,48,297,20.62013811974341
hebbian,48,298,13.529995412818272
hebbian,48,299,19.435364036876397
hebbian,48,300,13.815084143490656
hebbian,49,1,14.722882098011706
hebbian,49,2,9.624302010594706
hebbian,49,3,5.877379993517641
hebbian,49,4,3.5350954275205635
hebbian,49,5,3.2870801945258705
hebbian,49,6,3.137252204893289
hebbian,49,7,3.6553595362002707
hebbian,49,8,3.554818888800851
hebbian,49,9,5.039276920632255
hebbian,49,10,4.3056459165469105
hebbian,49,11,5.4614475712476755
hebbian,49,12,5.586506674777964
hebbian,49,13,5.676842437883294
hebbian,49,14,5.523864780558594
hebbian,49,15,7.073534737843249
hebbian,49,16,7.548655129315896
hebbian,49,17,6.538722124839194
hebbian,49,18,7.508058371229947
hebbian,49,19,8.039260529998659
hebbian,49,20,10.057577074207975
hebbian,49,21,8.611058050113785
hebbian,49,22,10.739691382288521
hebbian,49,23,9.461899296148982
hebbian,49,24,12.576919768105437
hebbian,49,25,9.923192800208339
hebbian,49,26,10.444779305207668
hebbian,49,27,11.521269423002025
hebbian,49,28,12.245705750499091
hebbian,49,29,11.346083452552769
hebbian,49,30,13.826683298502898
hebbian,49,31,13.129142598986029
hebbian,49,32,13.134123944690522
hebbian,49,33,12.357611693769105
hebbian,49,34,14.512174951107546
hebbian,49,35,13.811998289559995
hebbian,49,36,15.569951358063385
hebbian,49,37,14.689691527165534
hebbian,49,38,18.39085894276786
hebbian,49,39,15.524213084366714
hebbian,49,40,15.09946207210484
hebbian,49,41,14.373698984948435
hebbian,49,42,16.186946445729742
hebbian,49,43,17.38393525517646
hebbian,49,44,16.515124500688827
hebbian,49,45,17.309897847202773
hebbian,49,46,15.464724117084126
hebbian,49,47,16.479000706772105
hebbian,49,48,16.587278150690647
hebbian,49,49,18.323145389653828
hebbian,49,50,16.014462685628335
hebbian,49,51,18.9258685347205
hebbian,49,52,17.024732597407503
hebbian,49,53,18.616769037142248
hebbian,49,54,17.224660487802506
hebbian,49,55,19.066207649314933
hebbian,49,56,17.208143294377862
hebbian,49,57,19.408063763947045
hebbian,49,58,17.991500584401095
hebbian,49,59,21.05457576741011
hebbian,49,60,17.682047022483417
hebbian,49,61,20.1254068277625
hebbian,49,62,18.89189487620383
hebbian,49,63,19.2409975203283
hebbian,49,64,18.482006175985713
hebbian,49,65,21.50741266274772
hebbian,49,66,18.022944434189665
hebbian,49,67,22.190507543690458
hebbian,49,68,20.079206229234497
hebbian,49,69,20.47161602003945
hebbian,49,70,19.462126196981178
hebbian,49,71,22.39966799984394
hebbian,49,72,19.805048995692
hebbian,49,73,22.05697841759297
hebbian,49,74,20.68195576311719
hebbian,49,75,22.37526779649035
hebbian,49,76,19.255563327610943
hebbian,49,77,22.517659458667108
hebbian,49,78,19.110897379009
hebbian,49,79,22.192406688212767
hebbian,49,80,18.899464275498175
hebbian,49,81,23.774605390332077
hebbian,49,82,19.491482518562197
hebbian,49,83,22.994963133670854
hebbian,49,84,19.658103070128426
hebbian,49,85,23.504164993323545
hebbian,49,86,17.95839982839732
hebbian,49,87,20.041222909509905
hebbian,49,88,20.175697702537818
hebbian,49,89,21.492898016507027
hebbian,49,90,21.135009065135733
hebbian,49,91,20.6447537901681
hebbian,49,92,20.36497678990896
hebbian,49,93,21.262717036153767
hebbian,49,94,19.966481136149834
hebbian,49,95,20.918674985050092
hebbian,49,96,20.4534295448061
hebbian,49,97,21.180863352410324
hebbian,49,98,21.81998980428722
hebbian,49,99,19.513336606281797
hebbian,49,100,19.35377730418063
hebbian,49,101,21.779658531227827
hebbian,49,102,20.822794363832994
hebbian,49,103,21.430213658527414
hebbian,49,104,20.020189041893495
hebbian,49,105,19.960582269661902
hebbian,49,106,19.473142871234497
hebbian,49,107,20.554033838020604
hebbian,49,108,21.112720360124797
hebbian,49,109,20.89869920983327
hebbian,49,110,21.270570663486417
hebbian,49,111,21.888286532648536
hebbian,49,112,22.04670013558738
hebbian,49,113,21.215545886391805
hebbian,49,114,21.74207528687738
hebbian,49,115,19.074177148004058
hebbian,49,116,20.077853960187845
hebbian,49,117,21.06155461574606
hebbian,49,118,20.56295654339529
hebbian,49,119,19.791358448114195
hebbian,49,120,22.39386857414772
hebbian,49,121,20.673279421204928
hebbian,49,122,19.59787378504834
hebbian,49,123,19.74525337482864
hebbian,49,124,22.000324206949763
hebbian,49,125,19.906260347457593
hebbian,49,126,19.895098970756756
hebbian,49,127,20.717441543773496
hebbian,49,128,20.27451184921525
hebbian,49,129,20.06393117056122
hebbian,49,130,20.647003216562645
hebbian,49,131,19.508115878837582
hebbian,49,132,21.024525408028044
hebbian,49,133,20.945604503129008
hebbian,49,134,20.553734982164393
hebbian,49,135,20.747682564628537
hebbian,49,136,19.948321135847866
hebbian,49,137,20.720416642304336
hebbian,49,138,19.945587221058904
hebbian,49,139,20.47982597602007
hebbian,49,140,21.081638889023978
hebbian,49,141,20.975637634793948
hebbian,49,142,21.23036699947451
hebbian,49,143,20.419969978688673
hebbian,49,144,21.07930621178892
hebbian,49,145,22.344318489775386
hebbian,49,146,20.460051380480394
hebbian,49,147,21.499305183485056
hebbian,49,148,21.14131045392772
hebbian,49,149,20.452047996085568
hebbian,49,150,20.117388744305774
hebbian,49,151,21.695890881580205
hebbian,49,152,21.413766328506277
hebbian,49,153,20.49558365302188
hebbian,49,154,20.72808589290722
hebbian,49,155,20.050435640853927
hebbian,49,156,22.31019666896813
hebbian,49,157,20.673469665576796
hebbian,49,158,22.268758579366832
hebbian,49,159,20.440652722275093
hebbian,49,160,22.267623326836823
hebbian,49,161,20.65962400123632
hebbian,49,162,21.0894291400015
hebbian,49,163,21.408468247482627
hebbian,49,164,22.038234651793445
hebbian,49,165,22.117108178121853
hebbian,49,166,19.60883039063236
hebbian,49,167,18.85394836216502
hebbian,49,168,20.309866785940162
hebbian,49,169,21.006748214469685
hebbian,49,170,20.862621808363595
hebbian,49,171,21.44055013837235
hebbian,49,172,21.696955137950628
hebbian,49,173,19.13838263255983
hebbian,49,174,20.406874306132288
hebbian,49,175,21.81306581951277
hebbian,49,176,20.944853484213176
hebbian,49,177,20.323388776054482
hebbian,49,178,22.99980905023621
hebbian,49,179,21.53473667347303
hebbian,49,180,21.930024711044673
hebbian,49,181,20.33157840374994
hebbian,49,182,21.09472017327934
hebbian,49,183,21.294944217829055
hebbian,49,184,20.502424699199807
hebbian,49,185,21.362720821452726
hebbian,49,186,22.23477974469255
hebbian,49,187,19.7397900378945
hebbian,49,188,20.29669805792503
hebbian,49,189,21.813812707220745
hebbian,49,190,20.628762709189843
hebbian,49,191,22.66974945300404
hebbian,49,192,20.01304794267435
hebbian,49,193,20.539062339691935
hebbian,49,194,21.126875074917407
hebbian,49,195,21.07907142890564
hebbian,49,196,22.208039134982958
hebbian,49,197,19.908074827951268
hebbian,49,198,20.159965926214305
hebbian,49,199,21.35234766353607
hebbian,49,200,20.384514035563075
hebbian,49,201,21.519854158582863
hebbian,49,202,22.145195722275204
hebbian,49,203,20.69981874391793
hebbian,49,204,23.55820881243843
hebbian,49,205,24.897239644550552
hebbian,49,206,21.968583983044837
hebbian,49,207,18.793903158154375
hebbian,49,208,18.562842494898934
hebbian,49,209,19.88090065320674
hebbian,49,210,21.271172244068286
hebbian,49,211,21.147996955187214
hebbian,49,212,19.5504213336621
hebbian,49,213,20.27699437232184
hebbian,49,214,21.433568227387358
hebbian,49,215,20.118497347887377
hebbian,49,216,21.62146974266941
hebbian,49,217,22.28158634453826
hebbian,49,218,21.445658135489737
hebbian,49,219,20.75148854005821
hebbian,49,220,20.2329888384933
hebbian,49,221,19.943104208524236
hebbian,49,222,20.709376598120446
hebbian,49,223,19.979103579144706
hebbian,49,224,20.99856189081386
hebbian,49,225,20.04641538683707
hebbian,49,226,19.820391871989692
hebbian,49,227,20.83183441194219
hebbian,49,228,21.452029580287526
hebbian,49,229,20.228781652138707
hebbian,49,230,19.98653279370991
hebbian,49,231,21.552788390567354
hebbian,49,232,19.528228214152556
hebbian,49,233,21.273299120433503
hebbian,49,234,21.755209382592838
hebbian,49,235,21.113693367595342
hebbian,49,236,21.155741119385244
hebbian,49,237,19.26751011359892
hebbian,49,238,21.331795661641078
hebbian,49,239,19.554364342784947
hebbian,49,240,20.343402238640074
hebbian,49,241,21.283620457825123
hebbian,49,242,20.716877296473225
hebbian,49,243,20.626573349649576
hebbian,49,244,20.43711836163517
hebbian,49,245,19.020133393772003
hebbian,49,246,22.097972649307525
hebbian,49,247,20.51206235597838
hebbian,49,248,21.036924151543747
hebbian,49,249,21.555760462154698
hebbian,49,250,19.82896659732436
hebbian,49,251,21.19331017703921
hebbian,49,252,21.194104312909875
hebbian,49,253,20.926997618845594
hebbian,49,254,21.828684770261688
hebbian,49,255,21.082170318728117
hebbian,49,256,22.34725490369434
hebbian,49,257,20.951286675133442
hebbian,49,258,21.81255816621103
hebbian,49,259,20.721922175495706
hebbian,49,260,22.698947906225158
hebbian,49,261,19.65189844230933
hebbian,49,262,22.089199260666177
hebbian,49,263,22.607710210956625
hebbian,49,264,20.403283369609465
hebbian,49,265,20.966156753043617
hebbian,49,266,20.319099973474138
hebbian,49,267,22.072184905996572
hebbian,49,268,21.84125928666316
hebbian,49,269,20.603222236850613
hebbian,49,270,23.083700098879646
hebbian,49,271,19.383267776388212
hebbian,49,272,18.75935625021334
hebbian,49,273,22.078480775105046
hebbian,49,274,20.624565123384038
hebbian,49,275,20.865989524873655
hebbian,49,276,21.451712090076967
hebbian,49,277,19.947283548988647
hebbian,49,278,20.867819075443467
hebbian,49,279,20.58804975989872
hebbian,49,280,20.98772215643882
hebbian,49,281,22.677539280226025
hebbian,49,282,20.469083648750935
hebbian,49,283,20.754906794784763
hebbian,49,284,19.73772104176471
hebbian,49,285,19.977121123280206
hebbian,49,286,19.930098853445553
hebbian,49,287,20.502090704082406
hebbian,49,288,20.823023682969662
hebbian,49,289,21.73465743560392
hebbian,49,290,22.19826137152398
hebbian,49,291,22.580967519810127
hebbian,49,292,20.849342717041164
hebbian,49,293,22.283662105437443
hebbian,49,294,22.492331315627094
hebbian,49,295,21.526793164423694
hebbian,49,296,17.868655247760923
hebbian,49,297,20.611447298520574
hebbian,49,298,21.08275265438174
hebbian,49,299,22.713781409585128
hebbian,49,300,18.616094195282997
hebbian,50,1,14.077310318126298
hebbian,50,2,10.775984526336012
hebbian,50,3,6.116862728629121
hebbian,50,4,3.6559912682096622
hebbian,50,5,3.120994510097634
hebbian,50,6,2.9944940451531235
hebbian,50,7,3.1516160319101747
hebbian,50,8,3.83771812483406
hebbian,50,9,3.9016291456826906
hebbian,50,10,3.49604585471798
hebbian,50,11,4.050744076044041
hebbian,50,12,5.069985446642837
hebbian,50,13,6.028728263344977
hebbian,50,14,7.794470540510554
hebbian,50,15,3.6122872543318
hebbian,50,16,6.437954749060977
hebbian,50,17,7.470668521010039
hebbian,50,18,8.109620159325381
hebbian,50,19,9.276706180333363
hebbian,50,20,4.625924005961159
hebbian,50,21,6.136230505562875
hebbian,50,22,10.649468771177467
hebbian,50,23,7.2272614572412275
hebbian,50,24,13.249814418576108
hebbian,50,25,5.814654572760194
hebbian,50,26,8.464729036891775
hebbian,50,27,9.8252795689268
hebbian,50,28,13.07994122406351
hebbian,50,29,11.433244083259977
hebbian,50,30,11.421196408673227
hebbian,50,31,8.868192534786493
hebbian,50,32,14.807737623805338
hebbian,50,33,13.998701414419367
hebbian,50,34,16.55892493433676
hebbian,50,35,10.582991045058803
hebbian,50,36,15.239595777507818
hebbian,50,37,14.506422404509392
hebbian,50,38,18.947649900896966
hebbian,50,39,13.631123092097495
hebbian,50,40,23.029619178320363
hebbian,50,41,14.207754171567455
hebbian,50,42,17.68950091167543
hebbian,50,43,18.825930440967852
hebbian,50,44,19.307473611632176
hebbian,50,45,9.860883539943545
hebbian,50,46,18.94233378584616
hebbian,50,47,11.701496050545286
hebbian,50,48,13.976186725335962
hebbian,50,49,19.509868569060917
hebbian,50,50,16.654029564935186
hebbian,50,51,12.222463300951937
hebbian,50,52,15.522970326325906
hebbian,50,53,19.574303926363186
hebbian,50,54,16.522921200802134
hebbian,50,55,17.97827738292436
hebbian,50,56,16.181478995111277
hebbian,50,57,15.112047196553176
hebbian,50,58,15.257733846198237
hebbian,50,59,14.837164177495124
hebbian,50,60,17.03149882214923
hebbian,50,61,15.696995063996827
hebbian,50,62,7.266553087534668
hebbian,50,63,12.819172980103614
hebbian,50,64,14.058984521008675
hebbian,50,65,18.12663552005262
hebbian,50,66,18.179182910648716
hebbian,50,67,24.81251839758172
hebbian,50,68,17.240502709667847
hebbian,50,69,21.80202250423974
hebbian,50,70,18.664644904579838
hebbian,50,71,15.86998641059747
hebbian,50,72,24.66525140319119
hebbian,50,73,19.348886559173287
hebbian,50,74,21.608731193269318
hebbian,50,75,18.26231904844012
hebbian,50,76,21.177454741877952
hebbian,50,77,15.451339763877968
hebbian,50,78,26.579039637241408
hebbian,50,79,19.052172423404542
hebbian,50,80,19.11729623632062
hebbian,50,81,15.5612276955102
hebbian,50,82,21.514720655280488
hebbian,50,83,14.183061367734684
hebbian,50,84,24.90137117474743
hebbian,50,85,16.448662786554532
hebbian,50,86,23.396266076268436
hebbian,50,87,21.515126441268105
hebbian,50,88,15.90980661696099
hebbian,50,89,14.93652454772493
hebbian,50,90,23.286372623901148
hebbian,50,91,16.813446890326542
hebbian,50,92,28.31974709544263
hebbian,50,93,14.462407179075372
hebbian,50,94,20.159525811342608
hebbian,50,95,11.300995122607192
hebbian,50,96,20.4486447073228
hebbian,50,97,14.44975324650725
hebbian,50,98,22.26663886355802
hebbian,50,99,18.90763314522083
hebbian,50,100,23.522846719141388
hebbian,50,101,21.48452424980908
hebbian,50,102,22.342342346770796
hebbian,50,103,20.821850640691245
hebbian,50,104,20.281681360160615
hebbian,50,105,18.9516015577458
hebbian,50,106,27.795130334099607
hebbian,50,107,18.58597828376186
hebbian,50,108,18.971339608116168
hebbian,50,109,13.712226707130453
hebbian,50,110,15.879764806217814
hebbian,50,111,14.82269221418939
hebbian,50,112,24.017311512784804
hebbian,50,113,15.716354165653478
hebbian,50,114,22.370015981439494
hebbian,50,115,11.871640699587811
hebbian,50,116,21.593351744930978
hebbian,50,117,15.469465258020746
hebbian,50,118,28.894898986856674
hebbian,50,119,21.497324242028466
hebbian,50,120,30.010896992490412
hebbian,50,121,16.11057579648589
hebbian,50,122,25.48919141974733
hebbian,50,123,17.78087904484613
hebbian,50,124,21.77047707245355
hebbian,50,125,18.941556041156232
hebbian,50,126,21.235509499394983
hebbian,50,127,14.983411551585084
hebbian,50,128,24.630572469719656
hebbian,50,129,21.459130458435162
hebbian,50,130,18.940174094584105
hebbian,50,131,14.391773555017018
hebbian,50,132,23.428383969198418
hebbian,50,133,15.780255505569725
hebbian,50,134,27.37931257097889
hebbian,50,135,18.81016456372512
hebbian,50,136,23.389856796542198
hebbian,50,137,15.399097673274836
hebbian,50,138,31.504690937347764
hebbian,50,139,13.795731486455509
hebbian,50,140,10.930887388473307
hebbian,50,141,15.101955835986699
hebbian,50,142,22.668366720212006
hebbian,50,143,19.413756236297594
hebbian,50,144,22.25939698736408
hebbian,50,145,13.25680706951389
hebbian,50,146,27.034552058459017
hebbian,50,147,15.528933866065183
hebbian,50,148,26.24768316499781
hebbian,50,149,15.524762688431206
hebbian,50,150,33.05458601011743
hebbian,50,151,20.329203716228484
hebbian,50,152,26.347010750151387
hebbian,50,153,18.87379812143415
hebbian,50,154,17.34316329567088
hebbian,50,155,14.085778891803029
hebbian,50,156,38.79287479156258
hebbian,50,157,18.43856513769349
hebbian,50,158,28.52850064167819
hebbian,50,159,14.794461998117487
hebbian,50,160,31.073448001292885
hebbian,50,161,15.811100282707208
hebbian,50,162,27.431842116006134
hebbian,50,163,17.753818904342666
hebbian,50,164,28.369272556987234
hebbian,50,165,16.944337224212465
hebbian,50,166,25.938207863285296
hebbian,50,167,15.68486387590849
hebbian,50,168,24.74612361985061
hebbian,50,169,10.728794102549834
hebbian,50,170,25.687309193492773
hebbian,50,171,13.614580974970124
hebbian,50,172,21.480186327630012
hebbian,50,173,16.627153049465612
hebbian,50,174,21.56842483334227
hebbian,50,175,16.777706178069987
hebbian,50,176,23.30281947302948
hebbian,50,177,14.015003002682853
hebbian,50,178,29.991774333960198
hebbian,50,179,14.378158429840425
hebbian,50,180,26.99189965995813
hebbian,50,181,19.274805792207914
hebbian,50,182,18.220201885671894
hebbian,50,183,15.60852647314109
hebbian,50,184,26.255310989560375
hebbian,50,185,17.81407013597163
hebbian,50,186,20.567085839647543
hebbian,50,187,14.6708406752887
hebbian,50,188,16.67075996407763
hebbian,50,189,18.55925841002949
hebbian,50,190,24.257742190353476
hebbian,50,191,17.683694203512957
hebbian,50,192,25.376522128595592
hebbian,50,193,15.549183458485516
hebbian,50,194,26.732830168503778
hebbian,50,195,14.027814443834053
hebbian,50,196,25.74512134578885
hebbian,50,197,17.21011822018472
hebbian,50,198,32.12738214260407
hebbian,50,199,16.70579828547044
hebbian,50,200,19.594728674205403
hebbian,50,201,14.612851046061735
hebbian,50,202,20.323211115666595
hebbian,50,203,12.128418419339688
hebbian,50,204,25.592938727809123
hebbian,50,205,18.45050596643874
hebbian,50,206,24.414954157678483
hebbian,50,207,21.141692660664873
hebbian,50,208,29.54196793715424
hebbian,50,209,14.393509508747844
hebbian,50,210,28.434204399162198
hebbian,50,211,19.55327322231887
hebbian,50,212,22.779047290868746
hebbian,50,213,13.86800175633158
hebbian,50,214,34.19856035679618
hebbian,50,215,11.065246398999395
hebbian,50,216,22.99956785411722
hebbian,50,217,15.107946988373975
hebbian,50,218,32.64302440834752
hebbian,50,219,11.425978417444115
hebbian,50,220,21.290502108078485
hebbian,50,221,12.657302416935853
hebbian,50,222,20.159107572599776
hebbian,50,223,11.195146614280905
hebbian,50,224,24.047681388893032
hebbian,50,225,17.986927988539637
hebbian,50,226,18.227118790575684
hebbian,50,227,16.26666671560239
hebbian,50,228,25.79390864558725
hebbian,50,229,14.468512949843982
hebbian,50,230,26.693947564516222
hebbian,50,231,14.95773356411318
hebbian,50,232,27.222013404185624
hebbian,50,233,16.1954310614714
hebbian,50,234,31.479514360355566
hebbian,50,235,19.788728370418493
hebbian,50,236,23.198911647951665
hebbian,50,237,17.820993450073072
hebbian,50,238,30.009355824976026
hebbian,50,239,15.957461515725448
hebbian,50,240,28.4222759960135
hebbian,50,241,18.00631357906553
hebbian,50,242,28.471011860834448
hebbian,50,243,13.15121286984396
hebbian,50,244,27.09609187043159
hebbian,50,245,12.0330678445972
hebbian,50,246,19.947122591098736
hebbian,50,247,11.87638299721061
hebbian,50,248,24.503607558260217
hebbian,50,249,14.469908256983096
hebbian,50,250,19.414895658264946
hebbian,50,251,17.360792853709984
hebbian,50,252,22.00638439740568
hebbian,50,253,22.223736806684553
hebbian,50,254,21.2789434594259
hebbian,50,255,14.816898054122413
hebbian,50,256,30.1360299215516
hebbian,50,257,13.91671306333056
hebbian,50,258,21.774168514767037
hebbian,50,259,17.351752113336445
hebbian,50,260,25.814933888636407
hebbian,50,261,13.698409799743835
hebbian,50,262,27.331402361784885
hebbian,50,263,15.407894528118112
hebbian,50,264,28.12065975352182
hebbian,50,265,17.905471501386543
hebbian,50,266,27.350142104443474
hebbian,50,267,21.26021068671796
hebbian,50,268,17.105362140917762
hebbian,50,269,13.609228230369302
hebbian,50,270,27.98401003400779
hebbian,50,271,15.659404396289005
hebbian,50,272,21.410469618176506
hebbian,50,273,14.571794701603176
hebbian,50,274,15.321892299853465
hebbian,50,275,14.774818630014956
hebbian,50,276,19.356506159438542
hebbian,50,277,13.326563797750913
hebbian,50,278,34.55452101922621
hebbian,50,279,16.22236636037388
hebbian,50,280,23.68022909282605
hebbian,50,281,19.570091450908276
hebbian,50,282,22.768134020224974
hebbian,50,283,12.827994258011621
hebbian,50,284,29.070148076591284
hebbian,50,285,13.691477481262256
hebbian,50,286,26.017827251534662
hebbian,50,287,15.183538602390012
hebbian,50,288,20.642346894346044
hebbian,50,289,20.323819600450978
hebbian,50,290,32.96558458302338
hebbian,50,291,20.062721969790786
hebbian,50,292,23.881251251754563
hebbian,50,293,20.054074497227226
hebbian,50,294,23.92526164102237
hebbian,50,295,16.145451954154037
hebbian,50,296,27.598392669844625
hebbian,50,297,20.627278499867085
hebbian,50,298,22.429298660594785
hebbian,50,299,19.734751749570673
hebbian,50,300,26.53623336043403
hebbian,51,1,33.364880207170174
hebbian,51,2,24.887554085979772
hebbian,51,3,15.972122837467344
hebbian,51,4,9.29717994335457
hebbian,51,5,4.784109809315855
hebbian,51,6,3.2176778584019106
hebbian,51,7,5.21176536872278
hebbian,51,8,3.972811578896875
hebbian,51,9,4.829902638706281
hebbian,51,10,5.2109615542358805
hebbian,51,11,5.704992701017813
hebbian,51,12,6.451145942384432
hebbian,51,13,6.9155785208694995
hebbian,51,14,7.543909953477326
hebbian,51,15,7.100986464615698
hebbian,51,16,8.345221315094765
hebbian,51,17,7.7535416482712325
hebbian,51,18,7.886750439363794
hebbian,51,19,9.649173450325266
hebbian,51,20,9.289480671441595
hebbian,51,21,9.130487222014638
hebbian,51,22,8.772915055463805
hebbian,51,23,10.591425097457215
hebbian,51,24,10.969102131534084
hebbian,51,25,9.840984951279758
hebbian,51,26,9.32062987404174
hebbian,51,27,11.79368826326172
hebbian,51,28,11.79489527966691
hebbian,51,29,12.256008658854807
hebbian,51,30,9.571624149101181
hebbian,51,31,12.165863088173587
hebbian,51,32,15.055223673052984
hebbian,51,33,8.881345755079053
hebbian,51,34,12.770093576850103
hebbian,51,35,15.910317973156445
hebbian,51,36,14.844935293878068
hebbian,51,37,17.226936261042155
hebbian,51,38,16.602825546022157
hebbian,51,39,14.123274979543778
hebbian,51,40,18.324267977855175
hebbian,51,41,9.46212449869814
hebbian,51,42,15.856665162073512
hebbian,51,43,15.139077530819083
hebbian,51,44,15.596060622207306
hebbian,51,45,19.181307183831063
hebbian,51,46,13.976012599461962
hebbian,51,47,12.469783867634511
hebbian,51,48,13.460391422688557
hebbian,51,49,11.870220952525681
hebbian,51,50,14.431335796263237
hebbian,51,51,12.734619775645792
hebbian,51,52,10.964708988954813
hebbian,51,53,12.854837951495323
hebbian,51,54,17.125438873683017
hebbian,51,55,11.544416883694526
hebbian,51,56,13.875500840314924
hebbian,51,57,11.561179960773835
hebbian,51,58,16.3774505001206
hebbian,51,59,19.821836318086127
hebbian,51,60,19.62041475025342
hebbian,51,61,12.043231604717063
hebbian,51,62,15.087682315301306
hebbian,51,63,19.9857933851948
hebbian,51,64,17.200750899751007
hebbian,51,65,29.77596611961178
hebbian,51,66,14.831789043639354
hebbian,51,67,22.455717600493475
hebbian,51,68,19.718618346977312
hebbian,51,69,21.335922699583183
hebbian,51,70,23.199293907203682
hebbian,51,71,18.95046922696472
hebbian,51,72,25.95334410659028
hebbian,51,73,20.42692004545216
hebbian,51,74,25.209068802330524
hebbian,51,75,24.79012971268728
hebbian,51,76,21.018819667850906
hebbian,51,77,25.69180684429156
hebbian,51,78,32.4061060030061
hebbian,51,79,27.68553833488759
hebbian,51,80,29.825276775730188
hebbian,51,81,19.836743714710977
hebbian,51,82,34.01047168348726
hebbian,51,83,15.415791710518947
hebbian,51,84,28.156358935624784
hebbian,51,85,25.5595146268342
hebbian,51,86,34.21431683725481
hebbian,51,87,24.890772468618675
hebbian,51,88,27.837166796642205
hebbian,51,89,22.15506092065921
hebbian,51,90,24.063161750651137
hebbian,51,91,23.163375865544136
hebbian,51,92,25.723349640741734
hebbian,51,93,20.593572851005362
hebbian,51,94,20.068150634706914
hebbian,51,95,26.766264017995965
hebbian,51,96,31.487912639231332
hebbian,51,97,27.121329732860048
hebbian,51,98,29.75428718721375
hebbian,51,99,21.356605898274427
hebbian,51,100,28.88354488770319
hebbian,51,101,28.254816753762768
hebbian,51,102,33.265615051461786
hebbian,51,103,21.80192478434076
hebbian,51,104,36.47666098244333
hebbian,51,105,22.170885133398453
hebbian,51,106,40.8821285129443
hebbian,51,107,25.69504099803294
hebbian,51,108,26.735303116270224
hebbian,51,109,24.486874787395255
hebbian,51,110,31.117010397291157
hebbian,51,111,22.579266122960345
hebbian,51,112,26.35911081889976
hebbian,51,113,23.39925947626851
hebbian,51,114,37.212536491618486
hebbian,51,115,20.78429409204369
hebbian,51,116,29.551707348835603
hebbian,51,117,21.99963103982857
hebbian,51,118,21.345308785781206
hebbian,51,119,18.477103580608116
hebbian,51,120,23.609995745538036
hebbian,51,121,19.508820798575687
hebbian,51,122,29.459190755499492
hebbian,51,123,27.373517078800628
hebbian,51,124,27.535482106475623
hebbian,51,125,24.72954953935726
hebbian,51,126,30.78786175634374
hebbian,51,127,22.923890789782558
hebbian,51,128,23.616552409410847
hebbian,51,129,20.044744825079764
hebbian,51,130,29.1861070461589
hebbian,51,131,25.392805678316098
hebbian,51,132,27.168853074027446
hebbian,51,133,19.933766122872044
hebbian,51,134,26.554448513053774
hebbian,51,135,24.62648727106045
hebbian,51,136,21.515890509687296
hebbian,51,137,29.537430433951513
hebbian,51,138,29.773730166056133
hebbian,51,139,28.23856164437476
hebbian,51,140,28.63838817608376
hebbian,51,141,20.738292028825356
hebbian,51,142,24.20359276395988
hebbian,51,143,22.00535087261633
hebbian,51,144,20.97531465130512
hebbian,51,145,20.952821608838914
hebbian,51,146,27.947209137689256
hebbian,51,147,19.282695731963017
hebbian,51,148,24.422599173401956
hebbian,51,149,24.75179143212048
hebbian,51,150,19.19418434004383
hebbian,51,151,26.646963861564164
hebbian,51,152,35.743627703841746
hebbian,51,153,25.55607614057973
hebbian,51,154,36.72259275234867
hebbian,51,155,26.413000836006383
hebbian,51,156,30.983968605807867
hebbian,51,157,26.177753914429875
hebbian,51,158,29.523026499148685
hebbian,51,159,26.83780211553687
hebbian,51,160,27.018947227857222
hebbian,51,161,19.20217255185992
hebbian,51,162,22.780477672500368
hebbian,51,163,22.57693344697086
hebbian,51,164,27.837884805554577
hebbian,51,165,26.62100298588441
hebbian,51,166,26.41402183190152
hebbian,51,167,26.274538301183405
hebbian,51,168,24.579534253467752
hebbian,51,169,18.688518308330313
hebbian,51,170,28.225866247999637
hebbian,51,171,22.520469327863257
hebbian,51,172,27.27571181481632
hebbian,51,173,26.736612386320644
hebbian,51,174,28.2357284642285
hebbian,51,175,25.744106353945835
hebbian,51,176,31.809350823720685
hebbian,51,177,32.38863123519808
hebbian,51,178,21.735798600983134
hebbian,51,179,16.2599355089011
hebbian,51,180,28.391501802129163
hebbian,51,181,25.209164812608456
hebbian,51,182,22.50416679702742
hebbian,51,183,28.9357221159446
hebbian,51,184,28.85975544867969
hebbian,51,185,22.180418255890373
hebbian,51,186,28.335167287023545
hebbian,51,187,25.683072829305356
hebbian,51,188,17.709112956337325
hebbian,51,189,25.483841054840386
hebbian,51,190,26.805584298294402
hebbian,51,191,26.45204807477137
hebbian,51,192,29.85307235921405
hebbian,51,193,20.403144040575548
hebbian,51,194,16.369051839667794
hebbian,51,195,27.522206336922583
hebbian,51,196,22.328790957696402
hebbian,51,197,23.63699243239645
hebbian,51,198,29.196591206250364
hebbian,51,199,25.46479881069906
hebbian,51,200,25.226788154025765
hebbian,51,201,17.012529711481765
hebbian,51,202,25.78835810935627
hebbian,51,203,24.288567164332957
hebbian,51,204,25.51355152015676
hebbian,51,205,24.260635696301335
hebbian,51,206,26.80786309266799
hebbian,51,207,23.572994787794425
hebbian,51,208,29.680804515739
hebbian,51,209,14.900823642551508
hebbian,51,210,23.31033353057012
hebbian,51,211,27.451173127290385
hebbian,51,212,27.170783189962012
hebbian,51,213,29.71870373656877
hebbian,51,214,29.253992931423248
hebbian,51,215,20.99167587020947
hebbian,51,216,29.130404927190547
hebbian,51,217,25.703531345566542
hebbian,51,218,30.8582468489181
hebbian,51,219,21.4959830785353
hebbian,51,220,27.619439093225434
hebbian,51,221,19.635059090505354
hebbian,51,222,30.631880034195035
hebbian,51,223,22.734726065102965
hebbian,51,224,28.331718894770617
hebbian,51,225,29.18411060253487
hebbian,51,226,26.656775254795857
hebbian,51,227,26.43607641341472
hebbian,51,228,24.27359354400032
hebbian,51,229,22.178323668741054
hebbian,51,230,30.703627050595273
hebbian,51,231,24.91349079530248
hebbian,51,232,26.429984260180916
hebbian,51,233,28.85193513116735
hebbian,51,234,23.831931136648503
hebbian,51,235,27.769433534428696
hebbian,51,236,25.599986805841105
hebbian,51,237,27.280020379946926
hebbian,51,238,24.358850443717778
hebbian,51,239,21.502672851226134
hebbian,51,240,24.11962591614226
hebbian,51,241,20.77620781308576
hebbian,51,242,22.81495978417858
hebbian,51,243,24.11079151078618
hebbian,51,244,33.05667767416451
hebbian,51,245,17.991206590331448
hebbian,51,246,23.786893137172978
hebbian,51,247,32.88829860455444
hebbian,51,248,29.20652937426123
hebbian,51,249,24.589014402869896
hebbian,51,250,23.516439456866966
hebbian,51,251,25.40740088941277
hebbian,51,252,27.983178912208608
hebbian,51,253,25.580490038904045
hebbian,51,254,32.21474545412194
hebbian,51,255,26.1419729747793
hebbian,51,256,18.888812967342293
hebbian,51,257,22.53253107258518
hebbian,51,258,21.565447536338432
hebbian,51,259,25.386928794618896
hebbian,51,260,26.87784486287724
hebbian,51,261,24.49938503489809
hebbian,51,262,27.420255957665088
hebbian,51,263,26.785054126269014
hebbian,51,264,20.840566207964955
hebbian,51,265,23.736399253905905
hebbian,51,266,29.849859015240266
hebbian,51,267,19.983538756165526
hebbian,51,268,20.88412330576334
hebbian,51,269,28.187481006167207
hebbian,51,270,29.71026284186735
hebbian,51,271,26.328053744058536
hebbian,51,272,29.699979643132647
hebbian,51,273,25.510489129744386
hebbian,51,274,13.574737159362543
hebbian,51,275,22.97067741173664
hebbian,51,276,26.566734596603215
hebbian,51,277,16.069186268254597
hebbian,51,278,26.714805934926606
hebbian,51,279,23.48330137876642
hebbian,51,280,22.298999933467975
hebbian,51,281,23.614370551708554
hebbian,51,282,29.145605539256664
hebbian,51,283,20.325896611688844
hebbian,51,284,19.073848264202653
hebbian,51,285,18.637804569234866
hebbian,51,286,21.176191309502954
hebbian,51,287,26.704040675003842
hebbian,51,288,25.83475563904094
hebbian,51,289,26.081646873398146
hebbian,51,290,30.41483461240057
hebbian,51,291,21.959066821580986
hebbian,51,292,20.143149504883034
hebbian,51,293,24.698539772702112
hebbian,51,294,24.709575422180933
hebbian,51,295,24.105425013727384
hebbian,51,296,24.326973012594177
hebbian,51,297,22.118820841522464
hebbian,51,298,27.707506321320682
hebbian,51,299,25.10875175801709
hebbian,51,300,27.161384259414362
anti_hebbian,42,1,11.033849677681472
anti_hebbian,42,2,8.104355712041444
anti_hebbian,42,3,4.845875902150194
anti_hebbian,42,4,3.048012968091487
anti_hebbian,42,5,2.975151563860348
anti_hebbian,42,6,2.081184380579339
anti_hebbian,42,7,1.9649781026620652
anti_hebbian,42,8,1.6891087555106652
anti_hebbian,42,9,1.5165490094001042
anti_hebbian,42,10,1.4804343384383998
anti_hebbian,42,11,1.3374662310610468
anti_hebbian,42,12,1.1701096384192493
anti_hebbian,42,13,1.0079341855587762
anti_hebbian,42,14,0.8966544750320911
anti_hebbian,42,15,0.8837163755186892
anti_hebbian,42,16,0.7768221820825532
anti_hebbian,42,17,0.810376941688968
anti_hebbian,42,18,0.6617081589629712
anti_hebbian,42,19,0.7062905045266812
anti_hebbian,42,20,0.6159300289740309
anti_hebbian,42,21,0.6597454669014787
anti_hebbian,42,22,0.5861979907510665
anti_hebbian,42,23,0.5676889026716655
anti_hebbian,42,24,0.48601846100630897
anti_hebbian,42,25,0.47441678202803084
anti_hebbian,42,26,0.5237213900242792
anti_hebbian,42,27,0.468394868423189
anti_hebbian,42,28,0.4531352097576829
anti_hebbian,42,29,0.4100161541193422
anti_hebbian,42,30,0.42164551908401077
anti_hebbian,42,31,0.4033187949476451
anti_hebbian,42,32,0.3904257681433204
anti_hebbian,42,33,0.35358717638809617
anti_hebbian,42,34,0.3370693942089961
anti_hebbian,42,35,0.3152250032934328
anti_hebbian,42,36,0.3411563743910051
anti_hebbian,42,37,0.2987257555640044
anti_hebbian,42,38,0.27597896786979553
anti_hebbian,42,39,0.29700548713985686
anti_hebbian,42,40,0.2922963558256219
anti_hebbian,42,41,0.28595852791818865
anti_hebbian,42,42,0.2980342096537745
anti_hebbian,42,43,0.26896013807917396
anti_hebbian,42,44,0.27033247239307795
anti_hebbian,42,45,0.26299232568795367
anti_hebbian,42,46,0.2588710881118532
anti_hebbian,42,47,0.23480132112667926
anti_hebbian,42,48,0.24801707984922422
anti_hebbian,42,49,0.24379658984707123
anti_hebbian,42,50,0.23920672259022507
anti_hebbian,42,51,0.21799169422422623
anti_hebbian,42,52,0.24667366273300792
anti_hebbian,42,53,0.22250028888321308
anti_hebbian,42,54,0.23764947075349638
anti_hebbian,42,55,0.23821462576221153
anti_hebbian,42,56,0.19838908792403656
anti_hebbian,42,57,0.23438602772927358
anti_hebbian,42,58,0.21072615173780054
anti_hebbian,42,59,0.20402886571268664
anti_hebbian,42,60,0.2146833523178472
anti_hebbian,42,61,0.21411662489521846
anti_hebbian,42,62,0.21623112169256187
anti_hebbian,42,63,0.21873727761916298
anti_hebbian,42,64,0.20483094560412798
anti_hebbian,42,65,0.19121326891106333
anti_hebbian,42,66,0.192908812241663
anti_hebbian,42,67,0.19194868602754214
anti_hebbian,42,68,0.18245836002443241
anti_hebbian,42,69,0.17389281053502936
anti_hebbian,42,70,0.18955644265149882
anti_hebbian,42,71,0.19572247303304388
anti_hebbian,42,72,0.17513609086731655
anti_hebbian,42,73,0.18592951188476506
anti_hebbian,42,74,0.17918032025935915
anti_hebbian,42,75,0.17351758781680074
anti_hebbian,42,76,0.1667744551622313
anti_hebbian,42,77,0.1679137328456715
anti_hebbian,42,78,0.1527604455137839
anti_hebbian,42,79,0.1640336242675842
anti_hebbian,42,80,0.1788516692071477
anti_hebbian,42,81,0.16923315027232044
anti_hebbian,42,82,0.1682713679854327
anti_hebbian,42,83,0.15580438823527054
anti_hebbian,42,84,0.1633831600271715
anti_hebbian,42,85,0.16598978375192913
anti_hebbian,42,86,0.16177745511736902
anti_hebbian,42,87,0.14225794061171804
anti_hebbian,42,88,0.17024378781768013
anti_hebbian,42,89,0.16208094140189697
anti_hebbian,42,90,0.14170797016307582
anti_hebbian,42,91,0.1514491995052871
anti_hebbian,42,92,0.14626492738844538
anti_hebbian,42,93,0.1432197294307503
anti_hebbian,42,94,0.1483804855784845
anti_hebbian,42,95,0.15031816472918688
anti_hebbian,42,96,0.14381036164837083
anti_hebbian,42,97,0.1520375461681309
anti_hebbian,42,98,0.13837311919052098
anti_hebbian,42,99,0.1421004840062109
anti_hebbian,42,100,0.1377435471233234
anti_hebbian,42,101,0.14599084763712214
anti_hebbian,42,102,0.14553465985760672
anti_hebbian,42,103,0.14972529526774014
anti_hebbian,42,104,0.1232368539713763
anti_hebbian,42,105,0.14041863245757805
anti_hebbian,42,106,0.13409971157701536
anti_hebbian,42,107,0.13132358655343698
anti_hebbian,42,108,0.12913511172687178
anti_hebbian,42,109,0.13144895098888806
anti_hebbian,42,110,0.14851545173441394
anti_hebbian,42,111,0.13139293834246848
anti_hebbian,42,112,0.12713064123204515
anti_hebbian,42,113,0.12423679413487579
anti_hebbian,42,114,0.12632727194884616
anti_hebbian,42,115,0.11628761616246522
anti_hebbian,42,116,0.12927133316490885
anti_hebbian,42,117,0.12809482185253127
anti_hebbian,42,118,0.12915217372319568
anti_hebbian,42,119,0.1313015719234893
anti_hebbian,42,120,0.117062301860964
anti_hebbian,42,121,0.1248362638870248
anti_hebbian,42,122,0.14688577343598583
anti_hebbian,42,123,0.1319783464371451
anti_hebbian,42,124,0.12438242533245543
anti_hebbian,42,125,0.130132856978699
anti_hebbian,42,126,0.130228471128485
anti_hebbian,42,127,0.13255852652684746
anti_hebbian,42,128,0.1216584643073211
anti_hebbian,42,129,0.12569462776589602
anti_hebbian,42,130,0.1248462913657058
anti_hebbian,42,131,0.13407119387573754
anti_hebbian,42,132,0.12266396950699944
anti_hebbian,42,133,0.12163929721239873
anti_hebbian,42,134,0.12423109039542037
anti_hebbian,42,135,0.11714200851319516
anti_hebbian,42,136,0.12762795464867516
anti_hebbian,42,137,0.11991573075029827
anti_hebbian,42,138,0.11931955245233156
anti_hebbian,42,139,0.11363273157329862
anti_hebbian,42,140,0.12193929544807024
anti_hebbian,42,141,0.11400730464125369
anti_hebbian,42,142,0.11798471772198173
anti_hebbian,42,143,0.1338836564516609
anti_hebbian,42,144,0.11899042026667624
anti_hebbian,42,145,0.1107208387232236
anti_hebbian,42,146,0.11665057143116608
anti_hebbian,42,147,0.10547070621310434
anti_hebbian,42,148,0.11637953529897017
anti_hebbian,42,149,0.118076413632717
anti_hebbian,42,150,0.11464635123519556
anti_hebbian,42,151,0.1217263133741231
anti_hebbian,42,152,0.11865794391838808
anti_hebbian,42,153,0.11566057487768315
anti_hebbian,42,154,0.10924491872806237
anti_hebbian,42,155,0.1083051174714901
anti_hebbian,42,156,0.10411068312421756
anti_hebbian,42,157,0.10429595411209643
anti_hebbian,42,158,0.10311433052032724
anti_hebbian,42,159,0.11607182137945554
anti_hebbian,42,160,0.11164077097971123
anti_hebbian,42,161,0.10976317486643737
anti_hebbian,42,162,0.10393333128133558
anti_hebbian,42,163,0.11526717512264038
anti_hebbian,42,164,0.11209109706382868
anti_hebbian,42,165,0.09935863139397849
anti_hebbian,42,166,0.1117066435705747
anti_hebbian,42,167,0.10456509528155927
anti_hebbian,42,168,0.1033947499695477
anti_hebbian,42,169,0.10760905964584443
anti_hebbian,42,170,0.11278772952155731
anti_hebbian,42,171,0.11166890886769108
anti_hebbian,42,172,0.10593007203308437
anti_hebbian,42,173,0.10987755270534433
anti_hebbian,42,174,0.1034203716527053
anti_hebbian,42,175,0.10799912725970308
anti_hebbian,42,176,0.10926090251420618
anti_hebbian,42,177,0.10482364686949525
anti_hebbian,42,178,0.09452815694242184
anti_hebbian,42,179,0.1028805865367317
anti_hebbian,42,180,0.10530792454029254
anti_hebbian,42,181,0.10725671311558824
anti_hebbian,42,182,0.11011897010811932
anti_hebbian,42,183,0.10389641631258116
anti_hebbian,42,184,0.11243117222218277
anti_hebbian,42,185,0.10396745365726077
anti_hebbian,42,186,0.10147421178599249
anti_hebbian,42,187,0.10612210097065158
anti_hebbian,42,188,0.10695112194923354
anti_hebbian,42,189,0.10176053026483593
anti_hebbian,42,190,0.10582416578462396
anti_hebbian,42,191,0.10756003071278739
anti_hebbian,42,192,0.10215478660325007
anti_hebbian,42,193,0.10438230699997213
anti_hebbian,42,194,0.09905894979034219
anti_hebbian,42,195,0.09739142101354639
anti_hebbian,42,196,0.0980123637258568
anti_hebbian,42,197,0.09975660743772696
anti_hebbian,42,198,0.0984388584569725
anti_hebbian,42,199,0.09748851646490175
anti_hebbian,42,200,0.09670575355367311
anti_hebbian,42,201,0.10109500814377524
anti_hebbian,42,202,0.10073464270615272
anti_hebbian,42,203,0.09375527323160676
anti_hebbian,42,204,0.09786711886358526
anti_hebbian,42,205,0.0998946597560909
anti_hebbian,42,206,0.10597976782063814
anti_hebbian,42,207,0.10200015508708882
anti_hebbian,42,208,0.10095475049761408
anti_hebbian,42,209,0.09822593721076256
anti_hebbian,42,210,0.09835001637792361
anti_hebbian,42,211,0.09997891839882754
anti_hebbian,42,212,0.096057811509342
anti_hebbian,42,213,0.10449626397475077
anti_hebbian,42,214,0.0950425729052695
anti_hebbian,42,215,0.09763270857495863
anti_hebbian,42,216,0.0963033161220089
anti_hebbian,42,217,0.10354764823054902
anti_hebbian,42,218,0.10110485857703874
anti_hebbian,42,219,0.09543675912940527
anti_hebbian,42,220,0.09846014692535991
anti_hebbian,42,221,0.0999284759542045
anti_hebbian,42,222,0.09746546646171161
anti_hebbian,42,223,0.0990186973134597
anti_hebbian,42,224,0.09980990610300258
anti_hebbian,42,225,0.09637856459857835
anti_hebbian,42,226,0.09591691750094303
anti_hebbian,42,227,0.09575259905989432
anti_hebbian,42,228,0.09707240287457722
anti_hebbian,42,229,0.09894967455650482
anti_hebbian,42,230,0.09285066683233238
anti_hebbian,42,231,0.09959349950609203
anti_hebbian,42,232,0.09845796674544056
anti_hebbian,42,233,0.10125442116395457
anti_hebbian,42,234,0.09363665654309249
anti_hebbian,42,235,0.0978708827899082
anti_hebbian,42,236,0.09397703946182366
anti_hebbian,42,237,0.09637016836243104
anti_hebbian,42,238,0.09982942454067455
anti_hebbian,42,239,0.10044194228577118
anti_hebbian,42,240,0.09519739373377512
anti_hebbian,42,241,0.09112406879047284
anti_hebbian,42,242,0.09058215196539267
anti_hebbian,42,243,0.09407893126081658
anti_hebbian,42,244,0.09711061453067392
anti_hebbian,42,245,0.09377485030367012
anti_hebbian,42,246,0.09562746274318625
anti_hebbian,42,247,0.08986535868112083
anti_hebbian,42,248,0.09188513020377402
anti_hebbian,42,249,0.09272944083348644
anti_hebbian,42,250,0.09275816783810584
anti_hebbian,42,251,0.09055916924213123
anti_hebbian,42,252,0.0932991379300554
anti_hebbian,42,253,0.08856956769194912
anti_hebbian,42,254,0.10294598165220155
anti_hebbian,42,255,0.08669998558372424
anti_hebbian,42,256,0.09535460815283106
anti_hebbian,42,257,0.09537572936219534
anti_hebbian,42,258,0.09501574648066514
anti_hebbian,42,259,0.09492804410447597
anti_hebbian,42,260,0.09310588958666723
anti_hebbian,42,261,0.08964374291397224
anti_hebbian,42,262,0.09128061520933851
anti_hebbian,42,263,0.0927092461634912
anti_hebbian,42,264,0.09538632892066282
anti_hebbian,42,265,0.08953415536906237
anti_hebbian,42,266,0.09470022254015577
anti_hebbian,42,267,0.09262338773620687
anti_hebbian,42,268,0.089993181713775
anti_hebbian,42,269,0.08171801663849522
anti_hebbian,42,270,0.09024341039041454
anti_hebbian,42,271,0.09084237478112732
anti_hebbian,42,272,0.08722889977745085
anti_hebbian,42,273,0.08822318932350687
anti_hebbian,42,274,0.09242810206826903
anti_hebbian,42,275,0.09177310750801243
anti_hebbian,42,276,0.09232642291207699
anti_hebbian,42,277,0.0925065100898636
anti_hebbian,42,278,0.08809486035151766
anti_hebbian,42,279,0.08902772341166039
anti_hebbian,42,280,0.09395760691876219
anti_hebbian,42,281,0.09636371091685829
anti_hebbian,42,282,0.09198083177270076
anti_hebbian,42,283,0.0912737526246438
anti_hebbian,42,284,0.08961094815506682
anti_hebbian,42,285,0.09413537532628034
anti_hebbian,42,286,0.09373174654473598
anti_hebbian,42,287,0.08540569566523909
anti_hebbian,42,288,0.09141035596769485
anti_hebbian,42,289,0.08682073661174411
anti_hebbian,42,290,0.08915865434937993
anti_hebbian,42,291,0.08661710396491196
anti_hebbian,42,292,0.08805851431404757
anti_hebbian,42,293,0.09320172999519243
anti_hebbian,42,294,0.08762647806991747
anti_hebbian,42,295,0.09147199355578604
anti_hebbian,42,296,0.08437789612818505
anti_hebbian,42,297,0.0877201648422436
anti_hebbian,42,298,0.08834732168652303
anti_hebbian,42,299,0.0894684258125186
anti_hebbian,42,300,0.09112059046709643
anti_hebbian,43,1,21.64425513059423
anti_hebbian,43,2,14.276679734656774
anti_hebbian,43,3,8.342902684952465
anti_hebbian,43,4,6.685763316251245
anti_hebbian,43,5,4.449439700688274
anti_hebbian,43,6,3.778916688061946
anti_hebbian,43,7,3.0751033074242753
anti_hebbian,43,8,2.3001277584299604
anti_hebbian,43,9,2.175906830688138
anti_hebbian,43,10,2.039256284018069
anti_hebbian,43,11,1.7094405141875775
anti_hebbian,43,12,1.547343101031448
anti_hebbian,43,13,1.5027251933661807
anti_hebbian,43,14,1.3588308830446847
anti_hebbian,43,15,1.100448342837585
anti_hebbian,43,16,0.9898799500801492
anti_hebbian,43,17,0.8859227142827151
anti_hebbian,43,18,0.8117507371629784
anti_hebbian,43,19,0.7193030683777488
anti_hebbian,43,20,0.7322513859453411
anti_hebbian,43,21,0.6249687241600335
anti_hebbian,43,22,0.6846893393805792
anti_hebbian,43,23,0.5834549365644788
anti_hebbian,43,24,0.5641977668694037
anti_hebbian,43,25,0.5698008390536247
anti_hebbian,43,26,0.44184641906431243
anti_hebbian,43,27,0.42807087029678886
anti_hebbian,43,28,0.43427664241966163
anti_hebbian,43,29,0.41851478694964084
anti_hebbian,43,30,0.3968504234747924
anti_hebbian,43,31,0.4620956974610784
anti_hebbian,43,32,0.40691634546854877
anti_hebbian,43,33,0.36272717394554604
anti_hebbian,43,34,0.39930295360392715
anti_hebbian,43,35,0.3544634320202368
anti_hebbian,43,36,0.37164106575682526
anti_hebbian,43,37,0.3786941169110225
anti_hebbian,43,38,0.3542522189553594
anti_hebbian,43,39,0.35101517592029113
anti_hebbian,43,40,0.296678420185291
anti_hebbian,43,41,0.32158879264412943
anti_hebbian,43,42,0.33480200275794697
anti_hebbian,43,43,0.30998166871638333
anti_hebbian,43,44,0.2669167157297507
anti_hebbian,43,45,0.2669394600017218
anti_hebbian,43,46,0.288508975438343
anti_hebbian,43,47,0.2555511073366555
anti_hebbian,43,48,0.2764814017409323
anti_hebbian,43,49,0.2675806296352948
anti_hebbian,43,50,0.2446456141243898
anti_hebbian,43,51,0.22748779505438838
anti_hebbian,43,52,0.2639888178081218
anti_hebbian,43,53,0.23551372419699448
anti_hebbian,43,54,0.213262253060184
anti_hebbian,43,55,0.21808813379505157
anti_hebbian,43,56,0.24300809206850554
anti_hebbian,43,57,0.22373834705893628
anti_hebbian,43,58,0.1991472146336025
anti_hebbian,43,59,0.25006975336918236
anti_hebbian,43,60,0.22039338284877735
anti_hebbian,43,61,0.2199415220383453
anti_hebbian,43,62,0.2131252871063466
anti_hebbian,43,63,0.20221257446268479
anti_hebbian,43,64,0.205503714546702
anti_hebbian,43,65,0.19693726934662142
anti_hebbian,43,66,0.18392945162922275
anti_hebbian,43,67,0.20065816749685697
anti_hebbian,43,68,0.21784199994514528
anti_hebbian,43,69,0.19955513997618823
anti_hebbian,43,70,0.1834162644514269
anti_hebbian,43,71,0.18449536831529134
anti_hebbian,43,72,0.1888250177136716
anti_hebbian,43,73,0.1814760053769722
anti_hebbian,43,74,0.17602165555439456
anti_hebbian,43,75,0.16966980097038442
anti_hebbian,43,76,0.16154200924775736
anti_hebbian,43,77,0.18744400538811845
anti_hebbian,43,78,0.15711427413912651
anti_hebbian,43,79,0.15205900044232068
anti_hebbian,43,80,0.158753046694853
anti_hebbian,43,81,0.16220147667629628
anti_hebbian,43,82,0.17154130115865898
anti_hebbian,43,83,0.15675660326912652
anti_hebbian,43,84,0.16509317004140786
anti_hebbian,43,85,0.15684563845599817
anti_hebbian,43,86,0.15088274898261
anti_hebbian,43,87,0.13552460204574235
anti_hebbian,43,88,0.1462190100711551
anti_hebbian,43,89,0.14996040852921427
anti_hebbian,43,90,0.15297177256734437
anti_hebbian,43,91,0.14901078940041754
anti_hebbian,43,92,0.16400295480888968
anti_hebbian,43,93,0.15104227048157212
anti_hebbian,43,94,0.1411360127146835
anti_hebbian,43,95,0.14109166706049808
anti_hebbian,43,96,0.14241525659509707
anti_hebbian,43,97,0.13020309555917178
anti_hebbian,43,98,0.16561950316841473
anti_hebbian,43,99,0.14559156845873492
anti_hebbian,43,100,0.13650411552388764
anti_hebbian,43,101,0.1598680294677305
anti_hebbian,43,102,0.13452446251036695
anti_hebbian,43,103,0.13904692360661916
anti_hebbian,43,104,0.15710296121391779
anti_hebbian,43,105,0.1368878760962056
anti_hebbian,43,106,0.13959490053481904
anti_hebbian,43,107,0.13424779454481245
anti_hebbian,43,108,0.14222359887751687
anti_hebbian,43,109,0.13949256562085
anti_hebbian,43,110,0.13079933417671655
anti_hebbian,43,111,0.12225905971614956
anti_hebbian,43,112,0.13132233442609123
anti_hebbian,43,113,0.14186641587104104
anti_hebbian,43,114,0.12845841513472592
anti_hebbian,43,115,0.12537315793260656
anti_hebbian,43,116,0.13308524977901362
anti_hebbian,43,117,0.13416106199895494
anti_hebbian,43,118,0.1285905714487305
anti_hebbian,43,119,0.11990264084097207
anti_hebbian,43,120,0.1273579883099982
anti_hebbian,43,121,0.12973544361655395
anti_hebbian,43,122,0.13718907868783276
anti_hebbian,43,123,0.12437127196898495
anti_hebbian,43,124,0.11604692795492126
anti_hebbian,43,125,0.13736727405361218
anti_hebbian,43,126,0.12148609041122671
anti_hebbian,43,127,0.12840785883713265
anti_hebbian,43,128,0.11055974192426414
anti_hebbian,43,129,0.11814596604165478
anti_hebbian,43,130,0.11211703234470391
anti_hebbian,43,131,0.11845287003879248
anti_hebbian,43,132,0.10868423874153223
anti_hebbian,43,133,0.12775148335565037
anti_hebbian,43,134,0.11323247652637329
anti_hebbian,43,135,0.12109580549336818
anti_hebbian,43,136,0.11745595683842026
anti_hebbian,43,137,0.11438014556606695
anti_hebbian,43,138,0.10691234209096225
anti_hebbian,43,139,0.11148871293685865
anti_hebbian,43,140,0.1103663283863852
anti_hebbian,43,141,0.11693196596868213
anti_hebbian,43,142,0.12178484669083046
anti_hebbian,43,143,0.11163597180893049
anti_hebbian,43,144,0.12352508315406303
anti_hebbian,43,145,0.11782112284118984
anti_hebbian,43,146,0.11122450238159963
anti_hebbian,43,147,0.10981895617365253
anti_hebbian,43,148,0.11537526408393119
anti_hebbian,43,149,0.10814754377063926
anti_hebbian,43,150,0.11608472002896507
anti_hebbian,43,151,0.10503569227762745
anti_hebbian,43,152,0.11414161666224348
anti_hebbian,43,153,0.11423486663971211
anti_hebbian,43,154,0.10688070685069186
anti_hebbian,43,155,0.11977189905014556
anti_hebbian,43,156,0.10503127219907794
anti_hebbian,43,157,0.10871385915151346
anti_hebbian,43,158,0.11131595817301877
anti_hebbian,43,159,0.10560776848055124
anti_hebbian,43,160,0.10204689214090519
anti_hebbian,43,161,0.11402828294557699
anti_hebbian,43,162,0.10297277189871762
anti_hebbian,43,163,0.10598223141966458
anti_hebbian,43,164,0.10625577298556278
anti_hebbian,43,165,0.10736260483830341
anti_hebbian,43,166,0.11142400997169649
anti_hebbian,43,167,0.10174518552640736
anti_hebbian,43,168,0.11067537623633368
anti_hebbian,43,169,0.10067032886211535
anti_hebbian,43,170,0.10096337545682536
anti_hebbian,43,171,0.09858773389539643
anti_hebbian,43,172,0.1023368331615842
anti_hebbian,43,173,0.10569045343204692
anti_hebbian,43,174,0.108811729682471
anti_hebbian,43,175,0.10246345341768133
anti_hebbian,43,176,0.10877931517704148
anti_hebbian,43,177,0.09728281557899847
anti_hebbian,43,178,0.1028141761862365
anti_hebbian,43,179,0.10378645518558122
anti_hebbian,43,180,0.0973045492502982
anti_hebbian,43,181,0.09915469104677423
anti_hebbian,43,182,0.10430559369621353
anti_hebbian,43,183,0.09456075833537728
anti_hebbian,43,184,0.10029954277652081
anti_hebbian,43,185,0.10606765299990785
anti_hebbian,43,186,0.10784738188945298
anti_hebbian,43,187,0.09656496395252373
anti_hebbian,43,188,0.09966059082981346
anti_hebbian,43,189,0.09801180169511392
anti_hebbian,43,190,0.09465724742438884
anti_hebbian,43,191,0.10742058301483581
anti_hebbian,43,192,0.10325231449425819
anti_hebbian,43,193,0.10663997281963003
anti_hebbian,43,194,0.09474525059064165
anti_hebbian,43,195,0.0997772604892805
anti_hebbian,43,196,0.09768115715328657
anti_hebbian,43,197,0.10176031715701496
anti_hebbian,43,198,0.09507489553518443
anti_hebbian,43,199,0.10022426469015096
anti_hebbian,43,200,0.08968031503144511
anti_hebbian,43,201,0.10705868350914724
anti_hebbian,43,202,0.09921993553136632
anti_hebbian,43,203,0.09286167092884905
anti_hebbian,43,204,0.09236235396601776
anti_hebbian,43,205,0.10036150424666998
anti_hebbian,43,206,0.0957469990764097
anti_hebbian,43,207,0.10690888714059782
anti_hebbian,43,208,0.0953743687130225
anti_hebbian,43,209,0.08814127155520322
anti_hebbian,43,210,0.1030183782736985
anti_hebbian,43,211,0.09529359753495995
anti_hebbian,43,212,0.09021671653380327
anti_hebbian,43,213,0.10199841502400836
anti_hebbian,43,214,0.09792945597032672
anti_hebbian,43,215,0.09736048165927871
anti_hebbian,43,216,0.09781768966425113
anti_hebbian,43,217,0.09792055228253833
anti_hebbian,43,218,0.10006725083486061
anti_hebbian,43,219,0.09763301530805596
anti_hebbian,43,220,0.09199751699828797
anti_hebbian,43,221,0.09138315298440843
anti_hebbian,43,222,0.0938054322748457
anti_hebbian,43,223,0.09661534318168606
anti_hebbian,43,224,0.09997704298614316
anti_hebbian,43,225,0.09899786843731927
anti_hebbian,43,226,0.09180021829153481
anti_hebbian,43,227,0.09043366025470333
anti_hebbian,43,228,0.09039853506305698
anti_hebbian,43,229,0.10010175497760768
anti_hebbian,43,230,0.09438096790736163
anti_hebbian,43,231,0.09103642752960708
anti_hebbian,43,232,0.10017893853400572
anti_hebbian,43,233,0.09305536287697787
anti_hebbian,43,234,0.0960223340753795
anti_hebbian,43,235,0.0968134557727517
anti_hebbian,43,236,0.09017686953440804
anti_hebbian,43,237,0.09450682919182692
anti_hebbian,43,238,0.08920698194583589
anti_hebbian,43,239,0.10097719397107269
anti_hebbian,43,240,0.09340614170068484
anti_hebbian,43,241,0.0929558660871259
anti_hebbian,43,242,0.09081047563048596
anti_hebbian,43,243,0.0912689542648303
anti_hebbian,43,244,0.09460706394467894
anti_hebbian,43,245,0.09349594421804976
anti_hebbian,43,246,0.096836983630699
anti_hebbian,43,247,0.09323029797246386
anti_hebbian,43,248,0.09180436029131013
anti_hebbian,43,249,0.09406791105493079
anti_hebbian,43,250,0.09278078431351888
anti_hebbian,43,251,0.09374580989377847
anti_hebbian,43,252,0.09564088422982149
anti_hebbian,43,253,0.09429696464646599
anti_hebbian,43,254,0.09108747127353961
anti_hebbian,43,255,0.09916034569498801
anti_hebbian,43,256,0.09054183291203133
anti_hebbian,43,257,0.08769552816755956
anti_hebbian,43,258,0.09334106447547909
anti_hebbian,43,259,0.0878542205078535
anti_hebbian,43,260,0.09414014975481541
anti_hebbian,43,261,0.08896261668668091
anti_hebbian,43,262,0.09169732789403649
anti_hebbian,43,263,0.09828613787993587
anti_hebbian,43,264,0.09262631116939625
anti_hebbian,43,265,0.09061773609802316
anti_hebbian,43,266,0.09276963745901834
anti_hebbian,43,267,0.08949274738867564
anti_hebbian,43,268,0.09121219096808918
anti_hebbian,43,269,0.08971402715422354
anti_hebbian,43,270,0.09308789302426307
anti_hebbian,43,271,0.09214271741404581
anti_hebbian,43,272,0.09230028132549804
anti_hebbian,43,273,0.09264874766768182
anti_hebbian,43,274,0.09078337443540045
anti_hebbian,43,275,0.0914468696567496
anti_hebbian,43,276,0.09157578507978781
anti_hebbian,43,277,0.08684727558072854
anti_hebbian,43,278,0.08969463894017875
anti_hebbian,43,279,0.08952036483319835
anti_hebbian,43,280,0.09059574915278787
anti_hebbian,43,281,0.09241713779056987
anti_hebbian,43,282,0.09073846810813707
anti_hebbian,43,283,0.08668945777947669
anti_hebbian,43,284,0.0885305699461268
anti_hebbian,43,285,0.0902950750817125
anti_hebbian,43,286,0.09271046885929125
anti_hebbian,43,287,0.08828235279889886
anti_hebbian,43,288,0.09073083898508011
anti_hebbian,43,289,0.08980267421556867
anti_hebbian,43,290,0.08926058080969566
anti_hebbian,43,291,0.09189068898544434
anti_hebbian,43,292,0.08776357605480337
anti_hebbian,43,293,0.08723765868003618
anti_hebbian,43,294,0.08658457547861516
anti_hebbian,43,295,0.08873286142269352
anti_hebbian,43,296,0.08210570384072308
anti_hebbian,43,297,0.09007216237584821
anti_hebbian,43,298,0.08834906002185806
anti_hebbian,43,299,0.08820427720080075
anti_hebbian,43,300,0.08457975129373184
anti_hebbian,44,1,26.438323407080517
anti_hebbian,44,2,13.837517869805332
anti_hebbian,44,3,8.930041368490732
anti_hebbian,44,4,4.870024249957401
anti_hebbian,44,5,3.454941747585337
anti_hebbian,44,6,2.581130129867854
anti_hebbian,44,7,2.3341405064586334
anti_hebbian,44,8,2.08156310207097
anti_hebbian,44,9,1.7728476804378472
anti_hebbian,44,10,1.7287788156261266
anti_hebbian,44,11,1.6300660446195656
anti_hebbian,44,12,1.5144489015380573
anti_hebbian,44,13,1.2848079947862336
anti_hebbian,44,14,1.2023446436444671
anti_hebbian,44,15,1.3002117738032661
anti_hebbian,44,16,1.2058855091998912
anti_hebbian,44,17,0.9497996818161685
anti_hebbian,44,18,0.9065928092106773
anti_hebbian,44,19,0.7643108179809281
anti_hebbian,44,20,0.779794941128086
anti_hebbian,44,21,0.7568840785104357
anti_hebbian,44,22,0.7484263021180033
anti_hebbian,44,23,0.6552775550524461
anti_hebbian,44,24,0.624789852030678
anti_hebbian,44,25,0.576600374803621
anti_hebbian,44,26,0.5655126728260913
anti_hebbian,44,27,0.48117710596421914
anti_hebbian,44,28,0.501465593793475
anti_hebbian,44,29,0.4663282703861507
anti_hebbian,44,30,0.42146107433477975
anti_hebbian,44,31,0.41912193348394805
anti_hebbian,44,32,0.45289155608894477
anti_hebbian,44,33,0.38991393263732166
anti_hebbian,44,34,0.3924757405899303
anti_hebbian,44,35,0.3697720669725859
anti_hebbian,44,36,0.359133168247446
anti_hebbian,44,37,0.29958272308444506
anti_hebbian,44,38,0.3395774464708593
anti_hebbian,44,39,0.31941920544292357
anti_hebbian,44,40,0.3343175615722407
anti_hebbian,44,41,0.32087576562828235
anti_hebbian,44,42,0.3153887255629719
anti_hebbian,44,43,0.30166531256569834
anti_hebbian,44,44,0.2757407811723512
anti_hebbian,44,45,0.2623680827203169
anti_hebbian,44,46,0.2618748416818322
anti_hebbian,44,47,0.2585758561465454
anti_hebbian,44,48,0.2529110633304105
anti_hebbian,44,49,0.24758165300328058
anti_hebbian,44,50,0.2555134129764992
anti_hebbian,44,51,0.251742043165255
anti_hebbian,44,52,0.23674392235982403
anti_hebbian,44,53,0.23669247392512655
anti_hebbian,44,54,0.22581282726833685
anti_hebbian,44,55,0.22276950024441095
anti_hebbian,44,56,0.22154970769920207
anti_hebbian,44,57,0.22546971336503294
anti_hebbian,44,58,0.20897005569645968
anti_hebbian,44,59,0.21578566008672695
anti_hebbian,44,60,0.20135846512660108
anti_hebbian,44,61,0.21733771371810223
anti_hebbian,44,62,0.2147145689130933
anti_hebbian,44,63,0.200101140739174
anti_hebbian,44,64,0.21682192637781228
anti_hebbian,44,65,0.20451356434098103
anti_hebbian,44,66,0.19885974717420513
anti_hebbian,44,67,0.17914460892889486
anti_hebbian,44,68,0.18203148608753394
anti_hebbian,44,69,0.17488414310176162
anti_hebbian,44,70,0.18439482716732736
anti_hebbian,44,71,0.19411704511015423
anti_hebbian,44,72,0.19098187709220885
anti_hebbian,44,73,0.19030715649560162
anti_hebbian,44,74,0.18415773076047498
anti_hebbian,44,75,0.17094972912030995
anti_hebbian,44,76,0.17570110189197624
anti_hebbian,44,77,0.1617269104851867
anti_hebbian,44,78,0.14684315268558104
anti_hebbian,44,79,0.1768381968661361
anti_hebbian,44,80,0.1692285361288979
anti_hebbian,44,81,0.16095779886395725
anti_hebbian,44,82,0.1516672416975543
anti_hebbian,44,83,0.15636952237325963
anti_hebbian,44,84,0.1589043351958017
anti_hebbian,44,85,0.16209790696393542
anti_hebbian,44,86,0.1473252828829161
anti_hebbian,44,87,0.1594863733987737
anti_hebbian,44,88,0.14900690783785342
anti_hebbian,44,89,0.14778953922488594
anti_hebbian,44,90,0.1523261714025162
anti_hebbian,44,91,0.172703999024953
anti_hebbian,44,92,0.14803973580408336
anti_hebbian,44,93,0.147289710268225
anti_hebbian,44,94,0.13206739734439762
anti_hebbian,44,95,0.1450486033514731
anti_hebbian,44,96,0.137063840540129
anti_hebbian,44,97,0.1387838014568584
anti_hebbian,44,98,0.1500591418414529
anti_hebbian,44,99,0.1357584008875228
anti_hebbian,44,100,0.1542049818438935
anti_hebbian,44,101,0.1390893540803773
anti_hebbian,44,102,0.14024705076244584
anti_hebbian,44,103,0.15056921478273186
anti_hebbian,44,104,0.14006849304385932
anti_hebbian,44,105,0.14352969495198087
anti_hebbian,44,106,0.13903847904920008
anti_hebbian,44,107,0.12693380880524185
anti_hebbian,44,108,0.13035883940132767
anti_hebbian,44,109,0.1290456509192783
anti_hebbian,44,110,0.14290506829575775
anti_hebbian,44,111,0.13312152301936278
anti_hebbian,44,112,0.1273212355714082
anti_hebbian,44,113,0.13292857042784015
anti_hebbian,44,114,0.12084223101374934
anti_hebbian,44,115,0.1312701146298533
anti_hebbian,44,116,0.1368549589396259
anti_hebbian,44,117,0.13356221473397692
anti_hebbian,44,118,0.12727015555504292
anti_hebbian,44,119,0.13357313332276285
anti_hebbian,44,120,0.13088748233244776
anti_hebbian,44,121,0.11941084497654651
anti_hebbian,44,122,0.11954026127585916
anti_hebbian,44,123,0.12550830684534262
anti_hebbian,44,124,0.12235010929720004
anti_hebbian,44,125,0.11262820862748252
anti_hebbian,44,126,0.12867018392933446
anti_hebbian,44,127,0.12657805486548568
anti_hebbian,44,128,0.11558642678839046
anti_hebbian,44,129,0.1225957177005462
anti_hebbian,44,130,0.1251484740427071
anti_hebbian,44,131,0.11970620044828814
anti_hebbian,44,132,0.1247711445922984
anti_hebbian,44,133,0.12555799985721078
anti_hebbian,44,134,0.12151663855757722
anti_hebbian,44,135,0.1288802782727059
anti_hebbian,44,136,0.1179024112678715
anti_hebbian,44,137,0.1171610958665168
anti_hebbian,44,138,0.1196574056297977
anti_hebbian,44,139,0.12335268173898087
anti_hebbian,44,140,0.11646885238686036
anti_hebbian,44,141,0.11230722501757849
anti_hebbian,44,142,0.11286685087205878
anti_hebbian,44,143,0.11470407842178844
anti_hebbian,44,144,0.11977742036541236
anti_hebbian,44,145,0.11283511640470824
anti_hebbian,44,146,0.11515767845497171
anti_hebbian,44,147,0.11580681406074392
anti_hebbian,44,148,0.10913787795180627
anti_hebbian,44,149,0.11229115836842109
anti_hebbian,44,150,0.11056013083852215
anti_hebbian,44,151,0.11814862438287443
anti_hebbian,44,152,0.10549703833991876
anti_hebbian,44,153,0.10425475287439573
anti_hebbian,44,154,0.11403368771972984
anti_hebbian,44,155,0.11115003782175634
anti_hebbian,44,156,0.1047718207465797
anti_hebbian,44,157,0.11856868376343481
anti_hebbian,44,158,0.11331304338123252
anti_hebbian,44,159,0.11240485659017697
anti_hebbian,44,160,0.1130685136026292
anti_hebbian,44,161,0.11168505934469942
anti_hebbian,44,162,0.09925972730955782
anti_hebbian,44,163,0.11547455746060763
anti_hebbian,44,164,0.10486943246169127
anti_hebbian,44,165,0.10639261208428322
anti_hebbian,44,166,0.10595231348680802
anti_hebbian,44,167,0.10906294176505732
anti_hebbian,44,168,0.10301216301781004
anti_hebbian,44,169,0.10692354629219172
anti_hebbian,44,170,0.11435273573590016
anti_hebbian,44,171,0.0998316015132366
anti_hebbian,44,172,0.10631976382085351
anti_hebbian,44,173,0.10528033192265296
anti_hebbian,44,174,0.10300424917513337
anti_hebbian,44,175,0.1052570921466959
anti_hebbian,44,176,0.10224384561747407
anti_hebbian,44,177,0.10860461746457001
anti_hebbian,44,178,0.09743514058033419
anti_hebbian,44,179,0.1066576624818035
anti_hebbian,44,180,0.10177204414641389
anti_hebbian,44,181,0.10293434925275191
anti_hebbian,44,182,0.09896565788049881
anti_hebbian,44,183,0.09924048762189348
anti_hebbian,44,184,0.10522669715519535
anti_hebbian,44,185,0.11264768509573674
anti_hebbian,44,186,0.10488859122384767
anti_hebbian,44,187,0.11079589897183961
anti_hebbian,44,188,0.10562573870055046
anti_hebbian,44,189,0.09661651502471412
anti_hebbian,44,190,0.10001177714370493
anti_hebbian,44,191,0.10330042581981745
anti_hebbian,44,192,0.10238798191540345
anti_hebbian,44,193,0.09834555269981911
anti_hebbian,44,194,0.10580578172765319
anti_hebbian,44,195,0.100497028431333
anti_hebbian,44,196,0.10186007100701312
anti_hebbian,44,197,0.10052153619892375
anti_hebbian,44,198,0.10186979558677724
anti_hebbian,44,199,0.10557662736679152
anti_hebbian,44,200,0.10346370076815753
anti_hebbian,44,201,0.1007926057679824
anti_hebbian,44,202,0.10242377243937958
anti_hebbian,44,203,0.10092446711978824
anti_hebbian,44,204,0.09971163350358454
anti_hebbian,44,205,0.1010261717369449
anti_hebbian,44,206,0.09913325389125421
anti_hebbian,44,207,0.09859995439428092
anti_hebbian,44,208,0.10005011252846585
anti_hebbian,44,209,0.09939419729342693
anti_hebbian,44,210,0.09986840532737616
anti_hebbian,44,211,0.09414446169367968
anti_hebbian,44,212,0.09970407723754597
anti_hebbian,44,213,0.09606065757735696
anti_hebbian,44,214,0.09771066850802783
anti_hebbian,44,215,0.10412909129775776
anti_hebbian,44,216,0.10179183534980886
anti_hebbian,44,217,0.09975536703873278
anti_hebbian,44,218,0.094756440889442
anti_hebbian,44,219,0.08985924182113789
anti_hebbian,44,220,0.09279100104440148
anti_hebbian,44,221,0.09565353655572167
anti_hebbian,44,222,0.09394717561199985
anti_hebbian,44,223,0.0913159025096851
anti_hebbian,44,224,0.09926814841631239
anti_hebbian,44,225,0.10216564144288628
anti_hebbian,44,226,0.09617374443045029
anti_hebbian,44,227,0.09545388776670731
anti_hebbian,44,228,0.09710793283855872
anti_hebbian,44,229,0.09816401147375542
anti_hebbian,44,230,0.09908077353314577
anti_hebbian,44,231,0.09695406474767922
anti_hebbian,44,232,0.09126345061640623
anti_hebbian,44,233,0.0940482821347352
anti_hebbian,44,234,0.09355081624546763
anti_hebbian,44,235,0.09725968055311962
anti_hebbian,44,236,0.10068161733545651
anti_hebbian,44,237,0.09443489338582457
anti_hebbian,44,238,0.09766794666650616
anti_hebbian,44,239,0.09382513594416682
anti_hebbian,44,240,0.0941090305879309
anti_hebbian,44,241,0.0928879579466006
anti_hebbian,44,242,0.09639551908456104
anti_hebbian,44,243,0.0946849547675866
anti_hebbian,44,244,0.09560430860142745
anti_hebbian,44,245,0.0883100861492106
anti_hebbian,44,246,0.0981004575741229
anti_hebbian,44,247,0.09117554843747211
anti_hebbian,44,248,0.09186456689300906
anti_hebbian,44,249,0.09923075650364015
anti_hebbian,44,250,0.10115973577113856
anti_hebbian,44,251,0.09176676005059994
anti_hebbian,44,252,0.08652375127924339
anti_hebbian,44,253,0.09019315793812253
anti_hebbian,44,254,0.09638241632202496
anti_hebbian,44,255,0.09212901175947338
anti_hebbian,44,256,0.09730608877595069
anti_hebbian,44,257,0.09404153947851772
anti_hebbian,44,258,0.09709405812787399
anti_hebbian,44,259,0.08599362670519146
anti_hebbian,44,260,0.09346997076546745
anti_hebbian,44,261,0.0966155816610462
anti_hebbian,44,262,0.09444561558659775
anti_hebbian,44,263,0.09367028280597654
anti_hebbian,44,264,0.09354560043817123
anti_hebbian,44,265,0.09208399113254497
anti_hebbian,44,266,0.09178822115682066
anti_hebbian,44,267,0.09061084890536283
anti_hebbian,44,268,0.09721058130284833
anti_hebbian,44,269,0.08815656847344897
anti_hebbian,44,270,0.09023473574988464
anti_hebbian,44,271,0.09229293574913418
anti_hebbian,44,272,0.0918101524760118
anti_hebbian,44,273,0.09099268528661154
anti_hebbian,44,274,0.08977141776092562
anti_hebbian,44,275,0.09062617907262176
anti_hebbian,44,276,0.0869598181818691
anti_hebbian,44,277,0.09603993767937324
anti_hebbian,44,278,0.09522290477572719
anti_hebbian,44,279,0.08693689777183745
anti_hebbian,44,280,0.0903792817747013
anti_hebbian,44,281,0.09372630873660294
anti_hebbian,44,282,0.09528073670871412
anti_hebbian,44,283,0.08371023178849418
anti_hebbian,44,284,0.09167966448294372
anti_hebbian,44,285,0.08570164847224086
anti_hebbian,44,286,0.08883600855888373
anti_hebbian,44,287,0.08853460562730318
anti_hebbian,44,288,0.09184591073048752
anti_hebbian,44,289,0.08987887010460684
anti_hebbian,44,290,0.09015133439998568
anti_hebbian,44,291,0.09173925805861494
anti_hebbian,44,292,0.0884731361203004
anti_hebbian,44,293,0.08940621462460142
anti_hebbian,44,294,0.09581626097893624
anti_hebbian,44,295,0.09055499341836797
anti_hebbian,44,296,0.08637847870983198
anti_hebbian,44,297,0.08650736289365467
anti_hebbian,44,298,0.08834052160619671
anti_hebbian,44,299,0.08797866725804965
anti_hebbian,44,300,0.08956343467344689
anti_hebbian,45,1,15.766376257669965
anti_hebbian,45,2,11.51471064437435
anti_hebbian,45,3,6.941030200288972
anti_hebbian,45,4,4.579036917546358
anti_hebbian,45,5,3.634492817882432
anti_hebbian,45,6,2.567285879915491
anti_hebbian,45,7,2.061274405315491
anti_hebbian,45,8,1.8254538994782417
anti_hebbian,45,9,1.5785130542928831
anti_hebbian,45,10,1.4661918552399813
anti_hebbian,45,11,1.4370276149182928
anti_hebbian,45,12,1.348833918502297
anti_hebbian,45,13,1.17581432421544
anti_hebbian,45,14,0.9312320973911444
anti_hebbian,45,15,0.904348762066299
anti_hebbian,45,16,0.9619217065720572
anti_hebbian,45,17,0.7969089405905236
anti_hebbian,45,18,0.7800243548696127
anti_hebbian,45,19,0.6740666741198627
anti_hebbian,45,20,0.6224098128323455
anti_hebbian,45,21,0.680345900452661
anti_hebbian,45,22,0.5420515357222334
anti_hebbian,45,23,0.6448927175563338
anti_hebbian,45,24,0.5391045687571894
anti_hebbian,45,25,0.49849528821509
anti_hebbian,45,26,0.5050631905515783
anti_hebbian,45,27,0.4413447461798109
anti_hebbian,45,28,0.48266808422057217
anti_hebbian,45,29,0.38650877324985494
anti_hebbian,45,30,0.43733858758754285
anti_hebbian,45,31,0.40648166044641504
anti_hebbian,45,32,0.4450199964912644
anti_hebbian,45,33,0.40808032402614247
anti_hebbian,45,34,0.36868776021081795
anti_hebbian,45,35,0.31681174014534536
anti_hebbian,45,36,0.34283159996633256
anti_hebbian,45,37,0.354936036397092
anti_hebbian,45,38,0.361997474569521
anti_hebbian,45,39,0.3564492870642307
anti_hebbian,45,40,0.31792079534888806
anti_hebbian,45,41,0.2999304736544705
anti_hebbian,45,42,0.30135470625664984
anti_hebbian,45,43,0.2720835634687595
anti_hebbian,45,44,0.27182692113331436
anti_hebbian,45,45,0.286211125164675
anti_hebbian,45,46,0.2873751042031485
anti_hebbian,45,47,0.2808858833492984
anti_hebbian,45,48,0.2695818081532604
anti_hebbian,45,49,0.2673036240035927
anti_hebbian,45,50,0.29607241162317893
anti_hebbian,45,51,0.2522901506318372
anti_hebbian,45,52,0.22826652912844123
anti_hebbian,45,53,0.22184799148826667
anti_hebbian,45,54,0.21804949130304552
anti_hebbian,45,55,0.2525782080368264
anti_hebbian,45,56,0.2266815522556783
anti_hebbian,45,57,0.20365679454555494
anti_hebbian,45,58,0.2084943450884409
anti_hebbian,45,59,0.23134032363923557
anti_hebbian,45,60,0.22030717081000156
anti_hebbian,45,61,0.2115350690461663
anti_hebbian,45,62,0.19576024066845885
anti_hebbian,45,63,0.2048915195937118
anti_hebbian,45,64,0.21246108494601812
anti_hebbian,45,65,0.20449960446200857
anti_hebbian,45,66,0.21963831782575588
anti_hebbian,45,67,0.2152700292386933
anti_hebbian,45,68,0.18086708780388305
anti_hebbian,45,69,0.18725164238440967
anti_hebbian,45,70,0.18490405538465782
anti_hebbian,45,71,0.1992456356755568
anti_hebbian,45,72,0.16968082214111088
anti_hebbian,45,73,0.1745903667930415
anti_hebbian,45,74,0.18238194756369494
anti_hebbian,45,75,0.18729790893396708
anti_hebbian,45,76,0.17749361344842962
anti_hebbian,45,77,0.1753140208484303
anti_hebbian,45,78,0.16372722360322464
anti_hebbian,45,79,0.1630417851655663
anti_hebbian,45,80,0.17161787895497427
anti_hebbian,45,81,0.16153942603401597
anti_hebbian,45,82,0.16090759744392355
anti_hebbian,45,83,0.15589340846010444
anti_hebbian,45,84,0.1608723911804797
anti_hebbian,45,85,0.15847515397602702
anti_hebbian,45,86,0.1614307210793546
anti_hebbian,45,87,0.15207016974072454
anti_hebbian,45,88,0.14866428414369495
anti_hebbian,45,89,0.14956032182050094
anti_hebbian,45,90,0.1559082592370029
anti_hebbian,45,91,0.1590134686774335
anti_hebbian,45,92,0.15095247855918342
anti_hebbian,45,93,0.15322378304852508
anti_hebbian,45,94,0.1420199380073958
anti_hebbian,45,95,0.14426062462562494
anti_hebbian,45,96,0.14596649001685558
anti_hebbian,45,97,0.1503369826736377
anti_hebbian,45,98,0.141864633424296
anti_hebbian,45,99,0.13945336867036345
anti_hebbian,45,100,0.1502563325044822
anti_hebbian,45,101,0.13929739412431302
anti_hebbian,45,102,0.1459416728779287
anti_hebbian,45,103,0.14259117932757445
anti_hebbian,45,104,0.14881553347750098
anti_hebbian,45,105,0.1360183575801297
anti_hebbian,45,106,0.14213769940013596
anti_hebbian,45,107,0.13270557834240612
anti_hebbian,45,108,0.13527945486965418
anti_hebbian,45,109,0.14025766884162147
anti_hebbian,45,110,0.13581195321388748
anti_hebbian,45,111,0.13942326280828382
anti_hebbian,45,112,0.13704290773098196
anti_hebbian,45,113,0.13634248871291157
anti_hebbian,45,114,0.12354006781692234
anti_hebbian,45,115,0.1318850942800023
anti_hebbian,45,116,0.12490263336267494
anti_hebbian,45,117,0.1283976157294673
anti_hebbian,45,118,0.13793479939465383
anti_hebbian,45,119,0.1308583984154562
anti_hebbian,45,120,0.12451557088208608
anti_hebbian,45,121,0.12907840623042327
anti_hebbian,45,122,0.13260787860509454
anti_hebbian,45,123,0.12219423894701498
anti_hebbian,45,124,0.12486867168657945
anti_hebbian,45,125,0.12630942849269922
anti_hebbian,45,126,0.12002351973980749
anti_hebbian,45,127,0.1319695660473303
anti_hebbian,45,128,0.12355330245647834
anti_hebbian,45,129,0.11631537950641503
anti_hebbian,45,130,0.1338156749324005
anti_hebbian,45,131,0.11338997534064553
anti_hebbian,45,132,0.12241606067899086
anti_hebbian,45,133,0.11170241092450241
anti_hebbian,45,134,0.12126494655990788
anti_hebbian,45,135,0.1230179992187125
anti_hebbian,45,136,0.11201796314278169
anti_hebbian,45,137,0.1218192661245626
anti_hebbian,45,138,0.11697882718526516
anti_hebbian,45,139,0.11650308020097438
anti_hebbian,45,140,0.10874650552252187
anti_hebbian,45,141,0.11399213473490405
anti_hebbian,45,142,0.10724146152561696
anti_hebbian,45,143,0.12076222241421934
anti_hebbian,45,144,0.1175943532754379
anti_hebbian,45,145,0.11861801968074531
anti_hebbian,45,146,0.11089228973936223
anti_hebbian,45,147,0.11434285434889745
anti_hebbian,45,148,0.11483299783582139
anti_hebbian,45,149,0.113877680691046
anti_hebbian,45,150,0.11731592629526424
anti_hebbian,45,151,0.11624204673594893
anti_hebbian,45,152,0.11673108685727444
anti_hebbian,45,153,0.11352577796736094
anti_hebbian,45,154,0.11258157157791944
anti_hebbian,45,155,0.11069752940610007
anti_hebbian,45,156,0.11094744016477437
anti_hebbian,45,157,0.09942434286150177
anti_hebbian,45,158,0.11149735657101668
anti_hebbian,45,159,0.09970326193141855
anti_hebbian,45,160,0.10713190553969412
anti_hebbian,45,161,0.10461314258176113
anti_hebbian,45,162,0.10926263008558879
anti_hebbian,45,163,0.10452249893426213
anti_hebbian,45,164,0.10627569933519093
anti_hebbian,45,165,0.10847517414352194
anti_hebbian,45,166,0.09720891358596774
anti_hebbian,45,167,0.10784094239198945
anti_hebbian,45,168,0.10447415666486037
anti_hebbian,45,169,0.10789545161591568
anti_hebbian,45,170,0.10591999477227584
anti_hebbian,45,171,0.104204931425501
anti_hebbian,45,172,0.1141202876901362
anti_hebbian,45,173,0.10576181472396212
anti_hebbian,45,174,0.10656607851915885
anti_hebbian,45,175,0.10234190738934283
anti_hebbian,45,176,0.10833283638987551
anti_hebbian,45,177,0.10484122747785195
anti_hebbian,45,178,0.10280561484157959
anti_hebbian,45,179,0.10471579751174702
anti_hebbian,45,180,0.1027946528494033
anti_hebbian,45,181,0.10796502959006894
anti_hebbian,45,182,0.09644999218670326
anti_hebbian,45,183,0.10203914912683186
anti_hebbian,45,184,0.10409137821066144
anti_hebbian,45,185,0.09837089049670317
anti_hebbian,45,186,0.10682854640682594
anti_hebbian,45,187,0.10821768479418332
anti_hebbian,45,188,0.10131691903159368
anti_hebbian,45,189,0.10067556542201915
anti_hebbian,45,190,0.09605001595170687
anti_hebbian,45,191,0.10300410697279024
anti_hebbian,45,192,0.0983596088838729
anti_hebbian,45,193,0.10178180561231855
anti_hebbian,45,194,0.10001763313326335
anti_hebbian,45,195,0.10351088204502767
anti_hebbian,45,196,0.09754976432502929
anti_hebbian,45,197,0.09747816558460086
anti_hebbian,45,198,0.09706774357729664
anti_hebbian,45,199,0.10019176666871327
anti_hebbian,45,200,0.10394404879708889
anti_hebbian,45,201,0.10282690309569388
anti_hebbian,45,202,0.09941941546275021
anti_hebbian,45,203,0.09954390796041172
anti_hebbian,45,204,0.09734857942207299
anti_hebbian,45,205,0.10204485491399544
anti_hebbian,45,206,0.09713439432582258
anti_hebbian,45,207,0.1037114082078031
anti_hebbian,45,208,0.09856853284017397
anti_hebbian,45,209,0.09683172973588551
anti_hebbian,45,210,0.09900874585717681
anti_hebbian,45,211,0.09504079281663724
anti_hebbian,45,212,0.0943286399856056
anti_hebbian,45,213,0.09514612735130382
anti_hebbian,45,214,0.10294376456837508
anti_hebbian,45,215,0.09734798726097034
anti_hebbian,45,216,0.09943582462366679
anti_hebbian,45,217,0.0953443923252595
anti_hebbian,45,218,0.09392946822589453
anti_hebbian,45,219,0.09161901989126275
anti_hebbian,45,220,0.0962802651787853
anti_hebbian,45,221,0.0941606879878558
anti_hebbian,45,222,0.10259724111920637
anti_hebbian,45,223,0.09977935017973806
anti_hebbian,45,224,0.09110951684678695
anti_hebbian,45,225,0.09847257832044597
anti_hebbian,45,226,0.09405191448437261
anti_hebbian,45,227,0.09665799493704337
anti_hebbian,45,228,0.10480521552779862
anti_hebbian,45,229,0.08890423137719118
anti_hebbian,45,230,0.0983963106906453
anti_hebbian,45,231,0.09747937115800406
anti_hebbian,45,232,0.09710757645465128
anti_hebbian,45,233,0.09487035814154433
anti_hebbian,45,234,0.09224627955850408
anti_hebbian,45,235,0.0989570276489259
anti_hebbian,45,236,0.09401690254718616
anti_hebbian,45,237,0.0995149781970104
anti_hebbian,45,238,0.09546671818504389
anti_hebbian,45,239,0.09040326276459916
anti_hebbian,45,240,0.0925403359725458
anti_hebbian,45,241,0.09489045690447417
anti_hebbian,45,242,0.09468890509984651
anti_hebbian,45,243,0.0908118931100164
anti_hebbian,45,244,0.09089487578268138
anti_hebbian,45,245,0.09081917313893827
anti_hebbian,45,246,0.09204060005969222
anti_hebbian,45,247,0.09151199267952993
anti_hebbian,45,248,0.090300639981791
anti_hebbian,45,249,0.096392455755564
anti_hebbian,45,250,0.09085853199737559
anti_hebbian,45,251,0.09427202766940047
anti_hebbian,45,252,0.09239901909109284
anti_hebbian,45,253,0.09564491748487057
anti_hebbian,45,254,0.09353434368744869
anti_hebbian,45,255,0.09657546413556553
anti_hebbian,45,256,0.09227966837383855
anti_hebbian,45,257,0.0924736180153046
anti_hebbian,45,258,0.09316772390974433
anti_hebbian,45,259,0.09572183776693732
anti_hebbian,45,260,0.0959820654681678
anti_hebbian,45,261,0.08906251270113225
anti_hebbian,45,262,0.09720149443887066
anti_hebbian,45,263,0.08966755740379054
anti_hebbian,45,264,0.0896534191065835
anti_hebbian,45,265,0.09359656505650062
anti_hebbian,45,266,0.0858694532114252
anti_hebbian,45,267,0.08833355297875231
anti_hebbian,45,268,0.09286966121922208
anti_hebbian,45,269,0.09018576314170983
anti_hebbian,45,270,0.09477928641623815
anti_hebbian,45,271,0.08846620528337369
anti_hebbian,45,272,0.09225739303442757
anti_hebbian,45,273,0.08757911551903495
anti_hebbian,45,274,0.08485565691782569
anti_hebbian,45,275,0.08800327535399663
anti_hebbian,45,276,0.08923182849062945
anti_hebbian,45,277,0.09357439197111125
anti_hebbian,45,278,0.0894237303960781
anti_hebbian,45,279,0.08806295525293785
anti_hebbian,45,280,0.09020495534351015
anti_hebbian,45,281,0.09247030754121109
anti_hebbian,45,282,0.09380285582335962
anti_hebbian,45,283,0.0893285685797543
anti_hebbian,45,284,0.09102789969532242
anti_hebbian,45,285,0.08878046952842546
anti_hebbian,45,286,0.09009488201962804
anti_hebbian,45,287,0.08957231409361008
anti_hebbian,45,288,0.09474218162903579
anti_hebbian,45,289,0.08749161215543759
anti_hebbian,45,290,0.09309467082956359
anti_hebbian,45,291,0.08749586325847983
anti_hebbian,45,292,0.08602824228627218
anti_hebbian,45,293,0.0905802095490119
anti_hebbian,45,294,0.08979089936967803
anti_hebbian,45,295,0.09047309709585388
anti_hebbian,45,296,0.08512478185727422
anti_hebbian,45,297,0.0838773743805624
anti_hebbian,45,298,0.08829177424555404
anti_hebbian,45,299,0.0872654284569503
anti_hebbian,45,300,0.08314565283656865
anti_hebbian,46,1,18.881746494217147
anti_hebbian,46,2,13.969859856899733
anti_hebbian,46,3,8.915261951595685
anti_hebbian,46,4,5.925393099847568
anti_hebbian,46,5,4.766148837638538
anti_hebbian,46,6,2.803260695053326
anti_hebbian,46,7,2.7467812369855107
anti_hebbian,46,8,2.3570971020838
anti_hebbian,46,9,2.0089220498520386
anti_hebbian,46,10,1.573110743032204
anti_hebbian,46,11,1.4316406961624517
anti_hebbian,46,12,1.3567080129769329
anti_hebbian,46,13,1.0716422700295325
anti_hebbian,46,14,1.2233380625050208
anti_hebbian,46,15,0.8417409310970906
anti_hebbian,46,16,0.8855965048396199
anti_hebbian,46,17,0.7978821376815138
anti_hebbian,46,18,0.7917022198759693
anti_hebbian,46,19,0.6532171514823616
anti_hebbian,46,20,0.7010864962187046
anti_hebbian,46,21,0.7815762093553255
anti_hebbian,46,22,0.7014975384793457
anti_hebbian,46,23,0.6018265116807022
anti_hebbian,46,24,0.5271967067847764
anti_hebbian,46,25,0.5156093330896231
anti_hebbian,46,26,0.5341486586512217
anti_hebbian,46,27,0.45334798820867017
anti_hebbian,46,28,0.4680960529704603
anti_hebbian,46,29,0.4686120031663389
anti_hebbian,46,30,0.42320964531484845
anti_hebbian,46,31,0.4796616455099452
anti_hebbian,46,32,0.46286941929919456
anti_hebbian,46,33,0.3785733251111976
anti_hebbian,46,34,0.3684193349513593
anti_hebbian,46,35,0.37208559116843887
anti_hebbian,46,36,0.36204202165922705
anti_hebbian,46,37,0.3149412705086218
anti_hebbian,46,38,0.33964391755175966
anti_hebbian,46,39,0.36319577579756585
anti_hebbian,46,40,0.3455236384773951
anti_hebbian,46,41,0.3303470156264478
anti_hebbian,46,42,0.310813468794273
anti_hebbian,46,43,0.3218928068550408
anti_hebbian,46,44,0.2866302675601289
anti_hebbian,46,45,0.3039430263212379
anti_hebbian,46,46,0.28181149269319267
anti_hebbian,46,47,0.275449261530229
anti_hebbian,46,48,0.26755450055016805
anti_hebbian,46,49,0.24071399050421566
anti_hebbian,46,50,0.24518356309072037
anti_hebbian,46,51,0.245005859494711
anti_hebbian,46,52,0.23175749829685835
anti_hebbian,46,53,0.24162163618042357
anti_hebbian,46,54,0.24412560775295888
anti_hebbian,46,55,0.23920293993176137
anti_hebbian,46,56,0.21258895224866817
anti_hebbian,46,57,0.20869905021025376
anti_hebbian,46,58,0.23706107860365497
anti_hebbian,46,59,0.2272030909161271
anti_hebbian,46,60,0.2383808139699214
anti_hebbian,46,61,0.2168171685014812
anti_hebbian,46,62,0.22077947985187274
anti_hebbian,46,63,0.18894562102354975
anti_hebbian,46,64,0.18909786133457834
anti_hebbian,46,65,0.20949879948885053
anti_hebbian,46,66,0.212802992709398
anti_hebbian,46,67,0.18150518575076904
anti_hebbian,46,68,0.18902950132206212
anti_hebbian,46,69,0.19049515674198922
anti_hebbian,46,70,0.1917433130160731
anti_hebbian,46,71,0.17775293895735533
anti_hebbian,46,72,0.19351077819763762
anti_hebbian,46,73,0.1798351586409469
anti_hebbian,46,74,0.19049303570529003
anti_hebbian,46,75,0.18944996208712392
anti_hebbian,46,76,0.1834145097373617
anti_hebbian,46,77,0.17971077074806774
anti_hebbian,46,78,0.18366920889255997
anti_hebbian,46,79,0.17243370343881037
anti_hebbian,46,80,0.17813567366633334
anti_hebbian,46,81,0.17650762696097064
anti_hebbian,46,82,0.15485899651361246
anti_hebbian,46,83,0.15995468942945293
anti_hebbian,46,84,0.1555504919523079
anti_hebbian,46,85,0.1602359683423485
anti_hebbian,46,86,0.1471989773474961
anti_hebbian,46,87,0.168444781056024
anti_hebbian,46,88,0.16560077490661243
anti_hebbian,46,89,0.14158975879988558
anti_hebbian,46,90,0.15543890550635336
anti_hebbian,46,91,0.15757532683631909
anti_hebbian,46,92,0.1557557511073162
anti_hebbian,46,93,0.1515223659373031
anti_hebbian,46,94,0.14900590239387373
anti_hebbian,46,95,0.14737815788860517
anti_hebbian,46,96,0.1425658688898047
anti_hebbian,46,97,0.162059324565586
anti_hebbian,46,98,0.13688568471322277
anti_hebbian,46,99,0.15153518445062125
anti_hebbian,46,100,0.13882688668602147
anti_hebbian,46,101,0.13950693907132533
anti_hebbian,46,102,0.1427140146322693
anti_hebbian,46,103,0.13887649808131355
anti_hebbian,46,104,0.13209807977911248
anti_hebbian,46,105,0.13935022085835275
anti_hebbian,46,106,0.1566020507736872
anti_hebbian,46,107,0.13522687955870635
anti_hebbian,46,108,0.12841006374231648
anti_hebbian,46,109,0.13247396322669208
anti_hebbian,46,110,0.13205300662831748
anti_hebbian,46,111,0.13014113109250733
anti_hebbian,46,112,0.11718609386996516
anti_hebbian,46,113,0.12233858347809588
anti_hebbian,46,114,0.11577639517523589
anti_hebbian,46,115,0.13774526307786517
anti_hebbian,46,116,0.11747270274760123
anti_hebbian,46,117,0.13028967555929746
anti_hebbian,46,118,0.13173183165400643
anti_hebbian,46,119,0.1284871749827101
anti_hebbian,46,120,0.12606854904641424
anti_hebbian,46,121,0.12795902828561084
anti_hebbian,46,122,0.11466136924285793
anti_hebbian,46,123,0.129620184211003
anti_hebbian,46,124,0.13312670101625557
anti_hebbian,46,125,0.12428256935293082
anti_hebbian,46,126,0.12030264924105243
anti_hebbian,46,127,0.12346007402992037
anti_hebbian,46,128,0.11726913304251432
anti_hebbian,46,129,0.12179382308626287
anti_hebbian,46,130,0.11845291721755537
anti_hebbian,46,131,0.11888973068334184
anti_hebbian,46,132,0.12297055015370165
anti_hebbian,46,133,0.12255308212443014
anti_hebbian,46,134,0.11656911408990434
anti_hebbian,46,135,0.12180792314694934
anti_hebbian,46,136,0.10566098094394732
anti_hebbian,46,137,0.11790757955616642
anti_hebbian,46,138,0.11604728428635766
anti_hebbian,46,139,0.11969270536368076
anti_hebbian,46,140,0.12117179970152532
anti_hebbian,46,141,0.10379422783572982
anti_hebbian,46,142,0.10473530954434228
anti_hebbian,46,143,0.11784145214451064
anti_hebbian,46,144,0.11287726785409423
anti_hebbian,46,145,0.1165877294241739
anti_hebbian,46,146,0.11747383052706083
anti_hebbian,46,147,0.12294052460392034
anti_hebbian,46,148,0.10946764443710721
anti_hebbian,46,149,0.11135779771118895
anti_hebbian,46,150,0.11550599985308896
anti_hebbian,46,151,0.11120391050917747
anti_hebbian,46,152,0.11867685762806368
anti_hebbian,46,153,0.11114631464749068
anti_hebbian,46,154,0.11319529330200793
anti_hebbian,46,155,0.11901335040504762
anti_hebbian,46,156,0.10836326638883766
anti_hebbian,46,157,0.10986290294008622
anti_hebbian,46,158,0.10595474904365537
anti_hebbian,46,159,0.10784832091756479
anti_hebbian,46,160,0.10317615008674991
anti_hebbian,46,161,0.11473099686034677
anti_hebbian,46,162,0.1020075984113066
anti_hebbian,46,163,0.11024260138029017
anti_hebbian,46,164,0.11119666135980331
anti_hebbian,46,165,0.10921068680211134
anti_hebbian,46,166,0.10799554179227311
anti_hebbian,46,167,0.1007028420555852
anti_hebbian,46,168,0.10955961814620338
anti_hebbian,46,169,0.1046660006262148
anti_hebbian,46,170,0.11278047309047197
anti_hebbian,46,171,0.098541110120241
anti_hebbian,46,172,0.11148499834962745
anti_hebbian,46,173,0.11064030851818356
anti_hebbian,46,174,0.103043884346951
anti_hebbian,46,175,0.10780669855079449
anti_hebbian,46,176,0.1062651315652174
anti_hebbian,46,177,0.10391138718214533
anti_hebbian,46,178,0.10172074782576984
anti_hebbian,46,179,0.10349065834719197
anti_hebbian,46,180,0.10442898956459916
anti_hebbian,46,181,0.0974440593964467
anti_hebbian,46,182,0.10175659816936394
anti_hebbian,46,183,0.10123818418767995
anti_hebbian,46,184,0.10337161701399245
anti_hebbian,46,185,0.11266256501895561
anti_hebbian,46,186,0.09908407996683534
anti_hebbian,46,187,0.10068739160160887
anti_hebbian,46,188,0.10323641138007854
anti_hebbian,46,189,0.10176177264805113
anti_hebbian,46,190,0.1040495394914856
anti_hebbian,46,191,0.09488965414055928
anti_hebbian,46,192,0.1004816527646001
anti_hebbian,46,193,0.1017899988553029
anti_hebbian,46,194,0.09986841101978623
anti_hebbian,46,195,0.10491773137333103
anti_hebbian,46,196,0.09788185212196489
anti_hebbian,46,197,0.10403275420254424
anti_hebbian,46,198,0.1029686774428913
anti_hebbian,46,199,0.09807798222053342
anti_hebbian,46,200,0.09931387675722574
anti_hebbian,46,201,0.09904783630786605
anti_hebbian,46,202,0.09898518771332876
anti_hebbian,46,203,0.11110046251854235
anti_hebbian,46,204,0.09762007913153557
anti_hebbian,46,205,0.10097245601332054
anti_hebbian,46,206,0.09820802587946095
anti_hebbian,46,207,0.09735882776094239
anti_hebbian,46,208,0.10682497327010326
anti_hebbian,46,209,0.09830316816214632
anti_hebbian,46,210,0.09468280338555476
anti_hebbian,46,211,0.09524002120047817
anti_hebbian,46,212,0.09797843650854675
anti_hebbian,46,213,0.09823413497181069
anti_hebbian,46,214,0.09251035073483024
anti_hebbian,46,215,0.09901665011960853
anti_hebbian,46,216,0.0954171932808899
anti_hebbian,46,217,0.09982680014393948
anti_hebbian,46,218,0.09108658729145117
anti_hebbian,46,219,0.09786953350981858
anti_hebbian,46,220,0.09565248392860734
anti_hebbian,46,221,0.09100272192744924
anti_hebbian,46,222,0.10226169723742785
anti_hebbian,46,223,0.09980931059600388
anti_hebbian,46,224,0.09501802286450166
anti_hebbian,46,225,0.09331733820717462
anti_hebbian,46,226,0.09194464619168587
anti_hebbian,46,227,0.09339692746794981
anti_hebbian,46,228,0.09029538403997685
anti_hebbian,46,229,0.09621412363648062
anti_hebbian,46,230,0.10065074028369474
anti_hebbian,46,231,0.0897583273303998
anti_hebbian,46,232,0.10106090553014732
anti_hebbian,46,233,0.09970556437778927
anti_hebbian,46,234,0.09561222922500351
anti_hebbian,46,235,0.09584999357403796
anti_hebbian,46,236,0.0948945729957855
anti_hebbian,46,237,0.09476337891877806
anti_hebbian,46,238,0.09180565629740332
anti_hebbian,46,239,0.09759004362161963
anti_hebbian,46,240,0.09313015534624908
anti_hebbian,46,241,0.09576104873732043
anti_hebbian,46,242,0.09802745239325623
anti_hebbian,46,243,0.09855394176872755
anti_hebbian,46,244,0.0883120888618269
anti_hebbian,46,245,0.09520822917188686
anti_hebbian,46,246,0.09762006836335754
anti_hebbian,46,247,0.09280794969480727
anti_hebbian,46,248,0.09831565202626572
anti_hebbian,46,249,0.08906284942223658
anti_hebbian,46,250,0.09234108726248867
anti_hebbian,46,251,0.09521059942855938
anti_hebbian,46,252,0.09149785444728273
anti_hebbian,46,253,0.09433548905030253
anti_hebbian,46,254,0.09382259633231017
anti_hebbian,46,255,0.0904413703555707
anti_hebbian,46,256,0.09179691462240923
anti_hebbian,46,257,0.09387467557003468
anti_hebbian,46,258,0.08527241066167897
anti_hebbian,46,259,0.09266306540008394
anti_hebbian,46,260,0.08840379167607476
anti_hebbian,46,261,0.0892848120590777
anti_hebbian,46,262,0.08856682930267229
anti_hebbian,46,263,0.09194988375642743
anti_hebbian,46,264,0.09985191276838634
anti_hebbian,46,265,0.0901938044209282
anti_hebbian,46,266,0.09337234709077359
anti_hebbian,46,267,0.08935326211783558
anti_hebbian,46,268,0.09018521653930099
anti_hebbian,46,269,0.09248232554948256
anti_hebbian,46,270,0.0908937531061629
anti_hebbian,46,271,0.0855593349350034
anti_hebbian,46,272,0.09280683079406038
anti_hebbian,46,273,0.09094166581183781
anti_hebbian,46,274,0.0894950441372804
anti_hebbian,46,275,0.08922637933398814
anti_hebbian,46,276,0.0917673786690265
anti_hebbian,46,277,0.08760034225683794
anti_hebbian,46,278,0.094329965611086
anti_hebbian,46,279,0.08731972920140174
anti_hebbian,46,280,0.09608949323010192
anti_hebbian,46,281,0.08891491238621302
anti_hebbian,46,282,0.10013804706106227
anti_hebbian,46,283,0.0908029160358558
anti_hebbian,46,284,0.08600869135766041
anti_hebbian,46,285,0.08517182940832278
anti_hebbian,46,286,0.09221691947158848
anti_hebbian,46,287,0.09123224998952274
anti_hebbian,46,288,0.08872640100163891
anti_hebbian,46,289,0.08540060293642902
anti_hebbian,46,290,0.09233005975177004
anti_hebbian,46,291,0.09157237809235222
anti_hebbian,46,292,0.09263292659376758
anti_hebbian,46,293,0.0864502990034342
anti_hebbian,46,294,0.08619263810094233
anti_hebbian,46,295,0.08644368813075994
anti_hebbian,46,296,0.09061711585792163
anti_hebbian,46,297,0.09475825465931402
anti_hebbian,46,298,0.08613401611864743
anti_hebbian,46,299,0.08775036284381793
anti_hebbian,46,300,0.08486439113167803
anti_hebbian,47,1,20.320287852966167
anti_hebbian,47,2,11.728205089317482
anti_hebbian,47,3,8.152517486060068
anti_hebbian,47,4,5.550949789566068
anti_hebbian,47,5,4.222167750168627
anti_hebbian,47,6,2.9411440276178307
anti_hebbian,47,7,2.5066621902348905
anti_hebbian,47,8,2.0094014844532215
anti_hebbian,47,9,1.8286482586580382
anti_hebbian,47,10,1.5588292912045079
anti_hebbian,47,11,1.5146486952305742
anti_hebbian,47,12,1.3543410321842244
anti_hebbian,47,13,1.1933521564995977
anti_hebbian,47,14,1.1072338514783935
anti_hebbian,47,15,1.0246469084383327
anti_hebbian,47,16,0.8235335319896167
anti_hebbian,47,17,0.8726251644421784
anti_hebbian,47,18,0.8106208286869522
anti_hebbian,47,19,0.6456977485989831
anti_hebbian,47,20,0.6917293916451658
anti_hebbian,47,21,0.6788642023778514
anti_hebbian,47,22,0.6951127368035261
anti_hebbian,47,23,0.5522861275157696
anti_hebbian,47,24,0.5705677378404005
anti_hebbian,47,25,0.5400042311033231
anti_hebbian,47,26,0.5280386179229417
anti_hebbian,47,27,0.48116439388663107
anti_hebbian,47,28,0.46280552493583066
anti_hebbian,47,29,0.46578976026228447
anti_hebbian,47,30,0.496231281877569
anti_hebbian,47,31,0.4428755603214048
anti_hebbian,47,32,0.4247655680480857
anti_hebbian,47,33,0.375187580459275
anti_hebbian,47,34,0.3811969770458417
anti_hebbian,47,35,0.44490669191672844
anti_hebbian,47,36,0.3889362830818517
anti_hebbian,47,37,0.3354616016742559
anti_hebbian,47,38,0.3109903531989144
anti_hebbian,47,39,0.3372787132239686
anti_hebbian,47,40,0.3505177113198463
anti_hebbian,47,41,0.2834536260907023
anti_hebbian,47,42,0.3158261067416773
anti_hebbian,47,43,0.32890702571984715
anti_hebbian,47,44,0.3088185174538421
anti_hebbian,47,45,0.29953266997272476
anti_hebbian,47,46,0.28025663604642226
anti_hebbian,47,47,0.28842938029736964
anti_hebbian,47,48,0.27433887648577876
anti_hebbian,47,49,0.27796557080940426
anti_hebbian,47,50,0.2499928439690553
anti_hebbian,47,51,0.2560917138633976
anti_hebbian,47,52,0.2474148998983795
anti_hebbian,47,53,0.2637290342423091
anti_hebbian,47,54,0.2562803450025845
anti_hebbian,47,55,0.2238676422943959
anti_hebbian,47,56,0.24619955923432627
anti_hebbian,47,57,0.22436181129745011
anti_hebbian,47,58,0.1983963013950299
anti_hebbian,47,59,0.23643195922453494
anti_hebbian,47,60,0.22666366244434782
anti_hebbian,47,61,0.2042899471160785
anti_hebbian,47,62,0.20002070453757448
anti_hebbian,47,63,0.19995482448515664
anti_hebbian,47,64,0.18339170755714787
anti_hebbian,47,65,0.21972302448300082
anti_hebbian,47,66,0.21086733403348867
anti_hebbian,47,67,0.19932170336110874
anti_hebbian,47,68,0.21132678643169858
anti_hebbian,47,69,0.1830941305345274
anti_hebbian,47,70,0.19640015002599337
anti_hebbian,47,71,0.19245261005546907
anti_hebbian,47,72,0.17961005937196092
anti_hebbian,47,73,0.18498477336265742
anti_hebbian,47,74,0.17210373599014248
anti_hebbian,47,75,0.21238665121418607
anti_hebbian,47,76,0.17270279007462444
anti_hebbian,47,77,0.18277436660862909
anti_hebbian,47,78,0.20523525405439386
anti_hebbian,47,79,0.16993019258436606
anti_hebbian,47,80,0.1616999312350609
anti_hebbian,47,81,0.15593836969453131
anti_hebbian,47,82,0.18953955242405762
anti_hebbian,47,83,0.1692776240269022
anti_hebbian,47,84,0.1569472750688726
anti_hebbian,47,85,0.15670027456637545
anti_hebbian,47,86,0.16873656578488166
anti_hebbian,47,87,0.1694168565046996
anti_hebbian,47,88,0.17182702010056097
anti_hebbian,47,89,0.1591851539474385
anti_hebbian,47,90,0.1702326630826082
anti_hebbian,47,91,0.1574006389043607
anti_hebbian,47,92,0.14515043360152446
anti_hebbian,47,93,0.1629530522786208
anti_hebbian,47,94,0.15458334632644366
anti_hebbian,47,95,0.1476786372456331
anti_hebbian,47,96,0.1526326712328556
anti_hebbian,47,97,0.1441275478892554
anti_hebbian,47,98,0.1546719793944005
anti_hebbian,47,99,0.15183297740738852
anti_hebbian,47,100,0.14702695002314933
anti_hebbian,47,101,0.1457454544968799
anti_hebbian,47,102,0.14834750733962043
anti_hebbian,47,103,0.1465846589271104
anti_hebbian,47,104,0.14231595315306997
anti_hebbian,47,105,0.13889675098465493
anti_hebbian,47,106,0.14062836200290943
anti_hebbian,47,107,0.13672930850337742
anti_hebbian,47,108,0.15281591289428526
anti_hebbian,47,109,0.13521830026670434
anti_hebbian,47,110,0.14310260807412156
anti_hebbian,47,111,0.1522874544252575
anti_hebbian,47,112,0.1436201845765371
anti_hebbian,47,113,0.13849147555331634
anti_hebbian,47,114,0.14213236240130686
anti_hebbian,47,115,0.12808240640681798
anti_hebbian,47,116,0.13135412042557987
anti_hebbian,47,117,0.13561453730002168
anti_hebbian,47,118,0.135432233769449
anti_hebbian,47,119,0.12803810603812937
anti_hebbian,47,120,0.13666801771051834
anti_hebbian,47,121,0.11750055645335658
anti_hebbian,47,122,0.14025688331687503
anti_hebbian,47,123,0.13233629836089025
anti_hebbian,47,124,0.13592883060881877
anti_hebbian,47,125,0.14029339356813197
anti_hebbian,47,126,0.1274686203093283
anti_hebbian,47,127,0.12562182967098476
anti_hebbian,47,128,0.12462081897259311
anti_hebbian,47,129,0.13067570390637806
anti_hebbian,47,130,0.1271479409751634
anti_hebbian,47,131,0.12798403581251103
anti_hebbian,47,132,0.12356265787347595
anti_hebbian,47,133,0.11999160962927577
anti_hebbian,47,134,0.12293970035537076
anti_hebbian,47,135,0.11640816856867459
anti_hebbian,47,136,0.11724947450631298
anti_hebbian,47,137,0.1258075612697724
anti_hebbian,47,138,0.11803250395587228
anti_hebbian,47,139,0.12097940513698102
anti_hebbian,47,140,0.11839613163529984
anti_hebbian,47,141,0.1263166725884534
anti_hebbian,47,142,0.12458212292769177
anti_hebbian,47,143,0.11578913913455988
anti_hebbian,47,144,0.12419318960333235
anti_hebbian,47,145,0.12261161835595757
anti_hebbian,47,146,0.11768245231028196
anti_hebbian,47,147,0.12092287581207427
anti_hebbian,47,148,0.11243745787879343
anti_hebbian,47,149,0.11786511894464136
anti_hebbian,47,150,0.12270157524717078
anti_hebbian,47,151,0.11265020254177732
anti_hebbian,47,152,0.10868045035383454
anti_hebbian,47,153,0.11624454248917723
anti_hebbian,47,154,0.11872767168755316
anti_hebbian,47,155,0.11012370320060662
anti_hebbian,47,156,0.13004947476780043
anti_hebbian,47,157,0.11582287187787256
anti_hebbian,47,158,0.1153308367996151
anti_hebbian,47,159,0.11125827092972417
anti_hebbian,47,160,0.11539688496247348
anti_hebbian,47,161,0.11865391954670419
anti_hebbian,47,162,0.11056254762901246
anti_hebbian,47,163,0.11520031116884506
anti_hebbian,47,164,0.10452947866578773
anti_hebbian,47,165,0.11777541340260948
anti_hebbian,47,166,0.11008821748357364
anti_hebbian,47,167,0.10797083170638076
anti_hebbian,47,168,0.11234451005310236
anti_hebbian,47,169,0.09713844912730372
anti_hebbian,47,170,0.10634210290059685
anti_hebbian,47,171,0.11337326463857104
anti_hebbian,47,172,0.11061002990947037
anti_hebbian,47,173,0.10918095487473156
anti_hebbian,47,174,0.10858681749835823
anti_hebbian,47,175,0.10753973873786621
anti_hebbian,47,176,0.10800531002304871
anti_hebbian,47,177,0.11869838621015072
anti_hebbian,47,178,0.11104908515798345
anti_hebbian,47,179,0.11577573482856392
anti_hebbian,47,180,0.1082875473393897
anti_hebbian,47,181,0.10738253910537775
anti_hebbian,47,182,0.10348312472163336
anti_hebbian,47,183,0.11470393177627723
anti_hebbian,47,184,0.10692999790519318
anti_hebbian,47,185,0.1060044077898846
anti_hebbian,47,186,0.10293308472897277
anti_hebbian,47,187,0.11034969822645774
anti_hebbian,47,188,0.1040472206406296
anti_hebbian,47,189,0.09828699417828637
anti_hebbian,47,190,0.095985510523958
anti_hebbian,47,191,0.10893789259578711
anti_hebbian,47,192,0.10273277311931074
anti_hebbian,47,193,0.10390765923301594
anti_hebbian,47,194,0.10520736068650302
anti_hebbian,47,195,0.09777520114891565
anti_hebbian,47,196,0.09831277421297174
anti_hebbian,47,197,0.10556384922832746
anti_hebbian,47,198,0.10573555117148764
anti_hebbian,47,199,0.10670109756194189
anti_hebbian,47,200,0.10889099239735703
anti_hebbian,47,201,0.10468379865474811
anti_hebbian,47,202,0.09978776947538445
anti_hebbian,47,203,0.1043601916372916
anti_hebbian,47,204,0.10237424236946033
anti_hebbian,47,205,0.09960366947517274
anti_hebbian,47,206,0.10196952347185868
anti_hebbian,47,207,0.10386918103010144
anti_hebbian,47,208,0.10279929169495604
anti_hebbian,47,209,0.0962058029650681
anti_hebbian,47,210,0.10688724207955834
anti_hebbian,47,211,0.10479031468703287
anti_hebbian,47,212,0.10197574515805975
anti_hebbian,47,213,0.10391989130211626
anti_hebbian,47,214,0.09360427709812326
anti_hebbian,47,215,0.10538202204159791
anti_hebbian,47,216,0.09925164897721774
anti_hebbian,47,217,0.09986329501371567
anti_hebbian,47,218,0.10233259872296173
anti_hebbian,47,219,0.09735411121983778
anti_hebbian,47,220,0.09984067594675296
anti_hebbian,47,221,0.101230289433069
anti_hebbian,47,222,0.10106005448233732
anti_hebbian,47,223,0.09762445831417557
anti_hebbian,47,224,0.1022524365436012
anti_hebbian,47,225,0.09830731857353961
anti_hebbian,47,226,0.09731604056284068
anti_hebbian,47,227,0.10336902441164973
anti_hebbian,47,228,0.09732189745960894
anti_hebbian,47,229,0.10278924038941745
anti_hebbian,47,230,0.09348331959193859
anti_hebbian,47,231,0.09644643376909778
anti_hebbian,47,232,0.09928108254982346
anti_hebbian,47,233,0.10053467778228388
anti_hebbian,47,234,0.09501190460513467
anti_hebbian,47,235,0.0988652263677189
anti_hebbian,47,236,0.10038641686951423
anti_hebbian,47,237,0.10360106009118092
anti_hebbian,47,238,0.09800047202151721
anti_hebbian,47,239,0.09528899597669548
anti_hebbian,47,240,0.09554205094522446
anti_hebbian,47,241,0.09949283888185612
anti_hebbian,47,242,0.09023923581235292
anti_hebbian,47,243,0.09720267444380576
anti_hebbian,47,244,0.10025026370300888
anti_hebbian,47,245,0.09396902317235596
anti_hebbian,47,246,0.09158763907187749
anti_hebbian,47,247,0.09653758071688733
anti_hebbian,47,248,0.0939325697259732
anti_hebbian,47,249,0.09233869887186591
anti_hebbian,47,250,0.0905273087603497
anti_hebbian,47,251,0.09866659059148515
anti_hebbian,47,252,0.0941632610982832
anti_hebbian,47,253,0.09516771868632402
anti_hebbian,47,254,0.08974683008027153
anti_hebbian,47,255,0.10202192610665538
anti_hebbian,47,256,0.09538239934205173
anti_hebbian,47,257,0.0897161693722658
anti_hebbian,47,258,0.09341445768236473
anti_hebbian,47,259,0.09264174700671525
anti_hebbian,47,260,0.0997624551742938
anti_hebbian,47,261,0.09176737586244048
anti_hebbian,47,262,0.09409040956497988
anti_hebbian,47,263,0.09410673424319536
anti_hebbian,47,264,0.09257176170952318
anti_hebbian,47,265,0.09463271643459184
anti_hebbian,47,266,0.09501474115092658
anti_hebbian,47,267,0.09400258845200221
anti_hebbian,47,268,0.09356227589574924
anti_hebbian,47,269,0.09271017865460869
anti_hebbian,47,270,0.09316101094549799
anti_hebbian,47,271,0.09290874091453336
anti_hebbian,47,272,0.09524687597512878
anti_hebbian,47,273,0.09817975950831016
anti_hebbian,47,274,0.09134703367891923
anti_hebbian,47,275,0.09427120186662825
anti_hebbian,47,276,0.09498152974080463
anti_hebbian,47,277,0.08933947580754753
anti_hebbian,47,278,0.09907925910713739
anti_hebbian,47,279,0.09120781248024389
anti_hebbian,47,280,0.08887760852515002
anti_hebbian,47,281,0.09773614926043996
anti_hebbian,47,282,0.09595378269248021
anti_hebbian,47,283,0.09088330539668679
anti_hebbian,47,284,0.09187802841593182
anti_hebbian,47,285,0.09520010991870219
anti_hebbian,47,286,0.09331457217302322
anti_hebbian,47,287,0.09359091941473735
anti_hebbian,47,288,0.09185771994746882
anti_hebbian,47,289,0.090494995037884
anti_hebbian,47,290,0.09316723046746152
anti_hebbian,47,291,0.0962522034415954
anti_hebbian,47,292,0.09264474499343245
anti_hebbian,47,293,0.0930017763923288
anti_hebbian,47,294,0.09033793743457119
anti_hebbian,47,295,0.09267833888818561
anti_hebbian,47,296,0.09407792752186082
anti_hebbian,47,297,0.09262700844049579
anti_hebbian,47,298,0.08880391594230647
anti_hebbian,47,299,0.09299338022958512
anti_hebbian,47,300,0.08884932136086232
anti_hebbian,48,1,12.080571530361919
anti_hebbian,48,2,8.228964952722842
anti_hebbian,48,3,5.132888760056134
anti_hebbian,48,4,3.823055583202061
anti_hebbian,48,5,2.5601148613445575
anti_hebbian,48,6,2.3335353548561697
anti_hebbian,48,7,1.950962398578547
anti_hebbian,48,8,2.188423113863871
anti_hebbian,48,9,1.549925025309124
anti_hebbian,48,10,1.586504524037001
anti_hebbian,48,11,1.5248345140947621
anti_hebbian,48,12,1.361996559971592
anti_hebbian,48,13,1.1270806247694287
anti_hebbian,48,14,1.196896084979108
anti_hebbian,48,15,0.9495072035913751
anti_hebbian,48,16,0.8855072289172828
anti_hebbian,48,17,0.8621790665153508
anti_hebbian,48,18,0.8253718197018607
anti_hebbian,48,19,0.7029321363881994
anti_hebbian,48,20,0.5882770714635285
anti_hebbian,48,21,0.5440449465359126
anti_hebbian,48,22,0.5242862977424658
anti_hebbian,48,23,0.568126673683227
anti_hebbian,48,24,0.5592041313811188
anti_hebbian,48,25,0.5040670553790936
anti_hebbian,48,26,0.5255443487969537
anti_hebbian,48,27,0.5006762126549291
anti_hebbian,48,28,0.416849185460886
anti_hebbian,48,29,0.4339557825645524
anti_hebbian,48,30,0.40501692543963125
anti_hebbian,48,31,0.36873140603066273
anti_hebbian,48,32,0.3886068198528994
anti_hebbian,48,33,0.37641131892562635
anti_hebbian,48,34,0.36409677991459505
anti_hebbian,48,35,0.3231747348664127
anti_hebbian,48,36,0.36848152560162917
anti_hebbian,48,37,0.3274496812207879
anti_hebbian,48,38,0.3416969245792931
anti_hebbian,48,39,0.31252243421336534
anti_hebbian,48,40,0.29612409272881685
anti_hebbian,48,41,0.3358012724596111
anti_hebbian,48,42,0.33559839313782347
anti_hebbian,48,43,0.29188074510570317
anti_hebbian,48,44,0.27754007865391245
anti_hebbian,48,45,0.30404657236815724
anti_hebbian,48,46,0.26784563820317514
anti_hebbian,48,47,0.25534160267714545
anti_hebbian,48,48,0.2683067963847494
anti_hebbian,48,49,0.2302363739967742
anti_hebbian,48,50,0.25327474071187317
anti_hebbian,48,51,0.22790804537642836
anti_hebbian,48,52,0.23766076291322127
anti_hebbian,48,53,0.20940262823001934
anti_hebbian,48,54,0.2272437600665933
anti_hebbian,48,55,0.2239720797291679
anti_hebbian,48,56,0.22232320316395227
anti_hebbian,48,57,0.21929069265294895
anti_hebbian,48,58,0.1998718909932079
anti_hebbian,48,59,0.21850522236885658
anti_hebbian,48,60,0.19504908665191786
anti_hebbian,48,61,0.21580538167798602
anti_hebbian,48,62,0.20560639164419528
anti_hebbian,48,63,0.20664700089533217
anti_hebbian,48,64,0.19384072395393862
anti_hebbian,48,65,0.20914381552481556
anti_hebbian,48,66,0.18002551984363058
anti_hebbian,48,67,0.2008973917884001
anti_hebbian,48,68,0.19922232705049323
anti_hebbian,48,69,0.1925851538527043
anti_hebbian,48,70,0.18672503133846632
anti_hebbian,48,71,0.1854935081117831
anti_hebbian,48,72,0.18452979415524473
anti_hebbian,48,73,0.1578687190512564
anti_hebbian,48,74,0.17020723967085133
anti_hebbian,48,75,0.19921075568681498
anti_hebbian,48,76,0.16315941229586584
anti_hebbian,48,77,0.18591101814192632
anti_hebbian,48,78,0.17357692865995744
anti_hebbian,48,79,0.16845178923490076
anti_hebbian,48,80,0.17025279598052379
anti_hebbian,48,81,0.16787140609588377
anti_hebbian,48,82,0.16803612778601212
anti_hebbian,48,83,0.1723588455121347
anti_hebbian,48,84,0.16528442205789814
anti_hebbian,48,85,0.15961015425842032
anti_hebbian,48,86,0.15347767921024033
anti_hebbian,48,87,0.15168464070576954
anti_hebbian,48,88,0.16919338150853216
anti_hebbian,48,89,0.16567412785633553
anti_hebbian,48,90,0.1619860525713051
anti_hebbian,48,91,0.1615409158802615
anti_hebbian,48,92,0.155157449601732
anti_hebbian,48,93,0.1471574296652367
anti_hebbian,48,94,0.13156752239862407
anti_hebbian,48,95,0.13333265857237755
anti_hebbian,48,96,0.15195352897522493
anti_hebbian,48,97,0.15176058217585228
anti_hebbian,48,98,0.14837035525787654
anti_hebbian,48,99,0.13607134457060674
anti_hebbian,48,100,0.14998155536974156
anti_hebbian,48,101,0.1510467286620315
anti_hebbian,48,102,0.14617363814105275
anti_hebbian,48,103,0.12479798075130587
anti_hebbian,48,104,0.15009161326118392
anti_hebbian,48,105,0.1348360796900824
anti_hebbian,48,106,0.1428643963256562
anti_hebbian,48,107,0.13904829313865427
anti_hebbian,48,108,0.12469082765099394
anti_hebbian,48,109,0.12519476643930255
anti_hebbian,48,110,0.14346636272985802
anti_hebbian,48,111,0.13956226177353362
anti_hebbian,48,112,0.1322429239697223
anti_hebbian,48,113,0.1352983835725345
anti_hebbian,48,114,0.14392669215425238
anti_hebbian,48,115,0.14288332096596712
anti_hebbian,48,116,0.13038319160524497
anti_hebbian,48,117,0.12884260657759142
anti_hebbian,48,118,0.13006860823312738
anti_hebbian,48,119,0.12570600586095837
anti_hebbian,48,120,0.1312445318354315
anti_hebbian,48,121,0.12984160010679444
anti_hebbian,48,122,0.13493571447263122
anti_hebbian,48,123,0.12596556695713965
anti_hebbian,48,124,0.1403332640876994
anti_hebbian,48,125,0.13061096654760868
anti_hebbian,48,126,0.11984630823528133
anti_hebbian,48,127,0.1230665155951318
anti_hebbian,48,128,0.11253177976021232
anti_hebbian,48,129,0.13234048194087333
anti_hebbian,48,130,0.12313666042327354
anti_hebbian,48,131,0.12511606276188966
anti_hebbian,48,132,0.11839054509339975
anti_hebbian,48,133,0.11467896262041051
anti_hebbian,48,134,0.12436479658858263
anti_hebbian,48,135,0.13170294947354302
anti_hebbian,48,136,0.12444599569165567
anti_hebbian,48,137,0.12429302185358554
anti_hebbian,48,138,0.11884040410600977
anti_hebbian,48,139,0.12427851550120876
anti_hebbian,48,140,0.11086963861063541
anti_hebbian,48,141,0.13236384557010256
anti_hebbian,48,142,0.11414726875473123
anti_hebbian,48,143,0.1096801229996799
anti_hebbian,48,144,0.12313471956639938
anti_hebbian,48,145,0.12379671953087286
anti_hebbian,48,146,0.12058866510800308
anti_hebbian,48,147,0.12237213086511224
anti_hebbian,48,148,0.1192257912893
anti_hebbian,48,149,0.1149444205820164
anti_hebbian,48,150,0.10610485980855655
anti_hebbian,48,151,0.1133323721397078
anti_hebbian,48,152,0.11669109701010921
anti_hebbian,48,153,0.11579507259663666
anti_hebbian,48,154,0.11238513178678132
anti_hebbian,48,155,0.11763960879712633
anti_hebbian,48,156,0.12101706266556068
anti_hebbian,48,157,0.10483370342158936
anti_hebbian,48,158,0.1114004496037921
anti_hebbian,48,159,0.11654551168085826
anti_hebbian,48,160,0.11614962769909641
anti_hebbian,48,161,0.11769067165035932
anti_hebbian,48,162,0.1129721043492263
anti_hebbian,48,163,0.11483703347121943
anti_hebbian,48,164,0.11243693938106017
anti_hebbian,48,165,0.1148330676784506
anti_hebbian,48,166,0.10788242243269862
anti_hebbian,48,167,0.11177055837434927
anti_hebbian,48,168,0.10546375956056794
anti_hebbian,48,169,0.11170943964327681
anti_hebbian,48,170,0.11005297707713141
anti_hebbian,48,171,0.1081762873200534
anti_hebbian,48,172,0.1193232257450802
anti_hebbian,48,173,0.11199373434045314
anti_hebbian,48,174,0.10125058272900982
anti_hebbian,48,175,0.10896864350881233
anti_hebbian,48,176,0.10585275353523738
anti_hebbian,48,177,0.11716920914110117
anti_hebbian,48,178,0.09813275586252924
anti_hebbian,48,179,0.11447113708299123
anti_hebbian,48,180,0.10405415189217214
anti_hebbian,48,181,0.10874249395273802
anti_hebbian,48,182,0.1124021101128254
anti_hebbian,48,183,0.10787273858604994
anti_hebbian,48,184,0.10526431007364513
anti_hebbian,48,185,0.10154955630770551
anti_hebbian,48,186,0.10580857185357678
anti_hebbian,48,187,0.10509847331866702
anti_hebbian,48,188,0.10988794151335228
anti_hebbian,48,189,0.1056730332930091
anti_hebbian,48,190,0.10564504207294681
anti_hebbian,48,191,0.10205042878633531
anti_hebbian,48,192,0.10773408499174292
anti_hebbian,48,193,0.1009101434174629
anti_hebbian,48,194,0.11442085077299989
anti_hebbian,48,195,0.10817107980348589
anti_hebbian,48,196,0.10648761896665686
anti_hebbian,48,197,0.10871541804044513
anti_hebbian,48,198,0.102682892695197
anti_hebbian,48,199,0.10607243678962175
anti_hebbian,48,200,0.11065423370257634
anti_hebbian,48,201,0.10899370692208427
anti_hebbian,48,202,0.10240455033042327
anti_hebbian,48,203,0.09776289855658295
anti_hebbian,48,204,0.10792101583649716
anti_hebbian,48,205,0.10211320396443296
anti_hebbian,48,206,0.10898452753696632
anti_hebbian,48,207,0.10659546788047193
anti_hebbian,48,208,0.10459255253941185
anti_hebbian,48,209,0.10168837424953649
anti_hebbian,48,210,0.10713723384770243
anti_hebbian,48,211,0.09615638546416
anti_hebbian,48,212,0.10692560208639292
anti_hebbian,48,213,0.09498994597400373
anti_hebbian,48,214,0.09792012755279235
anti_hebbian,48,215,0.09986341784278517
anti_hebbian,48,216,0.09894533697373054
anti_hebbian,48,217,0.10014287930245559
anti_hebbian,48,218,0.10448705993669191
anti_hebbian,48,219,0.10129340823967041
anti_hebbian,48,220,0.10496984691532325
anti_hebbian,48,221,0.10543285432324642
anti_hebbian,48,222,0.09972152086408381
anti_hebbian,48,223,0.09891434166903461
anti_hebbian,48,224,0.10474725779318227
anti_hebbian,48,225,0.09802496311238684
anti_hebbian,48,226,0.09992487266568659
anti_hebbian,48,227,0.10248799367139415
anti_hebbian,48,228,0.10653540637933201
anti_hebbian,48,229,0.0975039534607775
anti_hebbian,48,230,0.10167240658113354
anti_hebbian,48,231,0.09814599775229862
anti_hebbian,48,232,0.09680423274760624
anti_hebbian,48,233,0.09417795501018165
anti_hebbian,48,234,0.09705689726557395
anti_hebbian,48,235,0.0975143355553353
anti_hebbian,48,236,0.10104615106020974
anti_hebbian,48,237,0.10064061089916293
anti_hebbian,48,238,0.09765478671702162
anti_hebbian,48,239,0.09843115303818167
anti_hebbian,48,240,0.09390056471814513
anti_hebbian,48,241,0.10234021062817643
anti_hebbian,48,242,0.09620736857222457
anti_hebbian,48,243,0.09741229455373457
anti_hebbian,48,244,0.0964565406798799
anti_hebbian,48,245,0.10087757226850201
anti_hebbian,48,246,0.10352716152248749
anti_hebbian,48,247,0.10408055776251449
anti_hebbian,48,248,0.09773419338633914
anti_hebbian,48,249,0.09442974538216711
anti_hebbian,48,250,0.09339464755118422
anti_hebbian,48,251,0.0934425342323574
anti_hebbian,48,252,0.09237746972197874
anti_hebbian,48,253,0.10286830865415073
anti_hebbian,48,254,0.09834859408380262
anti_hebbian,48,255,0.09514218655640029
anti_hebbian,48,256,0.09106723895561428
anti_hebbian,48,257,0.09480841120429977
anti_hebbian,48,258,0.09422528222076569
anti_hebbian,48,259,0.09990032617440084
anti_hebbian,48,260,0.0958159692575624
anti_hebbian,48,261,0.10334834689209202
anti_hebbian,48,262,0.09482640384136833
anti_hebbian,48,263,0.09983789243184595
anti_hebbian,48,264,0.09428762052145133
anti_hebbian,48,265,0.092921358270568
anti_hebbian,48,266,0.1004949134371377
anti_hebbian,48,267,0.09537442829876491
anti_hebbian,48,268,0.09577696493852256
anti_hebbian,48,269,0.09734908334123399
anti_hebbian,48,270,0.09509667017068288
anti_hebbian,48,271,0.09216347469536527
anti_hebbian,48,272,0.10069305949645292
anti_hebbian,48,273,0.09142667925740841
anti_hebbian,48,274,0.09338591141395297
anti_hebbian,48,275,0.0903737579363764
anti_hebbian,48,276,0.09563907241886606
anti_hebbian,48,277,0.096771787638292
anti_hebbian,48,278,0.09721460822780491
anti_hebbian,48,279,0.09052272021464196
anti_hebbian,48,280,0.0968194577760974
anti_hebbian,48,281,0.09209477952763198
anti_hebbian,48,282,0.09239704329144946
anti_hebbian,48,283,0.10304152219068036
anti_hebbian,48,284,0.09596591343846327
anti_hebbian,48,285,0.09832552232682107
anti_hebbian,48,286,0.09742551769062692
anti_hebbian,48,287,0.09276729501118762
anti_hebbian,48,288,0.09087733992736241
anti_hebbian,48,289,0.09339575394928228
anti_hebbian,48,290,0.09214145344588896
anti_hebbian,48,291,0.09800472639515262
anti_hebbian,48,292,0.09337110929339178
anti_hebbian,48,293,0.09525325674868199
anti_hebbian,48,294,0.09583872331960128
anti_hebbian,48,295,0.09495292427154794
anti_hebbian,48,296,0.09729276257333996
anti_hebbian,48,297,0.09454534788500357
anti_hebbian,48,298,0.08960110585585357
anti_hebbian,48,299,0.09090389874379214
anti_hebbian,48,300,0.09733092490347307
anti_hebbian,49,1,14.722882098011706
anti_hebbian,49,2,8.095328715794183
anti_hebbian,49,3,5.02379152230555
anti_hebbian,49,4,3.7082603166713195
anti_hebbian,49,5,2.678908588530692
anti_hebbian,49,6,2.23616669399155
anti_hebbian,49,7,2.2459253738432894
anti_hebbian,49,8,1.8949828665627693
anti_hebbian,49,9,1.9022475325461696
anti_hebbian,49,10,1.571535468935209
anti_hebbian,49,11,1.5066178587480707
anti_hebbian,49,12,1.3002132259786066
anti_hebbian,49,13,1.2933057888396977
anti_hebbian,49,14,1.0995247388689369
anti_hebbian,49,15,1.0573180595119012
anti_hebbian,49,16,0.8807822006983482
anti_hebbian,49,17,0.8356104556021989
anti_hebbian,49,18,0.8027574954663964
anti_hebbian,49,19,0.6439299130482503
anti_hebbian,49,20,0.8902545704506578
anti_hebbian,49,21,0.7077706251648063
anti_hebbian,49,22,0.6469540779017152
anti_hebbian,49,23,0.5895310750207524
anti_hebbian,49,24,0.5705860411264856
anti_hebbian,49,25,0.5600593025491298
anti_hebbian,49,26,0.4667604296234934
anti_hebbian,49,27,0.5195504125930962
anti_hebbian,49,28,0.49340439024844235
anti_hebbian,49,29,0.4678213181828022
anti_hebbian,49,30,0.4308562108723835
anti_hebbian,49,31,0.4175734791395556
anti_hebbian,49,32,0.4319114181338973
anti_hebbian,49,33,0.40085616736922947
anti_hebbian,49,34,0.36967471707836236
anti_hebbian,49,35,0.38225833993337693
anti_hebbian,49,36,0.3730819206290396
anti_hebbian,49,37,0.3444643234147613
anti_hebbian,49,38,0.3258683127055471
anti_hebbian,49,39,0.3210412927912239
anti_hebbian,49,40,0.31466249846747224
anti_hebbian,49,41,0.3052367315144603
anti_hebbian,49,42,0.28029173120853745
anti_hebbian,49,43,0.30815184197603657
anti_hebbian,49,44,0.2846751148481848
anti_hebbian,49,45,0.28375107337224587
anti_hebbian,49,46,0.3020595627621221
anti_hebbian,49,47,0.2764938408231984
anti_hebbian,49,48,0.30111959981625147
anti_hebbian,49,49,0.2605769715951732
anti_hebbian,49,50,0.2515712362795256
anti_hebbian,49,51,0.23539353326233536
anti_hebbian,49,52,0.24302665791442105
anti_hebbian,49,53,0.23785015065749696
anti_hebbian,49,54,0.24704493139339334
anti_hebbian,49,55,0.21804479992501768
anti_hebbian,49,56,0.23578335948387028
anti_hebbian,49,57,0.22364385384952276
anti_hebbian,49,58,0.2116439881960954
anti_hebbian,49,59,0.215490002635417
anti_hebbian,49,60,0.20659471770750235
anti_hebbian,49,61,0.2054734824036316
anti_hebbian,49,62,0.20866410229953078
anti_hebbian,49,63,0.20409042222414128
anti_hebbian,49,64,0.2056249357874216
anti_hebbian,49,65,0.19062210177083136
anti_hebbian,49,66,0.18550189120150506
anti_hebbian,49,67,0.1782368839899225
anti_hebbian,49,68,0.20583706028537357
anti_hebbian,49,69,0.20382660195131014
anti_hebbian,49,70,0.18346953471329483
anti_hebbian,49,71,0.17158814616089738
anti_hebbian,49,72,0.17900882424881412
anti_hebbian,49,73,0.17931113453865974
anti_hebbian,49,74,0.175697098607305
anti_hebbian,49,75,0.19945025962791343
anti_hebbian,49,76,0.1592321392123962
anti_hebbian,49,77,0.1740920657764455
anti_hebbian,49,78,0.17115613198599425
anti_hebbian,49,79,0.17499891811276855
anti_hebbian,49,80,0.16916561753757256
anti_hebbian,49,81,0.16577753674027987
anti_hebbian,49,82,0.16439864131497647
anti_hebbian,49,83,0.14864571111449287
anti_hebbian,49,84,0.15657223263788927
anti_hebbian,49,85,0.16625282526917387
anti_hebbian,49,86,0.15179103502413654
anti_hebbian,49,87,0.17225511518075545
anti_hebbian,49,88,0.16058532363987704
anti_hebbian,49,89,0.14917155666152487
anti_hebbian,49,90,0.1576458250021435
anti_hebbian,49,91,0.1644286802839764
anti_hebbian,49,92,0.14591775692588818
anti_hebbian,49,93,0.14386865086022424
anti_hebbian,49,94,0.14290175546437858
anti_hebbian,49,95,0.14885141780733513
anti_hebbian,49,96,0.15061589322491928
anti_hebbian,49,97,0.13826287623583441
anti_hebbian,49,98,0.14336544582353786
anti_hebbian,49,99,0.1554926017996795
anti_hebbian,49,100,0.14562975684388854
anti_hebbian,49,101,0.14876686403096342
anti_hebbian,49,102,0.14072165620225024
anti_hebbian,49,103,0.1369912203928369
anti_hebbian,49,104,0.1496495526349199
anti_hebbian,49,105,0.1361548811321506
anti_hebbian,49,106,0.12496024728859653
anti_hebbian,49,107,0.14745785111322032
anti_hebbian,49,108,0.12692067853504962
anti_hebbian,49,109,0.13220115047373465
anti_hebbian,49,110,0.14799722039567123
anti_hebbian,49,111,0.13295017154099104
anti_hebbian,49,112,0.11487617388972504
anti_hebbian,49,113,0.1320291875880004
anti_hebbian,49,114,0.1342920204797723
anti_hebbian,49,115,0.13274962668861873
anti_hebbian,49,116,0.12359511122289123
anti_hebbian,49,117,0.12506061003292093
anti_hebbian,49,118,0.13593772252620934
anti_hebbian,49,119,0.13455404952845515
anti_hebbian,49,120,0.12636045259490605
anti_hebbian,49,121,0.11574510368589935
anti_hebbian,49,122,0.12385837925151438
anti_hebbian,49,123,0.13055379829180344
anti_hebbian,49,124,0.11946938310829153
anti_hebbian,49,125,0.12857947594548155
anti_hebbian,49,126,0.13014755254526633
anti_hebbian,49,127,0.1271598210550513
anti_hebbian,49,128,0.1134745435198329
anti_hebbian,49,129,0.10950335668098261
anti_hebbian,49,130,0.12519355432887333
anti_hebbian,49,131,0.12660273857154208
anti_hebbian,49,132,0.11104168432056948
anti_hebbian,49,133,0.11681257805644388
anti_hebbian,49,134,0.11470084234868477
anti_hebbian,49,135,0.12941596973549024
anti_hebbian,49,136,0.12857949363220708
anti_hebbian,49,137,0.12911335135989785
anti_hebbian,49,138,0.11388688196266251
anti_hebbian,49,139,0.10652098905015225
anti_hebbian,49,140,0.11835946911728551
anti_hebbian,49,141,0.11954182647938862
anti_hebbian,49,142,0.11711293120973222
anti_hebbian,49,143,0.11629164840459119
anti_hebbian,49,144,0.11420709108110563
anti_hebbian,49,145,0.13795337166573393
anti_hebbian,49,146,0.1250508503660899
anti_hebbian,49,147,0.11346273341466082
anti_hebbian,49,148,0.10940505867924788
anti_hebbian,49,149,0.11170961953836368
anti_hebbian,49,150,0.11312127042846214
anti_hebbian,49,151,0.12205507516069686
anti_hebbian,49,152,0.12261390405473316
anti_hebbian,49,153,0.1040885715632755
anti_hebbian,49,154,0.11496604409349613
anti_hebbian,49,155,0.11054993247456087
anti_hebbian,49,156,0.11252147360957537
anti_hebbian,49,157,0.11079371426673144
anti_hebbian,49,158,0.11129899634284497
anti_hebbian,49,159,0.11206972008368137
anti_hebbian,49,160,0.11379486239115745
anti_hebbian,49,161,0.11497709719609928
anti_hebbian,49,162,0.1165473754944693
anti_hebbian,49,163,0.10638438379530987
anti_hebbian,49,164,0.11061948736983175
anti_hebbian,49,165,0.10736988643188852
anti_hebbian,49,166,0.1061830084133739
anti_hebbian,49,167,0.11471755380373976
anti_hebbian,49,168,0.09649025541021365
anti_hebbian,49,169,0.1063971332622078
anti_hebbian,49,170,0.10930135627340863
anti_hebbian,49,171,0.10245673592829173
anti_hebbian,49,172,0.11104438318346244
anti_hebbian,49,173,0.11459160796887448
anti_hebbian,49,174,0.10199091149016892
anti_hebbian,49,175,0.11389050283109685
anti_hebbian,49,176,0.11055228536974152
anti_hebbian,49,177,0.10558571446212647
anti_hebbian,49,178,0.11940555791583325
anti_hebbian,49,179,0.10047576911772248
anti_hebbian,49,180,0.10069351011901428
anti_hebbian,49,181,0.1058023039606233
anti_hebbian,49,182,0.0969015229089357
anti_hebbian,49,183,0.11046504481083036
anti_hebbian,49,184,0.10721899711872536
anti_hebbian,49,185,0.10447220025551461
anti_hebbian,49,186,0.10405831429501325
anti_hebbian,49,187,0.10632215686277395
anti_hebbian,49,188,0.11670943348693291
anti_hebbian,49,189,0.10259321286549161
anti_hebbian,49,190,0.10386273768269444
anti_hebbian,49,191,0.10099700598020188
anti_hebbian,49,192,0.10569241544625968
anti_hebbian,49,193,0.102330393457786
anti_hebbian,49,194,0.10402478654933399
anti_hebbian,49,195,0.09932042989172421
anti_hebbian,49,196,0.10152342237905003
anti_hebbian,49,197,0.10741629391262947
anti_hebbian,49,198,0.0962036333742081
anti_hebbian,49,199,0.09825388024691108
anti_hebbian,49,200,0.10165046601489426
anti_hebbian,49,201,0.10032460742536985
anti_hebbian,49,202,0.09601390257631603
anti_hebbian,49,203,0.10550478530535284
anti_hebbian,49,204,0.10316544474684153
anti_hebbian,49,205,0.1057359442338785
anti_hebbian,49,206,0.10115942084944822
anti_hebbian,49,207,0.10011953198854298
anti_hebbian,49,208,0.10187531332543522
anti_hebbian,49,209,0.09684345530239889
anti_hebbian,49,210,0.09359156920186763
anti_hebbian,49,211,0.1059289263226196
anti_hebbian,49,212,0.0980929033393993
anti_hebbian,49,213,0.10087424224858456
anti_hebbian,49,214,0.09820015859337744
anti_hebbian,49,215,0.10503385797278177
anti_hebbian,49,216,0.10621962374912912
anti_hebbian,49,217,0.10175173702294177
anti_hebbian,49,218,0.09700895319212907
anti_hebbian,49,219,0.10059703970061117
anti_hebbian,49,220,0.101959616500379
anti_hebbian,49,221,0.09427933174567281
anti_hebbian,49,222,0.10038291679924068
anti_hebbian,49,223,0.0965347854287857
anti_hebbian,49,224,0.09926128047794527
anti_hebbian,49,225,0.10236012385492745
anti_hebbian,49,226,0.10126133835614691
anti_hebbian,49,227,0.09688114641453865
anti_hebbian,49,228,0.10153177300701648
anti_hebbian,49,229,0.09262341953332105
anti_hebbian,49,230,0.09706695521173496
anti_hebbian,49,231,0.09041784799373019
anti_hebbian,49,232,0.09768735941094078
anti_hebbian,49,233,0.10014883057581994
anti_hebbian,49,234,0.10094344900375353
anti_hebbian,49,235,0.09661349890226817
anti_hebbian,49,236,0.10089839783424108
anti_hebbian,49,237,0.09485503873508838
anti_hebbian,49,238,0.09819772948892572
anti_hebbian,49,239,0.09249092944738407
anti_hebbian,49,240,0.095771286171642
anti_hebbian,49,241,0.09481680605220583
anti_hebbian,49,242,0.09663812458166833
anti_hebbian,49,243,0.09852556960299683
anti_hebbian,49,244,0.10422380826484291
anti_hebbian,49,245,0.09397008063362805
anti_hebbian,49,246,0.09313896519771384
anti_hebbian,49,247,0.09282563723606886
anti_hebbian,49,248,0.09213930882221678
anti_hebbian,49,249,0.10323501092675186
anti_hebbian,49,250,0.0974846735208163
anti_hebbian,49,251,0.0945356704046663
anti_hebbian,49,252,0.09171817222846754
anti_hebbian,49,253,0.09067965260590084
anti_hebbian,49,254,0.0968935653260572
anti_hebbian,49,255,0.09248085665788891
anti_hebbian,49,256,0.09706467991775401
anti_hebbian,49,257,0.09389582134267908
anti_hebbian,49,258,0.096790806476845
anti_hebbian,49,259,0.09599644004756791
anti_hebbian,49,260,0.08419929906764832
anti_hebbian,49,261,0.09709608197126389
anti_hebbian,49,262,0.09495237475569028
anti_hebbian,49,263,0.09484875749967324
anti_hebbian,49,264,0.09065012355341277
anti_hebbian,49,265,0.09787887508208491
anti_hebbian,49,266,0.08655502496942981
anti_hebbian,49,267,0.10067752388490323
anti_hebbian,49,268,0.09085030061570344
anti_hebbian,49,269,0.08953523238149257
anti_hebbian,49,270,0.08989859420769211
anti_hebbian,49,271,0.09638542263252088
anti_hebbian,49,272,0.09440943715368616
anti_hebbian,49,273,0.08875325257376278
anti_hebbian,49,274,0.08878541184979163
anti_hebbian,49,275,0.09116020127452586
anti_hebbian,49,276,0.09232552421989078
anti_hebbian,49,277,0.09912387183565215
anti_hebbian,49,278,0.09338856597528739
anti_hebbian,49,279,0.08681537221905307
anti_hebbian,49,280,0.0928796080225467
anti_hebbian,49,281,0.08701424282663138
anti_hebbian,49,282,0.09376979174433724
anti_hebbian,49,283,0.09489215777059785
anti_hebbian,49,284,0.09226621632875452
anti_hebbian,49,285,0.09364496354164092
anti_hebbian,49,286,0.09249653923197122
anti_hebbian,49,287,0.09304388692352954
anti_hebbian,49,288,0.08747967594302829
anti_hebbian,49,289,0.09219212145573641
anti_hebbian,49,290,0.08950194637956
anti_hebbian,49,291,0.09072887181262305
anti_hebbian,49,292,0.08874352907087023
anti_hebbian,49,293,0.0919644040618989
anti_hebbian,49,294,0.08861264924014965
anti_hebbian,49,295,0.0891147750628183
anti_hebbian,49,296,0.09615120837489136
anti_hebbian,49,297,0.08835887309460412
anti_hebbian,49,298,0.09566325890149195
anti_hebbian,49,299,0.08905682065044651
anti_hebbian,49,300,0.08599150132124807
anti_hebbian,50,1,14.077310318126298
anti_hebbian,50,2,10.127247503893233
anti_hebbian,50,3,5.724085631840177
anti_hebbian,50,4,3.805555703927532
anti_hebbian,50,5,3.5086386983119398
anti_hebbian,50,6,2.4717502845192345
anti_hebbian,50,7,1.9353259627245445
anti_hebbian,50,8,2.1432227638346038
anti_hebbian,50,9,1.636805992570013
anti_hebbian,50,10,1.5237159428795473
anti_hebbian,50,11,1.3607576640792431
anti_hebbian,50,12,1.0763451999065745
anti_hebbian,50,13,1.3750821204010046
anti_hebbian,50,14,1.0814510292018313
anti_hebbian,50,15,0.989058938774015
anti_hebbian,50,16,0.9365949330566988
anti_hebbian,50,17,0.9347510887195124
anti_hebbian,50,18,0.7695269346547093
anti_hebbian,50,19,0.6546896772537623
anti_hebbian,50,20,0.6612736074766508
anti_hebbian,50,21,0.681724929134781
anti_hebbian,50,22,0.5157102337758911
anti_hebbian,50,23,0.5985388017466885
anti_hebbian,50,24,0.5256945883039401
anti_hebbian,50,25,0.5490346581607048
anti_hebbian,50,26,0.5086618432407088
anti_hebbian,50,27,0.507418485477972
anti_hebbian,50,28,0.4727250333528881
anti_hebbian,50,29,0.39355559665443673
anti_hebbian,50,30,0.4205420264286246
anti_hebbian,50,31,0.4460921826117021
anti_hebbian,50,32,0.4013736491012045
anti_hebbian,50,33,0.36700081758257336
anti_hebbian,50,34,0.3946511180751275
anti_hebbian,50,35,0.3606697539594839
anti_hebbian,50,36,0.3826773299865195
anti_hebbian,50,37,0.403626300156786
anti_hebbian,50,38,0.35128659468284035
anti_hebbian,50,39,0.3548542671902142
anti_hebbian,50,40,0.2964346439743805
anti_hebbian,50,41,0.30553880985064996
anti_hebbian,50,42,0.287356631406716
anti_hebbian,50,43,0.32999487694602236
anti_hebbian,50,44,0.3160292449604457
anti_hebbian,50,45,0.2739740205233063
anti_hebbian,50,46,0.30051831235324633
anti_hebbian,50,47,0.30061060484835395
anti_hebbian,50,48,0.25122093338319434
anti_hebbian,50,49,0.2578497712723849
anti_hebbian,50,50,0.249858841792538
anti_hebbian,50,51,0.26605491780652896
anti_hebbian,50,52,0.24485821657488763
anti_hebbian,50,53,0.25445075993431027
anti_hebbian,50,54,0.25686841160600515
anti_hebbian,50,55,0.24555444992630424
anti_hebbian,50,56,0.23936107389696265
anti_hebbian,50,57,0.2116255426425261
anti_hebbian,50,58,0.2293252280787847
anti_hebbian,50,59,0.21339076170579074
anti_hebbian,50,60,0.20217193330338185
anti_hebbian,50,61,0.22836709908321487
anti_hebbian,50,62,0.1980914577001734
anti_hebbian,50,63,0.21551759256878478
anti_hebbian,50,64,0.23092011465490403
anti_hebbian,50,65,0.20011971457659203
anti_hebbian,50,66,0.20700146155885174
anti_hebbian,50,67,0.23939407877263205
anti_hebbian,50,68,0.18569507058412896
anti_hebbian,50,69,0.19089413875661368
anti_hebbian,50,70,0.18322901632300043
anti_hebbian,50,71,0.1998274246747669
anti_hebbian,50,72,0.20021517238476258
anti_hebbian,50,73,0.17984275734994848
anti_hebbian,50,74,0.19185101662685014
anti_hebbian,50,75,0.18776577112599266
anti_hebbian,50,76,0.17665550253493165
anti_hebbian,50,77,0.17562875948455356
anti_hebbian,50,78,0.16094788462185008
anti_hebbian,50,79,0.16656778398271868
anti_hebbian,50,80,0.1714205568895344
anti_hebbian,50,81,0.18267791702057679
anti_hebbian,50,82,0.16519944920743926
anti_hebbian,50,83,0.16450674680345131
anti_hebbian,50,84,0.16120656667094202
anti_hebbian,50,85,0.17162787210080988
anti_hebbian,50,86,0.14479896956931748
anti_hebbian,50,87,0.16329265320394656
anti_hebbian,50,88,0.15122157390217883
anti_hebbian,50,89,0.14925399257524774
anti_hebbian,50,90,0.16299654460824683
anti_hebbian,50,91,0.17442500193070926
anti_hebbian,50,92,0.16977407165097932
anti_hebbian,50,93,0.1461014942707626
anti_hebbian,50,94,0.16308697586873788
anti_hebbian,50,95,0.14501086600805968
anti_hebbian,50,96,0.16678091537644432
anti_hebbian,50,97,0.15770648294096334
anti_hebbian,50,98,0.1510739500689021
anti_hebbian,50,99,0.14452159678909846
anti_hebbian,50,100,0.1426725211764017
anti_hebbian,50,101,0.16147437462978925
anti_hebbian,50,102,0.14192734240974395
anti_hebbian,50,103,0.1296962407322696
anti_hebbian,50,104,0.1474110368171579
anti_hebbian,50,105,0.13412904794516559
anti_hebbian,50,106,0.14246120157531178
anti_hebbian,50,107,0.14638223927812255
anti_hebbian,50,108,0.12982042701228205
anti_hebbian,50,109,0.15010027555936226
anti_hebbian,50,110,0.1475007048479677
anti_hebbian,50,111,0.15042011495805083
anti_hebbian,50,112,0.13456757419534338
anti_hebbian,50,113,0.1351086756229149
anti_hebbian,50,114,0.13023046170260366
anti_hebbian,50,115,0.1311127011209411
anti_hebbian,50,116,0.12358642211657501
anti_hebbian,50,117,0.1337021270144532
anti_hebbian,50,118,0.13516722225076727
anti_hebbian,50,119,0.12957950180415334
anti_hebbian,50,120,0.11752181810329802
anti_hebbian,50,121,0.1301608949133592
anti_hebbian,50,122,0.128378561187802
anti_hebbian,50,123,0.12831756729406674
anti_hebbian,50,124,0.1299880211793079
anti_hebbian,50,125,0.1237476124066445
anti_hebbian,50,126,0.12453551398848325
anti_hebbian,50,127,0.12774865105360272
anti_hebbian,50,128,0.1274746274044497
anti_hebbian,50,129,0.11446301803933007
anti_hebbian,50,130,0.1286928103441553
anti_hebbian,50,131,0.1271738795589
anti_hebbian,50,132,0.11961232616158045
anti_hebbian,50,133,0.1117340064373011
anti_hebbian,50,134,0.12582578085483523
anti_hebbian,50,135,0.12487671791607578
anti_hebbian,50,136,0.12301750692397215
anti_hebbian,50,137,0.11461904123427774
anti_hebbian,50,138,0.10970323743328893
anti_hebbian,50,139,0.12181778777900058
anti_hebbian,50,140,0.12618212434879336
anti_hebbian,50,141,0.11226533448666755
anti_hebbian,50,142,0.11349236229451266
anti_hebbian,50,143,0.11317697264760898
anti_hebbian,50,144,0.10962363297908186
anti_hebbian,50,145,0.11797944560362011
anti_hebbian,50,146,0.11805258298198885
anti_hebbian,50,147,0.12027885113086406
anti_hebbian,50,148,0.11500646404515483
anti_hebbian,50,149,0.11423751072627475
anti_hebbian,50,150,0.11861436231329468
anti_hebbian,50,151,0.1145210705860471
anti_hebbian,50,152,0.1126831550790695
anti_hebbian,50,153,0.11187309039924428
anti_hebbian,50,154,0.111236506045483
anti_hebbian,50,155,0.11110122624454667
anti_hebbian,50,156,0.12363792240479117
anti_hebbian,50,157,0.1161877224776904
anti_hebbian,50,158,0.11772083252133973
anti_hebbian,50,159,0.11459523678162963
anti_hebbian,50,160,0.10539707911008901
anti_hebbian,50,161,0.10653358190325654
anti_hebbian,50,162,0.11528116854433992
anti_hebbian,50,163,0.1054974287860802
anti_hebbian,50,164,0.1058760260686194
anti_hebbian,50,165,0.10971053597208537
anti_hebbian,50,166,0.10407808647952276
anti_hebbian,50,167,0.11883454153620988
anti_hebbian,50,168,0.10351609855929628
anti_hebbian,50,169,0.10625934302566571
anti_hebbian,50,170,0.10794100750230423
anti_hebbian,50,171,0.10749203035269349
anti_hebbian,50,172,0.10437994624240175
anti_hebbian,50,173,0.10463278206207503
anti_hebbian,50,174,0.1067857632548317
anti_hebbian,50,175,0.10949306784445462
anti_hebbian,50,176,0.10257130710362496
anti_hebbian,50,177,0.10595734513950732
anti_hebbian,50,178,0.10606181384742118
anti_hebbian,50,179,0.11427968570631387
anti_hebbian,50,180,0.10809543462158079
anti_hebbian,50,181,0.10159274575138481
anti_hebbian,50,182,0.10518349623421916
anti_hebbian,50,183,0.09834936671847995
anti_hebbian,50,184,0.10841207098112565
anti_hebbian,50,185,0.10123591851361104
anti_hebbian,50,186,0.10651437800965953
anti_hebbian,50,187,0.09946179655560022
anti_hebbian,50,188,0.09508187923739678
anti_hebbian,50,189,0.10966534011111616
anti_hebbian,50,190,0.099493592352786
anti_hebbian,50,191,0.10093741429979164
anti_hebbian,50,192,0.107099473666374
anti_hebbian,50,193,0.10782856815668368
anti_hebbian,50,194,0.10424870241910168
anti_hebbian,50,195,0.09977214017407189
anti_hebbian,50,196,0.09770430882717042
anti_hebbian,50,197,0.10867663277635958
anti_hebbian,50,198,0.10489638906912059
anti_hebbian,50,199,0.1000603910132656
anti_hebbian,50,200,0.103040497206554
anti_hebbian,50,201,0.1032262555134398
anti_hebbian,50,202,0.1021260620581887
anti_hebbian,50,203,0.10083831542682355
anti_hebbian,50,204,0.09767420889106794
anti_hebbian,50,205,0.10564113084110441
anti_hebbian,50,206,0.09641869840366
anti_hebbian,50,207,0.10264732818651277
anti_hebbian,50,208,0.10791518201515059
anti_hebbian,50,209,0.10650443359157906
anti_hebbian,50,210,0.09815032837116067
anti_hebbian,50,211,0.09458083453292948
anti_hebbian,50,212,0.10433431543066556
anti_hebbian,50,213,0.09818884380797731
anti_hebbian,50,214,0.09175594724737465
anti_hebbian,50,215,0.09899298928243815
anti_hebbian,50,216,0.09692419544852152
anti_hebbian,50,217,0.09906720058810342
anti_hebbian,50,218,0.09978741355833573
anti_hebbian,50,219,0.09355184048176285
anti_hebbian,50,220,0.09801101707376357
anti_hebbian,50,221,0.09296759886597826
anti_hebbian,50,222,0.09235893531846519
anti_hebbian,50,223,0.09303955789336463
anti_hebbian,50,224,0.10184267194298552
anti_hebbian,50,225,0.0994994048801619
anti_hebbian,50,226,0.10376129215427903
anti_hebbian,50,227,0.0948728504274197
anti_hebbian,50,228,0.08685481283925495
anti_hebbian,50,229,0.09809759155466834
anti_hebbian,50,230,0.09385830210993631
anti_hebbian,50,231,0.09677619880118625
anti_hebbian,50,232,0.09546625275965992
anti_hebbian,50,233,0.09602192651970531
anti_hebbian,50,234,0.0913619480130937
anti_hebbian,50,235,0.10517732676016928
anti_hebbian,50,236,0.09662415227662667
anti_hebbian,50,237,0.09672758525691828
anti_hebbian,50,238,0.10150689908730111
anti_hebbian,50,239,0.08895145622212261
anti_hebbian,50,240,0.09384196032070902
anti_hebbian,50,241,0.09793239510741958
anti_hebbian,50,242,0.10081349414049018
anti_hebbian,50,243,0.0912323619577517
anti_hebbian,50,244,0.09528901474224906
anti_hebbian,50,245,0.08865472128011022
anti_hebbian,50,246,0.09184915067557173
anti_hebbian,50,247,0.09618339007100801
anti_hebbian,50,248,0.09284253506599059
anti_hebbian,50,249,0.09576225860940248
anti_hebbian,50,250,0.08911095441935157
anti_hebbian,50,251,0.09248475912238159
anti_hebbian,50,252,0.09442294544304358
anti_hebbian,50,253,0.09727454897143573
anti_hebbian,50,254,0.09603339183974015
anti_hebbian,50,255,0.09439114334917488
anti_hebbian,50,256,0.09552067595093777
anti_hebbian,50,257,0.09499650627768626
anti_hebbian,50,258,0.09198353300621895
anti_hebbian,50,259,0.09852180375261509
anti_hebbian,50,260,0.09303428050908963
anti_hebbian,50,261,0.10035517704277284
anti_hebbian,50,262,0.09564575121812763
anti_hebbian,50,263,0.0888528726698024
anti_hebbian,50,264,0.09447700647222046
anti_hebbian,50,265,0.09868836162607696
anti_hebbian,50,266,0.09501231429008884
anti_hebbian,50,267,0.09079339126175798
anti_hebbian,50,268,0.09143897426430372
anti_hebbian,50,269,0.09626519338354661
anti_hebbian,50,270,0.09625793024868233
anti_hebbian,50,271,0.09130849232190313
anti_hebbian,50,272,0.09090708666055408
anti_hebbian,50,273,0.09476489860133931
anti_hebbian,50,274,0.09541151267700618
anti_hebbian,50,275,0.08667931478288926
anti_hebbian,50,276,0.09581215689347923
anti_hebbian,50,277,0.09190651085437294
anti_hebbian,50,278,0.09365812393947502
anti_hebbian,50,279,0.09955723084874862
anti_hebbian,50,280,0.09570599592759295
anti_hebbian,50,281,0.0887868444075912
anti_hebbian,50,282,0.08944174125930003
anti_hebbian,50,283,0.09491016701458642
anti_hebbian,50,284,0.09137775295247028
anti_hebbian,50,285,0.09021899184521284
anti_hebbian,50,286,0.09027977430030808
anti_hebbian,50,287,0.09174422807269055
anti_hebbian,50,288,0.09029755920134935
anti_hebbian,50,289,0.09260359969540902
anti_hebbian,50,290,0.09383806885956729
anti_hebbian,50,291,0.09290934340146624
anti_hebbian,50,292,0.0904342873846069
anti_hebbian,50,293,0.0876660832310192
anti_hebbian,50,294,0.08781439567474485
anti_hebbian,50,295,0.09229192132404354
anti_hebbian,50,296,0.09101010208236743
anti_hebbian,50,297,0.0893867371478936
anti_hebbian,50,298,0.09099323542900181
anti_hebbian,50,299,0.09362196695091961
anti_hebbian,50,300,0.0906406256009741
anti_hebbian,51,1,33.364880207170174
anti_hebbian,51,2,21.72400733250927
anti_hebbian,51,3,12.98849396859203
anti_hebbian,51,4,8.179980348993992
anti_hebbian,51,5,4.983218715036941
anti_hebbian,51,6,3.5852456594203557
anti_hebbian,51,7,3.135337289816421
anti_hebbian,51,8,2.4538850521743463
anti_hebbian,51,9,2.0655733266895897
anti_hebbian,51,10,1.9456876749191303
anti_hebbian,51,11,1.7111521233534859
anti_hebbian,51,12,1.567374127320033
anti_hebbian,51,13,1.5358551282619395
anti_hebbian,51,14,1.0780653479692452
anti_hebbian,51,15,1.0878159178023956
anti_hebbian,51,16,0.9449745325465299
anti_hebbian,51,17,0.892334727564455
anti_hebbian,51,18,0.6688660143501424
anti_hebbian,51,19,0.6959626670348945
anti_hebbian,51,20,0.6642117168497222
anti_hebbian,51,21,0.7152950844585644
anti_hebbian,51,22,0.6239175239052895
anti_hebbian,51,23,0.6958748138962212
anti_hebbian,51,24,0.5901511347473775
anti_hebbian,51,25,0.6268668913285589
anti_hebbian,51,26,0.5071316579315868
anti_hebbian,51,27,0.5104255012104009
anti_hebbian,51,28,0.48293792572699223
anti_hebbian,51,29,0.5346278498232517
anti_hebbian,51,30,0.4902587659016407
anti_hebbian,51,31,0.41245325420451356
anti_hebbian,51,32,0.4285862348324271
anti_hebbian,51,33,0.38865473511396137
anti_hebbian,51,34,0.43578084427336744
anti_hebbian,51,35,0.3716432336583169
anti_hebbian,51,36,0.35376121198924626
anti_hebbian,51,37,0.357377119096907
anti_hebbian,51,38,0.3000025489663658
anti_hebbian,51,39,0.317916730239179
anti_hebbian,51,40,0.3065296233644281
anti_hebbian,51,41,0.3342538040461775
anti_hebbian,51,42,0.31462015087558276
anti_hebbian,51,43,0.29186355787036294
anti_hebbian,51,44,0.3301983194152929
anti_hebbian,51,45,0.258617341490149
anti_hebbian,51,46,0.3017734573033206
anti_hebbian,51,47,0.26287910621142835
anti_hebbian,51,48,0.27744425319713667
anti_hebbian,51,49,0.23966913496037173
anti_hebbian,51,50,0.2538801067070943
anti_hebbian,51,51,0.26504916505953446
anti_hebbian,51,52,0.2763683858791773
anti_hebbian,51,53,0.2612807762025691
anti_hebbian,51,54,0.2698761048066088
anti_hebbian,51,55,0.21180987204486892
anti_hebbian,51,56,0.23501791030185568
anti_hebbian,51,57,0.21994371878522384
anti_hebbian,51,58,0.2595742951066234
anti_hebbian,51,59,0.2102761928973332
anti_hebbian,51,60,0.18803339451431872
anti_hebbian,51,61,0.21414704440521806
anti_hebbian,51,62,0.22922954629319967
anti_hebbian,51,63,0.21893874939140942
anti_hebbian,51,64,0.1970177192274506
anti_hebbian,51,65,0.1880044066906752
anti_hebbian,51,66,0.19393154499564844
anti_hebbian,51,67,0.2243993862532715
anti_hebbian,51,68,0.18938432895784765
anti_hebbian,51,69,0.19219762160182385
anti_hebbian,51,70,0.18158839840745764
anti_hebbian,51,71,0.18317908315949707
anti_hebbian,51,72,0.1766375868701733
anti_hebbian,51,73,0.18251381794827556
anti_hebbian,51,74,0.1873762288819342
anti_hebbian,51,75,0.18673088865447776
anti_hebbian,51,76,0.17374896469683201
anti_hebbian,51,77,0.16720849364792836
anti_hebbian,51,78,0.17334485895267615
anti_hebbian,51,79,0.1590138417898395
anti_hebbian,51,80,0.1797280279084594
anti_hebbian,51,81,0.1903239481994041
anti_hebbian,51,82,0.1788872151263156
anti_hebbian,51,83,0.14869171780540535
anti_hebbian,51,84,0.15041166836206002
anti_hebbian,51,85,0.16517381357328553
anti_hebbian,51,86,0.1425410681003996
anti_hebbian,51,87,0.15288946209268134
anti_hebbian,51,88,0.1652874140703428
anti_hebbian,51,89,0.15282515987190584
anti_hebbian,51,90,0.15373455933129979
anti_hebbian,51,91,0.1459413477392584
anti_hebbian,51,92,0.15465802611212254
anti_hebbian,51,93,0.1690829720524125
anti_hebbian,51,94,0.13610701164252478
anti_hebbian,51,95,0.14750269318518913
anti_hebbian,51,96,0.14137414424805403
anti_hebbian,51,97,0.13242451525551135
anti_hebbian,51,98,0.12975579909787352
anti_hebbian,51,99,0.142177614673203
anti_hebbian,51,100,0.14292565391124323
anti_hebbian,51,101,0.1419911903781748
anti_hebbian,51,102,0.15329363714916458
anti_hebbian,51,103,0.13155847399171902
anti_hebbian,51,104,0.14115350213536282
anti_hebbian,51,105,0.13786947239296082
anti_hebbian,51,106,0.14742579742215992
anti_hebbian,51,107,0.12314682062126128
anti_hebbian,51,108,0.12791736296192488
anti_hebbian,51,109,0.12464127111496412
anti_hebbian,51,110,0.14025760528402648
anti_hebbian,51,111,0.13982948226326564
anti_hebbian,51,112,0.12773091736239486
anti_hebbian,51,113,0.13092320175007005
anti_hebbian,51,114,0.12222500362580974
anti_hebbian,51,115,0.12324881681239615
anti_hebbian,51,116,0.12953583771378974
anti_hebbian,51,117,0.12972892099773864
anti_hebbian,51,118,0.12956955453450425
anti_hebbian,51,119,0.12750841236033936
anti_hebbian,51,120,0.11986468793698775
anti_hebbian,51,121,0.126944853241438
anti_hebbian,51,122,0.13071652029692893
anti_hebbian,51,123,0.12160482196340357
anti_hebbian,51,124,0.13098492027597503
anti_hebbian,51,125,0.1245832609827337
anti_hebbian,51,126,0.12754376685105095
anti_hebbian,51,127,0.11622203058343458
anti_hebbian,51,128,0.12653253680866527
anti_hebbian,51,129,0.11453257355007565
anti_hebbian,51,130,0.11971042074860314
anti_hebbian,51,131,0.12250004982431131
anti_hebbian,51,132,0.12184027048456775
anti_hebbian,51,133,0.1132704752795192
anti_hebbian,51,134,0.12041650562774196
anti_hebbian,51,135,0.1202718083908914
anti_hebbian,51,136,0.11331210684887423
anti_hebbian,51,137,0.1288425271675491
anti_hebbian,51,138,0.1128829977011812
anti_hebbian,51,139,0.11644872756022252
anti_hebbian,51,140,0.12050504394858144
anti_hebbian,51,141,0.11589470798643359
anti_hebbian,51,142,0.1059089545873753
anti_hebbian,51,143,0.12004702031795061
anti_hebbian,51,144,0.1206009995419071
anti_hebbian,51,145,0.11738474498439072
anti_hebbian,51,146,0.11628597843213805
anti_hebbian,51,147,0.10446294173852069
anti_hebbian,51,148,0.11223857142612158
anti_hebbian,51,149,0.10893783888099474
anti_hebbian,51,150,0.11028785333776053
anti_hebbian,51,151,0.1223938005205793
anti_hebbian,51,152,0.11685075899794169
anti_hebbian,51,153,0.11091450470229561
anti_hebbian,51,154,0.10932849007407741
anti_hebbian,51,155,0.11513797709354465
anti_hebbian,51,156,0.11439161323167325
anti_hebbian,51,157,0.12495260359410713
anti_hebbian,51,158,0.10887655328307613
anti_hebbian,51,159,0.10771685268784865
anti_hebbian,51,160,0.10771389308417305
anti_hebbian,51,161,0.10747819550263714
anti_hebbian,51,162,0.10970039300644134
anti_hebbian,51,163,0.10793649735296244
anti_hebbian,51,164,0.11436545088986773
anti_hebbian,51,165,0.1072003209821163
anti_hebbian,51,166,0.09800804758189612
anti_hebbian,51,167,0.10273810884643829
anti_hebbian,51,168,0.09710722980908755
anti_hebbian,51,169,0.10274227173490064
anti_hebbian,51,170,0.10607128571642441
anti_hebbian,51,171,0.10412949712821197
anti_hebbian,51,172,0.10954639328488104
anti_hebbian,51,173,0.10861850897186928
anti_hebbian,51,174,0.10855372757168523
anti_hebbian,51,175,0.10659041692290795
anti_hebbian,51,176,0.10310698975467097
anti_hebbian,51,177,0.09945970551367225
anti_hebbian,51,178,0.10864610335843579
anti_hebbian,51,179,0.10115978625319233
anti_hebbian,51,180,0.10492762165109369
anti_hebbian,51,181,0.10757739068340279
anti_hebbian,51,182,0.09759371782365517
anti_hebbian,51,183,0.10311211612563966
anti_hebbian,51,184,0.09888220319511602
anti_hebbian,51,185,0.1103392925405141
anti_hebbian,51,186,0.11240826140021522
anti_hebbian,51,187,0.09530928021186683
anti_hebbian,51,188,0.10174979739756211
anti_hebbian,51,189,0.09898781355145846
anti_hebbian,51,190,0.09744009468913632
anti_hebbian,51,191,0.09997561502706681
anti_hebbian,51,192,0.09909296485507238
anti_hebbian,51,193,0.09872429636454177
anti_hebbian,51,194,0.1049276540722043
anti_hebbian,51,195,0.10192231364562715
anti_hebbian,51,196,0.10464328526575044
anti_hebbian,51,197,0.09414003150713122
anti_hebbian,51,198,0.10484197318898737
anti_hebbian,51,199,0.09922183393608447
anti_hebbian,51,200,0.10179644687362345
anti_hebbian,51,201,0.10443101611764748
anti_hebbian,51,202,0.10057755225285238
anti_hebbian,51,203,0.10299683567329425
anti_hebbian,51,204,0.10411192117173841
anti_hebbian,51,205,0.09499657871727528
anti_hebbian,51,206,0.09690326144916432
anti_hebbian,51,207,0.10122001664166785
anti_hebbian,51,208,0.10614931254949839
anti_hebbian,51,209,0.10126368636070936
anti_hebbian,51,210,0.10197196520238405
anti_hebbian,51,211,0.1010199480513514
anti_hebbian,51,212,0.10339456926834276
anti_hebbian,51,213,0.1013353508396167
anti_hebbian,51,214,0.10266999901167267
anti_hebbian,51,215,0.09785443359595596
anti_hebbian,51,216,0.09359918611278696
anti_hebbian,51,217,0.10049713197298026
anti_hebbian,51,218,0.09374068229319038
anti_hebbian,51,219,0.09197284638914739
anti_hebbian,51,220,0.0958246159643086
anti_hebbian,51,221,0.09529739495091082
anti_hebbian,51,222,0.08767172158414215
anti_hebbian,51,223,0.10289900302771522
anti_hebbian,51,224,0.09306422490395266
anti_hebbian,51,225,0.0995086783955965
anti_hebbian,51,226,0.09501900559507793
anti_hebbian,51,227,0.09534973571403471
anti_hebbian,51,228,0.09742397970957274
anti_hebbian,51,229,0.09338476392440764
anti_hebbian,51,230,0.09853682044033088
anti_hebbian,51,231,0.09724457156260828
anti_hebbian,51,232,0.09632992636986876
anti_hebbian,51,233,0.08944842403729585
anti_hebbian,51,234,0.09602111408183625
anti_hebbian,51,235,0.09256054302296296
anti_hebbian,51,236,0.09774419400516617
anti_hebbian,51,237,0.09022218481366778
anti_hebbian,51,238,0.09419004547743243
anti_hebbian,51,239,0.0977086221171176
anti_hebbian,51,240,0.09655247967796489
anti_hebbian,51,241,0.09273391829824144
anti_hebbian,51,242,0.0964413690225335
anti_hebbian,51,243,0.09110817565719607
anti_hebbian,51,244,0.09492199401423757
anti_hebbian,51,245,0.09754385332037006
anti_hebbian,51,246,0.09904268005025317
anti_hebbian,51,247,0.09238308272499589
anti_hebbian,51,248,0.09572750585203217
anti_hebbian,51,249,0.09581286486323005
anti_hebbian,51,250,0.09311690771608307
anti_hebbian,51,251,0.08980083244233227
anti_hebbian,51,252,0.09555018174952004
anti_hebbian,51,253,0.0896766674072723
anti_hebbian,51,254,0.09274571696795446
anti_hebbian,51,255,0.10158149260068093
anti_hebbian,51,256,0.09321203037543656
anti_hebbian,51,257,0.08963374310066582
anti_hebbian,51,258,0.09135809918648338
anti_hebbian,51,259,0.09050118472416219
anti_hebbian,51,260,0.09341216924100135
anti_hebbian,51,261,0.09257222825115631
anti_hebbian,51,262,0.09033314312148044
anti_hebbian,51,263,0.09600084527753316
anti_hebbian,51,264,0.09275626328169567
anti_hebbian,51,265,0.08741030946097599
anti_hebbian,51,266,0.09603426349715342
anti_hebbian,51,267,0.09330826876506695
anti_hebbian,51,268,0.09268454702460832
anti_hebbian,51,269,0.08286900845109323
anti_hebbian,51,270,0.09069831535059639
anti_hebbian,51,271,0.08695958148668587
anti_hebbian,51,272,0.09152540795868681
anti_hebbian,51,273,0.08821482107418673
anti_hebbian,51,274,0.08893512293317117
anti_hebbian,51,275,0.09358389833974977
anti_hebbian,51,276,0.0920324336479101
anti_hebbian,51,277,0.09128885212001742
anti_hebbian,51,278,0.09280263789634667
anti_hebbian,51,279,0.09410762556386634
anti_hebbian,51,280,0.08586076538612691
anti_hebbian,51,281,0.08822225256020035
anti_hebbian,51,282,0.09067681024899764
anti_hebbian,51,283,0.09107577513437425
anti_hebbian,51,284,0.08890490277527051
anti_hebbian,51,285,0.09224118418523815
anti_hebbian,51,286,0.08977174953880772
anti_hebbian,51,287,0.08484911865955701
anti_hebbian,51,288,0.09041869292534467
anti_hebbian,51,289,0.09250295833160006
anti_hebbian,51,290,0.09020400642543795
anti_hebbian,51,291,0.08477471349131438
anti_hebbian,51,292,0.08950586764773903
anti_hebbian,51,293,0.08664003126175311
anti_hebbian,51,294,0.08477659348818628
anti_hebbian,51,295,0.09175840638834373
anti_hebbian,51,296,0.09645436354602911
anti_hebbian,51,297,0.0906800225942092
anti_hebbian,51,298,0.09042719009706804
anti_hebbian,51,299,0.08849161738174026
anti_hebbian,51,300,0.0899743662029706
