learning_rule,epoch,validation_loss_mean,validation_loss_std,validation_loss_n,replay_loss_mean,replay_loss_std,replay_loss_n,validation_loss_sem,replay_loss_sem,learning_rule_label
anti_hebbian,1,0.47542638710452007,0.09490742042176481,30,0.5648745606225885,0.20352792088250465,30,0.017327645013209016,0.03715894444982485,Anti-Hebbian
anti_hebbian,2,0.47524552220427374,0.09481864660009884,30,0.5413054731735105,0.17738911296888388,30,0.017311437204994885,0.03238667287629664,Anti-Hebbian
anti_hebbian,3,0.4750667480248894,0.09475862028706822,30,0.5468811565675972,0.15835689085633445,30,0.01730047794976464,0.028911880419465987,Anti-Hebbian
anti_hebbian,4,0.4748723619755004,0.09470642599270276,30,0.5714099710799944,0.13264093612076275,30,0.017290948618965633,0.024216810920647844,Anti-Hebbian
anti_hebbian,5,0.47468906867075605,0.09462760039136167,30,0.5449020146881797,0.17361112069561457,30,0.017276557098977824,0.03169690901291336,Anti-Hebbian
anti_hebbian,6,0.4744901783499014,0.09455141372835524,30,0.5811365253967781,0.16716239692200066,30,0.017262647381007936,0.030519538520270638,Anti-Hebbian
anti_hebbian,7,0.4742903184881445,0.09444996372289027,30,0.5908932083701787,0.1758529882204449,30,0.017244125228857207,0.03210621615100931,Anti-Hebbian
anti_hebbian,8,0.4741121115881471,0.09438059632616563,30,0.5371498094173354,0.1804769048246537,30,0.01723146053287671,0.032950423960391925,Anti-Hebbian
anti_hebbian,9,0.4739297848265025,0.09430358445620562,30,0.5445382790317953,0.14450014824423374,30,0.017217400153419125,0.02638199691873578,Anti-Hebbian
anti_hebbian,10,0.4737456841873531,0.09423224970410475,30,0.5505844906537427,0.15100971725258663,30,0.01720437626913256,0.027570476180572918,Anti-Hebbian
anti_hebbian,11,0.47356141171076693,0.09417051518622555,30,0.556541153964714,0.14061279803217402,30,0.017193105139792848,0.02567226711871325,Anti-Hebbian
anti_hebbian,12,0.47338067187425387,0.09409171242112947,30,0.5397719423247921,0.16396668793053806,30,0.01717871778911388,0.029936084552988587,Anti-Hebbian
anti_hebbian,13,0.4731890361035277,0.09399309395434259,30,0.5636328956598589,0.2107207125158787,30,0.017160712602831963,0.038472162526169314,Anti-Hebbian
anti_hebbian,14,0.47300571513248296,0.09393001780083395,30,0.5402921858471121,0.15727719224022468,30,0.017149196525459515,0.02871475532368251,Anti-Hebbian
anti_hebbian,15,0.47282272877096804,0.09384739180244514,30,0.5295869567494262,0.1848415883649938,30,0.017134111151074872,0.033747302504197184,Anti-Hebbian
anti_hebbian,16,0.4726504767826775,0.0937881122129416,30,0.520602669001402,0.14059084496179153,30,0.017123288228284628,0.025668259054761583,Anti-Hebbian
anti_hebbian,17,0.472467275517177,0.09371565810880515,30,0.5653127841675847,0.16633229207837802,30,0.017110059979211504,0.030367982804288495,Anti-Hebbian
anti_hebbian,18,0.4722863645908447,0.09365147670620934,30,0.5431885131990174,0.1757617825567306,30,0.017098342111886822,0.03208956435121313,Anti-Hebbian
anti_hebbian,19,0.47209537541543134,0.09358062443622188,30,0.5444851919971825,0.16100990558162923,30,0.0170854063163793,0.029396252422945093,Anti-Hebbian
anti_hebbian,20,0.4719102532054563,0.09350929987319646,30,0.5632744670250205,0.18007004034874444,30,0.01707238429235489,0.03287614100995759,Anti-Hebbian
anti_hebbian,21,0.47172257245402793,0.09341646383960021,30,0.5556982220185613,0.20411561697573152,30,0.0170554348291049,0.03726624258556419,Anti-Hebbian
anti_hebbian,22,0.47154850771079515,0.09335932317122611,30,0.5123307959843121,0.14116736485326656,30,0.017045002418098427,0.025773516704565354,Anti-Hebbian
anti_hebbian,23,0.47136486995334176,0.09328433935948778,30,0.548505648832006,0.15859895946139124,30,0.017031312309719493,0.02895607589795046,Anti-Hebbian
anti_hebbian,24,0.47117537110319396,0.09320799661147797,30,0.5462074010998647,0.1534595894135747,30,0.01701737409465719,0.028017759595765284,Anti-Hebbian
anti_hebbian,25,0.4709986557485782,0.09315602203543245,30,0.5283027018310451,0.12559548891183717,30,0.01700788487875156,0.022930494132634396,Anti-Hebbian
anti_hebbian,26,0.4707968194032706,0.09306549178214689,30,0.5865675113380792,0.19771678749205093,30,0.016991356391464506,0.036097981502283855,Anti-Hebbian
anti_hebbian,27,0.4706075714362508,0.09298087371827084,30,0.5644570541244764,0.19390640285448638,30,0.016975907317345395,0.03540230362936211,Anti-Hebbian
anti_hebbian,28,0.4704303537132811,0.09292338569889469,30,0.5291195677726459,0.147642899798164,30,0.016965411489012525,0.02695578222497645,Anti-Hebbian
anti_hebbian,29,0.4702495602946851,0.09285275202873101,30,0.537003744180924,0.15798430252693063,30,0.016952515604189852,0.02884385540857344,Anti-Hebbian
anti_hebbian,30,0.47007215573726285,0.09279641408275621,30,0.54397441590698,0.1416251664474747,30,0.016942229749571883,0.02585709945790189,Anti-Hebbian
anti_hebbian,31,0.4698863591143604,0.09270522851236213,30,0.5467522685767006,0.19648527773490243,30,0.016925581618297277,0.03587313961102454,Anti-Hebbian
anti_hebbian,32,0.46970786336097237,0.09263842163920863,30,0.5579327143007716,0.17539800633905375,30,0.01691338440782309,0.03202314820444462,Anti-Hebbian
anti_hebbian,33,0.4695349324166557,0.09258029219959404,30,0.530796386961135,0.17152619641222652,30,0.01690277147271241,0.03131625565934605,Anti-Hebbian
anti_hebbian,34,0.46935118690873334,0.0925129555541763,30,0.5595555135368798,0.16380935271263827,30,0.016890477539498402,0.02990735920367735,Anti-Hebbian
anti_hebbian,35,0.4691693575353802,0.0924492104809955,30,0.5494203642902817,0.17442208279193827,30,0.01687883933466142,0.03184496975739275,Anti-Hebbian
anti_hebbian,36,0.4689879181777303,0.09237819908307136,30,0.5475954454171245,0.15627856094618126,30,0.016865874486500412,0.028532431028223122,Anti-Hebbian
anti_hebbian,37,0.4688115795940884,0.09230845697150747,30,0.529747641742983,0.1680982605888505,30,0.016853141377263216,0.030690403067298356,Anti-Hebbian
anti_hebbian,38,0.4686391282787859,0.09223888684644437,30,0.5286114326654571,0.14669019561149646,30,0.016840439668321376,0.02678184303375398,Anti-Hebbian
anti_hebbian,39,0.4684595593970645,0.0921770727677606,30,0.5601317686394969,0.1585007163887586,30,0.016829154013232546,0.02893813924895062,Anti-Hebbian
anti_hebbian,40,0.4682835785920503,0.09212062593637688,30,0.5400008052890902,0.15004968474667751,30,0.016818848278949694,0.027395199027431375,Anti-Hebbian
anti_hebbian,41,0.468104079864009,0.09205164491146044,30,0.5498122810075491,0.15030673043900106,30,0.016806254124487507,0.027442128935429754,Anti-Hebbian
anti_hebbian,42,0.46792632572896303,0.09198910346398823,30,0.5425099565225788,0.15547396309883066,30,0.016794835670634323,0.02838553223131845,Anti-Hebbian
anti_hebbian,43,0.46774410154544027,0.09191783628482561,30,0.5479794359282869,0.17598660439846184,30,0.016781824123421947,0.032130611015925147,Anti-Hebbian
anti_hebbian,44,0.4675686303933828,0.09182495364820928,30,0.5235864707312397,0.1717719638572104,30,0.016764866151663508,0.03136112645051875,Anti-Hebbian
anti_hebbian,45,0.46738521427848295,0.09174891099381105,30,0.540838464943083,0.19105640307538097,30,0.016750982725948015,0.034881967240061845,Anti-Hebbian
anti_hebbian,46,0.46720614078399675,0.0916551645750917,30,0.5316262806203051,0.18130494127353008,30,0.016733867049875374,0.03310160204088728,Anti-Hebbian
anti_hebbian,47,0.4670247770553756,0.09158793190473406,30,0.5404966821043645,0.14468748655365485,30,0.016721592099823313,0.026416200058054055,Anti-Hebbian
anti_hebbian,48,0.4668412174408591,0.0914992589031526,30,0.551504409996624,0.19160358042787698,30,0.016705402698754028,0.03498186769970119,Anti-Hebbian
anti_hebbian,49,0.4666637932434803,0.09142726644578246,30,0.5390559612390828,0.15192846990340644,30,0.016692258734463408,0.027738216697780146,Anti-Hebbian
anti_hebbian,50,0.46648808714634965,0.09135463767217253,30,0.527153087169306,0.16589476251059812,30,0.01667899859525338,0.030288101199672318,Anti-Hebbian
anti_hebbian,51,0.4663082262383435,0.09129637876946294,30,0.547489217223517,0.17958360057491554,30,0.01666836202352353,0.032787329664292986,Anti-Hebbian
anti_hebbian,52,0.46613076222733163,0.09122632708197646,30,0.536082012955319,0.14162430323186018,30,0.016655572393714315,0.025856941857013874,Anti-Hebbian
anti_hebbian,53,0.46596531882314346,0.09116929730978343,30,0.516422773072042,0.13541138399626151,30,0.016645160229487813,0.024722623185915494,Anti-Hebbian
anti_hebbian,54,0.46577898145268737,0.09110420315112544,30,0.5575485200619615,0.15010922533178173,30,0.016633275716468214,0.02740606960128092,Anti-Hebbian
anti_hebbian,55,0.4656011805844332,0.09102497470323942,30,0.5362968910342191,0.18597822089347918,30,0.016618810647100447,0.03395482226267905,Anti-Hebbian
anti_hebbian,56,0.4654145673770802,0.09095000024639692,30,0.5402847582371734,0.15140791209638715,30,0.016605122246684003,0.027643176279983517,Anti-Hebbian
anti_hebbian,57,0.46524126084685935,0.09089723511942081,30,0.5333722297209824,0.13032987881556313,30,0.016595488696585857,0.02379487151473287,Anti-Hebbian
anti_hebbian,58,0.46505633648684896,0.09081727311033594,30,0.5519026810956388,0.1621151642373928,30,0.01658088969787945,0.029598044122158277,Anti-Hebbian
anti_hebbian,59,0.4648746587145636,0.09074200810306812,30,0.5458567157363707,0.1610025004539396,30,0.01656714825045566,0.029394900437786156,Anti-Hebbian
anti_hebbian,60,0.4646871076747555,0.09065609758501132,30,0.5630309280123064,0.17815952261229082,30,0.01655146320756677,0.03252732978970113,Anti-Hebbian
anti_hebbian,61,0.46450905272762066,0.09058167658396868,30,0.5325040469985918,0.1762989928392092,30,0.01653787585389238,0.03218764508115887,Anti-Hebbian
anti_hebbian,62,0.46433547695503347,0.09052404122692562,30,0.5299922318273278,0.14058562296639662,30,0.01652735312550493,0.025667305653203926,Anti-Hebbian
anti_hebbian,63,0.4641616528714621,0.09047355652785898,30,0.5333815944078701,0.15091600336511327,30,0.01651813592267571,0.02755336644386603,Anti-Hebbian
anti_hebbian,64,0.46398257243439933,0.0903839916046686,30,0.5422514330491055,0.17111736202121253,30,0.01650178367974485,0.031241613053265303,Anti-Hebbian
anti_hebbian,65,0.46380515614915746,0.09031865979917786,30,0.5311420734842219,0.16009202895829802,30,0.016489855778548244,0.02922867184574337,Anti-Hebbian
anti_hebbian,66,0.46363082003947476,0.0902570217452065,30,0.5251101699180941,0.14700362623936583,30,0.016478602261027965,0.026839067375453,Anti-Hebbian
anti_hebbian,67,0.46346937146538264,0.09019089284604448,30,0.505908951271134,0.1528029538307673,30,0.01646652883110329,0.027897874888843897,Anti-Hebbian
anti_hebbian,68,0.4632856876690782,0.09011890586591112,30,0.5477846583648328,0.16995390052029807,30,0.016453385866814718,0.031029195016985416,Anti-Hebbian
anti_hebbian,69,0.46310732092165546,0.09005655093303874,30,0.5351269898131223,0.15641854574317343,30,0.016442001465712744,0.028557988638563254,Anti-Hebbian
anti_hebbian,70,0.46291086260483555,0.08998008664419821,30,0.571465475882672,0.15367557566786647,30,0.016428041060432226,0.028057193110294164,Anti-Hebbian
anti_hebbian,71,0.4627414991270733,0.08992121860535146,30,0.5112133773331761,0.13856367070227582,30,0.016417293276168077,0.025298149364784722,Anti-Hebbian
anti_hebbian,72,0.46257433300888445,0.08985115287492676,30,0.5202411444236132,0.1758082144456166,30,0.016404501082480847,0.03209804161552327,Anti-Hebbian
anti_hebbian,73,0.46239253720978585,0.08977984549134374,30,0.5386840646799282,0.17107066940298113,30,0.01639148219497915,0.031233088186507198,Anti-Hebbian
anti_hebbian,74,0.46220772372008895,0.08970288375464819,30,0.5413413365802255,0.1812218665144377,30,0.016377430968561507,0.033086434734382546,Anti-Hebbian
anti_hebbian,75,0.46204595185988034,0.08964140863488511,30,0.49916216236245714,0.12438921009505326,30,0.01636620719862165,0.022710258759769997,Anti-Hebbian
anti_hebbian,76,0.46186348378812025,0.0895670445646712,30,0.535912578512734,0.16716966664304672,30,0.016352630239046966,0.030520865783671868,Anti-Hebbian
anti_hebbian,77,0.46169585009770225,0.08949699329187556,30,0.5084551546856196,0.15462328732652683,30,0.01633984068494959,0.02823022079478047,Anti-Hebbian
anti_hebbian,78,0.461525333582155,0.08941762026283379,30,0.5144612603103844,0.16895557513846637,30,0.016325349218795027,0.03084692657319902,Anti-Hebbian
anti_hebbian,79,0.4613495685011821,0.0893196633327539,30,0.5278041832459305,0.18310897925417158,30,0.01630746481203879,0.03343097280641842,Anti-Hebbian
anti_hebbian,80,0.4611723849058372,0.0892503198065991,30,0.5356309407665868,0.15470278086040304,30,0.016294804474208148,0.028244734262007073,Anti-Hebbian
anti_hebbian,81,0.46099584742577354,0.08917672278176095,30,0.5328185466640216,0.140380049612305,30,0.01628136755731844,0.025629773265451263,Anti-Hebbian
anti_hebbian,82,0.46082557103636534,0.0891086574356152,30,0.5124605471678385,0.15998427251038527,30,0.0162689405821623,0.02920899829999722,Anti-Hebbian
anti_hebbian,83,0.46065248167150125,0.0890555412226196,30,0.5399165963924892,0.13709545210081867,30,0.016259242932819985,0.025030090548995798,Anti-Hebbian
anti_hebbian,84,0.46047644003613186,0.08899698441825628,30,0.5209607712275264,0.11811029592015262,30,0.01624855197193825,0.021563891116359327,Anti-Hebbian
anti_hebbian,85,0.4602889006861282,0.08891292348264075,30,0.5471267027132495,0.17970282845193483,30,0.01623320461505771,0.032809097596868626,Anti-Hebbian
anti_hebbian,86,0.46011322219544887,0.08883691907761035,30,0.535132420177048,0.17424018008567796,30,0.016219328172689406,0.03181175901889608,Anti-Hebbian
anti_hebbian,87,0.45993426300382245,0.08877674627829259,30,0.5361983387194622,0.14176451591950792,30,0.016208342172844552,0.025882541074304904,Anti-Hebbian
anti_hebbian,88,0.4597576550370869,0.08869748364133656,30,0.5498153332580892,0.1700061256107266,30,0.016193870861435165,0.03103872997035056,Anti-Hebbian
anti_hebbian,89,0.45958125848836373,0.08863167898101294,30,0.5256524851636547,0.1428083589360944,30,0.01618185662915243,0.026073119863197786,Anti-Hebbian
anti_hebbian,90,0.4594177055263386,0.08858827893236046,30,0.5171040093116666,0.13403848823427372,30,0.0161739329006045,0.024471967859934173,Anti-Hebbian
anti_hebbian,91,0.4592459773017678,0.08853215207121617,30,0.5285361224943098,0.1496832791232714,30,0.016163685584627604,0.027328302819052616,Anti-Hebbian
anti_hebbian,92,0.4590657080973434,0.08844220171022592,30,0.5323182848713148,0.18146088762689358,30,0.016147262970704238,0.03313007381938657,Anti-Hebbian
anti_hebbian,93,0.45888794792263105,0.08837277192614987,30,0.5380698731196772,0.16456259095565806,30,0.01613458688440385,0.030044881062636516,Anti-Hebbian
anti_hebbian,94,0.4587208125652954,0.08830735015678237,30,0.5207063491688252,0.13975933617361622,30,0.01612264255812569,0.025516447014745782,Anti-Hebbian
anti_hebbian,95,0.45855709300688297,0.08825301587257382,30,0.5133372413583568,0.15751612663330908,30,0.016112722520423384,0.028758378575967886,Anti-Hebbian
anti_hebbian,96,0.458392173450484,0.08818767514089516,30,0.5043479240236156,0.12907440168378378,30,0.016100792989535286,0.023565653799563723,Anti-Hebbian
anti_hebbian,97,0.45822060718020385,0.0881227447097677,30,0.522682700527987,0.16991273216905842,30,0.01608893836893627,0.031021678738775663,Anti-Hebbian
anti_hebbian,98,0.4580384375729017,0.0880494499319952,30,0.5291261017137537,0.15853305969473533,30,0.016075556634558497,0.028944044301706533,Anti-Hebbian
anti_hebbian,99,0.45786692542129986,0.08798109473017292,30,0.5176008917539311,0.1665541591169778,30,0.0160630767392382,0.030408489998224486,Anti-Hebbian
anti_hebbian,100,0.4576877279900847,0.08790942554668181,30,0.537206709820412,0.16410985334715988,30,0.01604999179641285,0.029962222862368052,Anti-Hebbian
anti_hebbian,101,0.4575073407977309,0.08783388297182686,30,0.5308791006739183,0.14431048540117242,30,0.01603619967231282,0.0263473693795807,Anti-Hebbian
anti_hebbian,102,0.457329958137368,0.08778071002868235,30,0.5351699796248123,0.14528191941884802,30,0.01602649166550976,0.026524728154450297,Anti-Hebbian
anti_hebbian,103,0.4571674346657908,0.0877324456415971,30,0.5035706029740721,0.11758250060493908,30,0.016017679834332842,0.021467529316396658,Anti-Hebbian
anti_hebbian,104,0.45699783479593387,0.08767202446118515,30,0.5052974770568763,0.12243133128881167,30,0.016006648486511937,0.02235280063075673,Anti-Hebbian
anti_hebbian,105,0.45682835301344665,0.08760712021313478,30,0.5224989666882174,0.16551538476914515,30,0.015994798646266906,0.0302188366174026,Anti-Hebbian
anti_hebbian,106,0.4566440026470454,0.08752101758619278,30,0.5534991515017579,0.1842048679744228,30,0.01597907852925471,0.03363105379728411,Anti-Hebbian
anti_hebbian,107,0.4564774192197238,0.08744621675390284,30,0.5057793999933132,0.16687776147225664,30,0.01596542182819959,0.030467571434773827,Anti-Hebbian
anti_hebbian,108,0.45630244017430743,0.08736525059332816,30,0.5401684357713931,0.16517192958634425,30,0.015950639497352478,0.030156130567031893,Anti-Hebbian
anti_hebbian,109,0.45612796925529786,0.08731766300749814,30,0.5330805223607187,0.1286148484105027,30,0.015941951232613705,0.023481751234846596,Anti-Hebbian
anti_hebbian,110,0.4559605142562529,0.08725607253070324,30,0.5134141898780953,0.1656510199266694,30,0.015930706401457682,0.0302436000958582,Anti-Hebbian
anti_hebbian,111,0.45579700155319486,0.08719329749705015,30,0.5134880998854926,0.17408037160194892,30,0.015919245300797705,0.03178258211508972,Anti-Hebbian
anti_hebbian,112,0.4556221509734092,0.08714124832312466,30,0.5275354604592442,0.1457229081677561,30,0.015909742465244868,0.02660524131624461,Anti-Hebbian
anti_hebbian,113,0.45546158052640195,0.08709088544187353,30,0.5070604308119705,0.14741130874942499,30,0.015900547503204136,0.026913499677806242,Anti-Hebbian
anti_hebbian,114,0.45529963248101357,0.08703558840162723,30,0.5067840299099593,0.13811076337979072,30,0.015890451691102078,0.02521546017912327,Anti-Hebbian
anti_hebbian,115,0.45512940395476137,0.08696761492995195,30,0.5083063556450004,0.13804382780819957,30,0.01587804148985258,0.025203239471636614,Anti-Hebbian
anti_hebbian,116,0.45496089122704575,0.08688324287683143,30,0.5136779561027793,0.1770135361525959,30,0.015862637330946873,0.03231810224484434,Anti-Hebbian
anti_hebbian,117,0.45479340992945594,0.08681403759227685,30,0.5163705809253684,0.15501407157524894,30,0.015850002232463835,0.028301567910828072,Anti-Hebbian
anti_hebbian,118,0.4546259434420277,0.08674875136691826,30,0.5130859444754121,0.16455981067364,30,0.015838082653022747,0.030044373454910678,Anti-Hebbian
anti_hebbian,119,0.4544611811479448,0.0866872588629858,30,0.5170493969401463,0.16618510154605176,30,0.015826855709182318,0.030341109612686403,Anti-Hebbian
anti_hebbian,120,0.4542930680050597,0.0866162943675866,30,0.5279476670698438,0.17954045575045957,30,0.015813899424211617,0.032779452533094944,Anti-Hebbian
anti_hebbian,121,0.45412861579081937,0.08655238303708537,30,0.5127022332359075,0.137189189855766,30,0.01580223086507972,0.025047204643287316,Anti-Hebbian
anti_hebbian,122,0.4539602515168816,0.08647762970506624,30,0.5265957618438838,0.16802789438275084,30,0.01578858283634787,0.03067755601450941,Anti-Hebbian
anti_hebbian,123,0.45378618119488495,0.08640389925869688,30,0.5243385402487658,0.18375066705106574,30,0.015775121560130726,0.033548128433496666,Anti-Hebbian
anti_hebbian,124,0.4536258189958223,0.08634775874962346,30,0.4957011464995396,0.13710196634914693,30,0.015764871752394282,0.025031279882580658,Anti-Hebbian
anti_hebbian,125,0.45345209770931927,0.08628671708041963,30,0.5318949911104128,0.1311188970909687,30,0.01575372711933738,0.02393892588397402,Anti-Hebbian
anti_hebbian,126,0.4532776677306584,0.08621270743114604,30,0.5190740831550237,0.17019628179576207,30,0.015740214867877314,0.031073447581014917,Anti-Hebbian
anti_hebbian,127,0.4531052376758878,0.08614044202878136,30,0.5302487660867429,0.16609910334052455,30,0.01572702107087654,0.030325408560328997,Anti-Hebbian
anti_hebbian,128,0.45293500031234546,0.08606873582285836,30,0.501172771782557,0.17443916889914313,30,0.01571392936871083,0.031848089239504766,Anti-Hebbian
anti_hebbian,129,0.45276127454721854,0.08599159231568845,30,0.5095037854861423,0.15349713033938245,30,0.01569984495569682,0.028024613599730127,Anti-Hebbian
anti_hebbian,130,0.45259992162585955,0.08593460634243141,30,0.5052143039760623,0.1401982646265693,30,0.0156894407880254,0.025596584019683535,Anti-Hebbian
anti_hebbian,131,0.45243535843578264,0.0858784277914726,30,0.5173404440134093,0.13428519197500677,30,0.015679184034822703,0.02451700959454097,Anti-Hebbian
anti_hebbian,132,0.4522659796196185,0.08581432454211725,30,0.5256655385485137,0.1619676456724448,30,0.015667480436262267,0.029571111040267335,Anti-Hebbian
anti_hebbian,133,0.4521014751086808,0.08574280367988997,30,0.5115125077901396,0.1327877463374049,30,0.0156544225730709,0.024243614676423553,Anti-Hebbian
anti_hebbian,134,0.4519387601641735,0.08568472618784971,30,0.509092910425787,0.11911071412839602,30,0.01564381912224631,0.02174654165622393,Anti-Hebbian
anti_hebbian,135,0.45177543678418086,0.0856199512897266,30,0.5053358440524802,0.13979329967115722,30,0.015631992897958934,0.025522647872657442,Anti-Hebbian
anti_hebbian,136,0.45160998833088034,0.08554475557601243,30,0.5110593778197533,0.16407739684982792,30,0.015618264101749282,0.02995629714379261,Anti-Hebbian
anti_hebbian,137,0.4514387689474593,0.08549120258689802,30,0.5301452322824711,0.1385302512304317,30,0.015608486708362686,0.025292047831921745,Anti-Hebbian
anti_hebbian,138,0.45127119866716997,0.08542647560589862,30,0.5120982463725484,0.1472221248493853,30,0.01559666923250516,0.026878959581283394,Anti-Hebbian
anti_hebbian,139,0.45110807666342795,0.08537762921945986,30,0.5146808024386867,0.1228393931045409,30,0.015587751143270118,0.022427302184533867,Anti-Hebbian
anti_hebbian,140,0.4509435846620949,0.08531938467360153,30,0.5051888770778521,0.13231832100735896,30,0.015577117192730701,0.024157909728980066,Anti-Hebbian
anti_hebbian,141,0.450778652572156,0.08526258725702908,30,0.5055138018081268,0.12853070344654058,30,0.015566747450642451,0.02346638853655909,Anti-Hebbian
anti_hebbian,142,0.4506135559724345,0.08518154248334758,30,0.5011045113107122,0.16914774773362745,30,0.015551950767071365,0.030882012328300363,Anti-Hebbian
anti_hebbian,143,0.45044819430008126,0.08511690782302646,30,0.5206679546410897,0.15434462128277632,30,0.015540150146586511,0.028179343568722846,Anti-Hebbian
anti_hebbian,144,0.4502824653057127,0.08505564642899768,30,0.5211843020812799,0.13214070209821888,30,0.015528965397448587,0.024125481101254904,Anti-Hebbian
anti_hebbian,145,0.4501187578612684,0.08498491857547405,30,0.505622409339129,0.13934063575461111,30,0.015516052317175648,0.02544000312663713,Anti-Hebbian
anti_hebbian,146,0.44994144660751834,0.08490992358264353,30,0.532228407137159,0.1726400961455644,30,0.015502360167417911,0.0315196249962621,Anti-Hebbian
anti_hebbian,147,0.44976501363685306,0.0848475311883442,30,0.5420233748085309,0.16813952256181855,30,0.015490968926826412,0.030697936438418946,Anti-Hebbian
anti_hebbian,148,0.4495904189245658,0.08479790429840188,30,0.5405128178645917,0.16174458172194964,30,0.015481908337799666,0.029530385321116532,Anti-Hebbian
anti_hebbian,149,0.4494251517151568,0.08474758536367863,30,0.5092568689800421,0.14630754748675653,30,0.01547272139926048,0.026711981363918277,Anti-Hebbian
anti_hebbian,150,0.4492474690930956,0.084671949940134,30,0.54486281858585,0.17789124928936792,30,0.01545891232338653,0.03247835000618722,Anti-Hebbian
anti_hebbian,151,0.44908959543742066,0.0846338452467299,30,0.4997764293659634,0.12624833728360924,30,0.015451955390011781,0.023049687392584423,Anti-Hebbian
anti_hebbian,152,0.4489167607745804,0.08456147895854116,30,0.5100081811389748,0.1570029404031449,30,0.015438743173863817,0.028664684017813902,Anti-Hebbian
anti_hebbian,153,0.4487602764333994,0.08451082417076765,30,0.4805756463053147,0.14046523570380184,30,0.015429494917227421,0.025645326046750773,Anti-Hebbian
anti_hebbian,154,0.44859614074691323,0.08445692652984677,30,0.521164542886203,0.14622090116864997,30,0.01541965459931786,0.026696161982934365,Anti-Hebbian
anti_hebbian,155,0.4484278562993882,0.08439617417564911,30,0.5110089988577,0.15157590566923096,30,0.015408562787712661,0.027673847569770996,Anti-Hebbian
anti_hebbian,156,0.4482729828758323,0.08435561794801712,30,0.47290822264633453,0.11808353712277626,30,0.01540115826747221,0.021559005650714412,Anti-Hebbian
anti_hebbian,157,0.44810728957030216,0.08428373234667236,30,0.5013376676341977,0.1307565729062095,30,0.015388033812333427,0.02387277484093326,Anti-Hebbian
anti_hebbian,158,0.4479521431131035,0.08424539327911278,30,0.4911644723049759,0.1248631668495342,30,0.015381034088288061,0.022796791028340382,Anti-Hebbian
anti_hebbian,159,0.4477840459607318,0.08418396831394513,30,0.5270245154838328,0.13547287911624648,30,0.01536981947528263,0.024733850607379575,Anti-Hebbian
anti_hebbian,160,0.44761297223852203,0.08411688217849635,30,0.5289832052283114,0.1540221117957142,30,0.015357571278722249,0.0281204616616984,Anti-Hebbian
anti_hebbian,161,0.4474559519637481,0.08407172376980064,30,0.4944862761770303,0.12604783083273807,30,0.015349326519021024,0.02301308009056194,Anti-Hebbian
anti_hebbian,162,0.447302605813256,0.08401996435475907,30,0.48859979317275176,0.1436584641762178,30,0.015339876585960512,0.026228327135287433,Anti-Hebbian
anti_hebbian,163,0.44714342294548376,0.08395036376243653,30,0.5059250807097821,0.1585992500656784,30,0.015327169314483585,0.028956128954791587,Anti-Hebbian
anti_hebbian,164,0.44697830594474763,0.0838817821303502,30,0.5152802380955266,0.14936798454602626,30,0.015314648078842185,0.027270738168313876,Anti-Hebbian
anti_hebbian,165,0.44681365861941674,0.08382531153805971,30,0.4998548483562727,0.14012910709647092,30,0.015304338006431124,0.025583957639931456,Anti-Hebbian
anti_hebbian,166,0.4466536073551621,0.08375279181097875,30,0.47396939943397365,0.13328148200816262,30,0.015291097776302338,0.02433375806452987,Anti-Hebbian
anti_hebbian,167,0.44648798610278284,0.08369146323419535,30,0.5179665095880694,0.1408888464761394,30,0.015279900761327686,0.02572266643862126,Anti-Hebbian
anti_hebbian,168,0.44632992293857077,0.08362184379144934,30,0.4898166600156566,0.15579909001658157,30,0.015267190048250043,0.028444892013619882,Anti-Hebbian
anti_hebbian,169,0.44617445610380774,0.08355984669331436,30,0.48039930409085496,0.16863950898370494,30,0.015255870978533913,0.030789221052323436,Anti-Hebbian
anti_hebbian,170,0.4460030295013792,0.08350988171798754,30,0.5259928566599713,0.16215204775080055,30,0.01524674866384335,0.029604778099589432,Anti-Hebbian
anti_hebbian,171,0.44583970215121715,0.0834388893101557,30,0.5078577308720811,0.16160388339816653,30,0.015233787282782981,0.029504697439203476,Anti-Hebbian
anti_hebbian,172,0.44567378367968163,0.08336489349872588,30,0.5010558866395916,0.1554024671307379,30,0.015220277557755978,0.028372478913153427,Anti-Hebbian
anti_hebbian,173,0.4455146755368625,0.08330680024128818,30,0.5002404511714612,0.14280429798146382,30,0.015209671228576785,0.026072378437712398,Anti-Hebbian
anti_hebbian,174,0.445359622994733,0.08325268262225816,30,0.47864442277570046,0.1371795493644427,30,0.015199790748343045,0.025045444538432916,Anti-Hebbian
anti_hebbian,175,0.4452091092713732,0.08319652492039914,30,0.4668077980807294,0.12089330238045568,30,0.015189537801647768,0.022071996255022857,Anti-Hebbian
anti_hebbian,176,0.4450457493487491,0.08312716124496237,30,0.4939238732450998,0.12397966827010375,30,0.015176873785078373,0.02263548699451444,Anti-Hebbian
anti_hebbian,177,0.44488398655409145,0.08307428561796329,30,0.5148486724811051,0.15271216979076796,30,0.015167220060528497,0.027881300066654197,Anti-Hebbian
anti_hebbian,178,0.44471822188253285,0.08301178660007558,30,0.5132371112613999,0.15365935446495993,30,0.015155809353222157,0.02805423153738024,Anti-Hebbian
anti_hebbian,179,0.4445435832774371,0.08293795802244856,30,0.5343233607440343,0.1576423464911656,30,0.015142330160770545,0.028781423063752257,Anti-Hebbian
anti_hebbian,180,0.44438615655915187,0.08289600127576943,30,0.4997165936460285,0.14538337206664004,30,0.015134669941905316,0.026543250789021738,Anti-Hebbian
anti_hebbian,181,0.44422515283776287,0.08283671077501241,30,0.5094330835719273,0.16045306092446382,30,0.015123845027001849,0.029294586963026517,Anti-Hebbian
anti_hebbian,182,0.4440607790867304,0.08277447673546331,30,0.5151817602407818,0.16318941165104087,30,0.015112482697899946,0.029794173969090485,Anti-Hebbian
anti_hebbian,183,0.44390322226730544,0.08273915317631632,30,0.5234289376865034,0.15024505199101365,30,0.015106033527847887,0.02743086804300488,Anti-Hebbian
anti_hebbian,184,0.44374551617685404,0.08267461255800017,30,0.5010018158680529,0.13859824493022474,30,0.015094250077005525,0.025304461726303372,Anti-Hebbian
anti_hebbian,185,0.4435805467430944,0.08258730225029957,30,0.4927854076456245,0.17296586420441867,30,0.015078309468662081,0.03157910183437849,Anti-Hebbian
anti_hebbian,186,0.4434162071955717,0.08252539940372595,30,0.49313431366865057,0.1395052850579327,30,0.01506700760684803,0.025470063839139377,Anti-Hebbian
anti_hebbian,187,0.44326487212780036,0.08248758773263554,30,0.48934005693515686,0.13274128254678536,30,0.015060104171783634,0.02423513158768038,Anti-Hebbian
anti_hebbian,188,0.4431044523890223,0.08244294631259833,30,0.4978279045770106,0.12636483046274902,30,0.01505195380086582,0.023070956039921205,Anti-Hebbian
anti_hebbian,189,0.44294635064792576,0.08237682905260355,30,0.4943633139767955,0.15039129247262611,30,0.015039882495952627,0.027457567779871402,Anti-Hebbian
anti_hebbian,190,0.44278537577479987,0.08232254897318976,30,0.5140798981239976,0.12734800163585766,30,0.015029972354646594,0.02325045771638801,Anti-Hebbian
anti_hebbian,191,0.44262196176051904,0.08226213926520662,30,0.5291913461028664,0.13197280981116521,30,0.015018943101395038,0.024094828303638096,Anti-Hebbian
anti_hebbian,192,0.4424651380804203,0.08219545661574004,30,0.48224554758823757,0.12639727644814697,30,0.015006768570959355,0.023076879839288852,Anti-Hebbian
anti_hebbian,193,0.442305418353842,0.08213668619291388,30,0.4927432668653227,0.14629777815960374,30,0.014996038608860686,0.026710197736967197,Anti-Hebbian
anti_hebbian,194,0.44214056042307154,0.08207861081249077,30,0.5085027314519193,0.14379352275829316,30,0.014985435543562874,0.02625298534594988,Anti-Hebbian
anti_hebbian,195,0.44198353376827465,0.08204571735368758,30,0.4889949150213519,0.10813731970684864,30,0.014979430047102584,0.01974308310386298,Anti-Hebbian
anti_hebbian,196,0.44182944966182763,0.08198857747390048,30,0.4937308841545217,0.11517452831371017,30,0.014968997780071741,0.021027895735812166,Anti-Hebbian
anti_hebbian,197,0.44166851858036466,0.08192787376911376,30,0.4956983364967995,0.14331316868641486,30,0.014957914850593133,0.026165285092364144,Anti-Hebbian
anti_hebbian,198,0.4415182419072418,0.0818688493063089,30,0.4721812397627623,0.14678621480019083,30,0.014947138507352185,0.026799373658954396,Anti-Hebbian
anti_hebbian,199,0.4413625057828959,0.08181320935904647,30,0.4917400554884756,0.11681262561175836,30,0.014936980089280842,0.021326970016321917,Anti-Hebbian
anti_hebbian,200,0.4412065029726144,0.08176021144679374,30,0.49159446354990544,0.11780974332433684,30,0.014927304038600342,0.021509017970877647,Anti-Hebbian
anti_hebbian,201,0.44104965941864865,0.0817046306834862,30,0.49124879252379594,0.13986495148855085,30,0.014917156425991377,0.025535729644881686,Anti-Hebbian
anti_hebbian,202,0.4408791259285263,0.08162970454142206,30,0.5261623360329575,0.16404731116523713,30,0.014903476846606254,0.02995080427442316,Anti-Hebbian
anti_hebbian,203,0.44072530136138327,0.08157812683324951,30,0.47561586274076867,0.12059090238001693,30,0.014894060088529414,0.02201678582114623,Anti-Hebbian
anti_hebbian,204,0.44056539569722997,0.08152399130237,30,0.4938317422760759,0.1509349810488461,30,0.014884176338054337,0.027556831279022587,Anti-Hebbian
anti_hebbian,205,0.44039531215714517,0.08147720967665038,30,0.5301801501681596,0.1442118318177557,30,0.01487563522082654,0.02632935778190868,Anti-Hebbian
anti_hebbian,206,0.4402277064263785,0.08140674664152603,30,0.5148011408091725,0.16221845581889066,30,0.014862770489557243,0.029616902498553862,Anti-Hebbian
anti_hebbian,207,0.4400674852943619,0.08134587208532795,30,0.5100282744528019,0.14837714161603732,30,0.014851656367021309,0.027089835827080726,Anti-Hebbian
anti_hebbian,208,0.43991277446237625,0.08129310762702147,30,0.47222098458180745,0.12624320282587687,30,0.014842022939004974,0.02304874997314423,Anti-Hebbian
anti_hebbian,209,0.4397556697556682,0.08124567909769402,30,0.5056009449607042,0.1400317028335288,30,0.014833363713877662,0.02556617413592794,Anti-Hebbian
anti_hebbian,210,0.43960204898808153,0.0811959562239875,30,0.49142809761362466,0.15443777993249697,30,0.014824285600693314,0.028196351933349087,Anti-Hebbian
anti_hebbian,211,0.43944461963773396,0.08113875919689904,30,0.4993292026259537,0.1262525514722508,30,0.014813842900040454,0.023050456794644614,Anti-Hebbian
anti_hebbian,212,0.43928711917097274,0.08108411048537824,30,0.49872122956788295,0.13165332711077563,30,0.014803865456027607,0.024036499009726084,Anti-Hebbian
anti_hebbian,213,0.4391236072317945,0.08100874311368289,30,0.5005699359798756,0.16072568724961397,30,0.014790105319501801,0.029344361492378013,Anti-Hebbian
anti_hebbian,214,0.4389709392638732,0.08095600227786105,30,0.48457704979080085,0.13155746665014514,30,0.01478047620434137,0.0240189973641727,Anti-Hebbian
anti_hebbian,215,0.4388037000969496,0.08088723405523401,30,0.5146343606563984,0.17628634661155668,30,0.014767920902083915,0.03218533620644133,Anti-Hebbian
anti_hebbian,216,0.4386533575044548,0.08083427299895525,30,0.47254941150471186,0.12683213073007624,30,0.014758251580352854,0.023156273005768977,Anti-Hebbian
anti_hebbian,217,0.4384950596731893,0.08077022313544194,30,0.4960209377138136,0.16500357507236782,30,0.014746557728669065,0.030125393378710993,Anti-Hebbian
anti_hebbian,218,0.43833096433325736,0.08070789278052527,30,0.5082340417683977,0.15779978070142975,30,0.014735177814867344,0.02881016648651382,Anti-Hebbian
anti_hebbian,219,0.4381800660400428,0.08065027545040188,30,0.4698454067474974,0.12932782761179415,30,0.014724658377730076,0.02361192283203971,Anti-Hebbian
anti_hebbian,220,0.4380283715770534,0.08060777687095558,30,0.4865099465129671,0.13029832531046528,30,0.014716899234188521,0.02378911065922939,Anti-Hebbian
anti_hebbian,221,0.43787776327791256,0.08056698367659834,30,0.4718959792830148,0.11792253035612967,30,0.014709451449941138,0.021529609971379975,Anti-Hebbian
anti_hebbian,222,0.43772645649019615,0.08051755896771146,30,0.4902963947447516,0.10955208350783477,30,0.01470042777395598,0.02000138245297693,Anti-Hebbian
anti_hebbian,223,0.4375627242521779,0.08046012338975057,30,0.5137758991347128,0.1177982331501489,30,0.014689941520071807,0.021506916510196466,Anti-Hebbian
anti_hebbian,224,0.4374071102564084,0.08041364727004277,30,0.4989100573434065,0.12041393973358804,30,0.014681456180355382,0.02198447701005126,Anti-Hebbian
anti_hebbian,225,0.437261133215884,0.08037593847023258,30,0.4823917468352063,0.13764645861851854,30,0.01467457152693122,0.025130690115354664,Anti-Hebbian
anti_hebbian,226,0.4370998125091697,0.08031193248393867,30,0.5151113914531653,0.16130597287142806,30,0.014662885686095039,0.029450306667332508,Anti-Hebbian
anti_hebbian,227,0.4369408948733888,0.08024966236445828,30,0.5038302389605803,0.15220083235045417,30,0.014651516769729055,0.02778794304980193,Anti-Hebbian
anti_hebbian,228,0.43678297487971113,0.0801881990636923,30,0.48419785426475354,0.14531860297924987,30,0.014640295157632972,0.026531425625624196,Anti-Hebbian
anti_hebbian,229,0.4366269019180947,0.08012435484681978,30,0.48317352843467987,0.1502528126475449,30,0.014628638851717193,0.02743228493855262,Anti-Hebbian
anti_hebbian,230,0.4364651184612582,0.0800625436051725,30,0.5027870479799671,0.1341208016946676,30,0.014617353714597986,0.024486996172948854,Anti-Hebbian
anti_hebbian,231,0.4363163708286591,0.08002802458123005,30,0.48892949425450666,0.11346954648444067,30,0.014611051431905876,0.020716610066469725,Anti-Hebbian
anti_hebbian,232,0.4361590539565334,0.07996448175988503,30,0.486316356872789,0.13174833273706738,30,0.014599450153033145,0.024053844584596046,Anti-Hebbian
anti_hebbian,233,0.43600166744530067,0.07990051921825243,30,0.49409183417440505,0.11920587990318986,30,0.014587772244070632,0.021763916470076278,Anti-Hebbian
anti_hebbian,234,0.43584618314659734,0.07984019872703553,30,0.4846805808312074,0.17911881112902428,30,0.014576759279497536,0.03270247110962466,Anti-Hebbian
anti_hebbian,235,0.4356917518114083,0.079789701808574,30,0.4996959332472388,0.16280108492244255,30,0.014567539845722243,0.02972327553277866,Anti-Hebbian
anti_hebbian,236,0.43552594879097856,0.07971548825305502,30,0.5008340605166113,0.1530856486017598,30,0.014553990366245441,0.027949487656497678,Anti-Hebbian
anti_hebbian,237,0.43536502876199307,0.07963923090267278,30,0.49867693591219237,0.14360639571038655,30,0.014540067742585464,0.026218820777530613,Anti-Hebbian
anti_hebbian,238,0.4352138568289792,0.07957718403556219,30,0.46782664464815343,0.1413298289158202,30,0.014528739586339132,0.02580317844851354,Anti-Hebbian
anti_hebbian,239,0.43505363571530103,0.07952346134681086,30,0.4973331262427709,0.13852592134379177,30,0.014518931210179489,0.025291257306393703,Anti-Hebbian
anti_hebbian,240,0.4348967896946279,0.07945040530953054,30,0.49239163274896264,0.1380306479505223,30,0.014505593063652698,0.025200833169851763,Anti-Hebbian
anti_hebbian,241,0.43473176558590665,0.07937854695051173,30,0.5011363814298915,0.16614699986087866,30,0.014492473582259397,0.03033415322853698,Anti-Hebbian
anti_hebbian,242,0.4345854592912302,0.07933279798942115,30,0.47774249784299117,0.12790308803487496,30,0.014484121002935484,0.023351802163756707,Anti-Hebbian
anti_hebbian,243,0.43444254376494484,0.07927363497051527,30,0.4596974963174472,0.10793511223110877,30,0.0144733193629272,0.01970616523861001,Anti-Hebbian
anti_hebbian,244,0.43428372603745763,0.07922077370733191,30,0.4962119160818154,0.13870063061634624,30,0.014463668260839285,0.02532315470958817,Anti-Hebbian
anti_hebbian,245,0.4341204229620312,0.07915051672128637,30,0.4982098606569092,0.1435182107634747,30,0.014450841148812794,0.026202720482645273,Anti-Hebbian
anti_hebbian,246,0.4339687996718282,0.07909909163753227,30,0.4824330487143901,0.1311062633651524,30,0.014441452256014892,0.02393661929176905,Anti-Hebbian
anti_hebbian,247,0.43380868044850995,0.07904287043342134,30,0.4905450976560802,0.15395077826368886,30,0.014431187715447671,0.028107438000166133,Anti-Hebbian
anti_hebbian,248,0.43365562441084393,0.07899696622780567,30,0.47830872967279187,0.1220213838064203,30,0.014422806792480985,0.022277954802923997,Anti-Hebbian
anti_hebbian,249,0.43351298758986484,0.07895396893608013,30,0.45878545229385714,0.1373714464090286,30,0.014414956596951082,0.025080479985112338,Anti-Hebbian
anti_hebbian,250,0.43335838893369677,0.07890106495143864,30,0.4883965603943163,0.1331132139760682,30,0.014405297695027732,0.024303036665568167,Anti-Hebbian
anti_hebbian,251,0.4332054957843582,0.07884578026093472,30,0.48620462852259466,0.144029921766688,30,0.014395204137669836,0.02629614570243978,Anti-Hebbian
anti_hebbian,252,0.43304029228098045,0.07878734670553103,30,0.5013077239012099,0.1419246393182922,30,0.01438453567886656,0.025911775473471083,Anti-Hebbian
anti_hebbian,253,0.4328941572122194,0.07873582725246334,30,0.47650417517886356,0.14850806667425512,30,0.014375129556668058,0.027113739362990247,Anti-Hebbian
anti_hebbian,254,0.43273830169203736,0.07869619615230382,30,0.49212666696841045,0.1261740459550281,30,0.014367893940822687,0.023036123713754117,Anti-Hebbian
anti_hebbian,255,0.43258136958886867,0.07862890786425412,30,0.49119954907745783,0.1484776113528201,30,0.01435560883641578,0.027108179007474902,Anti-Hebbian
anti_hebbian,256,0.43242944371909375,0.07858017938754192,30,0.4878704045349978,0.1238125257348294,30,0.014346712274453065,0.022604971082218317,Anti-Hebbian
anti_hebbian,257,0.43227640071260115,0.07851760899828006,30,0.48207484889160285,0.15751771158199085,30,0.014335288536576198,0.02875866794668305,Anti-Hebbian
anti_hebbian,258,0.43211734666218843,0.07845890780109095,30,0.5107325817802834,0.1435521315166037,30,0.014324571213291854,0.026208913536530713,Anti-Hebbian
anti_hebbian,259,0.4319717828301473,0.07841737101403115,30,0.47587309014875634,0.1126980427214877,30,0.014316987668212208,0.020575753395079905,Anti-Hebbian
anti_hebbian,260,0.4318200800190507,0.078360614113253,30,0.48081178760033644,0.13382387053529896,30,0.014306625323262115,0.02443278420827806,Anti-Hebbian
anti_hebbian,261,0.43165600668788856,0.0782946094870381,30,0.5103657375963455,0.1429999653191034,30,0.014294574582369584,0.026108102242576457,Anti-Hebbian
anti_hebbian,262,0.43150412667028204,0.07823817254540646,30,0.49205716491272555,0.13865272856630545,30,0.014284270653700167,0.02531440903180214,Anti-Hebbian
anti_hebbian,263,0.43136190703769556,0.07818034293697725,30,0.4572968088907857,0.15364190415173065,30,0.014273712460024042,0.028051045560649836,Anti-Hebbian
anti_hebbian,264,0.4312106309633774,0.07812686155158695,30,0.4826560922803881,0.13228577364852664,30,0.014263948139629078,0.024151967421440174,Anti-Hebbian
anti_hebbian,265,0.43105631725747245,0.07806306118269789,30,0.48071687769799437,0.14684977565448373,30,0.014252299839223182,0.026810978230177904,Anti-Hebbian
anti_hebbian,266,0.43089771156057494,0.07801275652756758,30,0.5066048344753271,0.11935836350748573,30,0.014243115507769051,0.02179175603998379,Anti-Hebbian
anti_hebbian,267,0.43073985533780146,0.07796211412135351,30,0.5073702281947091,0.12493559840216592,30,0.01423386951168579,0.022810015160090888,Anti-Hebbian
anti_hebbian,268,0.4305741898494781,0.07787888515297267,30,0.510844868055623,0.16444044171546077,30,0.014218674050545768,0.030022579764557127,Anti-Hebbian
anti_hebbian,269,0.4304237105674992,0.07782560990829325,30,0.4791235639962377,0.1350302507500674,30,0.014208947366123258,0.024653038093796927,Anti-Hebbian
anti_hebbian,270,0.4302774303881618,0.07777298907203373,30,0.47912264754877215,0.14663321055210962,30,0.014199340159785216,0.026771439032931665,Anti-Hebbian
anti_hebbian,271,0.43012339392331794,0.0777178223178061,30,0.497438823033825,0.16004057262702398,30,0.014189268134546946,0.02921927724795495,Anti-Hebbian
anti_hebbian,272,0.4299833035437274,0.07767846184444828,30,0.4576327506773482,0.11939321971970479,30,0.014182081928169558,0.02179811988455098,Anti-Hebbian
anti_hebbian,273,0.4298282903230385,0.0776305332543355,30,0.4794209127147649,0.14646162284493047,30,0.014173331404851495,0.026740111546994128,Anti-Hebbian
anti_hebbian,274,0.42968271589193185,0.07758378170130498,30,0.46290056893106957,0.15000032315317394,30,0.014164795778120423,0.027386186874685938,Anti-Hebbian
anti_hebbian,275,0.4295355136247601,0.07753316191861616,30,0.4598758972996938,0.12675627988021737,30,0.014155553912508865,0.023142424598611096,Anti-Hebbian
anti_hebbian,276,0.4293772670734924,0.0774666975683695,30,0.4941843266875326,0.14593578453611217,30,0.014143419237875526,0.026644107045880744,Anti-Hebbian
anti_hebbian,277,0.42923375326797364,0.07741783331839625,30,0.45729906681839466,0.13585508046716194,30,0.014134497887220217,0.024803630707848023,Anti-Hebbian
anti_hebbian,278,0.4290819565468383,0.07737372919481683,30,0.4872274485715107,0.10081835606379345,30,0.014126445612765737,0.018406829275575808,Anti-Hebbian
anti_hebbian,279,0.42892615141373713,0.0773186126538693,30,0.4856162039029217,0.13766477159173438,30,0.014116382755176198,0.025134033591529763,Anti-Hebbian
anti_hebbian,280,0.428786617173663,0.07727808538683269,30,0.45390415770669823,0.12085201920762237,30,0.014108983522392867,0.02206445901335413,Anti-Hebbian
anti_hebbian,281,0.4286377665812002,0.07723426401064781,30,0.47994160208918635,0.13443125777179463,30,0.014100982870313743,0.024543677438467863,Anti-Hebbian
anti_hebbian,282,0.4285019909742956,0.07719227220403464,30,0.43787146130403803,0.12024792609972662,30,0.0140933162504096,0.021954167206011493,Anti-Hebbian
anti_hebbian,283,0.42836173331294575,0.07713415175832002,30,0.45263854153012073,0.16737376751155303,30,0.01408270495735288,0.030558129333567635,Anti-Hebbian
anti_hebbian,284,0.42821890814227026,0.07708195464099059,30,0.46811880625972324,0.119834813901768,30,0.014073175111153524,0.021878743582810667,Anti-Hebbian
anti_hebbian,285,0.428067071510224,0.07702951766271747,30,0.47685176343788954,0.12827436776873793,30,0.014063601472537659,0.023419588258883798,Anti-Hebbian
anti_hebbian,286,0.4279213890321953,0.07698526556206269,30,0.46943634691224834,0.13671898510500613,30,0.014055522181289122,0.024961357393741557,Anti-Hebbian
anti_hebbian,287,0.4277762320570235,0.0769297551219005,30,0.4720642834533932,0.13560334665749363,30,0.014045387407871165,0.024757670612500678,Anti-Hebbian
anti_hebbian,288,0.42761616082649556,0.07686134994743116,30,0.4990095875273156,0.18157656376444098,30,0.01403289838883552,0.03315119329601983,Anti-Hebbian
anti_hebbian,289,0.42746570178204263,0.07679793168890604,30,0.4787556388219347,0.1381942713075108,30,0.014021319851918219,0.02523070657103754,Anti-Hebbian
anti_hebbian,290,0.4273025627278353,0.07672560198588661,30,0.5176203836670016,0.16762720270377313,30,0.014008114315277756,0.03060440005744917,Anti-Hebbian
anti_hebbian,291,0.4271574580103311,0.07667726160967647,30,0.4608204854430617,0.1260015582177927,30,0.013999288610448229,0.02300463190556183,Anti-Hebbian
anti_hebbian,292,0.4270121286270984,0.07662087294810944,30,0.4521062209918662,0.11135890657446158,30,0.0139889934964723,0.02033126170331432,Anti-Hebbian
anti_hebbian,293,0.4268683768774311,0.07657537010800894,30,0.44689316351404484,0.11513448974570326,30,0.013980685852487768,0.021020585726856302,Anti-Hebbian
anti_hebbian,294,0.426722288350501,0.0765238396597409,30,0.46654086721956656,0.1481826013122144,30,0.013971277722849515,0.02705431778949815,Anti-Hebbian
anti_hebbian,295,0.4265824101752548,0.07648143679776737,30,0.4596333597961658,0.11798925367350424,30,0.013963536054847622,0.021541791926725853,Anti-Hebbian
anti_hebbian,296,0.4264223371067673,0.07641735795257554,30,0.4937601381838465,0.15930923491288365,30,0.013951836911857472,0.02908575386022531,Anti-Hebbian
anti_hebbian,297,0.4262752557399192,0.07635571694148349,30,0.47453797701479095,0.14418061703884094,30,0.013940582854443292,0.026323658769062296,Anti-Hebbian
anti_hebbian,298,0.4261397187435535,0.07629815206329686,30,0.43474109789116233,0.1241708365236834,30,0.013930072993675675,0.022670389382769253,Anti-Hebbian
anti_hebbian,299,0.4259953677732538,0.07623247221716879,30,0.4495685380997657,0.12280902316660074,30,0.01391808154924307,0.022421757417840582,Anti-Hebbian
anti_hebbian,300,0.4258541122967051,0.07619403348121583,30,0.46127408056302754,0.09110734063638144,30,0.013911063628321929,0.016633848540284397,Anti-Hebbian
anti_hebbian,301,0.4256972894176195,0.07614398233814922,30,0.49094910438244754,0.13589024122671542,30,0.013901925581626428,0.024810050154896842,Anti-Hebbian
anti_hebbian,302,0.4255488129020993,0.0760894042187003,30,0.46541482449606686,0.14707834677647214,30,0.013891961025903633,0.026852709416680342,Anti-Hebbian
anti_hebbian,303,0.4254083996808135,0.07604819031045718,30,0.4552108397214529,0.09319460418764107,30,0.013884436430161065,0.01701492898377881,Anti-Hebbian
anti_hebbian,304,0.42526117465440066,0.07599245960316646,30,0.4770902927089342,0.11998301147055059,30,0.01387426144165145,0.02190580063327388,Anti-Hebbian
anti_hebbian,305,0.42510570377163864,0.07594329842148406,30,0.4972490739710504,0.12719500349854737,30,0.013865285878931098,0.023222524206034306,Anti-Hebbian
anti_hebbian,306,0.4249623549949248,0.07589004576732626,30,0.4672163270879823,0.11535993700724803,30,0.013855563318954682,0.021061746577081583,Anti-Hebbian
anti_hebbian,307,0.4248196980976923,0.075844520226932,30,0.46925894679965025,0.1302683348608609,30,0.013847251530482498,0.02378363517731004,Anti-Hebbian
anti_hebbian,308,0.4246694482836297,0.0758049040325055,30,0.48298986604904875,0.12607254157809034,30,0.013840018636039198,0.02301759163477601,Anti-Hebbian
anti_hebbian,309,0.4245312833953102,0.0757628925949337,30,0.45561384748203354,0.12874938068057118,30,0.013832348432028765,0.02350631335452289,Anti-Hebbian
anti_hebbian,310,0.4243938408243046,0.07572422242697019,30,0.4439699339135558,0.11505570777229727,30,0.013825288257596723,0.021006202172203225,Anti-Hebbian
anti_hebbian,311,0.4242562494734505,0.07568523278939351,30,0.44558328322927127,0.10318835630591021,30,0.013818169756260157,0.018839530140209157,Anti-Hebbian
anti_hebbian,312,0.42411896443967917,0.07564453404478112,30,0.45894784503283226,0.13308567942927996,30,0.013810739216098041,0.024298009568105964,Anti-Hebbian
anti_hebbian,313,0.4239726425448468,0.07560064478640192,30,0.4740613135754939,0.12912023160742916,30,0.013802726170482555,0.023574021160560163,Anti-Hebbian
anti_hebbian,314,0.4238316148350491,0.0755580063099889,30,0.4647089793743335,0.12470503657175792,30,0.0137949414853662,0.02276792052161951,Anti-Hebbian
anti_hebbian,315,0.4237008065486119,0.07551731096279965,30,0.44328051630819143,0.10539634464670428,30,0.013787511565485848,0.01924265181386293,Anti-Hebbian
anti_hebbian,316,0.4235396197633456,0.07543583512669479,30,0.48912249287811066,0.15522195739750358,30,0.013772636181043772,0.028339522495572866,Anti-Hebbian
anti_hebbian,317,0.42339584874798497,0.07538978710956809,30,0.452724032147471,0.09886500417286671,30,0.013764229001807547,0.01805019764444049,Anti-Hebbian
anti_hebbian,318,0.42324670430410016,0.0753447253773347,30,0.48976014051527733,0.15325479543041937,30,0.01375600189273272,0.02798036950102678,Anti-Hebbian
anti_hebbian,319,0.42309856581175365,0.07528563702084977,30,0.4571733449464929,0.13878605437241717,30,0.01374521388415515,0.025338750882303793,Anti-Hebbian
anti_hebbian,320,0.4229604776338334,0.0752354027301092,30,0.4292172457760966,0.11033394760827113,30,0.01373604239942219,0.020144130654547756,Anti-Hebbian
anti_hebbian,321,0.4228138905779627,0.0751762448839621,30,0.47058057699337313,0.1372069377403923,30,0.013725241703826127,0.025050444948873256,Anti-Hebbian
anti_hebbian,322,0.4226664771333683,0.07512569108391524,30,0.4715958860393004,0.12462450796505872,30,0.013716011884941703,0.02275321807681497,Anti-Hebbian
anti_hebbian,323,0.42251605463048747,0.0750670957375117,30,0.48422136170920843,0.18088019149197304,30,0.013705313887278355,0.033024053695335884,Anti-Hebbian
anti_hebbian,324,0.42237497884758574,0.07502567137628964,30,0.45523259633724467,0.1180202692742906,30,0.0136977508682545,0.021547454574787607,Anti-Hebbian
anti_hebbian,325,0.42222169591829783,0.07497576545001085,30,0.47783549277988935,0.13673556636957926,30,0.013688639334395803,0.02496438470462111,Anti-Hebbian
anti_hebbian,326,0.4220741090110109,0.07492170584503051,30,0.4744822869592527,0.14638823608206575,30,0.013678769446029955,0.02672671301851303,Anti-Hebbian
anti_hebbian,327,0.4219277453586937,0.07487084428358005,30,0.4662143740524613,0.12699028497420023,30,0.013669483437857838,0.023185147888126274,Anti-Hebbian
anti_hebbian,328,0.42179275556295154,0.07482354194797332,30,0.4334066264918515,0.13387251006328213,30,0.013660847252446342,0.02444166453049899,Anti-Hebbian
anti_hebbian,329,0.42164908824713165,0.07476162854985438,30,0.4516738245898997,0.13110138723731404,30,0.013649543464192495,0.02393572903669893,Anti-Hebbian
anti_hebbian,330,0.42149343025903907,0.07470329862325113,30,0.4909916421446788,0.14198468895539434,30,0.013638893925333089,0.0259227389870747,Anti-Hebbian
anti_hebbian,331,0.4213475038583283,0.07465532159949712,30,0.46899214726717325,0.113721502817353,30,0.013630134559282409,0.02076261078881718,Anti-Hebbian
anti_hebbian,332,0.4212034436356483,0.0745915433670414,30,0.4666425700656386,0.1398374866514876,30,0.013618490300417807,0.02553071527461577,Anti-Hebbian
anti_hebbian,333,0.42104441011036875,0.07453214378310087,30,0.49722335620953045,0.14869766445298196,30,0.013607645469740925,0.027148355023077435,Anti-Hebbian
anti_hebbian,334,0.4208983929881376,0.07448865947382821,30,0.45992546542488627,0.12871825330894582,30,0.01359970635737887,0.023500630299991204,Anti-Hebbian
anti_hebbian,335,0.4207482728912007,0.07444915080368082,30,0.4717497128619696,0.11329906558174946,30,0.013592493094093284,0.02068548465446045,Anti-Hebbian
anti_hebbian,336,0.4206061207351557,0.07439902526923153,30,0.4510312438260097,0.11328385590426783,30,0.013583341465451659,0.02068270775997743,Anti-Hebbian
anti_hebbian,337,0.4204576434572783,0.07435660338941806,30,0.4828738314027653,0.12499950490810179,30,0.01357559632528312,0.02282168283838169,Anti-Hebbian
anti_hebbian,338,0.420310197292428,0.07431328957356449,30,0.4845201171063447,0.1345222015876826,30,0.013567688340618247,0.024560281431610344,Anti-Hebbian
anti_hebbian,339,0.42016501256657157,0.07426442413772948,30,0.4782578896061941,0.11870429508159308,30,0.013558766773455192,0.021672340029646023,Anti-Hebbian
anti_hebbian,340,0.4200157082366244,0.07420839492299681,30,0.4658161719586053,0.11964872500768942,30,0.0135485372851924,0.021844768554481322,Anti-Hebbian
anti_hebbian,341,0.41987119282498403,0.07415946558305288,30,0.4615553594302541,0.11328955930266305,30,0.01353960405078869,0.020683749053295928,Anti-Hebbian
anti_hebbian,342,0.4197304684121847,0.07412469405167064,30,0.45508296297494294,0.12981668055256285,30,0.01353325566675634,0.023701174759693626,Anti-Hebbian
anti_hebbian,343,0.419595632100694,0.07408232217682584,30,0.44037036628180365,0.116710477347065,30,0.013525519656204243,0.021308320380061065,Anti-Hebbian
anti_hebbian,344,0.4194541229724526,0.07402298218069785,30,0.4370695395941146,0.1425629396842263,30,0.01351468570472372,0.02602831264309972,Anti-Hebbian
anti_hebbian,345,0.419303911270706,0.0739647789310242,30,0.4754958008113502,0.12345932782326086,30,0.0135040592938016,0.02254048626107505,Anti-Hebbian
anti_hebbian,346,0.41915257427793384,0.0739080612533242,30,0.4792377515183859,0.14393930459965698,30,0.01349370410997307,0.026279601346946412,Anti-Hebbian
anti_hebbian,347,0.41900397348721585,0.0738512776212519,30,0.4767330271045082,0.13119874495936729,30,0.013483336884578711,0.023953504043537556,Anti-Hebbian
anti_hebbian,348,0.418864127894689,0.07378229926823905,30,0.44525158671193016,0.15227460676093252,30,0.013470743217937146,0.02780141235273047,Anti-Hebbian
anti_hebbian,349,0.41871823390928053,0.07373172127314183,30,0.4737283046344494,0.14955073232582458,30,0.013461508981661102,0.02730410319542372,Anti-Hebbian
anti_hebbian,350,0.4185767755090137,0.07368578557426685,30,0.44314590411721855,0.0980597415420969,30,0.013453122308838238,0.017903177475244298,Anti-Hebbian
anti_hebbian,351,0.4184416721855004,0.0736376654258294,30,0.43664332916661,0.12277375512454074,30,0.013444336811915009,0.022415318383775484,Anti-Hebbian
anti_hebbian,352,0.41830301680356613,0.07359488759256425,30,0.466905336292309,0.12466877306631248,30,0.013436526683834835,0.02276129974163728,Anti-Hebbian
anti_hebbian,353,0.4181444844232931,0.07352428262350656,30,0.4927909544607059,0.1559585821777877,30,0.01342363603909322,0.028474011165099167,Anti-Hebbian
anti_hebbian,354,0.41799951763236387,0.07346415828314447,30,0.46525502103630517,0.16296862435819315,30,0.01341265888660274,0.029753863908856086,Anti-Hebbian
anti_hebbian,355,0.4178572244893593,0.0734079286272624,30,0.4506950488663717,0.11142618886923468,30,0.013402392802960288,0.020343545713503632,Anti-Hebbian
anti_hebbian,356,0.417707161022161,0.0733533864953298,30,0.46752510476615666,0.13905528467519324,30,0.013392434817628984,0.025387905385635255,Anti-Hebbian
anti_hebbian,357,0.4175690350407526,0.07330897028317714,30,0.4435978338734813,0.12711998549559103,30,0.013384325563857335,0.02320882785522158,Anti-Hebbian
anti_hebbian,358,0.4174329384027274,0.07325515185581792,30,0.432922498530225,0.12569131840264214,30,0.013374499708299303,0.0229479901238971,Anti-Hebbian
anti_hebbian,359,0.4172982577404725,0.07321656674256723,30,0.44395147258821166,0.111018175450918,30,0.013367455062662204,0.020269052995844684,Anti-Hebbian
anti_hebbian,360,0.41715587281574235,0.07317279161329633,30,0.4583313984992419,0.14428818577855615,30,0.013359462854075745,0.026343298044137105,Anti-Hebbian
anti_hebbian,361,0.41701934439995914,0.07312134430757984,30,0.44476383532416536,0.1274424979938695,30,0.01335006990412115,0.023267710312016403,Anti-Hebbian
anti_hebbian,362,0.41687330761733665,0.07307177232943049,30,0.4695453853358751,0.11614905642559718,30,0.013341019340570298,0.021205819412413313,Anti-Hebbian
anti_hebbian,363,0.4167329881291931,0.07302043060189749,30,0.46859613932113503,0.15742285077508605,30,0.013331645666466595,0.028741348812094752,Anti-Hebbian
anti_hebbian,364,0.41658837293948875,0.07297399550062066,30,0.4503404982511386,0.12872390380617868,30,0.01332316781565681,0.02350166193492306,Anti-Hebbian
anti_hebbian,365,0.41645383896317983,0.07292113110364126,30,0.44569435999402385,0.1219941697566135,30,0.013313516141418636,0.022272986219937244,Anti-Hebbian
anti_hebbian,366,0.4163106033582454,0.07286464488563245,30,0.45892105879414874,0.12731901609286106,30,0.013303203216154776,0.02324516570447442,Anti-Hebbian
anti_hebbian,367,0.416168727648279,0.0728167026231453,30,0.46046560128105407,0.12708122268510597,30,0.013294450196614092,0.02320175076665659,Anti-Hebbian
anti_hebbian,368,0.4160298054447718,0.07277547226155519,30,0.44597383630864784,0.11774672522616346,30,0.013286922596915093,0.02149751249291077,Anti-Hebbian
anti_hebbian,369,0.4158926715700793,0.07273292060779718,30,0.4484834239168676,0.10733629851855811,30,0.013279153763374291,0.019596837312574205,Anti-Hebbian
anti_hebbian,370,0.4157389907482435,0.0726806066685259,30,0.4764562846140175,0.12710949209085368,30,0.013269602588504011,0.02320691203039502,Anti-Hebbian
anti_hebbian,371,0.4156069678014099,0.07264727593026504,30,0.4396085343610754,0.11428990486402336,30,0.013263517256102754,0.020866386329715,Anti-Hebbian
anti_hebbian,372,0.4154554136849493,0.07258628881068584,30,0.46235282696568486,0.1425640790170136,30,0.013252382582399157,0.026028520655855758,Anti-Hebbian
anti_hebbian,373,0.4153116300488435,0.07253172276041528,30,0.46041847785423384,0.13920596202041366,30,0.013242420230196774,0.025415415179262664,Anti-Hebbian
anti_hebbian,374,0.4151723688962888,0.07248282718555238,30,0.4497687464252774,0.1332776601124297,30,0.013233493160425243,0.024333060285028085,Anti-Hebbian
anti_hebbian,375,0.41502580169076597,0.07244199842780148,30,0.46155044554056135,0.11509300775503771,30,0.013226038883220216,0.021013012186183722,Anti-Hebbian
anti_hebbian,376,0.4148937590034942,0.07239011068470452,30,0.4366615596211453,0.11581281760284033,30,0.01321656552076947,0.021144430883102344,Anti-Hebbian
anti_hebbian,377,0.41475795983131386,0.07233324028930611,30,0.4244962244676751,0.13339130864128973,30,0.013206182454631489,0.02435380957265606,Anti-Hebbian
anti_hebbian,378,0.4146229807093177,0.07229296919921688,30,0.4480264386098056,0.11030507836752303,30,0.013198829993145755,0.020138859876422496,Anti-Hebbian
anti_hebbian,379,0.41448985097546376,0.07224681798771505,30,0.4342623296936266,0.10660744028303937,30,0.01319040397328051,0.0194637666136352,Anti-Hebbian
anti_hebbian,380,0.4143482737097879,0.07219893655047939,30,0.44513600417457055,0.12897081070978378,30,0.013181662058860595,0.023546740761825814,Anti-Hebbian
anti_hebbian,381,0.41421693468454635,0.0721596209366973,30,0.43717309638842644,0.11412996843565341,30,0.013174484042683725,0.02083718606651999,Anti-Hebbian
anti_hebbian,382,0.4140881640778637,0.07212060447244716,30,0.4326501728959213,0.10877438548800286,30,0.013167360643489093,0.019859394870180583,Anti-Hebbian
anti_hebbian,383,0.4139387126607911,0.0720725461338395,30,0.47548337794724993,0.13526758500187294,30,0.013158586431445213,0.0246963692015911,Anti-Hebbian
anti_hebbian,384,0.41380509355501033,0.07202312142439612,30,0.42900486215238426,0.10885428838804712,30,0.013149562755358456,0.019873983077102024,Anti-Hebbian
anti_hebbian,385,0.41367277871920644,0.07197733592743516,30,0.4358253319534319,0.12892136320915148,30,0.013141203505527754,0.023537712924656295,Anti-Hebbian
anti_hebbian,386,0.41352589312416216,0.07190215222634519,30,0.4736378338521723,0.1660822918675785,30,0.013127476902513186,0.030322339219343183,Anti-Hebbian
anti_hebbian,387,0.41339170741973513,0.07185735726425006,30,0.45185334984402215,0.13517563562034882,30,0.013119298498779157,0.024679581618121296,Anti-Hebbian
anti_hebbian,388,0.4132575074947603,0.07180609755658089,30,0.4310676587737392,0.13085832618203289,30,0.013109939799385314,0.023891352362422763,Anti-Hebbian
anti_hebbian,389,0.41312134761428454,0.07176071810922054,30,0.449371221064168,0.11982594357170333,30,0.013101654683729853,0.02187712408952102,Anti-Hebbian
anti_hebbian,390,0.41298545882255766,0.07172005403451405,30,0.4495724156416125,0.11313544015313419,30,0.01309423047339758,0.020655610875049107,Anti-Hebbian
anti_hebbian,391,0.4128458383232376,0.07167622656455762,30,0.4521300750937451,0.10775990408462532,30,0.013086228708753075,0.019674176753914127,Anti-Hebbian
anti_hebbian,392,0.4127051626746461,0.07162051731429105,30,0.44941034318179335,0.10648653039711581,30,0.013076057637742174,0.019441691589653295,Anti-Hebbian
anti_hebbian,393,0.4125610743757486,0.07157537839693026,30,0.4714777545298761,0.1289534328698209,30,0.013067816436655553,0.023543568016843017,Anti-Hebbian
anti_hebbian,394,0.4124249148478001,0.07153345174803244,30,0.45270454523866355,0.12103248215059777,30,0.01306016171286824,0.02209740688824126,Anti-Hebbian
anti_hebbian,395,0.41228136741791005,0.07148866024594998,30,0.47302239330879997,0.11537719479824002,30,0.013051983940843207,0.021064897404221256,Anti-Hebbian
anti_hebbian,396,0.41214487078737594,0.07143980149683547,30,0.43898015336681895,0.12632118457242614,30,0.013043063594502706,0.02306298742703046,Anti-Hebbian
anti_hebbian,397,0.4120047299716671,0.07139648107191719,30,0.45424305620039473,0.12365292271547348,30,0.013035154403193222,0.022575831690902597,Anti-Hebbian
anti_hebbian,398,0.4118645403386491,0.0713484598435683,30,0.45350195227510604,0.11121843449031732,30,0.013026386966524625,0.020305615126919127,Anti-Hebbian
anti_hebbian,399,0.4117205949748577,0.0712848932041944,30,0.4552365629202957,0.14818649895301653,30,0.013014781339094663,0.027055029398094278,Anti-Hebbian
anti_hebbian,400,0.41157183853612317,0.07123074259306596,30,0.46768462061071236,0.15144247565648428,30,0.013004894835355418,0.02764948669382781,Anti-Hebbian
anti_hebbian,401,0.4114345111137421,0.07118519161607721,30,0.4527426388363306,0.13890255231142246,30,0.012996578402817706,0.025360020398669143,Anti-Hebbian
anti_hebbian,402,0.4113000397582181,0.0711460424627932,30,0.45014461569264375,0.11817599217118699,30,0.012989430778030745,0.021575885555904343,Anti-Hebbian
anti_hebbian,403,0.41116162879318685,0.07109435411164446,30,0.45271556128670504,0.12624993105911902,30,0.012979993819402607,0.023049978374850524,Anti-Hebbian
anti_hebbian,404,0.4110318792227785,0.07105181955494703,30,0.428287507463715,0.10902118141000049,30,0.012972228107343721,0.019904453434706714,Anti-Hebbian
anti_hebbian,405,0.4109012835706592,0.07100579844321653,30,0.4367974657360118,0.11918566923280768,30,0.012963825840338299,0.02176022652338607,Anti-Hebbian
anti_hebbian,406,0.41076326600739943,0.07095437551217944,30,0.4518790719093577,0.12483605808674043,30,0.01295443734057095,0.022791841668044314,Anti-Hebbian
anti_hebbian,407,0.4106174510110664,0.07089152683745982,30,0.45461344469676124,0.1337800727583728,30,0.012942962794953205,0.024424787864814387,Anti-Hebbian
anti_hebbian,408,0.4104761748497634,0.07084648793100042,30,0.4649111710507197,0.1180004803637923,30,0.012934739853275477,0.02154384163056482,Anti-Hebbian
anti_hebbian,409,0.41033942104076077,0.07080354722530594,30,0.4352135895602209,0.1084012722202998,30,0.012926899988894125,0.01979127401910544,Anti-Hebbian
anti_hebbian,410,0.4102037856554453,0.07076603739761829,30,0.43386884932507747,0.1159211146088999,30,0.012920051662643239,0.02116420312081204,Anti-Hebbian
anti_hebbian,411,0.41006158770197426,0.07072338904533639,30,0.4584706807385258,0.11989744957393707,30,0.012912265174448165,0.021890179239661165,Anti-Hebbian
anti_hebbian,412,0.4099376900439348,0.07068801292201563,30,0.4142620382985928,0.10585633394175406,30,0.012905806407534876,0.019326633984899484,Anti-Hebbian
anti_hebbian,413,0.40980618113100825,0.07064608445019073,30,0.41692892216458455,0.112661935041951,30,0.012898151350928137,0.0205691610648861,Anti-Hebbian
anti_hebbian,414,0.409672024022245,0.0706105526861243,30,0.43500608687851433,0.08790538312890471,30,0.012891664168032427,0.016049253755278388,Anti-Hebbian
anti_hebbian,415,0.40952968021721337,0.07058006223046737,30,0.4625484273201833,0.11234678980452717,30,0.012886097397915122,0.020511623679743646,Anti-Hebbian
anti_hebbian,416,0.4093845640852228,0.07052675893851101,30,0.4618603840202391,0.10231584920254548,30,0.012876365592783863,0.01868023286617704,Anti-Hebbian
anti_hebbian,417,0.40925602664716043,0.07048073655613017,30,0.43158360385040606,0.11149305252577482,30,0.01286796309379049,0.0203557532911584,Anti-Hebbian
anti_hebbian,418,0.4091245873464458,0.07042582918730704,30,0.41931900432727925,0.12621271133341813,30,0.012857938425631262,0.023043183013733683,Anti-Hebbian
anti_hebbian,419,0.4089866503647673,0.07038678628593974,30,0.46054187144063513,0.12331059897179289,30,0.012850810199701489,0.022513332212108102,Anti-Hebbian
anti_hebbian,420,0.4088619622354866,0.0703481147880295,30,0.42127716107221586,0.09759979948790148,30,0.012843749782455506,0.01781920392916827,Anti-Hebbian
anti_hebbian,421,0.40872842438041934,0.07029473156948093,30,0.43381315859100555,0.13357543366201463,30,0.012834003384791745,0.02438742604840677,Anti-Hebbian
anti_hebbian,422,0.40858820726128603,0.07024597112161433,30,0.4586468123138244,0.10237089078909486,30,0.012825100985721549,0.018690282039028363,Anti-Hebbian
anti_hebbian,423,0.408456301739283,0.07019728360755535,30,0.4414285137472709,0.12831228380740697,30,0.012816211902481897,0.023426510748773888,Anti-Hebbian
anti_hebbian,424,0.40832515202628955,0.0701495863034642,30,0.4313378286582524,0.12174743076572042,30,0.012807503606020927,0.022227938049561177,Anti-Hebbian
anti_hebbian,425,0.4081890779792039,0.07011169994720355,30,0.4557262448318735,0.10366867337042956,30,0.012800586535372383,0.018927223637206465,Anti-Hebbian
anti_hebbian,426,0.4080557989265807,0.07006155895752512,30,0.4254505948373786,0.10565522155771881,30,0.01279143208500488,0.019289916055122903,Anti-Hebbian
anti_hebbian,427,0.40792212657907373,0.07001960752944314,30,0.4328475769313674,0.11338772375419812,30,0.012783772837178194,0.02070167134811289,Anti-Hebbian
anti_hebbian,428,0.40778088156791953,0.06997878221635859,30,0.47401554427572545,0.1376722911474898,30,0.01277631918888032,0.02513540646829965,Anti-Hebbian
anti_hebbian,429,0.40764315816141533,0.0699356791889042,30,0.4468469944855425,0.11130346680700647,30,0.012768449688735809,0.020321139832908314,Anti-Hebbian
anti_hebbian,430,0.40750607364752955,0.06988737221900641,30,0.4582089240788877,0.14621347797113904,30,0.012759630083036563,0.026694806698692515,Anti-Hebbian
anti_hebbian,431,0.40736755306584843,0.06983811687922413,30,0.4644889166853476,0.14287483199461734,30,0.012750637329477784,0.026085256127737582,Anti-Hebbian
anti_hebbian,432,0.40723000915475793,0.06978564180636676,30,0.45567694892357197,0.14152743535045534,30,0.012741056735774215,0.025839256282432818,Anti-Hebbian
anti_hebbian,433,0.4070988222155712,0.06973873965960498,30,0.44148935438232306,0.10561528504983979,30,0.012732493614515264,0.019282624679711795,Anti-Hebbian
anti_hebbian,434,0.4069652610716519,0.06969818107447377,30,0.4442157219532392,0.10838405736564406,30,0.012725088663856314,0.0197881310310324,Anti-Hebbian
anti_hebbian,435,0.40683233400424107,0.06965969621656488,30,0.43478399639816934,0.11820100334869572,30,0.012718062322256621,0.021580451951274775,Anti-Hebbian
anti_hebbian,436,0.4067060446877892,0.06961941656818074,30,0.4239980631739247,0.1234923054750636,30,0.012710708298247164,0.022546507129003687,Anti-Hebbian
anti_hebbian,437,0.4065739208466576,0.06956988894750918,30,0.4459292907905944,0.13360514360797446,30,0.012701665833226706,0.024392850317601588,Anti-Hebbian
anti_hebbian,438,0.4064402806961019,0.06952381102116555,30,0.45498428366991384,0.13836969288988868,30,0.012693253193339549,0.025262734023618075,Anti-Hebbian
anti_hebbian,439,0.4063156657160804,0.06948782252537485,30,0.41960438041959286,0.12099844731830531,30,0.012686682623021134,0.02209119300644543,Anti-Hebbian
anti_hebbian,440,0.40618975910106087,0.06944543272872539,30,0.4225152379280942,0.11325927917305685,30,0.012678943340410144,0.0206782206832861,Anti-Hebbian
anti_hebbian,441,0.40605348067978336,0.06939657735705418,30,0.44770305385854725,0.13927427674564063,30,0.012670023610703605,0.025427887684601524,Anti-Hebbian
anti_hebbian,442,0.405920939807925,0.06934766979434177,30,0.4423032514154478,0.11560884560279638,30,0.012661094352260212,0.02110719086126117,Anti-Hebbian
anti_hebbian,443,0.4057859642765986,0.06929845705517401,30,0.4324794461667589,0.12621050390897842,30,0.012652109376473944,0.023042779995013807,Anti-Hebbian
anti_hebbian,444,0.4056538583154375,0.06925849057237476,30,0.42936516859710344,0.11892165865237217,30,0.01264481252841618,0.021712025006611218,Anti-Hebbian
anti_hebbian,445,0.40553266575481045,0.06921892486552222,30,0.406045211470548,0.10385936765923746,30,0.01263758885170059,0.01896203949172896,Anti-Hebbian
anti_hebbian,446,0.40539680107196985,0.06917614432309356,30,0.4411217713962249,0.12443014361693328,30,0.012629778228997095,0.022717732164200605,Anti-Hebbian
anti_hebbian,447,0.4052639218398469,0.06913322702657443,30,0.43094864380418824,0.11343501902406192,30,0.012621942638526873,0.020710306243502122,Anti-Hebbian
anti_hebbian,448,0.405134141988837,0.06909512242185073,30,0.43823121911876517,0.09404165815128189,30,0.012614985721342876,0.01716957917154889,Anti-Hebbian
anti_hebbian,449,0.4050118616821058,0.0690560791501136,30,0.41420795718401326,0.09605924572918652,30,0.012607857427793133,0.017537938580935747,Anti-Hebbian
anti_hebbian,450,0.4048796788191701,0.06900046112003579,30,0.43516880660613894,0.11625700317754917,30,0.012597703011233927,0.021225527702764483,Anti-Hebbian
anti_hebbian,451,0.4047416829952458,0.0689484712922018,30,0.44475325641781666,0.12679228813293472,30,0.012588211010745433,0.02314899877603431,Anti-Hebbian
anti_hebbian,452,0.4046142572980898,0.06889979246121432,30,0.4222905670129802,0.11489018682373643,30,0.01257932351281049,0.020975982319781084,Anti-Hebbian
anti_hebbian,453,0.4044832715712293,0.06886622157697525,30,0.4401932495932108,0.11355605023615925,30,0.012573194335952779,0.020732403418511423,Anti-Hebbian
anti_hebbian,454,0.40434129723731027,0.06882386528480258,30,0.4575988435035872,0.12372440700868624,30,0.012565461170394362,0.02258888287753591,Anti-Hebbian
anti_hebbian,455,0.4042218588024091,0.06879764829359303,30,0.42254163029600245,0.090583653551638,30,0.012560674624569234,0.01653823679715503,Anti-Hebbian
anti_hebbian,456,0.40408580155385004,0.06875987366636202,30,0.4600487833600408,0.10025936966374727,30,0.01255377795275731,0.018304772788694506,Anti-Hebbian
anti_hebbian,457,0.4039590007967578,0.06870975958337758,30,0.42819397711711693,0.13299572512263597,30,0.012544628414857555,0.02428158623380808,Anti-Hebbian
anti_hebbian,458,0.4038276631971331,0.06865670237523279,30,0.42726913914889686,0.12604220141760056,30,0.012534941538277838,0.023012052304676484,Anti-Hebbian
anti_hebbian,459,0.4036912642777509,0.06861038918484197,30,0.44664385526165246,0.12961983961527387,30,0.01252648594524881,0.023665236685829084,Anti-Hebbian
anti_hebbian,460,0.40356187654620523,0.06856784090894882,30,0.4265978605094471,0.12286592692374343,30,0.012518717728418935,0.022432146574971865,Anti-Hebbian
anti_hebbian,461,0.4034315243899477,0.06852319605890786,30,0.424784942117137,0.10929889635718465,30,0.012510566731270977,0.019955157015083085,Anti-Hebbian
anti_hebbian,462,0.4032963980406761,0.06847672303623621,30,0.44911674659979844,0.12299031837555895,30,0.012502081956993406,0.022454857243011925,Anti-Hebbian
anti_hebbian,463,0.4031689566913282,0.06844546611076988,30,0.44800320157747964,0.10986870843617003,30,0.012496375249274683,0.02005918999148282,Anti-Hebbian
anti_hebbian,464,0.4030346079481415,0.06840482931550645,30,0.43460227439963434,0.09982715019425782,30,0.01248895601946452,0.01822586067095041,Anti-Hebbian
anti_hebbian,465,0.4029012274602363,0.06835576538611796,30,0.4340826487794888,0.12339468388157822,30,0.012479998212502544,0.022528683946053174,Anti-Hebbian
anti_hebbian,466,0.40277462283018395,0.06832313728992251,30,0.4251239206063712,0.11892352073674425,30,0.012474041164404313,0.021712364975149407,Anti-Hebbian
anti_hebbian,467,0.4026375449258179,0.06827044870554466,30,0.44073070650990176,0.12598006647065252,30,0.012464421589008727,0.023000708067325543,Anti-Hebbian
anti_hebbian,468,0.4024995461558548,0.06821617162720046,30,0.46140882364199937,0.1369863723260956,30,0.012454511995620528,0.025010175397934663,Anti-Hebbian
anti_hebbian,469,0.40236805127820824,0.06817126160625774,30,0.42671201916777074,0.12428871959908051,30,0.012446312585111075,0.022691911789283613,Anti-Hebbian
anti_hebbian,470,0.40223415526997847,0.06812002983607586,30,0.44056297200558275,0.11328061576903782,30,0.01243695898638123,0.020682116194925815,Anti-Hebbian
anti_hebbian,471,0.4020969780486712,0.06807849590562905,30,0.4629652912824719,0.13714713390270206,30,0.012429375962845374,0.025039526311897146,Anti-Hebbian
anti_hebbian,472,0.4019606507323414,0.06802853941079362,30,0.4508618022211597,0.14293827269896742,30,0.012420255196473622,0.026096838762683098,Anti-Hebbian
anti_hebbian,473,0.4018274822460576,0.06797650681188011,30,0.44110634247331465,0.11535676035466802,30,0.012410755387090107,0.021061166602323107,Anti-Hebbian
anti_hebbian,474,0.4017008050089629,0.0679258485798271,30,0.4207387575533554,0.12451097560344142,30,0.012401506501617185,0.02273248999832676,Anti-Hebbian
anti_hebbian,475,0.4015662764866848,0.06788504920489297,30,0.44950768909641103,0.1003255540461954,30,0.012394057588956005,0.01831685634843497,Anti-Hebbian
anti_hebbian,476,0.40143686938802847,0.06784081148997105,30,0.4157680111242886,0.11514626672571156,30,0.012385980924170934,0.021022735899392915,Anti-Hebbian
anti_hebbian,477,0.4013031824243846,0.06779659868844004,30,0.43961131896990935,0.11556522439009849,30,0.012377908807927922,0.021099226753867713,Anti-Hebbian
anti_hebbian,478,0.40117340463707873,0.06774845535965963,30,0.4328327866270805,0.12797513299496793,30,0.012369119078872452,0.0233649557136892,Anti-Hebbian
anti_hebbian,479,0.40104089160301937,0.06770291612445041,30,0.44810580311895504,0.12867501098964018,30,0.012360804790080575,0.023492735368750357,Anti-Hebbian
anti_hebbian,480,0.4008976286394031,0.06765228262427386,30,0.4765596806452657,0.1370625107487214,30,0.012351560420009863,0.025024076308456333,Anti-Hebbian
anti_hebbian,481,0.40076674457166994,0.06761046229581723,30,0.42999564482146385,0.11051145847559732,30,0.01234392510759054,0.02017653955662671,Anti-Hebbian
anti_hebbian,482,0.4006335794815537,0.06756542731705358,30,0.42035066558015277,0.1015798174533924,30,0.012335702883008667,0.018545852468826663,Anti-Hebbian
anti_hebbian,483,0.40049523009073335,0.06751068925744652,30,0.4573636174968135,0.13645252518008677,30,0.012325709126341717,0.024912708689891733,Anti-Hebbian
anti_hebbian,484,0.40037801881555085,0.0674804238541286,30,0.4151959102599044,0.1188900714787633,30,0.012320183444971978,0.02170625800410675,Anti-Hebbian
anti_hebbian,485,0.40024321682147346,0.0674351282734317,30,0.45093660993692425,0.12521304059656768,30,0.012311913641204316,0.02286066894285008,Anti-Hebbian
anti_hebbian,486,0.4001045188625277,0.06738815535603486,30,0.44416805849685076,0.13081977924041846,30,0.01230333759905429,0.02388431468594108,Anti-Hebbian
anti_hebbian,487,0.399972401555977,0.06734308458143266,30,0.4516171643970777,0.1292070943813119,30,0.012295108839076339,0.023589880060781176,Anti-Hebbian
anti_hebbian,488,0.3998411493716426,0.06729705823430376,30,0.4241939286393773,0.10400794790138455,30,0.012286705616222318,0.01898916640847014,Anti-Hebbian
anti_hebbian,489,0.3997071376295291,0.06724610642347777,30,0.44181633764117484,0.1269186203153227,30,0.01227740313084394,0.023172063771378558,Anti-Hebbian
anti_hebbian,490,0.3995798288865021,0.06719962602782915,30,0.42892828206958755,0.1099454422700482,30,0.012268917010451104,0.020073199608729133,Anti-Hebbian
anti_hebbian,491,0.399442884614651,0.06715681583227653,30,0.4584268769607233,0.1187804845530448,30,0.012261100973852645,0.021686250260365525,Anti-Hebbian
anti_hebbian,492,0.39931307599483484,0.06711369759021879,30,0.4293020299890886,0.09897619163460428,30,0.012253228695914314,0.018070497604742292,Anti-Hebbian
anti_hebbian,493,0.39919076578771245,0.06707158658907335,30,0.42049992216312954,0.12293742120756461,30,0.012245540314165484,0.02244519958563238,Anti-Hebbian
anti_hebbian,494,0.39906780388758,0.06703716423752852,30,0.4030966050371673,0.10780372300078264,30,0.01223925568135766,0.019682176956855722,Anti-Hebbian
anti_hebbian,495,0.3989377992139863,0.06700314341514736,30,0.4295621491911528,0.09619753208305334,30,0.01223304435740998,0.017563186099405083,Anti-Hebbian
anti_hebbian,496,0.39880428148006253,0.06695979247486412,30,0.43142272613694904,0.12409364947686777,30,0.012225129594782586,0.022656297020539878,Anti-Hebbian
anti_hebbian,497,0.39867838105567355,0.06692222303447978,30,0.4128594479133924,0.11955459590471482,30,0.012218270384792135,0.021827583010142353,Anti-Hebbian
anti_hebbian,498,0.3985320779610761,0.0668552593147852,30,0.4533739263947526,0.15201205370065596,30,0.01220604453818841,0.02775347694151198,Anti-Hebbian
anti_hebbian,499,0.3984036710324458,0.066814734983062,30,0.4393047862956271,0.1188112669993189,30,0.012198645841317536,0.021691870340432032,Anti-Hebbian
anti_hebbian,500,0.3982719703124416,0.06676881116225125,30,0.4454517819316956,0.12140308442850502,30,0.012190261337122579,0.022165069297398792,Anti-Hebbian
chl,1,0.47538499311737165,0.09491507900511977,30,0.5648745606225885,0.20352792088250465,30,0.0173290432728297,0.03715894444982485,CHL
chl,2,0.4751482235496187,0.09483640731525336,30,0.5411250294743915,0.17720041604481526,30,0.017314679853104073,0.03235222168901523,CHL
chl,3,0.47491601504242287,0.09478675782127742,30,0.546649015154748,0.15819382850425456,30,0.01730561513716429,0.02888210944329465,CHL
chl,4,0.47465223536083784,0.09473581273509478,30,0.5709868698249341,0.1323231367659385,30,0.017296313879532198,0.0241587889621819,CHL
chl,5,0.4744045955870451,0.09465251888781202,30,0.5442465877763819,0.17316729958107246,30,0.01728110657317948,0.03161587873426943,CHL
chl,6,0.4741290073293633,0.09457189026897628,30,0.5805434037541185,0.16689010925509554,30,0.01726638586874054,0.030469825821172507,CHL
chl,7,0.47384940559911404,0.09445633010723897,30,0.5899513471522454,0.17530595022519077,30,0.017245287566296383,0.032006341134404946,CHL
chl,8,0.47359040367142874,0.09439288875913276,30,0.5357681947923231,0.17985637410293936,30,0.017233704813817613,0.03283713106908929,CHL
chl,9,0.47331396851663643,0.09430725709408347,30,0.5428239658259465,0.14357170512052833,30,0.01721807068228954,0.02621248717133111,CHL
chl,10,0.4730410554504104,0.09423351906766644,30,0.548717203798032,0.14995969934480785,30,0.017204608022151367,0.02737877001594798,CHL
chl,11,0.4727703454339814,0.09416888410206095,30,0.5546607722447239,0.13974283536219909,30,0.017192807345929467,0.025513434392535683,CHL
chl,12,0.4724984040017485,0.09407658393773252,30,0.5373008024402796,0.16292257116269226,30,0.017175955718574762,0.02974545578418241,CHL
chl,13,0.47221436101513453,0.09395095311088018,30,0.5602072090612541,0.2071166944193611,30,0.01715301877264641,0.03781416185646281,CHL
chl,14,0.4719356443067291,0.09388479127222805,30,0.537438925020486,0.15560490592354226,30,0.017140939328821148,0.028409439010931112,CHL
chl,15,0.4716513118952464,0.093774615380524,30,0.5265631174264795,0.18208139357772862,30,0.01712082405509463,0.033243362188166085,CHL
chl,16,0.4713701017276387,0.09370571048932157,30,0.5178206511476854,0.13902293400491608,30,0.017108243800683293,0.025381998988348187,CHL
chl,17,0.47106764258132033,0.09359553128587479,30,0.5619346394381427,0.16374834739746788,30,0.017088127922318043,0.029896221207928505,CHL
chl,18,0.4707777115221536,0.09351408556392102,30,0.5390527663257507,0.1738290373323331,30,0.017073258035942583,0.03173669496544216,CHL
chl,19,0.47047444504585173,0.09341556732101688,30,0.5403136983589368,0.15775539768541888,30,0.01705527114795446,0.02880206329350073,CHL
chl,20,0.4701604198661417,0.09330710543873666,30,0.5579797394917265,0.17667249763824058,30,0.017035468808103013,0.032255837415747515,CHL
chl,21,0.46984493030204294,0.09316677266534165,30,0.5505399427239135,0.20001375722073075,30,0.017009847666254442,0.036517348880385346,CHL
chl,22,0.4699145704124282,0.09471667854131985,29,0.5016284483225641,0.13735154910734743,29,0.0175884456527375,0.025505542360630826,CHL
chl,23,0.46956844810766135,0.09460076953155548,29,0.5413697018660507,0.15876848352147166,29,0.01756692188997154,0.029482567239377366,CHL
chl,24,0.4692164602133146,0.09446918282865034,29,0.5328902670849343,0.1468056324307723,29,0.017542486852675968,0.027261121560528234,CHL
chl,25,0.46888732468316635,0.09438251357120825,29,0.5164934558105075,0.12144642004456842,29,0.017526392775605703,0.022552034040568422,CHL
chl,26,0.4685006388190873,0.09422818531660927,29,0.5684679307933902,0.18851544953718716,29,0.017497734738177673,0.035006440153406926,CHL
chl,27,0.46812413911044964,0.09409441225274079,29,0.5549421037908417,0.19254284633027258,29,0.017472893703843632,0.0357543089628721,CHL
chl,28,0.4677806297614081,0.09399701965093878,29,0.5122674453623572,0.135785154896309,29,0.017454808351716068,0.02521467025789347,CHL
chl,29,0.467417679356713,0.09387291352012533,29,0.5282284826922772,0.15352828938676907,29,0.01743176242178482,0.02850948761742037,CHL
chl,30,0.46705627333185423,0.09377122412283702,29,0.5248111485724494,0.12856664569388906,29,0.017412879174766343,0.02387422675041594,CHL
chl,31,0.46667506556844657,0.09361326845384167,29,0.534232667248277,0.19059439124793126,29,0.017383547543395272,0.03539248993743393,CHL
chl,32,0.46629414459454854,0.09348224661947413,29,0.5505887979147771,0.17278897931748158,29,0.017359217399553813,0.03208610794762736,CHL
chl,33,0.4659118599606491,0.09337732555380868,29,0.5188084501601063,0.16921166790014153,29,0.01733973404678317,0.03142181789421977,CHL
chl,34,0.4655088642889651,0.09324478904098452,29,0.5366071649479583,0.14810993089377678,29,0.01731512263421348,0.027503323704699663,CHL
chl,35,0.46511747344196486,0.09312253058981879,29,0.5349462556080155,0.16870723695328266,29,0.017292419809779257,0.03132814741895584,CHL
chl,36,0.46469652908472275,0.09296756869696277,29,0.5358711371470333,0.15008918451082953,29,0.017263644108680802,0.027870861874456424,CHL
chl,37,0.4642829994721839,0.09279932037593157,29,0.5206179801714683,0.16479981585308143,29,0.017232401179809193,0.03060255753635383,CHL
chl,38,0.46388032575817134,0.09264477962803315,29,0.5116883190896871,0.14253065627865336,29,0.017203703683366062,0.026467278418261676,CHL
chl,39,0.4634525571336598,0.09251113635120202,29,0.5431929405322002,0.15685708321653638,29,0.017178886749879815,0.02912762911336069,CHL
chl,40,0.463023405056612,0.0923703900760089,29,0.5252810469786613,0.1457375060266367,29,0.01715275082271067,0.02706277546669644,CHL
chl,41,0.4625910799594956,0.09221317401492464,29,0.5253468867156704,0.13683303016704493,29,0.01712355653308076,0.02540925581066015,CHL
chl,42,0.4621302022559127,0.09204580178332171,29,0.5260116031914884,0.1475228511065084,29,0.01709247628993181,0.02739430572506595,CHL
chl,43,0.4616690986903899,0.09187725298283528,29,0.5319353278317169,0.1669253875750957,29,0.017061177563426146,0.03099726629609285,CHL
chl,44,0.4612203107216216,0.09164064612546886,29,0.5076768267371934,0.1658711581231136,29,0.017017240773032478,0.030801500801490824,CHL
chl,45,0.4607469080247475,0.0914357263753967,29,0.5213618113705983,0.18524434676619497,29,0.016979188130743672,0.03439901161813564,CHL
chl,46,0.46026747996479556,0.09117246105098964,29,0.5043408255959309,0.15523652068796395,29,0.01693030098729761,0.028826698206580376,CHL
chl,47,0.45976864744697177,0.09096666040608119,29,0.5185335188162815,0.13419384520741595,29,0.01689208476694428,0.024919171467070057,CHL
chl,48,0.45926997428934746,0.09071496473252129,29,0.5305740866515867,0.17743394797993242,29,0.016845346053724876,0.03294865697422298,CHL
chl,49,0.45877126202523205,0.09048766731046883,29,0.5207243834018722,0.13463508827419762,29,0.01680313798207007,0.025001108247574358,CHL
chl,50,0.45826451328702666,0.09027428055536793,29,0.5110663126093253,0.1499962787946192,29,0.016763513056419106,0.027853609716066166,CHL
chl,51,0.4577593186716245,0.09010805812081359,29,0.5150043042528536,0.16187646921347668,29,0.016732646325221923,0.030059705693503677,CHL
chl,52,0.4572454162094353,0.08990209610461262,29,0.5133104058195109,0.12849167779836887,29,0.01669440013897186,0.023860305561704896,CHL
chl,53,0.456741436507356,0.08973634484871647,29,0.4932699260235846,0.12309548526047306,29,0.01666362090345495,0.02285825776351185,CHL
chl,54,0.45617372538565154,0.08951548312311156,29,0.539897318550286,0.13132773611573498,29,0.01662260791062838,0.024386948370038037,CHL
chl,55,0.45562441720167174,0.0892542541015256,29,0.5109417680649274,0.16742805812461803,29,0.016574098899123316,0.03109060987377804,CHL
chl,56,0.45506397200410686,0.08902922524371869,29,0.5102230211512713,0.13555413558924082,29,0.016532312089273266,0.025171771049542015,CHL
chl,57,0.45452524982688136,0.08885099956380063,29,0.4966262679208198,0.10837314158651368,29,0.016499216411369047,0.02012438717621718,CHL
chl,58,0.4539503986797611,0.08857507493609355,29,0.5239826369109506,0.1436218576204222,29,0.016447978494315604,0.026669909420440695,CHL
chl,59,0.45337100183877993,0.08832939227797529,29,0.5082515915549098,0.13346646366557216,29,0.016402356370032095,0.02478410010567363,CHL
chl,60,0.4527693682149038,0.08804139934289965,29,0.5232342308023291,0.1483388510202323,29,0.01634887742456062,0.027545833104997353,CHL
chl,61,0.45216281355565313,0.08776223902766507,29,0.5023069466221628,0.16142402006684803,29,0.016297038655417526,0.02997568799621255,CHL
chl,62,0.45157137970694045,0.08753308589065242,29,0.5029654271296652,0.1253754306192056,29,0.01625448598614563,0.02328163298792689,CHL
chl,63,0.45096687068586955,0.08732582368227117,29,0.49421469987032474,0.12857739900263435,29,0.01621599836026895,0.023876223589719917,CHL
chl,64,0.45032147032156855,0.08699512890359978,29,0.5083405537772092,0.1497252182950528,29,0.01615458988151018,0.027803275044932744,CHL
chl,65,0.44971135729636896,0.0867516546211293,29,0.4871357113762388,0.12812445328107977,29,0.01610937784228941,0.02379211368077999,CHL
chl,66,0.4491057531385023,0.0865090974277752,29,0.49030523116674324,0.12929395005877764,29,0.016064336102242244,0.02400928378041157,CHL
chl,67,0.4485042356330664,0.08624497349848961,29,0.46602694675089157,0.1294196845286672,29,0.016015289519872904,0.024032632085318223,CHL
chl,68,0.4478522252708942,0.0859496963805579,29,0.4963629604480775,0.13382740097032145,29,0.01596045793560263,0.02485112448053976,CHL
chl,69,0.44722289156501543,0.08569952664661937,29,0.4816716882906768,0.1250630147746352,29,0.015914002582257253,0.023223618822017518,CHL
chl,70,0.4465260417144129,0.08539597316689786,29,0.5182842888480698,0.12108592694957258,29,0.015857634116185546,0.02248509215338268,CHL
chl,71,0.4458770336364734,0.08514255978195946,29,0.46509971524159055,0.10718580928429564,29,0.01581057643197082,0.019903905102828263,CHL
chl,72,0.44521298563433004,0.08483016546283335,29,0.4750656750992105,0.1459782853888319,29,0.015752566263236106,0.02710748707178533,CHL
chl,73,0.4445306391281705,0.08451700818140652,29,0.4779979893928689,0.12529379155096956,29,0.015694414415958945,0.02326647299354234,CHL
chl,74,0.4438025062370801,0.08417024409932003,29,0.48591290073966076,0.14402246202078073,29,0.015630021942468236,0.026744299790040487,CHL
chl,75,0.44314207581571274,0.08390350928296382,29,0.4543680122969601,0.09670524909306573,29,0.015580490530541377,0.01795771393383288,CHL
chl,76,0.44242194638670124,0.08359740132402918,29,0.48497024354424506,0.1327864902849431,29,0.015523647709588322,0.02465783221880632,CHL
chl,77,0.44172959161581293,0.08328672053477583,29,0.4693987896797561,0.13247895302994173,29,0.015465955735362809,0.0246007239842368,CHL
chl,78,0.4410198610729381,0.08294614380912749,29,0.4519796149362402,0.12864546022552653,29,0.015402712225118307,0.023888862241521626,CHL
chl,79,0.4402727379326774,0.0825377920305388,29,0.4666720859291769,0.12826599849496603,29,0.01532688320349808,0.023818397967139943,CHL
chl,80,0.4395193547454326,0.08224848566169515,29,0.4694500009891255,0.1106061124787394,29,0.015273160359498883,0.02053903946118855,CHL
chl,81,0.4387565588311963,0.08195568003558233,29,0.47027796959233703,0.10826777617654422,29,0.01521878771973772,0.02010482131078074,CHL
chl,82,0.4380490576897912,0.08167872915946955,29,0.4483501674725374,0.12086561296608356,29,0.015167359233139527,0.02244418087371355,CHL
chl,83,0.43727336918071064,0.08136455294850276,29,0.48280590151884534,0.10877413293772369,29,0.015109018175396862,0.020198849400786197,CHL
chl,84,0.4365261331425258,0.08113101921710245,29,0.4511563076832326,0.08898630660368245,29,0.015065652050168733,0.016524342297897638,CHL
chl,85,0.4356794170289838,0.08077322447070419,29,0.4823133190264842,0.12916406769045935,29,0.014999211233738336,0.023985165230103467,CHL
chl,86,0.4348799307646498,0.08043424447388446,29,0.462508913828559,0.1196807872726398,29,0.014936264228593642,0.022224164265888652,CHL
chl,87,0.43405838258352997,0.08014994982031806,29,0.45911033741501006,0.10025910376897267,29,0.014883472036757701,0.018617648179707517,CHL
chl,88,0.4332771027207328,0.07983671336460343,29,0.46261237568951336,0.11211503257677712,29,0.014825305487184392,0.020819238889075813,CHL
chl,89,0.43247516006524483,0.07961553157749308,29,0.45069835790817864,0.10652849347640392,29,0.01478423306042833,0.01978184462159269,CHL
chl,90,0.43169906599395846,0.07945065973049499,29,0.45596734890832213,0.11640322890385561,29,0.014753617127044144,0.021615536956202247,CHL
chl,91,0.43088559445286234,0.07917825617760135,29,0.45956348198793384,0.1289184561307103,29,0.01470303305716893,0.023939556308455675,CHL
chl,92,0.4300530046494408,0.07884222917554697,29,0.44698117866645276,0.1120650800002755,29,0.01464063440938582,0.02080996292848953,CHL
chl,93,0.4291966666994534,0.07858133807479518,29,0.4518305235828693,0.09227152675640822,29,0.014592188148204335,0.017134392365144115,CHL
chl,94,0.428388734231392,0.07831354819174455,29,0.4344251472529913,0.10004262381530364,29,0.014542460815310854,0.018577448861502394,CHL
chl,95,0.4275924557152752,0.07805961889072223,29,0.4295612126710531,0.1083759010873496,29,0.014495307327884451,0.020124899602658106,CHL
chl,96,0.4267575397991172,0.07779532414136933,29,0.4283475203896745,0.08775591240586922,29,0.014446229025024945,0.016295863831243627,CHL
chl,97,0.4259553028861548,0.07755887419081244,29,0.4274833467353741,0.10613745182802971,29,0.014402321371494336,0.01970923001045653,CHL
chl,98,0.4250304271719482,0.07722166774314546,29,0.44056171319797616,0.10606746805368322,29,0.014339703706159333,0.019696234349812353,CHL
chl,99,0.4241437991866408,0.0769695537917467,29,0.430748161784767,0.11384311341612001,29,0.01429288732069519,0.021140135444934875,CHL
chl,100,0.4232085922320993,0.07667414296638976,29,0.4398866635449926,0.10979712268215305,29,0.01423803090757937,0.020388813827329665,CHL
chl,101,0.4223077543761352,0.07643161466635509,29,0.4306016586638033,0.08694028371055261,29,0.014192994532886926,0.0161444053848399,CHL
chl,102,0.4214341806551466,0.07623947973152487,29,0.42638926633078816,0.09110954253771124,29,0.014157315971188002,0.016918617312696782,CHL
chl,103,0.42059626090795443,0.07607442423648436,29,0.40920781878884926,0.07234581228704831,29,0.014126665935218474,0.013434280078336951,CHL
chl,104,0.41970522790176173,0.07580872801727315,29,0.40394374481179013,0.07415303348373728,29,0.014077327385939684,0.013769872629616845,CHL
chl,105,0.41878229358730434,0.07549159098684154,29,0.41934955515012795,0.11281637308299403,29,0.01401843651782522,0.020949474551555027,CHL
chl,106,0.4178495804286173,0.07519411824237218,29,0.4254322537095217,0.09672854101201689,29,0.013963197215942528,0.017962039134599306,CHL
chl,107,0.4169605328405658,0.07496084995963571,29,0.3999848011541621,0.1074725543082136,29,0.013919880383293799,0.019957152317015298,CHL
chl,108,0.41603745525918967,0.0746413581196075,29,0.42744027268841295,0.08806638529597098,29,0.01386055223801495,0.01635351719956588,CHL
chl,109,0.41510932054831007,0.07446160417420696,29,0.42166241776569136,0.09599988828449373,29,0.013827172768335137,0.017826731719948263,CHL
chl,110,0.4142869373425615,0.07429523139938043,29,0.3982898582778952,0.09618059642563313,29,0.013796278119650273,0.01786028837932849,CHL
chl,111,0.4134063639569576,0.07413367152073772,29,0.3916566503190769,0.10014629227670133,29,0.013766277203349869,0.018596699611499932,CHL
chl,112,0.41247526937419193,0.07403513584776275,29,0.4114643488039889,0.07690514947852503,29,0.01374797958823428,0.01428092773997143,CHL
chl,113,0.4116331016195995,0.07393689528338321,29,0.3894744885997862,0.09473356387262492,29,0.013729736773409116,0.01759158118004443,CHL
chl,114,0.4107818708693233,0.07383681101641283,29,0.3807961782442825,0.08716829952006007,29,0.01371115159160785,0.016186746857696103,CHL
chl,115,0.4098423375405799,0.07358559044043841,29,0.3881939279362911,0.08198282452748522,29,0.013664501101795247,0.015223828325341271,CHL
chl,116,0.40895645045845563,0.07340573565358241,29,0.37655604216671273,0.07110129054131477,29,0.013631102906327259,0.013203178191894266,CHL
chl,117,0.40800582469117075,0.07323365183099677,29,0.3910539290326096,0.08526067617516105,29,0.01359914774269742,0.01583251009555064,CHL
chl,118,0.4071503417780998,0.07318782358219895,29,0.37116762654499474,0.09002251836395345,29,0.013590637650538848,0.016716761991144198,CHL
chl,119,0.40623523830298686,0.07306201227512811,29,0.37970567936521105,0.09172728129745254,29,0.01356727507732583,0.017033328520592014,CHL
chl,120,0.40532727128700374,0.07292629439235504,29,0.38196934836454266,0.11351756449225557,29,0.01354207289918761,0.021079682527424693,CHL
chl,121,0.40440003288800463,0.07276947543687333,29,0.38422566444560463,0.08886435500682568,29,0.013512952350216862,0.01650169645487809,CHL
chl,122,0.4034806772795979,0.0726472168459054,29,0.3795213582960802,0.09037194289279252,29,0.013490249499822023,0.016781648497194327,CHL
chl,123,0.4024905087043253,0.07240652808015585,29,0.3813732219255849,0.11325464400480514,29,0.013445554718070744,0.021030859418593912,CHL
chl,124,0.40157617803159384,0.0723205760474917,29,0.35861419025319985,0.08656198067999768,29,0.013429593826298169,0.0160741562756476,CHL
chl,125,0.4006178485437386,0.07216286425144113,29,0.3795878702797514,0.08245452720981486,29,0.013400307480996047,0.015311421314455495,CHL
chl,126,0.3997124026033233,0.07201101837833696,29,0.35802444769492264,0.08744342989208524,29,0.013372110410239179,0.016237837285172096,CHL
chl,127,0.39878221461348223,0.07191245886287444,29,0.37557513327160585,0.09155454268803534,29,0.0133538083676848,0.017001251766100053,CHL
chl,128,0.39780554567405935,0.07175031853501769,29,0.35534123867948,0.07975197873579697,29,0.013323699664671304,0.014809570661632868,CHL
chl,129,0.3968657005788225,0.07166235060782762,29,0.3466605119674742,0.06626989089431196,29,0.013307364430683009,0.01230600980057559,CHL
chl,130,0.3959021431300269,0.07150541859661673,29,0.35510233215104386,0.09094294857612385,29,0.013278222887790398,0.016887681590661556,CHL
chl,131,0.3949971672273657,0.07142780552657987,29,0.3591544240838065,0.06847940922797575,29,0.013263810502502945,0.012716307054753684,CHL
chl,132,0.39404528380542025,0.07140774623331943,29,0.3553692693228078,0.09339144619648242,29,0.013260085585257353,0.01734235618429975,CHL
chl,133,0.393141408675371,0.07137309643326833,29,0.34429061585151005,0.06169208168987451,29,0.013253651278919098,0.011455931972247556,CHL
chl,134,0.3921948806363465,0.07130510800543328,29,0.34543730945095413,0.06997909941969693,29,0.013241026144820143,0.012994792532066157,CHL
chl,135,0.3912646155204391,0.07124472534728807,29,0.3355097305591296,0.06482190416516947,29,0.013229813366695837,0.012037125415231593,CHL
chl,136,0.3903811848703768,0.07116877375434293,29,0.33235961077704146,0.0748552492464677,29,0.013215709509958803,0.013900270823150328,CHL
chl,137,0.3893931298811251,0.07113973462323332,29,0.3621442513138014,0.0708980604979844,29,0.013210317078687037,0.013165439320270296,CHL
chl,138,0.3884204177561024,0.07099921626393316,29,0.3377492059588391,0.09672218428197714,29,0.013184223474436709,0.017960858719464876,CHL
chl,139,0.3874641598149059,0.07082715665142254,29,0.3366102532840976,0.0800075041702037,29,0.013152272806504939,0.014857020543587864,CHL
chl,140,0.3865547256283101,0.0707469094061418,29,0.33312218660903165,0.08495986023594908,29,0.013137371267154753,0.015776649977989627,CHL
chl,141,0.3856529283945918,0.0707002343933301,29,0.3246459328070945,0.07094651389833417,29,0.013128703934866268,0.013174436890834074,CHL
chl,142,0.38467943654364684,0.07062658732589588,29,0.317358868368895,0.07398081618411345,29,0.013115028017773322,0.01373789267992326,CHL
chl,143,0.38382480875196023,0.07061948609252595,29,0.32945766934582293,0.07893906302770233,29,0.013113709351841219,0.014658616004308797,CHL
chl,144,0.38276270191937056,0.07036604340453077,29,0.3422365794146006,0.0783473171628705,29,0.013066646226185452,0.014548731555823978,CHL
chl,145,0.3818358064618348,0.07011929423178105,29,0.308614717102939,0.06771326112237817,29,0.013020826055106785,0.012574036923191034,CHL
chl,146,0.38089546876321356,0.07007013858036408,29,0.3268262192759054,0.07466876931451956,29,0.013011698079793597,0.013865642369123984,CHL
chl,147,0.37986780237579554,0.06998764052928456,29,0.3327401021378086,0.06920511199992148,29,0.012996378576299438,0.01285106667640617,CHL
chl,148,0.37891211625764165,0.07000165172709413,29,0.32945100993389287,0.07472828720306231,29,0.012998980390414952,0.013876694563564513,CHL
chl,149,0.37794210155955443,0.06985322280269664,29,0.31688157351521695,0.0790091234337994,29,0.012971417831103704,0.014671625895111813,CHL
chl,150,0.37707294069177827,0.06981510053722595,29,0.3166549624965778,0.08427982022984734,29,0.012964338704125049,0.01565036971908264,CHL
chl,151,0.37608442596268116,0.06969725337330622,29,0.3095130226977142,0.06774533508818145,29,0.012942455035167768,0.012579992909117554,CHL
chl,152,0.3751110574665919,0.06951565783263251,29,0.29818145487565045,0.07526679955280899,29,0.012908733589830919,0.013976693796463241,CHL
chl,153,0.37414365369603325,0.06942810392545254,29,0.29575960915828164,0.0706124784629031,29,0.012892475237428412,0.013112408067688583,CHL
chl,154,0.37323109134975135,0.06927915140256953,29,0.29996589285453235,0.06855344461955226,29,0.012864815448319326,0.012730055081829554,CHL
chl,155,0.37234752900804324,0.06919844209592188,29,0.29033491157245805,0.0647240915656138,29,0.012849828106327356,0.012018962071479126,CHL
chl,156,0.3714951591082329,0.06918666874929372,29,0.2873072889964668,0.06813421105331106,29,0.012847641850743764,0.012652205362971224,CHL
chl,157,0.3706156967663992,0.06924031114550903,29,0.2881864108087452,0.06222491469503282,29,0.012857602993649594,0.011554876577332325,CHL
chl,158,0.36972532240191514,0.06918435288723379,29,0.28416383865724565,0.08162559943820653,29,0.012847211805955374,0.015157493291582337,CHL
chl,159,0.36871775514546434,0.06892984028939594,29,0.3003968837115004,0.07505954404222029,29,0.012799950003029555,0.013938207414335416,CHL
chl,160,0.3678285950135288,0.06874195131943814,29,0.2848486302995994,0.06890754126930893,29,0.012765059897213502,0.012795809178953479,CHL
chl,161,0.3668825442885455,0.06851473128309699,29,0.2799383170047935,0.07593079845619682,29,0.01272286619572453,0.014099995297377037,CHL
chl,162,0.3660098526050627,0.06832856852877195,29,0.2737677963980383,0.07493083235117663,29,0.012688296640104171,0.013914306253339724,CHL
chl,163,0.3651735504623553,0.06816406669545141,29,0.27520863307138493,0.06649590137261764,29,0.012657749416534969,0.012347978892776121,CHL
chl,164,0.3642747669213319,0.06808880492323034,29,0.2837922037437769,0.0658762677020921,29,0.012643773656290573,0.012232915808781991,CHL
chl,165,0.3633960036986736,0.06801569656430809,29,0.26272401671166096,0.06988284479232298,29,0.012630197774856935,0.012976918496484845,CHL
chl,166,0.36255617153421643,0.06790328190203816,29,0.25649808789294126,0.06351012452965793,29,0.012609322896130662,0.011793534052201507,CHL
chl,167,0.361608133688043,0.06766915406813155,29,0.26962010135464565,0.065235656694915,29,0.012565846448836715,0.012113957331164299,CHL
chl,168,0.3607640670132261,0.06751307317883912,29,0.2560216513179141,0.061740908388849235,29,0.01253686295531658,0.011464998862625737,CHL
chl,169,0.3599376320799289,0.0675205167668352,29,0.24777637006664285,0.06691332628861396,29,0.012538245194906763,0.012425492753715585,CHL
chl,170,0.35913457227990275,0.06755874804701766,29,0.261811476020018,0.06727760529294365,29,0.012545344565409186,0.012493137666615386,CHL
chl,171,0.35827981447349727,0.06744153979714616,29,0.25899371547539246,0.05767693143008563,29,0.012523579539812158,0.010710337286924382,CHL
chl,172,0.35743695307333956,0.06736105570092596,29,0.2572675455907786,0.06743909397691465,29,0.012508634018346674,0.012523125362397148,CHL
chl,173,0.35657160469520177,0.06724220082344526,29,0.2514948600375165,0.056259900757955054,29,0.012486563221678904,0.010447201297055841,CHL
chl,174,0.3557383908227081,0.06718114980054053,29,0.24503536892419203,0.06375026515322502,29,0.012475226331334554,0.011838127046504845,CHL
chl,175,0.35493031885194104,0.06708305707148068,29,0.2375122458365802,0.054409592868907515,29,0.012457010968839076,0.01010360774786749,CHL
chl,176,0.3540567921704429,0.06676636194107513,29,0.24619384286529497,0.06382985227212173,29,0.012398202159499392,0.011852906003462909,CHL
chl,177,0.3532582750561626,0.06678943738240331,29,0.2530238965362094,0.06382446298254538,29,0.012402487161380413,0.011851905237512493,CHL
chl,178,0.35250387778092057,0.0668104820220105,29,0.24425599029040873,0.06106737925054978,29,0.012406395052849083,0.011339927641517122,CHL
chl,179,0.35171121761844054,0.06679316060678285,29,0.2473578868894098,0.07797503769907724,29,0.012403178546790681,0.014479600994898516,CHL
chl,180,0.3508551446642725,0.06663975924171678,29,0.243303960862854,0.07233010832701083,29,0.012374692628427915,0.01343136392616707,CHL
chl,181,0.35004665850608757,0.06653060880992333,29,0.23374923252194477,0.05112483250729405,29,0.012354423902083859,0.009493643061687103,CHL
chl,182,0.3493053409175847,0.06651791726772155,29,0.2346057763500504,0.05886460806430407,29,0.012352067141862712,0.010930883301160559,CHL
chl,183,0.34847797357101995,0.06631478028425541,29,0.24493585475317176,0.06683589900349875,29,0.012314345551021701,0.012411114867821984,CHL
chl,184,0.3477270737658186,0.06628185281658175,29,0.2343489782372195,0.06130069527864641,29,0.012308231073776725,0.011383253340256652,CHL
chl,185,0.34685085910033076,0.06595027340381504,29,0.21978059389961827,0.04528763955153333,29,0.012246658322590464,0.008409703541762412,CHL
chl,186,0.34602206608746294,0.06582587866061636,29,0.23352469386427968,0.0604169622348868,29,0.012223558798684737,0.011219148233837477,CHL
chl,187,0.3453252230954639,0.06572379299324389,29,0.2193192636587271,0.04990423807082793,29,0.012204601966158976,0.0092669843650305,CHL
chl,188,0.34455520001945983,0.06560003525352731,29,0.2309585558181734,0.054497744795086844,29,0.012181620730830279,0.01011997714961032,CHL
chl,189,0.3438003914488961,0.06552498920425844,29,0.2179073260691136,0.05673915530810203,29,0.012167685029332444,0.010536196632818275,CHL
chl,190,0.3430074567147232,0.06547227705891101,29,0.225365064554125,0.05792993162531498,29,0.012157896629676115,0.010757318243736358,CHL
chl,191,0.34229256751265474,0.06538193923629872,29,0.22233334378419298,0.057132802465499136,29,0.012141121317155947,0.010609295074833564,CHL
chl,192,0.3415334166425267,0.0653348122733474,29,0.21724306234463206,0.058611116549371824,29,0.012132370059833445,0.010883811108570202,CHL
chl,193,0.34082877788513816,0.06535806651292579,29,0.21216273264258298,0.059695943698336924,29,0.012136688263716004,0.011085258452860925,CHL
chl,194,0.3400539925567501,0.06526696731997857,29,0.2158097354462715,0.06964103479305032,29,0.012119771568274013,0.012932015506895315,CHL
chl,195,0.3392793814928883,0.06529362640471813,29,0.21672382177250477,0.061882617032896624,29,0.012124722036030216,0.011491313497204728,CHL
chl,196,0.338445408444779,0.0650635821930174,29,0.21399914965489117,0.05786180221896571,29,0.012082003898342776,0.010744666930584528,CHL
chl,197,0.3377262462859351,0.06503456250133578,29,0.21334366979787817,0.0604179327041993,29,0.012076615076882164,0.01121932844546465,CHL
chl,198,0.33697657345100396,0.06495025167655895,29,0.1963678051899552,0.060626382441833666,29,0.012060958949763244,0.011258036589987582,CHL
chl,199,0.3362202386929236,0.0649052728210992,29,0.20431200002388683,0.0541937232346391,29,0.01205260658598783,0.01006352176312986,CHL
chl,200,0.33549486311475324,0.06483453612273817,29,0.19745163884044378,0.05562697163824908,29,0.012039471110864149,0.010329669310129937,CHL
chl,201,0.33479547074022853,0.06485012001552824,29,0.19476816523194435,0.04439425124833576,29,0.012042364967105918,0.008243805498676716,CHL
chl,202,0.33418451371424285,0.06496616653957883,29,0.20404166008756625,0.04834644063978868,29,0.012063914265633763,0.008977708644262323,CHL
chl,203,0.33338029904710004,0.06485930664638329,29,0.19716534282724046,0.05446405554762384,29,0.012044070881629253,0.010113721213409747,CHL
chl,204,0.3326941707227165,0.06481575187716196,29,0.19154811807164313,0.059374508746230924,29,0.012035982964029475,0.011025569480727675,CHL
chl,205,0.33200282030978795,0.06487970438325417,29,0.20431985729512514,0.05323797446917014,29,0.012047858646275538,0.009886043672913803,CHL
chl,206,0.33132228309901646,0.06489810891763498,29,0.1968430884337838,0.05319914750383703,29,0.012051276282511373,0.009878833686455882,CHL
chl,207,0.33071815599910986,0.06495174060179765,29,0.19426851381266105,0.05217420840037102,29,0.012061235436238965,0.009688507273026878,CHL
chl,208,0.3299590687802111,0.06485660279552664,29,0.18526295509890287,0.05432323502281969,29,0.012043568789130049,0.01008757149843397,CHL
chl,209,0.3293381084197417,0.06487076455790783,29,0.18247542583924795,0.04917281218962595,29,0.012046198562384605,0.00913116198866925,CHL
chl,210,0.32862590710494105,0.06476846360154533,29,0.18303141207740625,0.05111753157328255,29,0.012027201751697034,0.00949228731227683,CHL
chl,211,0.3279300457127474,0.0646388051192463,29,0.17949957707529957,0.052222334912891244,29,0.012003124775978993,0.009697444142044603,CHL
chl,212,0.3272194376195797,0.06453326929836417,29,0.18848044329877797,0.05363277400397041,29,0.011983527266030494,0.009959356106040682,CHL
chl,213,0.3265962047569691,0.06452920834062141,29,0.17555558090338697,0.04454609594156413,29,0.01198277316510913,0.00827200235033615,CHL
chl,214,0.32591729866493285,0.06454544356743161,29,0.18405352408188452,0.037578039095803116,29,0.011985787971042031,0.006978066677925636,CHL
chl,215,0.3252518137252263,0.06460482462926846,29,0.18269797420396527,0.05606013950010176,29,0.011996814757401136,0.0104101065627241,CHL
chl,216,0.32455545809745173,0.06447201404943628,29,0.16974459087488586,0.05073584549516499,29,0.01197215245186571,0.009421409986923316,CHL
chl,217,0.3239374900603359,0.0644922009571865,29,0.16917119254321442,0.043120407828132444,29,0.011975901066527135,0.00800725871397745,CHL
chl,218,0.3233795963496501,0.06460288404322152,29,0.1743472703759643,0.046668058521198263,29,0.011996454399618888,0.00866604090916036,CHL
chl,219,0.32265068182243517,0.06445771352714169,29,0.17083839789634503,0.04954922060188186,29,0.011969496911542107,0.009201059276075799,CHL
chl,220,0.32189047571196205,0.0644055007260991,29,0.1797111306142601,0.046126351679747435,29,0.011959801237795333,0.008565448474044324,CHL
chl,221,0.3212243631153089,0.06442548452141308,29,0.17299195257795158,0.051022636697618515,29,0.011963512135424223,0.009474665776249128,CHL
chl,222,0.3204464156149729,0.06429440843789365,29,0.1823948625417747,0.06779043296126534,29,0.011939171917768159,0.012588367373910931,CHL
chl,223,0.31981846768671857,0.06424345167830763,29,0.16560949703598757,0.05042137127192613,29,0.011929709485064425,0.00936301358969101,CHL
chl,224,0.3191544499273695,0.06426502388148145,29,0.16991801252291144,0.0482256211454341,29,0.011933715342628012,0.008955273027399768,CHL
chl,225,0.31861684709387944,0.06433099199233246,29,0.16308786685112384,0.04749428644864417,29,0.011945965313281392,0.008819467583558751,CHL
chl,226,0.3181325716331222,0.0642991366466391,29,0.1632399239834906,0.05444293786933927,29,0.011940049924090116,0.01010979975899918,CHL
chl,227,0.3173687558537262,0.06415551080548688,29,0.17096793182101863,0.04456532099404338,29,0.011913379274946392,0.008275572352957755,CHL
chl,228,0.3167619468912307,0.06413541299871038,29,0.15512645008554138,0.03847312805277423,29,0.011909647205920413,0.007144280524488933,CHL
chl,229,0.3161620528218939,0.06408761546642452,29,0.15513193074483536,0.0491611808242242,29,0.011900771426998562,0.00912900209833751,CHL
chl,230,0.31567209377001837,0.06424135249105017,29,0.1537426109189612,0.040781798591448794,29,0.011929319675776756,0.007572989880907502,CHL
chl,231,0.31514812444336077,0.06430960384206308,29,0.15953532598274422,0.04665455036797125,29,0.011941993633484138,0.008663532508078721,CHL
chl,232,0.31461327936300043,0.06434702076241788,29,0.15274409328087546,0.040387782502224565,29,0.011948941781162967,0.0074998229299718085,CHL
chl,233,0.3139603485260572,0.06426034489127044,29,0.15776067484611148,0.04637299756561189,29,0.011932846475958452,0.008611249465229903,CHL
chl,234,0.313353878600465,0.06431627293573362,29,0.15685447977975714,0.04934202486903445,29,0.011943232053088624,0.009162583994395856,CHL
chl,235,0.3128696217396852,0.0643941047902901,29,0.14942754373636863,0.04401190704584523,29,0.011957685065641438,0.008172805962695203,CHL
chl,236,0.3122110661079902,0.06421964081377943,29,0.1577451450478332,0.0492462841106469,29,0.011925287918523573,0.009144805381889753,CHL
chl,237,0.3116016766362666,0.06421089575950942,29,0.1548454109801563,0.04763603002938081,29,0.011923664002713528,0.008845788705718068,CHL
chl,238,0.3110710486259104,0.06431267088182582,29,0.14190970265917574,0.03539935902340815,29,0.011942563168470083,0.006573495945102649,CHL
chl,239,0.3105011871507521,0.06434669664748667,29,0.14981367891620978,0.04311869062615929,29,0.011948881594531207,0.008006939837576327,CHL
chl,240,0.3099566871569067,0.06445284248029477,29,0.14568268943030807,0.04060695699117133,29,0.011968592380850593,0.007540522610816561,CHL
chl,241,0.3064532340435762,0.06364197608629737,28,0.14594449035967935,0.04813846875990156,28,0.012027202976361614,0.00909731548815367,CHL
chl,242,0.3058521215287265,0.06356107281215709,28,0.15074796885036693,0.03711839935415696,28,0.012011913694674036,0.0070147181254199865,CHL
chl,243,0.3050960293009952,0.06341313145745385,28,0.1499073136149123,0.04207353934647075,28,0.011983955406590696,0.007951151563360901,CHL
chl,244,0.3045907298200446,0.06356826700815753,28,0.15222498131627946,0.04985588134724176,28,0.012013273269924052,0.009421875959910396,CHL
chl,245,0.30402127463420375,0.06367946646216524,28,0.14612164127258204,0.03692932305299851,28,0.012034287991440521,0.006978986063157043,CHL
chl,246,0.3034374971942793,0.0636404314467026,28,0.1355551641714178,0.03839006352508583,28,0.0120269110669164,0.0072550400645249105,CHL
chl,247,0.3027924410579498,0.06357062744110262,28,0.14190794315262148,0.03558741642112367,28,0.012013719349821135,0.006725389546684963,CHL
chl,248,0.302087920467632,0.06343082286103832,28,0.13553611502073176,0.039572490422876055,28,0.011987298767606996,0.007478497744172519,CHL
chl,249,0.3014854408453855,0.06336509095797442,28,0.13350411700480178,0.03320195965830681,28,0.011974876605556276,0.006274580592562777,CHL
chl,250,0.30090947398116935,0.06330725153346707,28,0.13126674205756134,0.036801721247315324,28,0.011963945981754737,0.006954871588537008,CHL
chl,251,0.3004437614172302,0.06327585663688963,28,0.12710520587349775,0.03236532854792981,28,0.0119580129039847,0.006116472174194394,CHL
chl,252,0.2999262111830971,0.06321002643887595,28,0.1299919308415569,0.04084628314088683,28,0.011945572165934533,0.007719221940865485,CHL
chl,253,0.2991964577357824,0.06301393382920534,28,0.13699645814502423,0.045228028885437185,28,0.011908514145996954,0.008547294051465185,CHL
chl,254,0.2985270454403349,0.06291555105078717,28,0.1372113953585407,0.04267047185653181,28,0.011889921548497951,0.008063961204154554,CHL
chl,255,0.2979430364382823,0.06292902832589695,28,0.14251096590494733,0.04532723121572642,28,0.011892468514090185,0.008566041529709715,CHL
chl,256,0.29733031002191396,0.06275329893313056,28,0.13484385291027154,0.04042132956699976,28,0.011859258780425595,0.007638913264061679,CHL
chl,257,0.2968006359757879,0.06263584507701297,28,0.1304153861773427,0.04589551133579984,28,0.011837062088010403,0.0086734363777623,CHL
chl,258,0.29637493442678775,0.06270027047732503,28,0.12891351176768256,0.03035892124105804,28,0.011849237344249081,0.005737296834002568,CHL
chl,259,0.2957822123080958,0.0625215525210097,28,0.12920031119710032,0.035742587793656584,28,0.011815462825161077,0.006754714179707724,CHL
chl,260,0.2952191463334312,0.0624383500035639,28,0.12054604312139987,0.03586033410560497,28,0.011799739027331356,0.0067769661410799,CHL
chl,261,0.29468140422418493,0.062329989468877356,28,0.12413585880189162,0.036390929069475365,28,0.011779260811137456,0.0068772391640302116,CHL
chl,262,0.29421785916512894,0.06229221609101385,28,0.1263198990649009,0.033156940192902024,28,0.011772122313708475,0.0062660727133043385,CHL
chl,263,0.2936524269694712,0.062154575915412694,28,0.11739231631812382,0.03464691601072115,28,0.011746110765490482,0.006547651675693589,CHL
chl,264,0.2931732661253868,0.0621744397123711,28,0.12162227684845962,0.03965372380705028,28,0.011749864670265155,0.007493849410792603,CHL
chl,265,0.29259339637066756,0.06210128284058459,28,0.12359386904980474,0.03968655858174119,28,0.01173603932101926,0.007500054599948815,CHL
chl,266,0.29202949830880626,0.06211161301412144,28,0.1288843030878816,0.045377026240764326,28,0.011737991540317735,0.008575451904908181,CHL
chl,267,0.2915969964684411,0.06206771359661621,28,0.12197882155829133,0.04466239434941198,28,0.011729695330216346,0.008440399171802893,CHL
chl,268,0.29115057082566426,0.062194861379787476,28,0.11967565810693934,0.03469520893662624,28,0.011753724002646656,0.006556778180838483,CHL
chl,269,0.2906648594797058,0.06217504309468714,28,0.11300911604838702,0.035535235024000085,28,0.011749978698804708,0.0067155281895526124,CHL
chl,270,0.2902710418666151,0.06215244141438603,28,0.11278374219527738,0.03875111266651792,28,0.011745707382712642,0.0073232719387608175,CHL
chl,271,0.28984667710085316,0.06217061076939417,28,0.12304202557776582,0.041238031372594276,28,0.011749141068057927,0.007793255397840287,CHL
chl,272,0.2892194450961756,0.062031753037013825,28,0.12134928737015913,0.03880658272612986,28,0.01172289942323673,0.007333754794685326,CHL
chl,273,0.28879217502329185,0.06199498218863324,28,0.1180266345922892,0.030382169044034322,28,0.011715950386071594,0.005741690255802845,CHL
chl,274,0.2882243664891204,0.06197578258118673,28,0.11902386564598914,0.03803139575189644,28,0.011712322001316344,0.007187258226585449,CHL
chl,275,0.2877242491391064,0.0620657577600952,28,0.11481324244701162,0.03051932154341268,28,0.011729325711856368,0.005767609641877564,CHL
chl,276,0.2872062088266518,0.06195666541141826,28,0.1135330350661627,0.03659570512685151,28,0.01170870919581786,0.006915938201335752,CHL
chl,277,0.2866718201502431,0.06189755622131889,28,0.11363758338139432,0.03333829553987097,28,0.011697538608874904,0.0063003456523766,CHL
chl,278,0.2861460800936568,0.06176351745616534,28,0.11224299472193675,0.03463983980761082,28,0.01167220766325787,0.006546314399003836,CHL
chl,279,0.28557789131100336,0.06164039517328108,28,0.10523167861648423,0.028249303349170876,28,0.011648939738874847,0.005338616526623583,CHL
chl,280,0.28504079439541524,0.06172785417265909,28,0.105394029216359,0.033944052371130747,28,0.01166546793617976,0.006414822933126021,CHL
chl,281,0.2846392163985218,0.06166100613370079,28,0.10968503409354356,0.03193982560125959,28,0.011652834844271473,0.006036059675693352,CHL
chl,282,0.28410645463024226,0.06157938822608074,28,0.10757520504724906,0.036265559072064704,28,0.011637410509550609,0.006853546461528967,CHL
chl,283,0.28366246336630263,0.06161941013918439,28,0.10283363449667678,0.031995201461502885,28,0.01164497394019813,0.006046524729610497,CHL
chl,284,0.2831534488829199,0.061512543277744275,28,0.10980996700794653,0.03711548404653116,28,0.011624778001714948,0.007014167184064764,CHL
chl,285,0.2827225751654809,0.06154694831672312,28,0.10325566214483524,0.030308166288380643,28,0.011631279942928199,0.005727705049531908,CHL
chl,286,0.2822071598040485,0.0615117263663313,28,0.10879799363653195,0.0321608886941999,28,0.0116246236199691,0.0060778366734058386,CHL
chl,287,0.2816415904662748,0.06140920678101232,28,0.10984553312897363,0.029432862927762482,28,0.01160524923944999,0.005562288262822283,CHL
chl,288,0.28128638489166985,0.061476528090674006,28,0.10043757521652376,0.026334391822691473,28,0.011617971771114276,0.004976732263641042,CHL
chl,289,0.28080479377208223,0.06137194054933847,28,0.11009873484664885,0.028232325290378484,28,0.011598206583642169,0.00533540797510149,CHL
chl,290,0.2804592078606372,0.06138063950820801,28,0.10364300173163901,0.02764651678597913,28,0.011599850532344596,0.005224700573776678,CHL
chl,291,0.2799228897587941,0.06139264266390732,28,0.10341214624247082,0.034726682670221644,28,0.011602118915553765,0.006562726157404494,CHL
chl,292,0.2793759598115199,0.061211532035828756,28,0.09797799259328348,0.03180187236265752,28,0.011567892224004723,0.006009988964129278,CHL
chl,293,0.2788677256105387,0.061236934089708324,28,0.10136559292594984,0.0269718579566121,28,0.011572692760958694,0.0050972020393253124,CHL
chl,294,0.27850669389981353,0.06135137217293725,28,0.10272059357322295,0.033898324738110275,28,0.011594319525868597,0.00640618122276775,CHL
chl,295,0.27810119789575377,0.06135495724492977,28,0.09410026655970094,0.0273748647683481,28,0.011594997040791774,0.005173363167933775,CHL
chl,296,0.2776999790949892,0.061333272212389794,28,0.1065486930194198,0.030060038995002796,28,0.011590898954843694,0.005680813398691526,CHL
chl,297,0.27728130733857187,0.061311000936873805,28,0.09670725656547079,0.02764975724816446,28,0.011586690079386872,0.005225312963567771,CHL
chl,298,0.2768005548672655,0.06119020015796915,28,0.09195459825819641,0.02282036827984237,28,0.011563860878017971,0.004312644235383553,CHL
chl,299,0.2764397466230734,0.06112702171864432,28,0.09068688259798359,0.027571272667610728,28,0.011551921275255493,0.005210480772003599,CHL
chl,300,0.2760925300486121,0.06111076657960869,28,0.09054982125684863,0.027561836500461383,28,0.011548849342725846,0.005208697504031685,CHL
chl,301,0.27568955629597214,0.06113426869115591,28,0.09768052272835163,0.02696635179415734,28,0.01155329082432862,0.0050961614724300535,CHL
chl,302,0.27523282319035164,0.061127431126593745,28,0.09400069725908326,0.028559632263252126,28,0.011551998646085419,0.005397263178858707,CHL
chl,303,0.27485571439588824,0.06111408044314628,28,0.09353062686598489,0.030205800365474218,28,0.011549475604068651,0.0057083597084791925,CHL
chl,304,0.2745160125822659,0.061099103687030365,28,0.09919466454819927,0.03274681453882471,28,0.011546645263202282,0.006188566249948891,CHL
chl,305,0.27413765322962536,0.06102933565224857,28,0.09516148132644453,0.0341846934095765,28,0.011533460343952686,0.006460299814766292,CHL
chl,306,0.27368354218672414,0.06086598719696045,28,0.09394037476797922,0.028331583591336872,28,0.011502590387542764,0.005354166030808255,CHL
chl,307,0.27327528200848833,0.06090710597324432,28,0.09164445529238871,0.028584631878208058,28,0.011510361105847222,0.0054019876620048325,CHL
chl,308,0.27287071153309905,0.06088099686471228,28,0.08942408143705867,0.028904407877113743,28,0.011505426948123695,0.005462419645458526,CHL
chl,309,0.2725256390655824,0.06086018658487425,28,0.08481668748304008,0.02185838254105936,28,0.011501494174897618,0.004130846018982797,CHL
chl,310,0.27210692821061505,0.0608848712067136,28,0.09098214596221701,0.026689725734301072,28,0.011506159129940088,0.005043884060962957,CHL
chl,311,0.2715981141628951,0.06080063406913665,28,0.09086588203039493,0.027024978975817456,28,0.01149023980728405,0.005107240968340145,CHL
chl,312,0.2712514464764317,0.06076764294413842,28,0.08557306213073779,0.028594131907673893,28,0.01148400507069708,0.005403782998820146,CHL
chl,313,0.2708771024453988,0.060864087684432785,28,0.08889855051539056,0.026027643799980443,28,0.011502231413417018,0.004918762336265744,CHL
chl,314,0.2705484805934733,0.060868382206356424,28,0.08906715501209239,0.024121839686151083,28,0.011503043001774864,0.004558599212494578,CHL
chl,315,0.2701858033267057,0.06083395310819663,28,0.08915115398242247,0.02688429854886077,28,0.01149653651380379,0.005080654866621446,CHL
chl,316,0.2698562160164796,0.06077774984484225,28,0.08653144219441702,0.030120694167914415,28,0.011485915095396221,0.005692276148923938,CHL
chl,317,0.26946112104765785,0.060659278932101796,28,0.08770070622167925,0.024688106032386914,28,0.011463526197345787,0.004665613493063521,CHL
chl,318,0.26905697734086814,0.06066454099712866,28,0.08815456218357212,0.03041390943299054,28,0.011464520634163197,0.005747688625495317,CHL
chl,319,0.26879414363891385,0.06080672296584451,28,0.08175680475986148,0.023311107496031276,28,0.011491390500601746,0.004405385229999454,CHL
chl,320,0.2683394272930448,0.06068526695041478,28,0.08042842197371738,0.02024529645879793,28,0.011468437471168899,0.0038260014034825667,CHL
chl,321,0.26798006075929426,0.060762224832775075,28,0.08191680160314266,0.02495808010573821,28,0.011482981143894006,0.00471663379724371,CHL
chl,322,0.26769478081534126,0.0606925329733874,28,0.08212793276689635,0.024999255868060042,28,0.011469810620440756,0.004724415284897072,CHL
chl,323,0.2673159915485951,0.060677499080325104,28,0.08347568538908867,0.02165253366317203,28,0.011466969481706474,0.004091944237657684,CHL
chl,324,0.2669333287975963,0.06054342097127772,28,0.08205041866765947,0.025796302444866845,28,0.011441631100792389,0.004875042929580368,CHL
chl,325,0.2666246075192696,0.06059063235711408,28,0.07683134273596513,0.023371845931691473,28,0.011450553214076226,0.004416863715412309,CHL
chl,326,0.26624778140518396,0.06061509725592003,28,0.07992264251100174,0.022129578199694157,28,0.011455176645368433,0.004182097181081943,CHL
chl,327,0.2659414468243942,0.06062597992821764,28,0.07883490764827425,0.020815338166563144,28,0.011457233277118383,0.003933729160316946,CHL
chl,328,0.2654860236167041,0.06055746759722336,28,0.07438178938113416,0.021000998707172678,28,0.01144428566357894,0.003968815704511992,CHL
chl,329,0.2651582748662524,0.060591181766536044,28,0.07908855824467394,0.020796044033427403,28,0.011450657042697546,0.003930082911885536,CHL
chl,330,0.2648643482188186,0.060653467912304034,28,0.07827865742616776,0.021895831998550098,28,0.011462428017828033,0.004137923301215281,CHL
chl,331,0.26458344547048307,0.06065358540005621,28,0.08119441453410592,0.026365847771042988,28,0.011462450220926202,0.004982676879111885,CHL
chl,332,0.2642751699748738,0.06055534914795588,28,0.07303996094706748,0.020262334055888516,28,0.01144388531429845,0.00382922120668541,CHL
chl,333,0.26396583036683513,0.06051562235312669,28,0.08108233535569258,0.022102870928211792,28,0.01143637765576247,0.00417704998118627,CHL
chl,334,0.2636125057453345,0.06054026518690434,28,0.07526151770074849,0.023615530030794134,28,0.011441034713603582,0.004462915681461342,CHL
chl,335,0.2633192474942779,0.06056921397190549,28,0.07946487113095277,0.021873122211020148,28,0.01144650551973719,0.004133631554777326,CHL
chl,336,0.26304582556810147,0.060573190751302824,28,0.07504395064239425,0.023162663756061973,28,0.011447257060401783,0.004377332000024946,CHL
chl,337,0.26283288188802884,0.06066427357254521,28,0.07993059733759571,0.025592778373088244,28,0.01146447009566732,0.004836580495313123,CHL
chl,338,0.26255560932031713,0.06069570398158748,28,0.07614542073703336,0.02036953898579314,28,0.011470409884662382,0.0038494810341031067,CHL
chl,339,0.2622178534387186,0.060602363951966165,28,0.07642945647714772,0.02281668734103463,28,0.01145277027710914,0.004311948603335229,CHL
chl,340,0.2619938153184939,0.06050010542414034,28,0.07824051516722777,0.021740804657475306,28,0.011433445231818946,0.004108625887579603,CHL
chl,341,0.2616902441919569,0.06038817368785862,28,0.07519140743301782,0.018761887196082194,28,0.011412292121960581,0.003545663403362887,CHL
chl,342,0.26136233105699225,0.06041367815419213,28,0.073169354413839,0.017343391408018202,28,0.011417112013049145,0.0032775928968621793,CHL
chl,343,0.2610957891210849,0.06037601235471872,28,0.07721100305091448,0.022555014397178715,28,0.011409993846024926,0.004262497065172593,CHL
chl,344,0.2607622755774201,0.06034304062857908,28,0.0735315001707061,0.02063141259525812,28,0.011403762775477638,0.003898970494501334,CHL
chl,345,0.260508253277467,0.060398040277759,28,0.0759777372614904,0.0199945522710227,28,0.01141415673218663,0.003778615206086271,CHL
chl,346,0.2602249056273696,0.06046038911557457,28,0.07309519109261008,0.01899408258866564,28,0.01142593955500048,0.0035895442079593733,CHL
chl,347,0.2599394629931987,0.06035360742137487,28,0.069492392494958,0.017074403982359578,28,0.011405759711612869,0.003226759051569594,CHL
chl,348,0.2596013318986304,0.0603753050304777,28,0.07422459642981215,0.02225033955030202,28,0.011409860174307925,0.004204918931203134,CHL
chl,349,0.25929845946359603,0.060502536416387774,28,0.07184004665853724,0.02256175412711293,28,0.011433904646170792,0.004263770754408998,CHL
chl,350,0.25889919102067954,0.06036490809639931,28,0.07130107645447621,0.020609995911012764,28,0.011407895338452998,0.0038949231216141335,CHL
chl,351,0.25847602978992007,0.060236224251700825,28,0.0717798952508003,0.020865785683099845,28,0.011383576377679868,0.003943262844818156,CHL
chl,352,0.2582715991372574,0.060272997838757024,28,0.07149475003580467,0.022041357292528138,28,0.011390525932406045,0.004165424996739242,CHL
chl,353,0.258065896583985,0.06038644014222888,28,0.06799574809267647,0.0183677252439988,28,0.011411964512630391,0.0034711737961131426,CHL
chl,354,0.2578502333816458,0.06034881204192562,28,0.07223750174498146,0.02122383451876787,28,0.01140485347007966,0.004010927714560571,CHL
chl,355,0.25755919677439537,0.060380817589996895,28,0.06910469533594177,0.02154752288998637,28,0.011410901950134727,0.004072099066883979,CHL
chl,356,0.2574144650881131,0.060427467797609206,28,0.06890545616004339,0.01663752097414008,28,0.011419718010702705,0.00314419592358541,CHL
chl,357,0.25715581593554265,0.06049536127151598,28,0.07018476843084223,0.022582189278932,28,0.011432548671245676,0.004267632635103077,CHL
chl,358,0.2568867407517116,0.06038118885933982,28,0.06642769058107474,0.017959627775346536,28,0.011410972113445498,0.0033940506237753664,CHL
chl,359,0.2567196256549372,0.06040170090337903,28,0.0657094810224479,0.021362149052065307,28,0.011414848525403308,0.0040370667044042135,CHL
chl,360,0.25639556924934737,0.060264640847367185,28,0.06494698141716489,0.016248593711246196,28,0.011388946609482743,0.0030706955796061058,CHL
chl,361,0.2561513884022863,0.060271415874181763,28,0.07127340963100891,0.02178716765665087,28,0.011390226969202541,0.004117387670854862,CHL
chl,362,0.2559358469430312,0.06022092016499562,28,0.06453691006821315,0.014809821768428858,28,0.011380684177146657,0.002798793240032397,CHL
chl,363,0.25581388341816486,0.06031104432953749,28,0.07077656200058917,0.01986735860364551,28,0.01139771604332489,0.0037545778623561056,CHL
chl,364,0.25550024314168596,0.06028605910933938,28,0.06550614806746508,0.01669115000350974,28,0.01139299428053229,0.0031543308574972597,CHL
chl,365,0.25528888178570813,0.060314523400515144,28,0.0621952608626638,0.02136854594681486,28,0.011398373525939205,0.004038275603880668,CHL
chl,366,0.255104281826291,0.060388864229219484,28,0.06656770410874199,0.021993134751267813,28,0.011412422622011358,0.00415631179304193,CHL
chl,367,0.2549214763497423,0.060408688007916087,28,0.06973294657213337,0.017898416023132982,28,0.011416168964045414,0.003382482689941683,CHL
chl,368,0.2547274105709245,0.060404349197066234,28,0.06482371774224606,0.0155778436856688,28,0.011415349005867237,0.0029439357396369627,CHL
chl,369,0.25449572413569677,0.06029404678179227,28,0.06485101036693972,0.020026087976637776,28,0.011394503808736902,0.003784574894263159,CHL
chl,370,0.25428967768089283,0.06034194502746431,28,0.06357753044818935,0.016804902194131506,28,0.011403555726328653,0.0031758280008882603,CHL
chl,371,0.25413342833578534,0.0603410949203632,28,0.06042754482204472,0.01793717137386864,28,0.011403395071187417,0.003389806762800228,CHL
chl,372,0.2539015154543055,0.06038491596199435,28,0.06413825531762807,0.019690773573847697,28,0.011411676469640834,0.0037212064284916813,CHL
chl,373,0.25367305032844867,0.06020794661306663,28,0.06454185419642804,0.020293625898588588,28,0.011378232406287707,0.00383513480910322,CHL
chl,374,0.25349057057254526,0.060265155282524206,28,0.058081441981788474,0.01648416637901804,28,0.011389043828589254,0.003115214629220987,CHL
chl,375,0.25320690760088255,0.060146798205685324,28,0.06401747048936553,0.018324325588422632,28,0.011366676443502094,0.003462972032138829,CHL
chl,376,0.25296565049612885,0.06011986164875451,28,0.06476623291286801,0.019362496700869113,28,0.011361585912729575,0.003659167930843447,CHL
chl,377,0.25261291648845957,0.06007026946709419,28,0.05844085532611239,0.015443020040638451,28,0.011352213871326264,0.002918456465665423,CHL
chl,378,0.2524061550920357,0.06009713210447494,28,0.06457117492138126,0.021165213672064042,28,0.011357290432616891,0.003999849415844688,CHL
chl,379,0.2522013930333132,0.05995268461504968,28,0.06141918979814032,0.017346416477060013,28,0.011329992423007827,0.0032781645811752816,CHL
chl,380,0.2520680100329515,0.061192939275267734,27,0.061789521917795284,0.0183668272536501,27,0.011776586654360082,0.00353469755301808,CHL
chl,381,0.25189506046064664,0.06116579557263365,27,0.06297630977130038,0.022333159977513367,27,0.011771362846352553,0.004298018641624106,CHL
chl,382,0.2515855323844311,0.0611049655154659,27,0.06307285339047206,0.02286518927871726,27,0.011759656096392346,0.004400407728379718,CHL
chl,383,0.2515678329427413,0.061204720285467265,27,0.05918239804459971,0.01852537102344276,27,0.01177885391083009,0.00356520931574079,CHL
chl,384,0.25137468066961716,0.061224032914297274,27,0.05892489195416989,0.01820641948640625,27,0.011782570627981347,0.003503827063818632,CHL
chl,385,0.25119804256237227,0.06131338727579559,27,0.05785947859401353,0.019424180676249677,27,0.011799766882869453,0.003738185314073559,CHL
chl,386,0.25110168641990166,0.061327939093539924,27,0.06016639598151672,0.015947367131753015,27,0.011802567381500083,0.003069072235461131,CHL
chl,387,0.25102524953207267,0.061377880341852514,27,0.060120180031862196,0.016791837869210978,27,0.011812178579219063,0.00323159070465917,CHL
chl,388,0.2508543425784871,0.061503560330220565,27,0.0579290199695365,0.01604709029860058,27,0.011836365704257744,0.0030882639678690925,CHL
chl,389,0.2483484849012762,0.06152461545844019,26,0.057619586906857326,0.01715066610095606,26,0.012065969799572264,0.003363522350764971,CHL
chl,390,0.24811891426536445,0.061423448782941724,26,0.06130420261459606,0.017833887429895653,26,0.012046129382168725,0.003497513077240578,CHL
chl,391,0.24789166306387275,0.06137954500731212,26,0.05707347589364774,0.0163146170221083,26,0.012037519143374273,0.0031995596366355093,CHL
chl,392,0.24770952431951712,0.06135063810578447,26,0.05701348600451058,0.018685204722045073,26,0.01203185003356785,0.0036644701343532264,CHL
chl,393,0.2475135108082774,0.06143057066235718,26,0.055916624422837985,0.017974722785160033,26,0.012047526097634605,0.003525133162805841,CHL
chl,394,0.24734125126729545,0.06140006536696172,26,0.058643159646580616,0.016790580526498546,26,0.012041543517000399,0.00329290375958335,CHL
chl,395,0.24718851164798766,0.06133414245219014,26,0.05610676891885003,0.017185093880762458,26,0.012028614969738352,0.00337027419388199,CHL
chl,396,0.24696474659374765,0.06136987032775537,26,0.054694008557198144,0.016158022499128944,26,0.012035621782610903,0.0031688489240049903,CHL
chl,397,0.25021886523075576,0.06019280903921464,25,0.054985281215112904,0.017371112154412886,25,0.012038561807842928,0.0034742224308825773,CHL
chl,398,0.2499755324217605,0.06017273754778591,25,0.05651706689321996,0.016671226526189454,25,0.012034547509557183,0.003334245305237891,CHL
chl,399,0.24977413237593113,0.06006944346656884,25,0.054580525282197506,0.0159906814213964,25,0.012013888693313768,0.00319813628427928,CHL
chl,400,0.24598023630257473,0.0585880511195333,24,0.053933864015401074,0.017725985780785488,24,0.011959235855579444,0.00361830169589621,CHL
chl,401,0.24577178580685752,0.058640104428947196,24,0.05816550420472755,0.013869237587218362,24,0.011969861192870048,0.0028310462675095243,CHL
chl,402,0.24558944277109437,0.05858920023568002,24,0.056262507070711565,0.01727452548432765,24,0.011959470417930666,0.0035261477487755996,CHL
chl,403,0.23790386039551023,0.04672903122847915,23,0.05640245250237803,0.01313731325020964,23,0.00974367656606108,0.002739319174651708,CHL
chl,404,0.23772698460352326,0.046654949186383514,23,0.049192434086318924,0.015384147462923088,23,0.009728229392461357,0.0032078164939990414,CHL
chl,405,0.23754203011943045,0.0466639339974459,23,0.05627791951584965,0.015354489531312155,23,0.009730102855075444,0.0032016323877670427,CHL
chl,406,0.23739138055912307,0.046670222372776654,23,0.05647132765374419,0.014835456984417418,23,0.009731414071972906,0.0030934066203747355,CHL
chl,407,0.23716671861059258,0.0466435861846145,23,0.054656655906949576,0.014027581587239872,23,0.00972586004280556,0.002924952955301133,CHL
chl,408,0.2370231867735304,0.04667397299696043,23,0.054708520432978275,0.022737916824673285,23,0.009732196131176936,0.004741183403575253,CHL
chl,409,0.23676126492465405,0.04653716242489633,23,0.05584859981041767,0.014332807934790411,23,0.009703669154906176,0.0029885970483154146,CHL
chl,410,0.23657159797906954,0.04661559807478772,23,0.053012014279623834,0.014069096028783876,23,0.009720024118484464,0.0029336093147545876,CHL
chl,411,0.23635348104238837,0.0465872170218471,23,0.05270961992761438,0.015552367618721644,23,0.009714106259860229,0.003242892821217967,CHL
chl,412,0.2361447904332183,0.04648662200140183,23,0.05047020483406055,0.011089883684340966,23,0.009693130748115023,0.0023124005984014703,CHL
chl,413,0.23595756991878894,0.046379268712321044,23,0.049447330853002645,0.012615315845778954,23,0.009670746039945244,0.0026304751917275294,CHL
chl,414,0.23574756629882893,0.04636622025781568,23,0.05293332482521734,0.014287271596742925,23,0.009668025249099706,0.0029791020654691383,CHL
chl,415,0.235640881368345,0.04631596815123018,23,0.05162991591285294,0.01622002406607113,23,0.009657546960539899,0.0033821088141284734,CHL
chl,416,0.2354900484264293,0.04628272471922179,23,0.051278050011736666,0.014850327239474851,23,0.009650615225793423,0.0030965072828949155,CHL
chl,417,0.23890015675140344,0.04417585753393265,22,0.051493602765825354,0.01415750268506686,22,0.00941832447185783,0.0030183897142627325,CHL
chl,418,0.23872439658188774,0.04411888219564448,22,0.05437227103776731,0.014255211056940605,22,0.00940617728892019,0.0030392212091401557,CHL
chl,419,0.2386090864589069,0.04409264182976574,22,0.05028562912699409,0.012202182725051348,22,0.009400582824117409,0.002601514098083002,CHL
chl,420,0.23833601571554153,0.04402558709001289,22,0.048402860427734916,0.013996033533417418,22,0.009386286705567062,0.002983964375461739,CHL
chl,421,0.23813023137585002,0.044023238779432594,22,0.05000543130834752,0.012569800812976107,22,0.009385786044069118,0.0026798905377738405,CHL
chl,422,0.23796898392911017,0.04394918303382209,22,0.051196984092890634,0.015315957213191135,22,0.009369997306054709,0.0032653730495242287,CHL
chl,423,0.23779839757237572,0.04394998713120578,22,0.04759530880489167,0.01114061943283739,22,0.009370168740192931,0.0023751880437261658,CHL
chl,424,0.23758652180894269,0.04399099189144249,22,0.05225043254145764,0.014875852046503397,22,0.009378910984449389,0.0031715423127145976,CHL
chl,425,0.2373708128093061,0.04399444077925816,22,0.05571743534329425,0.017366445151504283,22,0.00937964628980232,0.0037025385468511304,CHL
chl,426,0.23716006177664475,0.04387755343947453,22,0.04861884603141573,0.013797147443625665,22,0.009354725825227549,0.002941561718644971,CHL
chl,427,0.23699517052612995,0.043811322817555426,22,0.048467634060782694,0.013978408935400075,22,0.009340605409189717,0.0029802067985389615,CHL
chl,428,0.23680002661720687,0.04383555387458845,22,0.04976440289090753,0.014297352941082806,22,0.009345771487907212,0.003048205889027848,CHL
chl,429,0.23666064371420292,0.04384585564314001,22,0.04974337898559102,0.016274840065109545,22,0.009347967832342133,0.0034698075604543445,CHL
chl,430,0.23647430703897784,0.043929245790220596,22,0.04801375070968989,0.013044496935910433,22,0.009365746671436715,0.00278109609123467,CHL
chl,431,0.2362879113590581,0.04384938879559134,22,0.05135643474607098,0.018491988412155814,22,0.00934872110297575,0.003942505176311267,CHL
chl,432,0.23604360949446948,0.043783936553963655,22,0.048692552440413324,0.015647342223909285,22,0.009334766638173649,0.00333602457119885,CHL
chl,433,0.23594767798271957,0.0437498354815345,22,0.04869816799101527,0.012819809956925216,22,0.009327496265103258,0.002733192666359243,CHL
chl,434,0.23572252615769063,0.043754724779423756,22,0.05038106595697007,0.01610484506291334,22,0.009328538666915723,0.00343356450420924,CHL
chl,435,0.23553930720185542,0.043742619512083775,22,0.04810311857884715,0.016717997786309717,22,0.009325957815247162,0.003564289104072741,CHL
chl,436,0.2354182540629515,0.04368369887933594,22,0.04941658645091987,0.01319828498616125,22,0.009313395894137199,0.0028138838137150763,CHL
chl,437,0.23526125606979253,0.043649212000648446,22,0.047327070053262414,0.013142471950926217,22,0.009306043266896156,0.0028019844346209863,CHL
chl,438,0.23508369637400162,0.04358012581675366,22,0.048902517189120004,0.01458477129121934,22,0.009291314042999512,0.0031094836871707046,CHL
chl,439,0.23496417632368816,0.04361988641661393,22,0.04512337043096109,0.01434861117077829,22,0.00929979103137245,0.0030591341803180455,CHL
chl,440,0.23485328673203804,0.043612206144563744,22,0.049087022968725226,0.01557860333092657,22,0.009298153591869545,0.0033213693899734435,CHL
chl,441,0.23472655045398108,0.04365023519259327,22,0.04901387511122764,0.013514163053507628,22,0.009306261412151762,0.0028812292439543497,CHL
chl,442,0.2345762041783088,0.043611478278250584,22,0.04537863552987561,0.012609524403101,22,0.009297998410250169,0.002688359635644684,CHL
chl,443,0.2344514856384266,0.04354658390652805,22,0.047024108900293626,0.014323628769214546,22,0.009284162883711476,0.0030538079144083715,CHL
chl,444,0.23421399616511546,0.04347755957087548,22,0.043893725267029504,0.011252741674754872,22,0.009269446845904378,0.00239909258602237,CHL
chl,445,0.23397106862569636,0.043458086741505295,22,0.04691402034083978,0.012714247567010686,22,0.009265295224733185,0.002710686689209255,CHL
chl,446,0.23373888323445435,0.043417460216440024,22,0.04693536219285981,0.014091147838469686,22,0.00925663362048623,0.0030042428134345483,CHL
chl,447,0.23358792722385432,0.04341682714947954,22,0.04632562620435643,0.012973499205248077,22,0.009256498650156753,0.0027659593241978323,CHL
chl,448,0.233447658942182,0.043407467660204424,22,0.04543979749290844,0.0114598829995728,22,0.009254503200338576,0.002443255264860403,CHL
chl,449,0.23328469707828425,0.0433087962056226,22,0.04728625713240763,0.013649596775215505,22,0.009233466375537881,0.0029101038104411754,CHL
chl,450,0.23309349724800085,0.04318554481991258,22,0.04835658370122143,0.011278328722801283,22,0.009207189091812683,0.00240454776299529,CHL
chl,451,0.23304276775427477,0.04324026571883786,22,0.04496003752569111,0.012614165413457392,22,0.009218855626663176,0.002689349102377281,CHL
chl,452,0.23286599708591862,0.04311028541485292,22,0.04530594515578506,0.013007990528583584,22,0.009191143732741467,0.0027733128990410157,CHL
chl,453,0.23273527288967957,0.04316316631723228,22,0.046367393215759445,0.013505348849167305,22,0.009202417979010277,0.002879350049274888,CHL
chl,454,0.23258422128621284,0.04310685035422045,22,0.04528211388319597,0.014056002914184879,22,0.009190411375353898,0.002996749890400764,CHL
chl,455,0.23367912955023648,0.04369006941246978,21,0.046587034120637194,0.01297102994636515,21,0.009533954771453218,0.0028305107890836804,CHL
chl,456,0.23359674163463706,0.04367014760314809,21,0.043797197065370275,0.013200843596261412,21,0.009529607476253357,0.002880660238911476,CHL
chl,457,0.23346379268654557,0.04362448775393441,21,0.046913299125109116,0.011866554986886456,21,0.009519643680289453,0.0025894945936077566,CHL
chl,458,0.23329460495594348,0.04367490802923001,21,0.04374209571652311,0.013580284960940525,21,0.009530646286389577,0.0029634611329800178,CHL
chl,459,0.23313286793042984,0.04365473917562193,21,0.04487146551011164,0.014454999335622401,21,0.009526245081706743,0.003154339458382192,CHL
chl,460,0.23303159318493458,0.043695342964665394,21,0.044100158363664564,0.015240535063961348,21,0.009535105554887395,0.0033257574077253105,CHL
chl,461,0.23285551401955643,0.04376447016055563,21,0.04544254453711685,0.016867503143738822,21,0.009550190345732493,0.003680790949575655,CHL
chl,462,0.23284089829430327,0.04375058106996044,21,0.04384984190438982,0.014220123535424253,21,0.009547159497685514,0.003103085356795462,CHL
chl,463,0.23270672445756638,0.04376403849020987,21,0.04729020756005213,0.012522878112099347,21,0.009550096147540363,0.002732716041304807,CHL
chl,464,0.23256077794265664,0.04368976960556155,21,0.04774054952718843,0.013924833573592156,21,0.009533889348222227,0.003038647804316595,CHL
chl,465,0.23233893177668272,0.04366192166616969,21,0.04241301158278844,0.012904194407581787,21,0.009527812429640715,0.002815926078817589,CHL
chl,466,0.23218175782183137,0.04362805913215488,21,0.04101461358406167,0.011112058701110705,21,0.009520423018909959,0.00242485000593488,CHL
chl,467,0.2319835054143378,0.043633192527315394,21,0.04577313289957503,0.014778983139460338,21,0.009521543217571635,0.003225038520526338,CHL
chl,468,0.23187172061617048,0.04365804654813469,21,0.04250095596480706,0.011080032635893992,21,0.009526966809558703,0.0024178613455507285,CHL
chl,469,0.2316971284390452,0.043595651927073834,21,0.042101722330378635,0.011577804927974134,21,0.009513351186988728,0.0025264841649463915,CHL
chl,470,0.23164341401995525,0.04363415516547426,21,0.03984144219920873,0.009520020770172144,21,0.009521753282439722,0.0020774388474697927,CHL
chl,471,0.23151553969529118,0.0436209456322915,21,0.04530885534637482,0.015449928545880044,21,0.009518870725977577,0.003371450811578777,CHL
chl,472,0.2314098791955191,0.04362680508445263,21,0.0430297385011912,0.014154756122183136,21,0.009520149363266119,0.003088821017787801,CHL
chl,473,0.23138005186419183,0.043670141402855786,21,0.04412094243542481,0.01285248955518913,21,0.009529606123238651,0.0028046431550135,CHL
chl,474,0.23129252971224443,0.043723800358952195,21,0.03743454245745391,0.009127290193589009,21,0.009541315467430275,0.0019917380096166563,CHL
chl,475,0.23121134761034398,0.0437819322998119,21,0.04119508284494626,0.01176725552683879,21,0.009554000896920004,0.002567825674934582,CHL
chl,476,0.2310834796771022,0.04374990631510901,21,0.04135207626740656,0.012540183447898473,21,0.00954701225410541,0.0027364923751727176,CHL
chl,477,0.2309193196740599,0.043727123617107566,21,0.04076091481298004,0.011005855417512285,21,0.009542040661813649,0.002401674549451898,CHL
chl,478,0.23083423512441206,0.0436825355009796,21,0.041211307750760456,0.012985273681414696,21,0.009532310737182607,0.002833619026895273,CHL
chl,479,0.23069735920380494,0.04369451587723131,21,0.04342266192157063,0.010898199765520542,21,0.009534925069612489,0.0023781821602022798,CHL
chl,480,0.2281922283498597,0.04331992136327988,20,0.0404551288116629,0.01494727419129139,20,0.009686628894823917,0.003342312117005574,CHL
chl,481,0.22796583059356745,0.043285317383322405,20,0.039077931342213025,0.010558688069501998,20,0.009678891209676221,0.002360994427662249,CHL
chl,482,0.22784884230857472,0.04313518052356355,20,0.04013138890439612,0.01264285640620829,20,0.009645319587241305,0.002827028635405043,CHL
chl,483,0.22770332933790932,0.04305673781314883,20,0.03962826661854191,0.010621692891383134,20,0.009627779263958643,0.002375082734125898,CHL
chl,484,0.22756095450753108,0.043001497374809974,20,0.041167228943613327,0.013831953834727146,20,0.009615427126435386,0.0030929189036088788,CHL
chl,485,0.22393735856049016,0.04315179546607256,18,0.0455554012346189,0.011870571921943286,18,0.010170975731478276,0.0027979206341895756,CHL
chl,486,0.22376671879377497,0.043147533493700194,18,0.04217516159459714,0.013287266117569354,18,0.010169971174956365,0.003131838658387847,CHL
chl,487,0.223649698201264,0.043146172819448936,18,0.040726931852650465,0.011588279380271573,18,0.010169650460959682,0.0027313836440247576,CHL
chl,488,0.22350339717976286,0.04314121161979742,18,0.04067871605715245,0.013616020798092298,18,0.010168481094987546,0.0032093268797027106,CHL
chl,489,0.22342859918658262,0.04309972057130705,18,0.040264400195035875,0.012205936842338878,18,0.010158701561072186,0.002876966903984179,CHL
chl,490,0.22334207942540463,0.04316007373194105,18,0.04176801307583499,0.012269092679974178,18,0.010172926937455633,0.0028918528776719914,CHL
chl,491,0.2233277027366541,0.043065692132449124,18,0.0417986313925891,0.013331475158447622,18,0.010150680981115642,0.0031422588292527726,CHL
chl,492,0.22330405590403446,0.04304667243814002,18,0.04166202114955903,0.012105702408663559,18,0.010146197996174954,0.002853341421397442,CHL
chl,493,0.22318425478573017,0.04305580480134469,18,0.04006034616546419,0.012107592793271997,18,0.010148350514825048,0.0028537869893226677,CHL
chl,494,0.22301074790080083,0.04293315240217748,18,0.041774171518780705,0.011023793574488471,18,0.010119441067098405,0.002598333063640496,CHL
chl,495,0.22291966519557624,0.04295938151556155,18,0.03677718238298906,0.008907595371012066,18,0.0101256233284112,0.0020995403636361776,CHL
chl,496,0.2227831410822507,0.042813435392609366,18,0.04019937411933849,0.011422971311601327,18,0.010091223497335407,0.0026924201585775635,CHL
chl,497,0.22259126934829596,0.04274866964140073,18,0.04195341165674148,0.014544429481773506,18,0.010075958063379319,0.0034281549050171967,CHL
chl,498,0.22243649969209134,0.042755994259815154,18,0.04097336172866246,0.010981729812391351,18,0.010077684492496132,0.002588418539833466,CHL
chl,499,0.2224170701048551,0.04283929755099553,18,0.03931036101084601,0.011632523192170839,18,0.010097319266525734,0.0027418120104979286,CHL
chl,500,0.22237732637631513,0.04286140121264735,18,0.03964828505870493,0.011134661123964835,18,0.010102529149540086,0.002624464795656587,CHL
gradient_descent,1,0.47533135806105536,0.09488309393327894,30,0.5648745606225885,0.20352792088250465,30,0.017323203624379484,0.03715894444982485,Gradient Descent
gradient_descent,2,0.4750595868059045,0.09477208287506703,30,0.5411003840960589,0.17730784080123027,30,0.017302935870807754,0.032371834676456226,Gradient Descent
gradient_descent,3,0.47479012368246953,0.09469645114175351,30,0.5464839461157657,0.15819891243360387,30,0.017289127468674746,0.028883037637556445,Gradient Descent
gradient_descent,4,0.4744989092691565,0.09463451478899954,30,0.5707722616382631,0.13247144658106805,30,0.017277819489497095,0.024185866505930527,Gradient Descent
gradient_descent,5,0.47422654631961336,0.09453888568348921,30,0.5441101952863433,0.1733643290884304,30,0.017260360083416415,0.03165185123616079,Gradient Descent
gradient_descent,6,0.4739289275563022,0.09444101991472909,30,0.5800812760401682,0.16685506709520959,30,0.017242492320363914,0.030463428027361426,Gradient Descent
gradient_descent,7,0.47363210953419854,0.09431136557207899,30,0.5896090843091051,0.1754897652650812,30,0.01721882078431459,0.03203990101565718,Gradient Descent
gradient_descent,8,0.4733656606692846,0.09422533080315758,30,0.5357137664797971,0.18000986886264927,30,0.01720311305642526,0.032865155249873275,Gradient Descent
gradient_descent,9,0.4730922477442442,0.0941276294182192,30,0.5429376047432722,0.1440917658600841,30,0.017185275305615175,0.02630743683744028,Gradient Descent
gradient_descent,10,0.4728158725515165,0.09404173321327562,30,0.5487757352165995,0.15055845028974557,30,0.017169592875931283,0.027488086482237953,Gradient Descent
gradient_descent,11,0.4725409038017395,0.09396464465993672,30,0.5544932963991027,0.1400476194576417,30,0.01715551849606823,0.02556908010061659,Gradient Descent
gradient_descent,12,0.4722702367309897,0.09386800048669398,30,0.5375544198707999,0.16331181361062386,30,0.017137873764822734,0.029816521407205965,Gradient Descent
gradient_descent,13,0.4719852090376414,0.09374307258590336,30,0.5611378634040283,0.20964905424803676,30,0.017115065155047807,0.03827650539042467,Gradient Descent
gradient_descent,14,0.4717103491638221,0.09366369939861685,30,0.537692461557281,0.15636354352121637,30,0.017100573660001835,0.028547946652670325,Gradient Descent
gradient_descent,15,0.4714389649036443,0.09355745106708285,30,0.5268244642819002,0.18370881211547024,30,0.017081175457375683,0.03354048680270714,Gradient Descent
gradient_descent,16,0.4711819774688946,0.09348400192748331,30,0.5177948764937695,0.1396983438296826,30,0.01706776554051301,0.025505311387209934,Gradient Descent
gradient_descent,17,0.4709085839423181,0.09339028052368722,30,0.5620497066427337,0.16522132886997684,30,0.017050654431519624,0.03016514960102195,Gradient Descent
gradient_descent,18,0.4706397702494534,0.09330984857408875,30,0.5398425716690685,0.1746339270321511,30,0.017035969633806557,0.03188364704707346,Gradient Descent
gradient_descent,19,0.4703573142512782,0.0932219908287917,30,0.5408587562133991,0.15961166768416568,30,0.017019929077489643,0.029140970277211967,Gradient Descent
gradient_descent,20,0.47008037249725254,0.09312889583666947,30,0.5594038713780525,0.17871945233404196,30,0.017002932335097608,0.0326295585027747,Gradient Descent
gradient_descent,21,0.4698017855400606,0.09301073691929604,30,0.5515127614454244,0.20230693535300254,30,0.016981359566959002,0.03693602401085962,Gradient Descent
gradient_descent,22,0.4695431664017743,0.09294117905139182,30,0.5083044009633603,0.13991662342652003,30,0.016968660095857964,0.02554516360688693,Gradient Descent
gradient_descent,23,0.46926963433915136,0.09284809179444167,30,0.5441022911103667,0.1572959215309279,30,0.016951664765708675,0.028718174808683914,Gradient Descent
gradient_descent,24,0.4689870723345939,0.09275233028167632,30,0.5415520167273307,0.1521632324574901,30,0.016934181185481206,0.027781078279956527,Gradient Descent
gradient_descent,25,0.4687244650751575,0.09269005809085207,30,0.5235429741835702,0.1243327466479736,30,0.016922811890941303,0.02269994999188999,Gradient Descent
gradient_descent,26,0.4684264442713197,0.09257398221074249,30,0.5811132614665773,0.19578333149974456,30,0.01690161943163521,0.03574498234864061,Gradient Descent
gradient_descent,27,0.46814404597843295,0.09246827919719483,30,0.5590206088351066,0.1919354287183661,30,0.016882320789996432,0.035042454631157995,Gradient Descent
gradient_descent,28,0.4678807793400426,0.09239699294652977,30,0.523881597183129,0.14592937111505497,30,0.016869305760820026,0.026642936120752806,Gradient Descent
gradient_descent,29,0.4676100528084292,0.09230713332651437,30,0.5313485766344483,0.15600690568063308,30,0.016852899713856267,0.02848283378928786,Gradient Descent
gradient_descent,30,0.467345863109679,0.09223920542570258,30,0.538241512176884,0.14005869253921083,30,0.016840497832670068,0.02557110175946876,Gradient Descent
gradient_descent,31,0.467071414783458,0.09212319019241623,30,0.5407983778044392,0.19399242540612674,30,0.01681931644590835,0.0354180091266913,Gradient Descent
gradient_descent,32,0.4668045159660139,0.09203740614306875,30,0.5517558041313847,0.1731176913471365,30,0.016803654492941102,0.031606821551347856,Gradient Descent
gradient_descent,33,0.4665439102133719,0.09196599669565937,30,0.5245738048807536,0.16927627658492342,30,0.0167906169712194,0.03090547837868204,Gradient Descent
gradient_descent,34,0.46626875136567575,0.09188316146156471,30,0.552881568682533,0.16147934381223478,30,0.016775493395796114,0.02948195972569775,Gradient Descent
gradient_descent,35,0.46599731633812397,0.09180329778429114,30,0.5426934919943117,0.17154928696848562,30,0.016760912349940097,0.031320471398855534,Gradient Descent
gradient_descent,36,0.46572784010868745,0.09171428620047678,30,0.5406506111142517,0.15419419302912757,30,0.0167446611324953,0.028151879252786335,Gradient Descent
gradient_descent,37,0.4654651718094962,0.09162364201592717,30,0.5227889308394749,0.16601321750374046,30,0.016728111844300474,0.030309728023603377,Gradient Descent
gradient_descent,38,0.46521012136305534,0.09153909689076467,30,0.521389450051483,0.14460441278037045,30,0.01671267608690761,0.02640103293153241,Gradient Descent
gradient_descent,39,0.4649426611531506,0.0914644640286193,30,0.5525058750543209,0.156230014355795,30,0.016699050052864876,0.028523567674008286,Gradient Descent
gradient_descent,40,0.46468011126787206,0.09139401044868144,30,0.5323337791089072,0.14820330793240918,30,0.016686187047868558,0.02705809828382161,Gradient Descent
gradient_descent,41,0.4644136503150182,0.09130757031146328,30,0.541852703541435,0.14811417747941963,30,0.016670405310192482,0.027041825363933934,Gradient Descent
gradient_descent,42,0.4641488799085565,0.09122794490760075,30,0.5343077391962522,0.15274226361060714,30,0.01665586776691049,0.027886794421310004,Gradient Descent
gradient_descent,43,0.46387649227501093,0.09113857574966903,30,0.5393865754548475,0.17315116267367653,30,0.016639551265662345,0.03161293255153972,Gradient Descent
gradient_descent,44,0.463617665391754,0.09102251516052313,30,0.5157954880666428,0.16926960615331382,30,0.016618361598091495,0.03090426053006175,Gradient Descent
gradient_descent,45,0.46334613716894874,0.09092670093192895,30,0.5321925408767503,0.1879906758266658,30,0.016600868393314497,0.03432224458363533,Gradient Descent
gradient_descent,46,0.46308015511128686,0.09080542146395294,30,0.5229396893055414,0.17812882736830066,30,0.01657872589319027,0.03252172563052062,Gradient Descent
gradient_descent,47,0.46281105285877694,0.09072008193962816,30,0.5315963012378407,0.14239395302050242,30,0.016563145099017122,0.025997460040553352,Gradient Descent
gradient_descent,48,0.46253830953512115,0.09060483143543763,30,0.5419784375166482,0.18773636706858093,30,0.016542103332047454,0.03427581436917727,Gradient Descent
gradient_descent,49,0.4622733439417072,0.09051348099022044,30,0.5296395093047311,0.14927186262137027,30,0.016525425098886257,0.02725318878617891,Gradient Descent
gradient_descent,50,0.4620141723888896,0.09042272807767762,30,0.5177754823096696,0.16300570024282973,30,0.016508855959766592,0.029760633008307724,Gradient Descent
gradient_descent,51,0.4617451196929151,0.09035058164789879,30,0.5375506844122583,0.17543988585404283,30,0.016495683884088817,0.032030794322796916,Gradient Descent
gradient_descent,52,0.46148078205770643,0.09026393197334913,30,0.5261004947125831,0.138676869464361,30,0.01647986389030504,0.025318816536609962,Gradient Descent
gradient_descent,53,0.4612312875980053,0.09019300598853586,30,0.5066904423716858,0.13181592244554105,30,0.016466914636373207,0.02406618472059146,Gradient Descent
gradient_descent,54,0.4609557873037815,0.09011042867056417,30,0.5468034579592354,0.14715098586323877,30,0.016451838149776084,0.02686597143880656,Gradient Descent
gradient_descent,55,0.46069044750655774,0.09000868701548671,30,0.5256877555620375,0.1816909642024576,30,0.016433262749934806,0.03317207986284988,Gradient Descent
gradient_descent,56,0.46041382386577384,0.08991662571894049,30,0.5294165328134344,0.1475530447760286,30,0.01641645473367096,0.02693937701746689,Gradient Descent
gradient_descent,57,0.4601541810322108,0.08985017615637994,30,0.5223934711039058,0.1272681023640556,30,0.016404322758887372,0.02323587017188994,Gradient Descent
gradient_descent,58,0.4598822371222469,0.08975019223371229,30,0.5406951115759578,0.15856458192379927,30,0.01638606827560973,0.028949799447013588,Gradient Descent
gradient_descent,59,0.45961387254555064,0.08965380222831638,30,0.5343331272418573,0.15673497383020524,30,0.016368469948851938,0.02861576023892843,Gradient Descent
gradient_descent,60,0.4593362264572544,0.08954236160632134,30,0.5510164712532593,0.17415307766150667,30,0.01634812376802224,0.03179585636471875,Gradient Descent
gradient_descent,61,0.45907218894699814,0.08944700755757409,30,0.5211310500321344,0.17250826045230513,30,0.016330714580206136,0.03149555520190129,Gradient Descent
gradient_descent,62,0.4588125686862561,0.08937656143726687,30,0.5181920015015942,0.13730249075006437,30,0.016317852937145806,0.025067890461818225,Gradient Descent
gradient_descent,63,0.45854937764922493,0.08931143486935737,30,0.5212095239501157,0.14639029475617435,30,0.0163059625070335,0.02672708887926231,Gradient Descent
gradient_descent,64,0.458282186841068,0.0891970006478207,30,0.5298426496029083,0.16738120209586055,30,0.01628506977220477,0.030559486696744603,Gradient Descent
gradient_descent,65,0.4580205830254162,0.08911526166751742,30,0.5184950707090201,0.15558793826917028,30,0.01627014634442491,0.028406341155248618,Gradient Descent
gradient_descent,66,0.45776327631859776,0.08903625555221423,30,0.5128293629765764,0.14330287597587674,30,0.01625572186724744,0.026163405909117612,Gradient Descent
gradient_descent,67,0.45752157802132365,0.08895148393392815,30,0.49409843617519505,0.14935925294763636,30,0.01624024475805694,0.0272691440038468,Gradient Descent
gradient_descent,68,0.4572501158294541,0.08886123516031885,30,0.5344081611773254,0.1660402302859304,30,0.01622376766169261,0.030314659860318845,Gradient Descent
gradient_descent,69,0.4569855130114039,0.08878029889065531,30,0.521571029572746,0.1523898214050357,30,0.016208990788154264,0.027822447572573888,Gradient Descent
gradient_descent,70,0.45669502933643585,0.08868273705703152,30,0.5570248193316979,0.1485936379519623,30,0.016191178515811824,0.027129362469348498,Gradient Descent
gradient_descent,71,0.4564412123366882,0.08860842119380322,30,0.49797169982799805,0.13399322585014536,30,0.016177610357588287,0.024463704117002983,Gradient Descent
gradient_descent,72,0.4561915734530965,0.08851790302468493,30,0.5067623930760685,0.17160710803442367,30,0.016161084076558235,0.03133102803289329,Gradient Descent
gradient_descent,73,0.4559214434011252,0.08842159497774729,30,0.524386985091607,0.16585368462445463,30,0.016143500713299234,0.030280601438053844,Gradient Descent
gradient_descent,74,0.45564765230154525,0.08832060408005125,30,0.5267518362363119,0.1750636462257339,30,0.016125062382375627,0.03196210267897953,Gradient Descent
gradient_descent,75,0.45540446651997113,0.08824143785581086,30,0.48555003340958,0.12072360086347374,30,0.016110608673439303,0.022041013138724905,Gradient Descent
gradient_descent,76,0.4551361474613373,0.08814697678762379,30,0.5214446986675019,0.16233836115764985,30,0.016093362520821938,0.0296387941181551,Gradient Descent
gradient_descent,77,0.4548876672676004,0.08805974951788224,30,0.49479603489982554,0.15000304139139398,30,0.01607743707306626,0.027386683154815867,Gradient Descent
gradient_descent,78,0.4546330496232692,0.08796013896386538,30,0.4999827075669428,0.16356398170165076,30,0.016059250757266053,0.02986256079111878,Gradient Descent
gradient_descent,79,0.4543706411225681,0.08783387481709852,30,0.5128739426122437,0.1770979297889087,30,0.016036198183469935,0.032333510344283806,Gradient Descent
gradient_descent,80,0.454106936962963,0.08774577510428072,30,0.5203615339547192,0.14982626680640754,30,0.016020113450129922,0.02735440867888564,Gradient Descent
gradient_descent,81,0.45384382815250135,0.08765029130306591,30,0.517243495790009,0.13555213157151078,30,0.016002680572862693,0.024748320059874884,Gradient Descent
gradient_descent,82,0.45359283544097656,0.08756487762682046,30,0.49721082421509605,0.15493998851764373,30,0.015987086240463,0.02828804225690163,Gradient Descent
gradient_descent,83,0.4533350388739742,0.08749426514495023,30,0.524244281280596,0.1337650282218329,30,0.01597419422407575,0.024422041120804344,Gradient Descent
gradient_descent,84,0.45307344865658733,0.0874183843186792,30,0.5053893436711107,0.11447031565711596,30,0.015960340343998826,0.02089932468337974,Gradient Descent
gradient_descent,85,0.45279539681177533,0.08731000783489566,30,0.5309590536028497,0.1726297168134834,30,0.01594055359570838,0.031517729998157905,Gradient Descent
gradient_descent,86,0.45253288859258756,0.08721008498522763,30,0.5180868069795591,0.16713242566633055,30,0.01592231026278392,0.030514066542668212,Gradient Descent
gradient_descent,87,0.4522649782231245,0.08713392276555447,30,0.5193833569586264,0.13682253254939047,30,0.0159084050075357,0.02498026248409533,Gradient Descent
gradient_descent,88,0.45200256436547104,0.08702982620910643,30,0.5327813246274788,0.16427597824232784,30,0.01588939966349397,0.029992552979850276,Gradient Descent
gradient_descent,89,0.4517417245540949,0.08694752459137063,30,0.5086454609035547,0.1378551964562245,30,0.01587437351264295,0.025168800256126795,Gradient Descent
gradient_descent,90,0.45149756767181287,0.0868945251917497,30,0.50082974973943,0.12947082084400238,30,0.01586469719040741,0.02363802970499005,Gradient Descent
gradient_descent,91,0.4512432606647778,0.08682383684047604,30,0.5115513178135678,0.14502879662081145,30,0.015851791322225597,0.02647851446568248,Gradient Descent
gradient_descent,92,0.45097632602189414,0.0867049886800367,30,0.514625381165148,0.17446478198227708,30,0.015830092716095392,0.03185276552730468,Gradient Descent
gradient_descent,93,0.45070997146121,0.08661651404730152,30,0.5204580023312907,0.1570638528380573,30,0.01581393953205671,0.02867580505602526,Gradient Descent
gradient_descent,94,0.4504581696601958,0.08653285136030828,30,0.5033987834201779,0.1339164865855917,30,0.015798664885094148,0.024449693508255516,Gradient Descent
gradient_descent,95,0.4502124645294267,0.0864630375341204,30,0.4960151582947075,0.1511581231795171,30,0.015785918682617864,0.027597571271855345,Gradient Descent
gradient_descent,96,0.4499660311170628,0.08637949646730203,30,0.4869863902535245,0.12517805171697324,30,0.01577066624035971,0.022854280876644845,Gradient Descent
gradient_descent,97,0.4497093501405417,0.08629470305369596,30,0.5041276029988885,0.1615457484708851,30,0.015755185151906406,0.029494083502186488,Gradient Descent
gradient_descent,98,0.44943822430725483,0.08619872836988478,30,0.5104689152115547,0.15171695751747682,30,0.015737662652148803,0.027699599996125014,Gradient Descent
gradient_descent,99,0.4491826345704815,0.08611100887386887,30,0.49971156365800723,0.16115356523763105,30,0.015721647336581837,0.02942248096767697,Gradient Descent
gradient_descent,100,0.44891535293750173,0.08601623159727569,30,0.5181431170350571,0.1577198716873384,30,0.015704343452472173,0.028795577163325207,Gradient Descent
gradient_descent,101,0.4486488988584544,0.08591710076200781,30,0.5111724543217683,0.13823185327552184,30,0.015686244720931993,0.02523756806824923,Gradient Descent
gradient_descent,102,0.44838347800718126,0.0858477562924551,30,0.5152922640050259,0.13970207472874316,30,0.015673584210861242,0.025505992553068346,Gradient Descent
gradient_descent,103,0.44814117848954615,0.08578763228260303,30,0.48502493443680167,0.11299965692650218,30,0.01566260711871336,0.02063082036299671,Gradient Descent
gradient_descent,104,0.44788714596766976,0.08570922392510617,30,0.48622917551908257,0.11629849614187464,30,0.015648291776680708,0.02123310324694409,Gradient Descent
gradient_descent,105,0.44763396454499,0.08562575043689996,30,0.5024082479526164,0.1594343919717447,30,0.015633051672532646,0.029108604308348374,Gradient Descent
gradient_descent,106,0.44735785346968154,0.08551224167706847,30,0.5319268127295588,0.17463281883776471,30,0.015612327903121266,0.03188344471938561,Gradient Descent
gradient_descent,107,0.4471090040299665,0.08541362144463159,30,0.4861645746102413,0.15998664159202775,30,0.015594322394477238,0.029209430833149273,Gradient Descent
gradient_descent,108,0.4468489499084335,0.08530710373268285,30,0.5192850778844231,0.1586031949929553,30,0.015574875009941185,0.028956849196677344,Gradient Descent
gradient_descent,109,0.4465883826950247,0.08524542051399206,30,0.5120499100282132,0.12309997248669906,30,0.015563613246509027,0.022474877253076796,Gradient Descent
gradient_descent,110,0.4463394440369392,0.08516420628824324,30,0.4937209179492024,0.15745540789681758,30,0.015548785625364712,0.02874729290208802,Gradient Descent
gradient_descent,111,0.4460911745205687,0.08508145646504546,30,0.4926483246179156,0.16575629413657586,30,0.015533677643766383,0.0302628204490213,Gradient Descent
gradient_descent,112,0.44583007637240885,0.08501374772242641,30,0.5059113374918406,0.13814258736217205,30,0.015521315775208796,0.025221270416796573,Gradient Descent
gradient_descent,113,0.4455902409092536,0.08495010767863329,30,0.4864957460305594,0.1401859284868746,30,0.015509696746026758,0.025594331759022426,Gradient Descent
gradient_descent,114,0.4453458267805347,0.08487760089120752,30,0.4859094139233741,0.1317234672029394,30,0.015496458878344983,0.024049304779947277,Gradient Descent
gradient_descent,115,0.4450913195825242,0.08478831878910331,30,0.4874523451998522,0.13177990989933497,30,0.015480158271243665,0.024059609759288034,Gradient Descent
gradient_descent,116,0.4448374856130685,0.08467579891148068,30,0.4918359630638187,0.16705847468522153,30,0.015459615046196452,0.030500565002500528,Gradient Descent
gradient_descent,117,0.44458691038363984,0.08458263548417297,30,0.4947630765682192,0.14704439807314854,30,0.015442605809306145,0.026846511259810878,Gradient Descent
gradient_descent,118,0.4443352887830768,0.08449641071291658,30,0.4906864470771261,0.15576472369373734,30,0.015426863391895196,0.028438617610206454,Gradient Descent
gradient_descent,119,0.4440851093840399,0.0844129338927284,30,0.4948712748499279,0.15784038448988894,30,0.015411622679413239,0.028817579690133575,Gradient Descent
gradient_descent,120,0.4438290456119725,0.08431570983812903,30,0.5049601870804098,0.17091918540815598,30,0.015393872076801176,0.031205431119484955,Gradient Descent
gradient_descent,121,0.44358205283815,0.0842324757500947,30,0.49036881390730797,0.13143544585039668,30,0.015378675680944583,0.02399671951600368,Gradient Descent
gradient_descent,122,0.44332605043642276,0.08413096796862096,30,0.5030977402163698,0.15909401236658227,30,0.015360142980386094,0.02904645977906099,Gradient Descent
gradient_descent,123,0.4430651328941689,0.08403150880969144,30,0.5010330090691396,0.17460787633725286,30,0.015341984305420699,0.03187889086266197,Gradient Descent
gradient_descent,124,0.442823173590712,0.08395964076212797,30,0.4729493487026338,0.13010844157890522,30,0.015328863055149243,0.023754442791536486,Gradient Descent
gradient_descent,125,0.44256043266445294,0.08387757211991555,30,0.508002349052937,0.12267924305126662,30,0.01531387943961472,0.022398062918945878,Gradient Descent
gradient_descent,126,0.4423013632731667,0.08378252279901612,30,0.4949636933753872,0.16129908494721007,30,0.015296525887237332,0.029449049110176314,Gradient Descent
gradient_descent,127,0.4420416443302466,0.08368545293988822,30,0.505592790226598,0.15674146774049114,30,0.015278803436737931,0.028616945859311765,Gradient Descent
gradient_descent,128,0.4417879877177049,0.08359079424841774,30,0.4770880147709195,0.16391299491230107,30,0.015261521203210499,0.029926281593898943,Gradient Descent
gradient_descent,129,0.44152811778214995,0.08348606672213939,30,0.4852902293832916,0.14492225854531735,30,0.015242400660365708,0.02645906336328871,Gradient Descent
gradient_descent,130,0.4412837790873298,0.08341094090487827,30,0.48122650606313333,0.13205652667697465,30,0.015228684625444067,0.024110112842253915,Gradient Descent
gradient_descent,131,0.44103543683148233,0.0833380470915373,30,0.4927365333085093,0.12626804996143726,30,0.015215376096820927,0.023053286418689502,Gradient Descent
gradient_descent,132,0.440779217590979,0.08325137648670194,30,0.5003566264585734,0.152387018485789,30,0.01519955228170728,0.02782193583187446,Gradient Descent
gradient_descent,133,0.4405313624504422,0.08315558286465384,30,0.48662725759746067,0.12524487432142484,30,0.015182062839153656,0.02286648095924797,Gradient Descent
gradient_descent,134,0.44028529408602507,0.08308049636775552,30,0.4845139048235926,0.11246608923677681,30,0.01516835398311524,0.02053340467645721,Gradient Descent
gradient_descent,135,0.4400381346565396,0.08299419724479473,30,0.48009892671487514,0.13184510608163608,30,0.015152597991002393,0.024071512899191214,Gradient Descent
gradient_descent,136,0.4397880169139939,0.08289135720088875,30,0.4857524508988342,0.15501531430296386,30,0.015133822053715017,0.028301794800828842,Gradient Descent
gradient_descent,137,0.4395294441096798,0.08281884586929184,30,0.5042794327469674,0.1300311804520842,30,0.015120583356384895,0.02374033690421044,Gradient Descent
gradient_descent,138,0.4392727192145178,0.08272923921191877,30,0.4862164518108598,0.1387116760116813,30,0.015104223493869607,0.025325171313648694,Gradient Descent
gradient_descent,139,0.4390244969559672,0.08266527696180422,30,0.488668529373579,0.11503660511863904,30,0.015092545638130764,0.021002714520764288,Gradient Descent
gradient_descent,140,0.43877610453240296,0.08258890732390346,30,0.47926383475989454,0.1238284809725548,30,0.015078602513668516,0.022607884096755838,Gradient Descent
gradient_descent,141,0.4385268454750643,0.08251630601494302,30,0.47919538762808317,0.11878212656196495,30,0.015065347388794503,0.021686550048807256,Gradient Descent
gradient_descent,142,0.43827606981821815,0.08240531415056324,30,0.4746381142276832,0.15840903508319928,30,0.01504508313952105,0.02892140060923183,Gradient Descent
gradient_descent,143,0.43802685714860023,0.0823145473137432,30,0.494143386853063,0.14523998151959502,30,0.015028511458187808,0.02651707137663855,Gradient Descent
gradient_descent,144,0.4377745788202254,0.08223369564491188,30,0.4945251257812945,0.1257899049479195,30,0.015013750030577526,0.022965989482135407,Gradient Descent
gradient_descent,145,0.4375266170988194,0.08213797042381732,30,0.4789118401520545,0.1305927160373845,30,0.014996273076272305,0.023842858806514055,Gradient Descent
gradient_descent,146,0.43725973382008737,0.08203909141568505,30,0.5033721880692751,0.15893702812074437,30,0.014978220321866378,0.029017798508188204,Gradient Descent
gradient_descent,147,0.43699031756950646,0.08195306579223582,30,0.5128563488139093,0.15569052483044818,30,0.014962514263704183,0.02842507081315155,Gradient Descent
gradient_descent,148,0.4367250043411035,0.08188632633853832,30,0.5115364474596409,0.1522419892501582,30,0.014950329362282284,0.027795457237256883,Gradient Descent
gradient_descent,149,0.4364743599629211,0.08181833604803043,30,0.48155951523472135,0.13723497611453953,30,0.014937916090348119,0.025055564032205324,Gradient Descent
gradient_descent,150,0.4362061176441969,0.08171330393530114,30,0.5144790961260114,0.16631845770484135,30,0.014918739937880033,0.030365457004803503,Gradient Descent
gradient_descent,151,0.43596426107714664,0.0816596667230705,30,0.4727143002327905,0.11695527975958145,30,0.01490894716752656,0.021353014981216712,Gradient Descent
gradient_descent,152,0.4357016495995712,0.08156015553378118,30,0.48033457074056335,0.14513244256846233,30,0.014890778993160585,0.026497437540189944,Gradient Descent
gradient_descent,153,0.43546331278698763,0.0814899726084122,30,0.4538482031777214,0.13026364560675135,30,0.014877965402701821,0.023782779040558817,Gradient Descent
gradient_descent,154,0.4352091064727289,0.08141448636648363,30,0.4917018168531721,0.13729131825988192,30,0.014864183563539964,0.025065850653519413,Gradient Descent
gradient_descent,155,0.4349529119074059,0.08133365256524358,30,0.48139623584912833,0.13984667788408547,30,0.014849425398090609,0.025532393356424148,Gradient Descent
gradient_descent,156,0.4347178532870487,0.08127957098317677,30,0.4459220344754088,0.11011363856548058,30,0.01483955149727609,0.02010390791042817,Gradient Descent
gradient_descent,157,0.4344647439808568,0.08118463226773422,30,0.4716103016913161,0.12045725593663632,30,0.014822218138599939,0.021992385430556267,Gradient Descent
gradient_descent,158,0.43422643006319583,0.08113039376235298,30,0.4636245058436632,0.116497520818526,30,0.01481231558763905,0.0212694400152448,Gradient Descent
gradient_descent,159,0.4339686142964479,0.08104709718127256,30,0.4965359155764305,0.1271935451009046,30,0.014797107782165449,0.023222257940272054,Gradient Descent
gradient_descent,160,0.4337048935133321,0.08095314687734782,30,0.49705125237637965,0.14220175806967342,30,0.014779954881917435,0.02596237020388414,Gradient Descent
gradient_descent,161,0.43346358720412087,0.0808913568690369,30,0.46477439298989026,0.11677878403433965,30,0.014768673621457324,0.021320791417877325,Gradient Descent
gradient_descent,162,0.4332264557048211,0.08082285803164163,30,0.4601725343787236,0.13373303967357908,30,0.014756167501989237,0.02441620083765086,Gradient Descent
gradient_descent,163,0.43298066754039943,0.08072561003900143,30,0.4756146551898976,0.1473919232068116,30,0.014738412528908859,0.026909960378146632,Gradient Descent
gradient_descent,164,0.4327265129026874,0.0806299612367796,30,0.4842681953272783,0.13770811237593814,30,0.014720949526717108,0.02514194649991922,Gradient Descent
gradient_descent,165,0.4324761119226466,0.0805535954080522,30,0.4691578485389651,0.1304909230074919,30,0.014707007097711585,0.02382427402695773,Gradient Descent
gradient_descent,166,0.4322341243814753,0.08045632518091518,30,0.4452660295308147,0.1252927007294551,30,0.014689248065186053,0.02287521282675551,Gradient Descent
gradient_descent,167,0.4319771030207934,0.08037036937002132,30,0.4852568883012597,0.12978543554547328,30,0.014673554752994315,0.02369547022796284,Gradient Descent
gradient_descent,168,0.4317335600059644,0.0802727780038527,30,0.4599465300217167,0.1452403878754434,30,0.014655737088771548,0.026517145566726727,Gradient Descent
gradient_descent,169,0.4314947419050539,0.08018644904166848,30,0.4509409478557008,0.1564970658699515,30,0.014639975648786779,0.028572324386781426,Gradient Descent
gradient_descent,170,0.4312319955767538,0.08011623209516314,30,0.493116914910847,0.1496044492808065,30,0.014627155846946741,0.02731391052474508,Gradient Descent
gradient_descent,171,0.43098080371952746,0.08001820175173022,30,0.47637726294267774,0.1503729542219049,30,0.014609258036807345,0.027454219688676337,Gradient Descent
gradient_descent,172,0.43072737200551675,0.07991510916184869,30,0.4688032986100002,0.14437944094203425,30,0.014590435991144098,0.026359958881312363,Gradient Descent
gradient_descent,173,0.4304803819120315,0.07983525502623051,30,0.4679444524921713,0.13065503994594752,30,0.014575856687348048,0.023854237543378003,Gradient Descent
gradient_descent,174,0.43023976707192113,0.07976020504628212,30,0.4477409347892145,0.1248626558088375,30,0.014562154498362033,0.022796697725501254,Gradient Descent
gradient_descent,175,0.4300082328607594,0.0796820936744901,30,0.43694976362146426,0.11215126895428934,30,0.014547893378252645,0.020475926619697698,Gradient Descent
gradient_descent,176,0.42975543011297507,0.07958656147266252,30,0.4617416649439086,0.11259026923744235,30,0.014530451664282944,0.020556076738975717,Gradient Descent
gradient_descent,177,0.42950513769634213,0.07951297137949234,30,0.48108421431967646,0.14054422610447162,30,0.014517016012936874,0.02565974765484184,Gradient Descent
gradient_descent,178,0.4292514726816906,0.07942610217131553,30,0.47980998276739956,0.1418352354997157,30,0.014501155937979857,0.025895452644083935,Gradient Descent
gradient_descent,179,0.428981323362094,0.07932406751390533,30,0.4982025726564903,0.14522452012650483,30,0.014482527043476232,0.02651424852538323,Gradient Descent
gradient_descent,180,0.42873769390812383,0.07926176375691937,30,0.4666678598159744,0.13574909416784986,30,0.014471151985770054,0.024784280345541452,Gradient Descent
gradient_descent,181,0.42848575968663044,0.07917620591625524,30,0.47486364126716385,0.14782045971193986,30,0.014455531332668994,0.02698820008167102,Gradient Descent
gradient_descent,182,0.42822993980864926,0.07908898857212981,30,0.47992448458788495,0.1496966114604132,30,0.0144396076970746,0.027330736959651557,Gradient Descent
gradient_descent,183,0.42798317735138525,0.07904110773348033,30,0.4880094659822728,0.14020032639629293,30,0.01443086589194107,0.025596960445612205,Gradient Descent
gradient_descent,184,0.4277371758257355,0.07895213354393402,30,0.46709420539391017,0.12732188020432567,30,0.014414621501724317,0.02324568861729321,Gradient Descent
gradient_descent,185,0.42748156904596435,0.0788258023895051,30,0.45839326745874054,0.15817767094240467,30,0.014391556694058855,0.028879159489594828,Gradient Descent
gradient_descent,186,0.42722829554545927,0.07873837054683484,30,0.4592978525930892,0.12917047247532334,30,0.014375593896567274,0.02358319384611159,Gradient Descent
gradient_descent,187,0.42699226338750323,0.07868290038304407,30,0.4553607278377536,0.12204577426476619,30,0.014365466476575037,0.022282407870998642,Gradient Descent
gradient_descent,188,0.4267437666470176,0.07862205898581114,30,0.4638454243022899,0.11710928940963491,30,0.014354358408010167,0.021381133167685966,Gradient Descent
gradient_descent,189,0.4264964102270169,0.07852879179643509,30,0.4583742663809392,0.13514083936039747,30,0.01433733022684471,0.024673228719290573,Gradient Descent
gradient_descent,190,0.4262443667688772,0.07845291637601746,30,0.4780850569850049,0.11729830455880769,30,0.014323477333737072,0.021415642454656676,Gradient Descent
gradient_descent,191,0.42598758917468676,0.07836532536313422,30,0.4907225909175926,0.12017838182798743,30,0.014307485475873445,0.02194147021721922,Gradient Descent
gradient_descent,192,0.4257439980095643,0.07827015733075958,30,0.4476215381609184,0.11563950151743622,30,0.01429011024984512,0.021112787839917567,Gradient Descent
gradient_descent,193,0.42549508727444335,0.07819026259638673,30,0.45780439769229775,0.133884626238838,30,0.01427552353376449,0.02444387663138654,Gradient Descent
gradient_descent,194,0.42523709709577456,0.07810797880111833,30,0.47171271562173245,0.1318376758553656,30,0.014260500636835944,0.02407015633167931,Gradient Descent
gradient_descent,195,0.42499378943861044,0.07806256388051798,30,0.4535526993365914,0.10071115800317151,30,0.01425220904468257,0.018387257676934658,Gradient Descent
gradient_descent,196,0.42475234184220145,0.07797832983334073,30,0.4574445451803406,0.1058469729949207,30,0.014236830082099592,0.01932492491765274,Gradient Descent
gradient_descent,197,0.42450355766073816,0.07789216665930594,30,0.46032561873527567,0.13363660677360134,30,0.014221098910751228,0.02439859467944971,Gradient Descent
gradient_descent,198,0.42426737856123853,0.07780530688444522,30,0.436733613876264,0.13479764297643482,30,0.014205240558074214,0.024610569918907057,Gradient Descent
gradient_descent,199,0.42402298466907556,0.07772770736553598,30,0.4559015031330625,0.10677908608788055,30,0.014191072889088168,0.01949510470670608,Gradient Descent
gradient_descent,200,0.42377830894844454,0.07765325631298527,30,0.4545989679750117,0.10757744560046242,30,0.014177480048784158,0.019640864544719385,Gradient Descent
gradient_descent,201,0.4235333857886458,0.07757459437018906,30,0.4541470890639273,0.1262893661038651,30,0.014163118408621937,0.02305717819603841,Gradient Descent
gradient_descent,202,0.42326749765229377,0.07746465182295739,30,0.48632407637419367,0.1488155158748506,30,0.014143045737572484,0.027169871650474603,Gradient Descent
gradient_descent,203,0.4230246321192743,0.07739393357121212,30,0.43998191359511385,0.11093940124639128,30,0.014130134410336411,0.020254670859588413,Gradient Descent
gradient_descent,204,0.4227736718378445,0.0773161362250025,30,0.4555134855391092,0.13681555295267547,30,0.014115930623192063,0.024978988189907632,Gradient Descent
gradient_descent,205,0.4225069991345528,0.07725027848206882,30,0.489823923906101,0.1324698670405453,30,0.014103906699395012,0.024185578122605595,Gradient Descent
gradient_descent,206,0.4222451547654982,0.07715152509168258,30,0.47393211966942583,0.1431403844576621,30,0.014085876879546792,0.026133739152474474,Gradient Descent
gradient_descent,207,0.42199398724371573,0.07706548746705823,30,0.47071888980453364,0.13484531038802602,30,0.014070168630279819,0.024619272757769185,Gradient Descent
gradient_descent,208,0.42175339535154116,0.07699157864748744,30,0.43469866711427624,0.11323691450529887,30,0.014056674787720654,0.02067413747227871,Gradient Descent
gradient_descent,209,0.4215059565270078,0.07692526639561001,30,0.46525944526905927,0.12644940483154624,30,0.014044567882323241,0.02308639713644687,Gradient Descent
gradient_descent,210,0.42126306827764826,0.07685251393056808,30,0.4528789187605168,0.14275887731545991,30,0.014031285160250718,0.02606408579659665,Gradient Descent
gradient_descent,211,0.42101338106808994,0.07676897400600044,30,0.4585367219997822,0.11284620655210015,30,0.01401603292653806,0.020602804285824176,Gradient Descent
gradient_descent,212,0.42076354141343153,0.07668770538647256,30,0.4578099264297622,0.11782856801304807,30,0.014001195374493817,0.0215124548730927,Gradient Descent
gradient_descent,213,0.4205068185639205,0.07657812212634613,30,0.4598311720258956,0.14293426579462803,30,0.013981188299995083,0.02609610720538562,Gradient Descent
gradient_descent,214,0.42026407295403545,0.07650004579623386,30,0.44546810710283374,0.11830548370400683,30,0.013966933577591847,0.021599527367081456,Gradient Descent
gradient_descent,215,0.41999929979547573,0.07639593282286535,30,0.4723357408358243,0.15733493857462727,30,0.013947925236244224,0.02872529831367102,Gradient Descent
gradient_descent,216,0.41975935648967916,0.07631790214321688,30,0.4330628826347627,0.11235066824128909,30,0.013933678848437249,0.02051233178217777,Gradient Descent
gradient_descent,217,0.4195048203710902,0.07622189286551477,30,0.4542654742850038,0.14767553837247863,30,0.013916150032728175,0.02696174118610876,Gradient Descent
gradient_descent,218,0.41924539821562945,0.07612733159928908,30,0.4657469594549214,0.1409568268375659,30,0.013898885586535488,0.02573507789776148,Gradient Descent
gradient_descent,219,0.41900455998918595,0.07603971561786098,30,0.4306422729776751,0.1150060911256933,30,0.013882889170060113,0.020997143453345638,Gradient Descent
gradient_descent,220,0.41876271594854847,0.075975850506176,30,0.44565960289736684,0.11576936585239736,30,0.013871229049290962,0.02113649771514211,Gradient Descent
gradient_descent,221,0.4185242032813091,0.07591509460017436,30,0.4319656629963427,0.10518330457727418,30,0.013860136589218041,0.019203756196636487,Gradient Descent
gradient_descent,222,0.4182815553653683,0.07584063500734078,30,0.4485427895999124,0.09838694658691419,30,0.013846542189678842,0.017962916669902938,Gradient Descent
gradient_descent,223,0.41802004717686775,0.0757562079350835,30,0.4693354876044904,0.10478485665060815,30,0.013831127985699031,0.01913100989082777,Gradient Descent
gradient_descent,224,0.41777061420846084,0.07568929850406635,30,0.4568671985906266,0.10834443379133517,30,0.013818912050806388,0.01978089678921308,Gradient Descent
gradient_descent,225,0.4175355159903747,0.0756325961301163,30,0.4415046806486271,0.12475879018976778,30,0.013808559661047543,0.022777734544663347,Gradient Descent
gradient_descent,226,0.41727920017962994,0.0755423945207492,30,0.4698014329059397,0.14400918715683894,30,0.013792091175656334,0.026292360097927982,Gradient Descent
gradient_descent,227,0.4170227234312852,0.07544743791015715,30,0.45919492933521017,0.13338602460728075,30,0.013774754549787833,0.024352844844448943,Gradient Descent
gradient_descent,228,0.41676974152611124,0.07535268387744719,30,0.4411261975043524,0.12762974009390335,30,0.013757454909411224,0.023301895885984126,Gradient Descent
gradient_descent,229,0.4165210700945632,0.07525723546546573,30,0.44056565313233254,0.1328702958950804,30,0.01374002849330446,0.024258686094707202,Gradient Descent
gradient_descent,230,0.41626223864166545,0.07516447950797106,30,0.4588121234375829,0.1207814739973375,30,0.013723093649883519,0.022051579279021804,Gradient Descent
gradient_descent,231,0.4160215718183306,0.07511324402035018,30,0.44607515320247065,0.10009207027855532,30,0.013713739372445275,0.01827422823965238,Gradient Descent
gradient_descent,232,0.4157692839050305,0.07501930575262945,30,0.4424985144558444,0.11544205578002013,30,0.013696588669697408,0.021076739345162222,Gradient Descent
gradient_descent,233,0.4155166718767472,0.07492564573828116,30,0.4500632296979943,0.10610995696083661,30,0.013679488768832468,0.01937293900111751,Gradient Descent
gradient_descent,234,0.41526708653489647,0.07483829983509287,30,0.44062218217372606,0.15599386560992748,30,0.013663541661671838,0.028480453008995554,Gradient Descent
gradient_descent,235,0.4150201918116642,0.07476594245356775,30,0.45362149505613863,0.14570433523582182,30,0.013650331071650736,0.02660185037831814,Gradient Descent
gradient_descent,236,0.41475740204251216,0.07465996795074518,30,0.45690284039918955,0.13928612949889935,30,0.01363098286307863,0.025430051691377638,Gradient Descent
gradient_descent,237,0.41449839999833576,0.07454904619064429,30,0.4532606036279209,0.12590658988476608,30,0.013610731413036816,0.022987293139479385,Gradient Descent
gradient_descent,238,0.41425584126288345,0.07445890869230053,30,0.42486873104089234,0.12465790422930363,30,0.013594274632663496,0.022759315372569415,Gradient Descent
gradient_descent,239,0.4139992795369191,0.07437818413216359,30,0.4506542991633055,0.12159110182408822,30,0.0135795364118196,0.022199396420320223,Gradient Descent
gradient_descent,240,0.4137443016670301,0.07426752232873036,30,0.4468670011435139,0.12196945868897605,30,0.013559332423154742,0.022268474616882222,Gradient Descent
gradient_descent,241,0.4134809305311625,0.07415933131615914,30,0.4533583179647158,0.14733746288150587,30,0.01353957953711988,0.026900017328593626,Gradient Descent
gradient_descent,242,0.4132430926855396,0.0740924860229904,30,0.43351592343982936,0.11351051621161057,30,0.013527375312142691,0.020724090081051652,Gradient Descent
gradient_descent,243,0.41301334965291353,0.07400587322404115,30,0.41660315821949145,0.0939301217026888,30,0.013511562050891636,0.01714921549525607,Gradient Descent
gradient_descent,244,0.41275875724915156,0.0739298137249081,30,0.4506023702643613,0.12355842613693269,30,0.0134976755497624,0.02255857905501131,Gradient Descent
gradient_descent,245,0.4124949837607016,0.07382662541576844,30,0.4512886782533433,0.1252863844622862,30,0.01347883602823353,0.022874059639419637,Gradient Descent
gradient_descent,246,0.4122483879064208,0.073750007748284,30,0.4360647113352131,0.11651487419423316,30,0.013464847619971975,0.021272608293686022,Gradient Descent
gradient_descent,247,0.41198895761854465,0.07366147680240595,30,0.4433663121865258,0.13542182717845666,30,0.013448684154607085,0.024724529841402297,Gradient Descent
gradient_descent,248,0.411740776391945,0.07359260356176549,30,0.43165204584185246,0.10779407274503153,30,0.01343610967877133,0.019680415069268865,Gradient Descent
gradient_descent,249,0.41150839740833317,0.07352644235988984,30,0.41436228220877785,0.12093291855286836,30,0.013424030351205015,0.022079229145447004,Gradient Descent
gradient_descent,250,0.41125660202665465,0.07344691058610697,30,0.4397249013151239,0.1163482012977325,30,0.01340950990235859,0.021242178125306644,Gradient Descent
gradient_descent,251,0.4110062553622378,0.07336097584588175,30,0.43807907706579285,0.1277796324596916,30,0.013393820437127023,0.023329262362630807,Gradient Descent
gradient_descent,252,0.4107383620445649,0.07327554884424253,30,0.4507298575607637,0.12336161624338625,30,0.013378223671854412,0.022522646648932786,Gradient Descent
gradient_descent,253,0.4104974789228465,0.07319715403275899,30,0.42864659838274505,0.1246854038159503,30,0.013363910802974112,0.02276433608721223,Gradient Descent
gradient_descent,254,0.41024264201935784,0.07313834829591098,30,0.44305045674960547,0.11210107806187115,30,0.013353174393446656,0.020466763058378114,Gradient Descent
gradient_descent,255,0.4099897637812239,0.07303739474244984,30,0.44265968493260055,0.13112485076489788,30,0.013334742880616333,0.02394001287114437,Gradient Descent
gradient_descent,256,0.40974103830726283,0.07296070283529832,30,0.43994672141937335,0.10906323352042249,30,0.013320740918108006,0.019912131064529656,Gradient Descent
gradient_descent,257,0.40949179620480475,0.07286319043550445,30,0.4339543038095356,0.1387530590869299,30,0.013302937671106818,0.025332726794919557,Gradient Descent
gradient_descent,258,0.40923216767233683,0.07277708468631827,30,0.4597509884185317,0.12587191819972904,30,0.013287216984053435,0.02298096298481222,Gradient Descent
gradient_descent,259,0.40899052102068634,0.0727103103408187,30,0.42756594830554495,0.0985469387149748,30,0.013275025712289182,0.017992127102423622,Gradient Descent
gradient_descent,260,0.4087424713602873,0.07261996454177594,30,0.43024655602690387,0.1163658964550085,30,0.013258530901585332,0.021245408804239533,Gradient Descent
gradient_descent,261,0.40847516516883514,0.07251769912656368,30,0.4573336024000626,0.12491734384280427,30,0.01323985987666387,0.022806682348777658,Gradient Descent
gradient_descent,262,0.4082255618459233,0.07243183877992525,30,0.4428607436114324,0.11818487213351289,30,0.013224183993780843,0.02157750680779624,Gradient Descent
gradient_descent,263,0.4079921210100803,0.0723417777922766,30,0.4103701072418161,0.13735851041007166,30,0.01320774118228539,0.02507811820563481,Gradient Descent
gradient_descent,264,0.4077445084734695,0.07226376771024443,30,0.4328206800492476,0.11508173630267561,30,0.01319349855507144,0.021010954309945536,Gradient Descent
gradient_descent,265,0.407490733374381,0.07216576482578148,30,0.4304149832768102,0.12709549082608837,30,0.01317560575823113,0.023204355760879834,Gradient Descent
gradient_descent,266,0.40722962740632973,0.07208576559397993,30,0.4544758895640225,0.10725494710230896,30,0.013160999963617533,0.01958198464398599,Gradient Descent
gradient_descent,267,0.4069698365274825,0.07200704462351198,30,0.453773823610736,0.1054186340776606,30,0.013146627546526202,0.019246721288572508,Gradient Descent
gradient_descent,268,0.40669730316493563,0.0718783876374072,30,0.45579165559630613,0.14096389385804797,30,0.013123138102036129,0.025736368153272272,Gradient Descent
gradient_descent,269,0.40644863923417535,0.07179600698932107,30,0.4259802305305692,0.11139573189517792,30,0.013108097522283238,0.020337985056262217,Gradient Descent
gradient_descent,270,0.40620647929515624,0.07171293333263061,30,0.42723900435108236,0.13011889074524274,30,0.013092930417048638,0.023756350539573215,Gradient Descent
gradient_descent,271,0.4059529040382468,0.07162646349582301,30,0.44515504118750576,0.14168712761167962,30,0.0130771432569942,0.02586841196701,Gradient Descent
gradient_descent,272,0.4057178501484346,0.07156052437123564,30,0.4086824407331916,0.1056022730739604,30,0.013065104475007985,0.01928024902880951,Gradient Descent
gradient_descent,273,0.4054658014442145,0.07148691531017923,30,0.4275409602828929,0.12712256126731952,30,0.013051665360615528,0.023209298124647806,Gradient Descent
gradient_descent,274,0.40522425562071446,0.0714149246918625,30,0.4134023456341891,0.13147053608197362,30,0.013038521732088589,0.024003126086464602,Gradient Descent
gradient_descent,275,0.4049792472066744,0.07133384732364637,30,0.41074506218942375,0.11068878416589836,30,0.013023719097596878,0.020208914650161062,Gradient Descent
gradient_descent,276,0.4047169876202136,0.07123148779693046,30,0.4394074849760029,0.11989459435737881,30,0.013005030890344261,0.02188965795082266,Gradient Descent
gradient_descent,277,0.4044795493719795,0.07115180199237053,30,0.4070694616132923,0.11685538122434523,30,0.01299048231945412,0.021334776087479846,Gradient Descent
gradient_descent,278,0.4042266179650375,0.07107805527940561,30,0.4326353455654614,0.0854743154384002,30,0.012977018073376539,0.01560540355097462,Gradient Descent
gradient_descent,279,0.4039681037424826,0.07099106350459572,30,0.4307662284433064,0.11767516240624984,30,0.012961135620916275,0.02148444696932898,Gradient Descent
gradient_descent,280,0.4037341217125861,0.07092770362543789,30,0.402820829452238,0.1004677136687601,30,0.012949567742564429,0.018342811025783338,Gradient Descent
gradient_descent,281,0.40348559963377895,0.07085583494628543,30,0.42587949108727546,0.11503825772176418,30,0.012936446376981128,0.021003016243434366,Gradient Descent
gradient_descent,282,0.40325931617689903,0.0707896857381386,30,0.38859538354012313,0.1066057890235437,30,0.012924369239160086,0.019463465136277173,Gradient Descent
gradient_descent,283,0.4030244812794963,0.07069903611276765,30,0.4013071471372144,0.13965192338296997,30,0.012907818957611731,0.025496836211945276,Gradient Descent
gradient_descent,284,0.4027825417232465,0.07061653403632914,30,0.415036733014472,0.10143970273329421,30,0.01289275620817627,0.018520271137881232,Gradient Descent
gradient_descent,285,0.40252964543234615,0.07053064636970158,30,0.4230791122628312,0.11020391086202899,30,0.01287707533736847,0.02012038930147396,Gradient Descent
gradient_descent,286,0.4022849076710442,0.07045912638088,30,0.41703682668242875,0.12320272426937066,30,0.012864017633638439,0.022493637076141167,Gradient Descent
gradient_descent,287,0.4020400528429096,0.07036895481517491,30,0.418010260072674,0.11407360394840223,30,0.012847554633444358,0.020826895366150094,Gradient Descent
gradient_descent,288,0.401771785512305,0.07026117325550671,30,0.44067819191365304,0.15551336459114365,30,0.012827876502939903,0.02839272592669818,Gradient Descent
gradient_descent,289,0.40152233120874814,0.07016420814104124,30,0.4245180291678866,0.11876528043450015,30,0.012810173176111968,0.021683474380800895,Gradient Descent
gradient_descent,290,0.40124964554773823,0.07005106617945614,30,0.45684368898961963,0.1438357257458527,30,0.012789516374591787,0.02626069052204337,Gradient Descent
gradient_descent,291,0.40100501252622817,0.06997174263152398,30,0.40671694225677707,0.10837561296317796,30,0.012775033942410524,0.01978658930112729,Gradient Descent
gradient_descent,292,0.4007611975283255,0.06988049778969409,30,0.3986236818470529,0.0938453461336649,30,0.012758374989701783,0.017133737664762828,Gradient Descent
gradient_descent,293,0.400519542748657,0.0698080782911159,30,0.3942514762512978,0.0956897433974476,30,0.01274515305871029,0.01747047699355436,Gradient Descent
gradient_descent,294,0.4002730214023543,0.0697280945630203,30,0.4113386783165972,0.125459459715482,30,0.012730550094673183,0.022905658712860055,Gradient Descent
gradient_descent,295,0.40003796863978447,0.06965839503408423,30,0.40492772914755404,0.10008994138692164,30,0.012717824759924593,0.01827383955899563,Gradient Descent
gradient_descent,296,0.3997719833635164,0.06955414450663142,30,0.43545846042014275,0.13435353786721047,30,0.01269879130475202,0.02452948779016523,Gradient Descent
gradient_descent,297,0.39952481075534596,0.06945373663733195,30,0.41799598611853855,0.12323781179752984,30,0.012680459419763238,0.022500043153027793,Gradient Descent
gradient_descent,298,0.3992953719061901,0.06936284482170196,30,0.38288988827083353,0.10569574501530897,30,0.012663864920525522,0.019297314592399646,Gradient Descent
gradient_descent,299,0.3990515416706231,0.06925627202134135,30,0.3957241322970874,0.1040160602245674,30,0.012644407478267523,0.01899064750927048,Gradient Descent
gradient_descent,300,0.39881244660320136,0.06919298531339378,30,0.40558495309807063,0.07603850469274127,30,0.012632852959089813,0.013882668086392274,Gradient Descent
gradient_descent,301,0.3985475289653327,0.06911787658534314,30,0.4302818948311019,0.11057471551338216,30,0.012619140044216862,0.020188088658798613,Gradient Descent
gradient_descent,302,0.39829470662829497,0.06902963132214071,30,0.40806824681300324,0.12247483826437522,30,0.012603028737133877,0.02236074388139839,Gradient Descent
gradient_descent,303,0.3980546564421779,0.06896397513987829,30,0.40041202024054123,0.0772402913307266,30,0.012591041613112277,0.014102083303369895,Gradient Descent
gradient_descent,304,0.39780763457898305,0.06887205849659025,30,0.41943877308910654,0.0995393600298591,30,0.012574260006799273,0.018173317615993976,Gradient Descent
gradient_descent,305,0.3975448633387606,0.06879075087865417,30,0.4359402923172402,0.10879054130917692,30,0.012559415334652406,0.019862344506077937,Gradient Descent
gradient_descent,306,0.39729951293577004,0.06870400054563329,30,0.4105472365930921,0.09599832631754127,30,0.012543576963230198,0.017526816268953065,Gradient Descent
gradient_descent,307,0.39705508825319275,0.06863032627347616,30,0.41039276644986916,0.10787241433045315,30,0.01253012594297412,0.019694718220444243,Gradient Descent
gradient_descent,308,0.3967995186054407,0.06855917918589703,30,0.4220098966747211,0.10426932053660178,30,0.012517136321384825,0.019036886304544486,Gradient Descent
gradient_descent,309,0.39656302249581976,0.06848718428306814,30,0.39832432638425325,0.10984231179754661,30,0.012503991910616567,0.02005437064667737,Gradient Descent
gradient_descent,310,0.3963305235096379,0.06842457276651365,30,0.38893736724333167,0.09656547389745262,30,0.01249256066395773,0.017630362776603705,Gradient Descent
gradient_descent,311,0.3960960210830159,0.06836430820368589,30,0.3895839933466537,0.08644514155491614,30,0.012481557910464748,0.01578265133878493,Gradient Descent
gradient_descent,312,0.39586071563443515,0.0683018144062689,30,0.4018166740228304,0.1138260748486203,30,0.012470148156281599,0.020781702942286925,Gradient Descent
gradient_descent,313,0.3956087406068345,0.06822989030990141,30,0.41443645521121064,0.10975831754946506,30,0.012457016672945383,0.020039035465219054,Gradient Descent
gradient_descent,314,0.39536518995520814,0.06816227048122447,30,0.40764625528650583,0.10662796822837999,30,0.012444671037778385,0.019467514486542627,Gradient Descent
gradient_descent,315,0.3951386759828783,0.06809219195594202,30,0.3881322436825813,0.09024980634037065,30,0.01243187650808042,0.01647728491436459,Gradient Descent
gradient_descent,316,0.39486538615534467,0.06795900678759806,30,0.42348822680267867,0.12827655628917997,30,0.012407560334404717,0.023419987826221685,Gradient Descent
gradient_descent,317,0.3946197264465779,0.06788582093678928,30,0.39429624663259694,0.08197632444987049,30,0.012394198487278659,0.014966760694185448,Gradient Descent
gradient_descent,318,0.3943620252886758,0.06780632429722049,30,0.42436536784597045,0.12434401967194492,30,0.012379684453032763,0.02270200815506345,Gradient Descent
gradient_descent,319,0.39411015618159023,0.06771554641301675,30,0.3965491890407428,0.11311654698999347,30,0.012363110754732436,0.02065216147117084,Gradient Descent
gradient_descent,320,0.39387518275635186,0.06763694911053489,30,0.37075716456183794,0.08896007695651813,30,0.01234876091622298,0.016241813622160168,Gradient Descent
gradient_descent,321,0.3936223597118905,0.06753959025560326,30,0.4076431242636476,0.11008408003755242,30,0.012330985702550003,0.020098511286257205,Gradient Descent
gradient_descent,322,0.3933690062566309,0.06745611738208003,30,0.40806032549094495,0.09970429837774496,30,0.012315745710627189,0.018203431100572216,Gradient Descent
gradient_descent,323,0.39310924915197043,0.0673580084240184,30,0.4194310564389791,0.14989790563470534,30,0.01229783354748596,0.027367488079636286,Gradient Descent
gradient_descent,324,0.3928672019694334,0.06728689292735299,30,0.39499431834555165,0.09841278417747552,30,0.012284849693582017,0.017967633946963612,Gradient Descent
gradient_descent,325,0.3926056520297365,0.06721106617686846,30,0.41180752330626474,0.11134640075420045,30,0.012271005686347787,0.020328978463361944,Gradient Descent
gradient_descent,326,0.39234779715800167,0.06711883697556387,30,0.4097148291581856,0.11952878628065655,30,0.012254167015009382,0.021822870839043208,Gradient Descent
gradient_descent,327,0.392096205345609,0.06703627455113552,30,0.4039168554193412,0.10668862874774608,30,0.01223909324758881,0.019478589531478224,Gradient Descent
gradient_descent,328,0.39186059824591374,0.0669543580312522,30,0.37391371604300494,0.10970390051395999,30,0.012224137405664671,0.020029100319266156,Gradient Descent
gradient_descent,329,0.39161214947909406,0.06685439284930425,30,0.3897372372331648,0.1058221369220672,30,0.012205886343958671,0.01932039049187217,Gradient Descent
gradient_descent,330,0.39134207871670323,0.06675604759923087,30,0.4241927660100145,0.11937365407285719,30,0.012187931039995778,0.021794547702507442,Gradient Descent
gradient_descent,331,0.39109287043477037,0.066679916660214,30,0.4060828708960052,0.09192630620949464,30,0.012174031495787916,0.01678337051302248,Gradient Descent
gradient_descent,332,0.3908417884648871,0.06657550759359884,30,0.40006937235824397,0.11133443610865455,30,0.012154969095456856,0.020326794027942595,Gradient Descent
gradient_descent,333,0.39057060045840214,0.06647695016955038,30,0.4284051385125441,0.12176806635121815,30,0.012136975054003206,0.022231705574782653,Gradient Descent
gradient_descent,334,0.3903181179758579,0.06640478269781182,30,0.3955192383500285,0.10293968136307617,30,0.012123799136606763,0.018794128514983653,Gradient Descent
gradient_descent,335,0.3900591460768886,0.06633997419823094,30,0.4064531734236773,0.09670271986816104,30,0.012111966777560594,0.017655420347964933,Gradient Descent
gradient_descent,336,0.3898115684671394,0.0662585977899638,30,0.3860689762063711,0.09183333125227823,30,0.012097109546075041,0.016766395685905645,Gradient Descent
gradient_descent,337,0.3895533112180255,0.06618746347110634,30,0.4153642146548285,0.10391601794110042,30,0.012084122255724708,0.018972382370817414,Gradient Descent
gradient_descent,338,0.38929512792350407,0.06611083921916634,30,0.41436667091459933,0.10646196338966712,30,0.012070132645311543,0.019437206288269948,Gradient Descent
gradient_descent,339,0.3890430938691838,0.0660319190900634,30,0.40958300913147816,0.0935213730657491,30,0.012055723866994574,0.01707458854565562,Gradient Descent
gradient_descent,340,0.3887853114195299,0.06593660970529665,30,0.4014985493434889,0.09947137842775632,30,0.012038322833668345,0.0181609059303383,Gradient Descent
gradient_descent,341,0.38853265955286875,0.06585510293336547,30,0.39482675791929533,0.09071814949144667,30,0.012023441801142967,0.016562792283863717,Gradient Descent
gradient_descent,342,0.38828635746834145,0.06579238628507096,30,0.3900546387289275,0.10849136765665975,30,0.012011991360142294,0.019807723120046312,Gradient Descent
gradient_descent,343,0.3880521799047532,0.06572413936372369,30,0.3786237772555375,0.09210703572558201,30,0.011999531234041566,0.016816367057278493,Gradient Descent
gradient_descent,344,0.3878070709011434,0.06562858878321264,30,0.37386540657016526,0.11459685674266969,30,0.011982086164598693,0.020922427819049395,Gradient Descent
gradient_descent,345,0.3875475145846969,0.06553429947900939,30,0.40723768367328456,0.10167812604925794,30,0.011964871371650834,0.018563801080677404,Gradient Descent
gradient_descent,346,0.38728369362788334,0.06544353161321369,30,0.4086664471435329,0.1179578552656233,30,0.011948299502453196,0.02153605938797047,Gradient Descent
gradient_descent,347,0.3870207805606223,0.06534783854745593,30,0.4049105071443902,0.10453317310004599,30,0.011930828418882414,0.01908505897149581,Gradient Descent
gradient_descent,348,0.38677268496674794,0.06523795748458573,30,0.3800564793636372,0.12095433479459804,30,0.011910766973290196,0.022083139198344447,Gradient Descent
gradient_descent,349,0.38651602033919985,0.0651557943384204,30,0.4017424665634237,0.1149573930619596,30,0.011895766103773416,0.020988252444007715,Gradient Descent
gradient_descent,350,0.38627148199292644,0.06507977579801395,30,0.3773294466223193,0.08028854974843809,30,0.011881887080650338,0.014658616602198424,Gradient Descent
gradient_descent,351,0.3860329047617139,0.06500002465710121,30,0.3706156600675405,0.09571630980031191,30,0.011867326581028778,0.01747532733292788,Gradient Descent
gradient_descent,352,0.38578801674394364,0.06492775510985911,30,0.39741250021349156,0.09443262528383078,30,0.011854132027280383,0.01724095967746227,Gradient Descent
gradient_descent,353,0.38550798351191384,0.06480951756657895,30,0.41572249430049724,0.12062604513690035,30,0.01183254490408087,0.022023201981372222,Gradient Descent
gradient_descent,354,0.3852512117777147,0.06471066221688383,30,0.3955063180971747,0.12803483102588165,30,0.011814496469094845,0.023375855033079228,Gradient Descent
gradient_descent,355,0.38500274896745995,0.06461800887902305,30,0.382515904842408,0.08498545785347392,30,0.011797580361370012,0.015516150775417412,Gradient Descent
gradient_descent,356,0.3847422942485571,0.06452840054771028,30,0.39764295855242443,0.109498856205096,30,0.011781220193236545,0.019991664521515202,Gradient Descent
gradient_descent,357,0.3844983434621171,0.06445322807618695,30,0.3774815671844745,0.10602712738577803,30,0.011767495640450964,0.019357816458888125,Gradient Descent
gradient_descent,358,0.3842600615562307,0.06436703070439372,30,0.36787114604107896,0.09941564501888472,30,0.011751758225474694,0.018150730448589756,Gradient Descent
gradient_descent,359,0.38402285230701166,0.06430049097371451,30,0.3784538462454827,0.0912655280753269,30,0.011739609788320254,0.016662729483159194,Gradient Descent
gradient_descent,360,0.3837709498101997,0.06422768813801875,30,0.3863813547833414,0.11925705970048736,30,0.011726317869866618,0.021773260579899072,Gradient Descent
gradient_descent,361,0.3835284451124518,0.06414214916373896,30,0.37749667527990655,0.10313606793039315,30,0.011710700661280318,0.018829983632620492,Gradient Descent
gradient_descent,362,0.3832706454533188,0.06405946210142523,30,0.39641207147963653,0.0904894403414703,30,0.011695604138199296,0.016521035897013755,Gradient Descent
gradient_descent,363,0.3830184602583438,0.0639736773224554,30,0.39738226832618473,0.11878069065888462,30,0.01167994205202184,0.021686287889971425,Gradient Descent
gradient_descent,364,0.3827625071604436,0.06389508675001106,30,0.37909686181118,0.09952545613639101,30,0.011665593442243502,0.018170779123964104,Gradient Descent
gradient_descent,365,0.3825235821842039,0.06380228115662916,30,0.3761389272205158,0.09808146389699283,30,0.011648649536590863,0.017907143416503842,Gradient Descent
gradient_descent,366,0.382270037591888,0.063711900478608,30,0.38825930523344904,0.10034170902950663,30,0.011632148357885931,0.018319805831360197,Gradient Descent
gradient_descent,367,0.3820166561395524,0.0636305691024558,30,0.3883508219058202,0.09702626624838513,30,0.011617299348102099,0.01771449156491423,Gradient Descent
gradient_descent,368,0.3817718565507627,0.06356425010376433,30,0.3747067923718976,0.09404582368618578,30,0.011605191210910607,0.017170339690692534,Gradient Descent
gradient_descent,369,0.38152780719827617,0.06349071359477863,30,0.3774294766885244,0.08525418250086836,30,0.01159176534265339,0.015565212959129266,Gradient Descent
gradient_descent,370,0.38125512130092554,0.06339975972408225,30,0.39921111518431773,0.09930586911362797,30,0.011575159513762453,0.0181306882020632,Gradient Descent
gradient_descent,371,0.38101851178189683,0.0633449402235696,30,0.36962663757334513,0.0900734330928891,30,0.011565150888088469,0.01644508371230256,Gradient Descent
gradient_descent,372,0.380753634425097,0.06324457215176954,30,0.38754100450113155,0.10934619782385517,30,0.01154682626909574,0.01996379304184926,Gradient Descent
gradient_descent,373,0.38049658706087636,0.063151421169024,30,0.38751509244658766,0.10865141037845776,30,0.011529819304261238,0.01983694278967741,Gradient Descent
gradient_descent,374,0.38024481573142926,0.06306497538226356,30,0.37678064993171706,0.10591977679673463,30,0.01151403653512458,0.019338217012494614,Gradient Descent
gradient_descent,375,0.3799875439070949,0.06299674820040498,30,0.3875912647639463,0.09289251246079752,30,0.011501580012944927,0.016959774832702845,Gradient Descent
gradient_descent,376,0.3797506249697626,0.06290927753580172,30,0.3669651772392884,0.09443763750878553,30,0.011485610127570538,0.017241874780352606,Gradient Descent
gradient_descent,377,0.379508050855365,0.06281100624503876,30,0.35462607503623006,0.10419068610224508,30,0.01146766832666853,0.019022529686713214,Gradient Descent
gradient_descent,378,0.3792618392214563,0.06274167455229149,30,0.37527600657294696,0.0855474852371802,30,0.01145501014931263,0.015618762467414593,Gradient Descent
gradient_descent,379,0.37902606918770826,0.06266568777803831,30,0.3621939168464183,0.08241648377926519,30,0.011441136925869125,0.01504712242538739,Gradient Descent
gradient_descent,380,0.37877608922574363,0.06258389452844762,30,0.37346293247573686,0.10422762011825915,30,0.011426203589918301,0.019029272884616602,Gradient Descent
gradient_descent,381,0.37854226438134997,0.062520940711629,30,0.366689046531866,0.08943060685772428,30,0.011414709848067433,0.016327720235783928,Gradient Descent
gradient_descent,382,0.3783071747791167,0.062449400063919164,30,0.36133586577423965,0.0831258580799696,30,0.011401648372557697,0.015176635860790808,Gradient Descent
gradient_descent,383,0.37804145809084827,0.0623705654777891,30,0.3963387616604708,0.10732777003160374,30,0.011387255212179356,0.01959528023101211,Gradient Descent
gradient_descent,384,0.37780069371393427,0.06228989451941859,30,0.3571718360440927,0.08076251399458305,30,0.011372526777634326,0.014745150238553266,Gradient Descent
gradient_descent,385,0.37756253107956445,0.062209262637592154,30,0.3645510570047427,0.10472330673249933,30,0.011357805477457517,0.019119772464640836,Gradient Descent
gradient_descent,386,0.3772967012649356,0.06208287428372911,30,0.39444181339977935,0.1302724077876083,30,0.01133473022665194,0.02378437878859491,Gradient Descent
gradient_descent,387,0.3770554994140541,0.06200201887189696,30,0.3776039308651704,0.10952788042398608,30,0.011319968115666327,0.019996963594648556,Gradient Descent
gradient_descent,388,0.3768135540139602,0.06191426217631208,30,0.359184152846928,0.10026513647926968,30,0.011303946008418341,0.01830582566034337,Gradient Descent
gradient_descent,389,0.37656527441718546,0.06183430470920848,30,0.37414575672506895,0.09184809912940202,30,0.011289347838960469,0.016769091919048032,Gradient Descent
gradient_descent,390,0.3763161867115061,0.06176079239087455,30,0.37426049459008554,0.08472776075440185,30,0.011275926387291803,0.015469101937362274,Gradient Descent
gradient_descent,391,0.37606335483967585,0.061687968253596626,30,0.3752751954011784,0.08688221662867904,30,0.011262630579719147,0.015862449964525984,Gradient Descent
gradient_descent,392,0.3758102732585201,0.061598665283958215,30,0.37296613492719294,0.08029332070555226,30,0.011246326162744761,0.014659487655809197,Gradient Descent
gradient_descent,393,0.3755442056933928,0.06151538556265758,30,0.38903712777100197,0.09402429596949335,30,0.011231121435431727,0.017166409285344526,Gradient Descent
gradient_descent,394,0.3752985597208736,0.06144492192496172,30,0.3762349071246601,0.09679432945192352,30,0.01121825659414843,0.01767214589313506,Gradient Descent
gradient_descent,395,0.3750356473219736,0.061368873725384826,30,0.3923951666843212,0.0885989916367008,30,0.011204372156026456,0.01617588876387753,Gradient Descent
gradient_descent,396,0.37478557627366593,0.061288782006027775,30,0.36135310847561003,0.09404222477345689,30,0.011189749475572712,0.017169682622131165,Gradient Descent
gradient_descent,397,0.37453034707456645,0.06121019544029693,30,0.3733652033206162,0.09056045254493766,30,0.011175401597316831,0.016534000892246162,Gradient Descent
gradient_descent,398,0.3742766683276807,0.0611264178014535,30,0.3751301058675705,0.0867058520246919,30,0.01116010596311381,0.01583025034054291,Gradient Descent
gradient_descent,399,0.37401399740015406,0.06101860950032283,30,0.3767877764049515,0.11739915644229566,30,0.011140422950308615,0.021434055405174426,Gradient Descent
gradient_descent,400,0.3737446367478115,0.06092602293545178,30,0.38260093933193023,0.1145969159567109,30,0.01112351903360802,0.020922438630004758,Gradient Descent
gradient_descent,401,0.37349542470145647,0.06084846241569121,30,0.3724347715383876,0.10658712296043857,30,0.01110935848485979,0.01946005719500301,Gradient Descent
gradient_descent,402,0.37324880116521736,0.06078190614441857,30,0.3699979510862258,0.08777600748614113,30,0.01109720702781997,0.01602563310263394,Gradient Descent
gradient_descent,403,0.37299609992496563,0.060689579499083074,30,0.3698401495789218,0.09132683615908717,30,0.01108035056571696,0.016673922756636834,Gradient Descent
gradient_descent,404,0.37275938104042694,0.06061723903139162,30,0.35142324093135985,0.08317974904953129,30,0.011067143063725266,0.015186474960682397,Gradient Descent
gradient_descent,405,0.37251975741837995,0.06053606206636006,30,0.35996884764040965,0.08916792743525562,30,0.011052322245426066,0.016279761754091092,Gradient Descent
gradient_descent,406,0.3722675544321275,0.06044861193115463,30,0.3702712972353197,0.09337218513242117,30,0.01103635610818977,0.017047350680191857,Gradient Descent
gradient_descent,407,0.3720024078501796,0.06034135019667652,30,0.3716866138844219,0.10124016739102307,30,0.011016772884346174,0.01848384113522076,Gradient Descent
gradient_descent,408,0.3717458595778701,0.06026344202440032,30,0.38251184264944665,0.09220859051439467,30,0.01100254886322295,0.016834908340163615,Gradient Descent
gradient_descent,409,0.3714957658941817,0.06018695869319734,30,0.3546255244566636,0.07831989871226405,30,0.010988584981298613,0.01429919174207561,Gradient Descent
gradient_descent,410,0.3712492047389403,0.060118812031510635,30,0.354902442667995,0.09223144138115444,30,0.010976143160023785,0.016839080318557905,Gradient Descent
gradient_descent,411,0.370991908231961,0.060041249858064326,30,0.3759917713978987,0.09139048926369098,30,0.010961982309355228,0.01668554417038575,Gradient Descent
gradient_descent,412,0.3707634223243586,0.05998059172239696,30,0.3405435569119293,0.08086002952788174,30,0.010950907699621487,0.014762954057651545,Gradient Descent
gradient_descent,413,0.37052514438091166,0.05991407792635294,30,0.33838739310738525,0.08002991864620615,30,0.01093876399746195,0.014611397239276805,Gradient Descent
gradient_descent,414,0.3702789191052894,0.05985326671431008,30,0.3557874411302257,0.06327586089471147,30,0.010927661439933583,0.011552538785864166,Gradient Descent
gradient_descent,415,0.37002053153403003,0.059790650147565634,30,0.3819981979545496,0.09110832454082383,30,0.010916229271240429,0.016634028175836906,Gradient Descent
gradient_descent,416,0.36975425956247665,0.0596950823717773,30,0.37563251952609866,0.07502959136505839,30,0.010898781062383806,0.013698466557012437,Gradient Descent
gradient_descent,417,0.3695161653707535,0.05961366536212511,30,0.35171035080333124,0.08089344453422634,30,0.010883916418133433,0.014769054775229584,Gradient Descent
gradient_descent,418,0.36927613957009425,0.05951933814935956,30,0.34149113719295343,0.09526700605191137,30,0.010866694704060672,0.01739329606687101,Gradient Descent
gradient_descent,419,0.3690229232721819,0.05945704211634819,30,0.37479581393959266,0.09122377703952485,30,0.010855321056552868,0.016655106821789868,Gradient Descent
gradient_descent,420,0.36878871914985834,0.05938878164819744,30,0.3396923553989042,0.0689341364564446,30,0.010842858457155526,0.01258559383977798,Gradient Descent
gradient_descent,421,0.3685439556346556,0.059301075876319644,30,0.3529564747637632,0.0958288986266396,30,0.010826845647261902,0.01749588314622878,Gradient Descent
gradient_descent,422,0.3682827436775773,0.05921841616384348,30,0.37093024406625374,0.07407201261199965,30,0.010811754117555207,0.01352363739579979,Gradient Descent
gradient_descent,423,0.36803758091758015,0.05912940016343195,30,0.3587573189971219,0.10122469504940597,30,0.010795502093753778,0.018481016285047055,Gradient Descent
gradient_descent,424,0.3677946338844612,0.05905212253553553,30,0.35108302661206364,0.09568344872871279,30,0.010781393193757325,0.017469327749535,Gradient Descent
gradient_descent,425,0.3675464566197271,0.05898470384277702,30,0.36969246527262417,0.07931613937508253,30,0.010769084280816877,0.01448107956998547,Gradient Descent
gradient_descent,426,0.3672993914767321,0.05889912924281561,30,0.34374075983451174,0.07664204153009857,30,0.01075346056790076,0.013992858333094247,Gradient Descent
gradient_descent,427,0.3670517324440152,0.05882590395413454,30,0.34979891594634227,0.08383423310874558,30,0.010740091520437279,0.015305966854935467,Gradient Descent
gradient_descent,428,0.36678593657532244,0.05874889818482561,30,0.3813519054935078,0.10431285789800146,30,0.010726032254801097,0.019044835102855442,Gradient Descent
gradient_descent,429,0.3665333312617026,0.0586784660881903,30,0.3605782096364299,0.07486470223301775,30,0.010713173172101251,0.013668362057977067,Gradient Descent
gradient_descent,430,0.36627730086329735,0.05859560987916692,30,0.3681795762626102,0.10742877054524406,30,0.010698045767197427,0.01961372031755891,Gradient Descent
gradient_descent,431,0.3660167608497285,0.05850941412469134,30,0.37244186183034333,0.09951109143380214,30,0.010682308647501611,0.01816815650008418,Gradient Descent
gradient_descent,432,0.3657571969740073,0.05841561470628593,30,0.3669028717468399,0.10209094253093572,30,0.010665183295054441,0.018639170713719014,Gradient Descent
gradient_descent,433,0.3655115514790989,0.05833430796113024,30,0.35735919725492366,0.07622930597973769,30,0.010650338782254742,0.013917503476021926,Gradient Descent
gradient_descent,434,0.3652610787596458,0.058264253428771735,30,0.35891917642861976,0.0854300343253368,30,0.010637548633045333,0.0155973189628092,Gradient Descent
gradient_descent,435,0.3650149028666512,0.05820748777920419,30,0.3503896884122507,0.0825549783953484,30,0.01062718469079214,0.01507240796716132,Gradient Descent
gradient_descent,436,0.3647773470140965,0.05813505224706839,30,0.3409413934986187,0.09471931908968761,30,0.010613959832486919,0.017293302565650533,Gradient Descent
gradient_descent,437,0.36452909028014074,0.05805201825458469,30,0.35807722294459243,0.09108545743623889,30,0.010598799968912572,0.016629853232834904,Gradient Descent
gradient_descent,438,0.3642758166620135,0.057970070861444484,30,0.36571618427685804,0.1048573143825729,30,0.010583838490328694,0.01914423880224869,Gradient Descent
gradient_descent,439,0.36404248181111043,0.057913954015790255,30,0.33650369854143575,0.09230709202200571,30,0.010573593002921742,0.01685289217271923,Gradient Descent
gradient_descent,440,0.363807807493278,0.05784214174642105,30,0.34085646789739016,0.08715137293873604,30,0.01056048193630869,0.01591159095869701,Gradient Descent
gradient_descent,441,0.3635511631061897,0.057757479308617944,30,0.35813336922749944,0.10280213736142746,30,0.010545024760655978,0.018769016530866146,Gradient Descent
gradient_descent,442,0.36330121628844864,0.057676413526067935,30,0.3535203237582053,0.08588560032595118,30,0.010530224241407829,0.0156804935544655,Gradient Descent
gradient_descent,443,0.3630535885676785,0.05759576728205501,30,0.34762119853845613,0.09493900754885844,30,0.010515500319066513,0.017333412007221004,Gradient Descent
gradient_descent,444,0.36280456443745923,0.05753044733583601,30,0.3400674944555043,0.08028635391152888,30,0.01050357458306679,0.0146582156990625,Gradient Descent
gradient_descent,445,0.36257624105275743,0.05746579462670493,30,0.32312975841315633,0.07202281619779179,30,0.010491770667335152,0.013149507028859673,Gradient Descent
gradient_descent,446,0.36232290175159604,0.057390737202834594,30,0.3481931618966941,0.08926528546257037,30,0.010478067119281148,0.01629753681666259,Gradient Descent
gradient_descent,447,0.36207713474509867,0.05731694496424729,30,0.3438511214806415,0.08611483228226416,30,0.010464594561400125,0.015722345392256722,Gradient Descent
gradient_descent,448,0.3618291912442148,0.057248561362079675,30,0.3502558657240239,0.067913858309725,30,0.010452109480909905,0.012399317387815353,Gradient Descent
gradient_descent,449,0.3615964490596841,0.057183041143644205,30,0.32957530926598316,0.0695785850948007,30,0.010440147180373314,0.012703253525238356,Gradient Descent
gradient_descent,450,0.36134893089070824,0.057087397451621176,30,0.34655250965465656,0.0802969978172536,30,0.010422685111171951,0.014660159001484293,Gradient Descent
gradient_descent,451,0.36108978901740074,0.05699830706937091,30,0.35579118097443097,0.09403132192648819,30,0.010406419507166875,0.017167692043722572,Gradient Descent
gradient_descent,452,0.3608467661326603,0.056913864013232306,30,0.33226109698046524,0.07714509045702955,30,0.010391002384942945,0.01408470208136387,Gradient Descent
gradient_descent,453,0.36059969142208426,0.05685571430849803,30,0.3510433502456193,0.08136786594035633,30,0.010380385749944536,0.01485567187719649,Gradient Descent
gradient_descent,454,0.36033142389839234,0.056779229594509706,30,0.3596709748694185,0.08855904381609121,30,0.01036642161555929,0.01616859532305385,Gradient Descent
gradient_descent,455,0.36010322348163276,0.05673062148828523,30,0.3365539595453589,0.0646749268644294,30,0.010357547030140373,0.011807972116214947,Gradient Descent
gradient_descent,456,0.3598461269125499,0.05666107942481836,30,0.366159322700565,0.07522218506771627,30,0.010344850444521618,0.013733629195472158,Gradient Descent
gradient_descent,457,0.35960696185102853,0.05657402981444091,30,0.34038462913349243,0.09730999073555952,30,0.010328957432779697,0.017766292332161558,Gradient Descent
gradient_descent,458,0.35935651057656576,0.05648065211961573,30,0.33558627306163974,0.09235252430013055,30,0.010311909076171837,0.016861186933908503,Gradient Descent
gradient_descent,459,0.3590969460572019,0.05640181053315644,30,0.3522072107172231,0.09509590604371593,30,0.010297514637714087,0.017362057622178358,Gradient Descent
gradient_descent,460,0.3588524456427021,0.05633037270458527,30,0.33845319103832067,0.095989926708484,30,0.010284471934324881,0.017525282717168102,Gradient Descent
gradient_descent,461,0.35860567616290023,0.056257191198130906,30,0.33378673162681066,0.07968909677040847,30,0.010271110880365792,0.014549171962788267,Gradient Descent
gradient_descent,462,0.358348854580788,0.05617210275245403,30,0.35510672476296107,0.08754890591135475,30,0.010255575926672367,0.01598417021751546,Gradient Descent
gradient_descent,463,0.3581050325524457,0.05611303879137439,30,0.35450962016818405,0.0808030354541813,30,0.010244792372066058,0.014752548411048264,Gradient Descent
gradient_descent,464,0.3578526296058765,0.05604745191469787,30,0.34234103457020404,0.07014142522434093,30,0.010232817901455379,0.01280601360364446,Gradient Descent
gradient_descent,465,0.35759846553733693,0.05596443995909748,30,0.3401305891753034,0.08696105288054129,30,0.010217662061247062,0.015876843429024023,Gradient Descent
gradient_descent,466,0.357355258576318,0.05590595957813192,30,0.3336066897677279,0.08500377629098328,30,0.01020698505330495,0.015519495249231456,Gradient Descent
gradient_descent,467,0.35709500554992574,0.05581585213074117,30,0.34349499753010077,0.08612284499169821,30,0.01019053375945991,0.015723808306157976,Gradient Descent
gradient_descent,468,0.35683169598673387,0.055719123105975724,30,0.3602236713243519,0.09566622414605512,30,0.01017287353651674,0.017466182985379927,Gradient Descent
gradient_descent,469,0.35658198657551804,0.055636742833550364,30,0.3354583467738203,0.09104566141968198,30,0.010157833025349809,0.01662258750751255,Gradient Descent
gradient_descent,470,0.35632593279366664,0.05554812111880586,30,0.3447424568253402,0.0777361260795774,30,0.010141652987933025,0.01419260992895006,Gradient Descent
gradient_descent,471,0.3560630664809778,0.05547546986213241,30,0.36226293798345033,0.10448027681867267,30,0.010128388743895975,0.01907540147599037,Gradient Descent
gradient_descent,472,0.3558038000702065,0.05539125838200195,30,0.3520715299939233,0.10684671656294947,30,0.010113013901473192,0.019507452285629424,Gradient Descent
gradient_descent,473,0.35555205795065986,0.05530290917901847,30,0.34504657973503794,0.07881282203131258,30,0.010096883617669307,0.01438918681573001,Gradient Descent
gradient_descent,474,0.3553120731459849,0.05522156986537218,30,0.3260891089832535,0.08790938286151048,30,0.010082033158703953,0.016049984003202445,Gradient Descent
gradient_descent,475,0.35505288083787595,0.0551504053715345,30,0.3528199776961309,0.07428326201070476,30,0.010069040359181176,0.01356220608277652,Gradient Descent
gradient_descent,476,0.3548076259742856,0.055075755077796475,30,0.3231435043510962,0.08505939255580074,30,0.010055411142579608,0.015529649343499688,Gradient Descent
gradient_descent,477,0.3545531860473484,0.054996536001339524,30,0.34420606883036625,0.08418374271669805,30,0.010040947784192875,0.01536977828704892,Gradient Descent
gradient_descent,478,0.35430310421286826,0.054917548176104614,30,0.3352279461510801,0.09043448490663492,30,0.01002652664630973,0.016511002453241472,Gradient Descent
gradient_descent,479,0.35404866249385386,0.05483523392864382,30,0.3474261269406154,0.0833233107279512,30,0.01001149818959695,0.015212685617237024,Gradient Descent
gradient_descent,480,0.35377600102315565,0.05475361966123072,30,0.3696277907944591,0.0950049671100279,30,0.00999659753117148,0.017345454520399557,Gradient Descent
gradient_descent,481,0.3535277494680047,0.05468501880420839,30,0.3312969195777128,0.07392845156771889,30,0.00998407278555304,0.0134974268550226,Gradient Descent
gradient_descent,482,0.35327834446841205,0.0546105346782129,30,0.3249408721932206,0.07005046093618966,30,0.009970473906891777,0.012789405872795178,Gradient Descent
gradient_descent,483,0.3530119588724853,0.0545242897166921,30,0.35028663172772617,0.08817863353244457,30,0.009954727803259742,0.01609914222523378,Gradient Descent
gradient_descent,484,0.35278351372257577,0.05447357412902153,30,0.32381024551194926,0.08622645069356162,30,0.009945468446131641,0.01574272403282356,Gradient Descent
gradient_descent,485,0.3525253298187059,0.054399694161044954,30,0.34604006608477367,0.08092915147193118,30,0.009931979871128798,0.014775573940309709,Gradient Descent
gradient_descent,486,0.35226175465230924,0.05432445941741654,30,0.34159115836495146,0.09432677440904841,30,0.00991824394906433,0.01722163404017895,Gradient Descent
gradient_descent,487,0.35200669209370106,0.054245616585814074,30,0.3495631918365982,0.08934772850105936,30,0.009903849283275581,0.016312588787292484,Gradient Descent
gradient_descent,488,0.35175584057655424,0.054171775124430874,30,0.3258524894127802,0.07357536508722842,30,0.009890367738582671,0.013432962378317688,Gradient Descent
gradient_descent,489,0.3514989900528361,0.05408987430491992,30,0.3381299998250317,0.08370309722919038,30,0.009875414763141235,0.015282024828491912,Gradient Descent
gradient_descent,490,0.3512515505496351,0.054006035174281035,30,0.33102115272150345,0.07347540741737017,30,0.009860107902123723,0.013414712688125347,Gradient Descent
gradient_descent,491,0.3509880729784275,0.05392911870590473,30,0.3553968225421843,0.08784096269017694,30,0.00984606494053261,0.01603749224612653,Gradient Descent
gradient_descent,492,0.35074138501213487,0.05385240694841488,30,0.33066095716023797,0.0689681716240359,30,0.009832059353864926,0.012591807782790723,Gradient Descent
gradient_descent,493,0.35050557947825633,0.05377887762954653,30,0.3245206467572676,0.08906306564555841,30,0.00981863479833753,0.016260616698211917,Gradient Descent
gradient_descent,494,0.3502714745730541,0.053723692331100505,30,0.3100088380708667,0.0721036466535257,30,0.009808559387403682,0.01316426458350597,Gradient Descent
gradient_descent,495,0.35002421013913076,0.05366525268840418,30,0.3298158637293355,0.06663494030612716,30,0.009797889817217909,0.01216581997455868,Gradient Descent
gradient_descent,496,0.3497695742437673,0.05359866923081321,30,0.3289329480069822,0.08335372078216507,30,0.009785733396658156,0.015218237708126324,Gradient Descent
gradient_descent,497,0.34952508385123604,0.05353942344929257,30,0.3147371418119873,0.07616008668217321,30,0.009774916646332864,0.013904865819125017,Gradient Descent
gradient_descent,498,0.349247847264449,0.0534352903148096,30,0.34325557601204976,0.09124557738519733,30,0.009755904624086181,0.01665908700215194,Gradient Descent
gradient_descent,499,0.3489975571666438,0.05337254754160938,30,0.334262609998007,0.08186722474456293,30,0.009744449413352119,0.014946841904314076,Gradient Descent
gradient_descent,500,0.34874198835111475,0.05329882246479985,30,0.3382277614847109,0.08029728789321391,30,0.009730989117477992,0.014660211961866579,Gradient Descent
hebbian,1,0.47542639396222536,0.09490727459164018,30,0.5648745606225885,0.20352792088250465,30,0.017327618388392745,0.03715894444982485,Pure Hebbian
hebbian,2,0.47524551256232417,0.09481840815946636,30,0.5413056305440704,0.1773885951321979,30,0.01731139367189054,0.032386578332685295,Pure Hebbian
hebbian,3,0.47506677559673327,0.09475830543546175,30,0.546881124213433,0.15835638523792536,30,0.017300420465988932,0.028911788106596604,Pure Hebbian
hebbian,4,0.47487242532744495,0.09470603747067563,30,0.5714101772648326,0.132640606433394,30,0.01729087768487285,0.024216750728244918,Pure Hebbian
hebbian,5,0.47468909353982414,0.09462708401076726,30,0.5449022254096156,0.1736105719304693,30,0.01727646282121122,0.03169680882256375,Pure Hebbian
hebbian,6,0.4744902013476627,0.0945508124691185,30,0.5811377849429282,0.167161669064539,30,0.017262537606592313,0.03051940563228717,Pure Hebbian
hebbian,7,0.4742903328790937,0.09444925349460068,30,0.5908941607373321,0.17585175002792608,30,0.017243995559505478,0.03210599008901828,Pure Hebbian
hebbian,8,0.47411206140859163,0.09437980455036935,30,0.5371501479393532,0.18047579935855404,30,0.017231315975055336,0.032950222130818815,Pure Hebbian
hebbian,9,0.4739296616267904,0.09430271166630386,30,0.5445379417877331,0.1444991215054736,30,0.017217240804513406,0.02638180946274258,Pure Hebbian
hebbian,10,0.4737454409147991,0.09423130111558227,30,0.5505846890860419,0.15100779211717916,30,0.01720420308135538,0.027570124700543278,Pure Hebbian
hebbian,11,0.47356112870480077,0.09416950299303005,30,0.5565413089560315,0.14061152470981417,30,0.01719292033944427,0.025672034642920092,Pure Hebbian
hebbian,12,0.47338028073968774,0.09409060137980767,30,0.5397709090494273,0.1639653388116644,30,0.017178514941649122,0.029935838238708632,Pure Hebbian
hebbian,13,0.4731885174940617,0.09399175477735858,30,0.5636310343116974,0.2107155683612102,30,0.017160468103684417,0.0384712233363189,Pure Hebbian
hebbian,14,0.4730050938821837,0.0939285704467397,30,0.540291112046625,0.15727498140889112,30,0.017148932275964146,0.028714351682951767,Pure Hebbian
hebbian,15,0.4728219613663082,0.09384576072307782,30,0.5295857971828001,0.18483883502076984,30,0.01713381335808735,0.03374679981461717,Pure Hebbian
hebbian,16,0.47264962601003335,0.093786393097065,30,0.5206019276071319,0.14058813123901304,30,0.0171229743621031,0.02566776359903472,Pure Hebbian
hebbian,17,0.4724663702900514,0.09371376999432089,30,0.5653125440578403,0.16632996805515138,30,0.01710971525824678,0.03036755849764003,Pure Hebbian
hebbian,18,0.4722853281216104,0.09364946011807632,30,0.5431866556721473,0.17575978311376114,30,0.017097973934950272,0.03208919930454086,Pure Hebbian
hebbian,19,0.47209423703966363,0.09357846599045146,30,0.5444839122091024,0.16100509699891277,30,0.017085012239900093,0.029395374499870616,Pure Hebbian
hebbian,20,0.47190895712051406,0.09350696959849052,30,0.5632712477288827,0.1800658246127084,30,0.01707195884434768,0.03287537132538311,Pure Hebbian
hebbian,21,0.47172111046283255,0.09341394634018602,30,0.5556950811851064,0.20410908286675575,30,0.017054975198699012,0.03726504962593778,Pure Hebbian
hebbian,22,0.47154691131422377,0.09335667516894847,30,0.5123270233785244,0.1411638924194,30,0.017044518961238497,0.0257728827277793,Pure Hebbian
hebbian,23,0.47136309094323253,0.09328159730271735,30,0.5485018983514804,0.15859452192644136,30,0.017030811680937116,0.02895526571861987,Pure Hebbian
hebbian,24,0.47117347113794367,0.09320509274381394,30,0.5462032544992337,0.1534530604426414,30,0.01701684392338266,0.028016567574212795,Pure Hebbian
hebbian,25,0.4709965526914971,0.09315297893081004,30,0.5282969212524831,0.12559108883416178,30,0.01700732928640271,0.0229296907920352,Pure Hebbian
hebbian,26,0.47079447966616583,0.09306232804007138,30,0.5865607525364435,0.19770948305269437,30,0.016990778773830876,0.03609664790021535,Pure Hebbian
hebbian,27,0.47060503013723787,0.0929775869599094,30,0.5644524638240765,0.19390222635764703,30,0.01697530724011352,0.03540154110885202,Pure Hebbian
hebbian,28,0.47042762591503184,0.09291990776685291,30,0.5291127627027611,0.14763592562991815,30,0.016964776508401606,0.02695450892188709,Pure Hebbian
hebbian,29,0.4702465718818185,0.0928490924178468,30,0.536996902838871,0.15797785247410964,30,0.016951847453712192,0.028842677795431055,Pure Hebbian
hebbian,30,0.4700689431474869,0.09279260957530089,30,0.5439646041106916,0.14161587580362134,30,0.016941535144720722,0.025855403226164482,Pure Hebbian
hebbian,31,0.4698829264743249,0.09270123582282239,30,0.5467435841943283,0.19647506068246406,30,0.016924852656255266,0.035871274240993976,Pure Hebbian
hebbian,32,0.4697042431571079,0.09263431526318502,30,0.5579258050997956,0.1753905814432866,30,0.01691263468956385,0.03202179261014502,Pure Hebbian
hebbian,33,0.4695311366238827,0.09257612114762036,30,0.5307914960930031,0.17152032460905145,30,0.01690200994629424,0.03131518361966198,Pure Hebbian
hebbian,34,0.46934715407640815,0.09250870619967232,30,0.559545989764804,0.16380389184412616,30,0.016889701717059512,0.0299063621900548,Pure Hebbian
hebbian,35,0.4691651063290194,0.09244487823257448,30,0.5494064539538074,0.17440923032325273,30,0.01687804837793312,0.03184262322838652,Pure Hebbian
hebbian,36,0.4689834133392027,0.09237366753541765,30,0.5475880533106471,0.1562657134947288,30,0.01686504714287696,0.028530085415234132,Pure Hebbian
hebbian,37,0.4688068593416164,0.0923037581229996,30,0.5297408618608547,0.16809197527976952,30,0.01685228348882253,0.030689255532110174,Pure Hebbian
hebbian,38,0.46863411167315117,0.09223407208048205,30,0.5285993653486617,0.14668349505675557,30,0.01683956061634582,0.026780619685427515,Pure Hebbian
hebbian,39,0.4684542772253409,0.09217211281662788,30,0.5601216594135976,0.15850045842510482,30,0.016828248454192708,0.028938092151446555,Pure Hebbian
hebbian,40,0.4682780820561126,0.09211550851426982,30,0.5399913329735271,0.1500420736517215,30,0.016817913969774924,0.027393809437966467,Pure Hebbian
hebbian,41,0.4680982942553713,0.09204629830297037,30,0.5497983275414013,0.1502962992356429,30,0.016805277971795454,0.027440224466969355,Pure Hebbian
hebbian,42,0.46792030244575966,0.09198359231173696,30,0.5424986659393933,0.1554655629210047,30,0.016793829476499034,0.028383998575691002,Pure Hebbian
hebbian,43,0.4677377978212901,0.09191213339599326,30,0.5479617887470033,0.17597002943993562,30,0.01678078292313647,0.03212758485636697,Pure Hebbian
hebbian,44,0.46756210141910187,0.09181910922167738,30,0.5235723604025102,0.1717577506459437,30,0.016763799110247772,0.031358531485043625,Pure Hebbian
hebbian,45,0.46737835075909345,0.09174292065280602,30,0.5408248855379486,0.19104507572106738,30,0.016749889044316145,0.03487989915757038,Pure Hebbian
hebbian,46,0.46719894748611446,0.09164878534610552,30,0.5316089089044714,0.18127682409347337,30,0.01673270236733697,0.03309646856963045,Pure Hebbian
hebbian,47,0.46701728830696804,0.0915813975488719,30,0.5404783571867877,0.14467102973398943,30,0.016720399095121824,0.026413195467602207,Pure Hebbian
hebbian,48,0.46683338399660923,0.09149251002654038,30,0.5514867542077766,0.19158434556722048,30,0.01670417052810125,0.03497835591067718,Pure Hebbian
hebbian,49,0.4666555505365157,0.0914203057273236,30,0.539032130125847,0.15190227012941634,30,0.016690987886957956,0.02773343329537484,Pure Hebbian
hebbian,50,0.4664795063149766,0.09134749566733584,30,0.527132337829587,0.1658760367313577,30,0.01667769464953509,0.030284682355773373,Pure Hebbian
hebbian,51,0.4662992928221483,0.09128907845499601,30,0.5474700269659702,0.17957231119637412,30,0.01666702917455339,0.032785268515197204,Pure Hebbian
hebbian,52,0.46612142525488837,0.09121884499667035,30,0.5360556409078708,0.1416053108052526,30,0.016654206358081205,0.02585347433018896,Pure Hebbian
hebbian,53,0.4659556633653394,0.09116166224626476,30,0.5164028579809307,0.13539508363542688,30,0.016643766263982094,0.024719647160807292,Pure Hebbian
hebbian,54,0.46576895891311804,0.09109637248443767,30,0.557527012224458,0.15009162918078875,30,0.016631846038873146,0.027402856998339543,Pure Hebbian
hebbian,55,0.4655907636494327,0.0910168944865925,30,0.5362707619582089,0.1859535961678419,30,0.016617335408124767,0.03395032642344441,Pure Hebbian
hebbian,56,0.46540374552745967,0.09094169089971427,30,0.5402554778862574,0.15138589701609828,30,0.016603605174478595,0.027639156894623682,Pure Hebbian
hebbian,57,0.4652300292663741,0.09088880913574596,30,0.5333467522974551,0.13031775221759173,30,0.01659395032947656,0.02379265751098129,Pure Hebbian
hebbian,58,0.46504471482224496,0.09080869601989992,30,0.5518735791149715,0.16208564167212083,30,0.01657932374257626,0.029592654063839985,Pure Hebbian
hebbian,59,0.46486255639833746,0.09073311041373003,30,0.5458206546480502,0.16097479855980673,30,0.016565523762068945,0.02938984278701876,Pure Hebbian
hebbian,60,0.46467456115549777,0.09064687717019156,30,0.5629998573045134,0.17813084413350277,30,0.01654977979783799,0.03252209383978542,Pure Hebbian
hebbian,61,0.4644960504453127,0.09057225128190124,30,0.5324698882172734,0.17627677032985603,30,0.01653615503704117,0.03218358782460651,Pure Hebbian
hebbian,62,0.4643220812752192,0.09051449127726356,30,0.5299649864767841,0.14057224765108517,30,0.016525609551220614,0.02566486366590065,Pure Hebbian
hebbian,63,0.4641477859566207,0.09046391663638796,30,0.5333468606820971,0.15089374868477554,30,0.01651637592733885,0.02754930331372235,Pure Hebbian
hebbian,64,0.4639682469723966,0.09037406882149131,30,0.5422126096186513,0.17109370961457906,30,0.016499972035685036,0.03123729473438116,Pure Hebbian
hebbian,65,0.46379040205376926,0.09030857208509141,30,0.5311017039777912,0.16006271907187208,30,0.016488014022361972,0.029223320617092235,Pure Hebbian
hebbian,66,0.4636156742176898,0.09024670482804599,30,0.5250806227999975,0.14698203323052256,30,0.016476718658277056,0.026835125049443707,Pure Hebbian
hebbian,67,0.4634537432537465,0.09018041898330947,30,0.5058676679592851,0.15278050543966717,30,0.0164646165741419,0.02789377639211548,Pure Hebbian
hebbian,68,0.4632695536708302,0.09010813833331043,30,0.5477449802943306,0.16992010212491537,30,0.016451419993316695,0.031023024302465885,Pure Hebbian
hebbian,69,0.4630906243643052,0.09004547297617223,30,0.5350759163194688,0.1563880559054289,30,0.016439978916757126,0.028552421981260803,Pure Hebbian
hebbian,70,0.4628935972985227,0.0899687909577635,30,0.5714208950725287,0.1536463857068047,30,0.016425978759677964,0.028051863776918755,Pure Hebbian
hebbian,71,0.46272368631413613,0.08990974109900152,30,0.5111643978562886,0.13852927204965704,30,0.016415197779790818,0.025291869058789027,Pure Hebbian
hebbian,72,0.46255602763728376,0.0898393957532891,30,0.5201913788749479,0.17577264149509747,30,0.01640235453557009,0.03209154691304449,Pure Hebbian
hebbian,73,0.4623736499348497,0.08976779720994005,30,0.5386339225648118,0.17103359285429107,30,0.01638928248981116,0.031226318965816534,Pure Hebbian
hebbian,74,0.4621883045360864,0.08969065856088965,30,0.5412893244255491,0.18118723316864987,30,0.016375198963764367,0.03308011157947259,Pure Hebbian
hebbian,75,0.46202602131176246,0.08962900472868468,30,0.49911444625344853,0.12436615531708506,30,0.016363942565545932,0.022706049552452846,Pure Hebbian
hebbian,76,0.4618430809458067,0.08955444897514586,30,0.5358699039062977,0.16713911262744924,30,0.016350330609544265,0.030515287409150167,Pure Hebbian
hebbian,77,0.4616749982768053,0.08948419010831044,30,0.5084124701030625,0.1546014953897066,30,0.016337503154134094,0.02822624214965775,Pure Hebbian
hebbian,78,0.4615039553854336,0.08940458053403792,30,0.5144095845606272,0.16891305083020008,30,0.016322968500926613,0.030839162732239103,Pure Hebbian
hebbian,79,0.46132762959353973,0.08930621555081734,30,0.5277494910260206,0.18305029236664166,30,0.016305009594200438,0.03342025809570845,Pure Hebbian
hebbian,80,0.46114989466602935,0.08923665741995772,30,0.5355762303257203,0.15466151668311048,30,0.016292310075090532,0.02823720048843373,Pure Hebbian
hebbian,81,0.460972782053018,0.08916282325563983,30,0.5327576624659278,0.14034954394083116,30,0.016278829862653384,0.025624203717318578,Pure Hebbian
hebbian,82,0.4608019035627871,0.08909459620897775,30,0.512401653777378,0.15993620699033398,30,0.016266373365157124,0.029200222776807117,Pure Hebbian
hebbian,83,0.46062829497491276,0.0890413509028352,30,0.5398595427339951,0.13706625312793874,30,0.01625665214673861,0.025024759570295027,Pure Hebbian
hebbian,84,0.46045162673185985,0.08898255267229727,30,0.520893588532678,0.11808129141427669,30,0.016245917107669604,0.02155859564231348,Pure Hebbian
hebbian,85,0.46026350183239073,0.08889820780143759,30,0.5470618622523629,0.17965248084386973,30,0.016230517911543035,0.0327999054233174,Pure Hebbian
hebbian,86,0.4600872180340959,0.08882195257540233,30,0.535063898282589,0.17419143604821646,30,0.01621659567573398,0.03180285961594224,Pure Hebbian
hebbian,87,0.45990760947857184,0.0887615875774332,30,0.5361250614210579,0.14173032149413584,30,0.01620557458537683,0.0258762980549325,Pure Hebbian
hebbian,88,0.4597303233483301,0.08868197607273635,30,0.5497435214210722,0.16995418566134957,30,0.0161910395797237,0.031029247076380738,Pure Hebbian
hebbian,89,0.4595532765540412,0.08861587836626007,30,0.5255802330633352,0.14276389725717217,30,0.01617897184477823,0.026065002308367703,Pure Hebbian
hebbian,90,0.45938922970040286,0.08857238391482644,30,0.5170425583070778,0.13401862447094512,30,0.016171030880719393,0.024468341249516832,Pure Hebbian
hebbian,91,0.45921691711659796,0.08851614565719952,30,0.5284746399969815,0.14965983034792324,30,0.016160763226620373,0.027324021677984596,Pure Hebbian
hebbian,92,0.4590359357184266,0.08842574888555792,30,0.5322312782975939,0.18139161149620237,30,0.01614425910963579,0.03311742578622782,Pure Hebbian
hebbian,93,0.4588574939854738,0.088356072111496,30,0.5379870343852292,0.16450662354555465,30,0.016131537929339825,0.030034662858303588,Pure Hebbian
hebbian,94,0.4586897179801515,0.08829040747981447,30,0.5206258976791853,0.1397214927707353,30,0.01611954926267241,0.025509537786275575,Pure Hebbian
hebbian,95,0.45852539817472754,0.08823590384445064,30,0.5132610794860349,0.15746860722192746,30,0.01610959830582081,0.028749702758123524,Pure Hebbian
hebbian,96,0.45835983042229433,0.08817033331037762,30,0.50427235485354,0.12902512075919967,30,0.016097626818947657,0.02355665637488058,Pure Hebbian
hebbian,97,0.45818760442338397,0.08810512421831133,30,0.5225953878031481,0.16985272206041344,30,0.01608572132205461,0.03101072244204793,Pure Hebbian
hebbian,98,0.4580047333272237,0.08803154972863013,30,0.5290421741680119,0.15848371133028163,30,0.016072288519502834,0.028935034564244108,Pure Hebbian
hebbian,99,0.45783254686160013,0.0879629549792522,30,0.5175219004144739,0.16650485553267894,30,0.0160597648889826,0.030399488436462372,Pure Hebbian
hebbian,100,0.4576526350890731,0.0878910441202028,30,0.5371114740442108,0.16405316073496617,30,0.016046635822438954,0.029951872254853924,Pure Hebbian
hebbian,101,0.457471505096222,0.08781517433080548,30,0.5307820849417486,0.1442582193865929,30,0.016032783957410264,0.026337826954521998,Pure Hebbian
hebbian,102,0.4572933661535643,0.08776178502391932,30,0.5350690726702322,0.1452440547191056,30,0.016023036448173225,0.026517815037722936,Pure Hebbian
hebbian,103,0.45713018241356806,0.08771337127261321,30,0.5034854244035476,0.11754463664438619,30,0.01601419734694529,0.021460616334626224,Pure Hebbian
hebbian,104,0.45695989300409523,0.08765271423502412,30,0.5052045902959604,0.12237521240851218,30,0.016003122937692297,0.022342554771876078,Pure Hebbian
hebbian,105,0.4567897002884122,0.08758759975243116,30,0.522395420160486,0.16547123879552011,30,0.015991234714046818,0.030210776702210115,Pure Hebbian
hebbian,106,0.45660455052226384,0.08750111323798714,30,0.553381006630918,0.18409634520956877,30,0.015975444509086487,0.033611240341846316,Pure Hebbian
hebbian,107,0.4564372757004153,0.08742599155657206,30,0.5056725514201658,0.16681413278025806,30,0.015961729229263567,0.030455954478136437,Pure Hebbian
hebbian,108,0.45626159014528167,0.08734470094227768,30,0.5400648248645442,0.1650886270050271,30,0.01594688766154274,0.03014092166606996,Pure Hebbian
hebbian,109,0.45608639575294385,0.08729692707755313,30,0.5329793456147868,0.12857043140500343,30,0.01593816538708646,0.023473641836230335,Pure Hebbian
hebbian,110,0.45591823822639765,0.0872350580875224,30,0.5133147034125751,0.16559843947986339,30,0.015926869706603165,0.030234000263591746,Pure Hebbian
hebbian,111,0.4557540058309508,0.08717201905843336,30,0.5133816926611905,0.17402081555446516,30,0.015915360407191402,0.031771708718208815,Pure Hebbian
hebbian,112,0.45557843735676296,0.0871197833042934,30,0.5274262430529705,0.14566218279761411,30,0.015905823506907817,0.026594154431231407,Pure Hebbian
hebbian,113,0.45541717770442874,0.08706924509381041,30,0.5069620663458585,0.14735873391316354,30,0.015896596534275324,0.026903900869880395,Pure Hebbian
hebbian,114,0.45525448824581577,0.08701368546032304,30,0.5066612476147125,0.1380396147513726,30,0.015886452779426075,0.025202470276216554,Pure Hebbian
hebbian,115,0.4550835730103679,0.08694546882131833,30,0.5081991534503973,0.13797254049701882,30,0.015873998182099384,0.025190224248837417,Pure Hebbian
hebbian,116,0.45491425935283847,0.08686066165118125,30,0.5135631675352244,0.1769245072513176,30,0.015858514582058635,0.032301847865677656,Pure Hebbian
hebbian,117,0.45474608090056673,0.08679120384148391,30,0.5162557535689045,0.15495075892970875,30,0.015845833379003256,0.02829000865611551,Pure Hebbian
hebbian,118,0.45457781710874834,0.08672558869622646,30,0.5129620088640657,0.16450011835019224,30,0.015833853747279428,0.0300334751775566,Pure Hebbian
hebbian,119,0.4544123130748605,0.08666379287172442,30,0.5169209686695574,0.16611618295965871,30,0.01582257142493296,0.030328526857886787,Pure Hebbian
hebbian,120,0.45424336925950265,0.08659251487512268,30,0.5278158460094965,0.17947064528337178,30,0.015809557902735444,0.03276670694390362,Pure Hebbian
hebbian,121,0.4540781579440984,0.08652836433883747,30,0.5125901810968657,0.13714037659805497,30,0.01579784567080229,0.025038292602502767,Pure Hebbian
hebbian,122,0.453908926653812,0.08645315034614817,30,0.5264577229633876,0.16791465807184544,30,0.01578411353732364,0.03065688198723889,Pure Hebbian
hebbian,123,0.4537340591276395,0.08637917238218377,30,0.5242115145530694,0.18368448929445622,30,0.015770607070783104,0.033536046083463285,Pure Hebbian
hebbian,124,0.45357293488805794,0.08632283957148376,30,0.4955689767257352,0.13705319220050155,30,0.015760322153733748,0.02502237498210193,Pure Hebbian
hebbian,125,0.4533983612181208,0.086261603841701,30,0.5317555864602036,0.131060414034673,30,0.015749142090224644,0.02392824838758569,Pure Hebbian
hebbian,126,0.4532230678151997,0.08618742187714938,30,0.5189302325348353,0.17012661082818556,30,0.01573559837844299,0.031060727460833295,Pure Hebbian
hebbian,127,0.4530497258146392,0.08611481842514085,30,0.5300972043023296,0.1660160338034226,30,0.015722342862303715,0.030310242207224915,Pure Hebbian
hebbian,128,0.4528786577471541,0.086042818268629,30,0.5010306432306243,0.17435537652157185,30,0.01570919749234857,0.03183279091439051,Pure Hebbian
hebbian,129,0.4527040270186271,0.0859652435384154,30,0.509346427573998,0.15341051856875895,30,0.015695034349138447,0.02800880052622481,Pure Hebbian
hebbian,130,0.4525418800838596,0.08590800636919488,30,0.5050709103159758,0.14013563055543785,30,0.015684584319568505,0.025585148655141172,Pure Hebbian
hebbian,131,0.45237647689866234,0.0858515885458145,30,0.5171970859640649,0.13420614378810472,30,0.015674283881398247,0.024502577436175593,Pure Hebbian
hebbian,132,0.4522062551121241,0.0857871644664307,30,0.525508786613777,0.16189544564287567,30,0.015662521707556578,0.029557929178651486,Pure Hebbian
hebbian,133,0.4520408840934216,0.0857152830565409,30,0.5113497317585721,0.1326938383871914,30,0.01564939801766927,0.024226469508869888,Pure Hebbian
hebbian,134,0.45187733600572577,0.08565699868764673,30,0.5089422331652701,0.11903889943008379,30,0.015638756796471507,0.021733430146148584,Pure Hebbian
hebbian,135,0.45171314946016905,0.0855918729657845,30,0.5051726685637702,0.13971559652344062,30,0.01562686652082559,0.025508461283726264,Pure Hebbian
hebbian,136,0.45154683505657156,0.08551635319042486,30,0.5108956422154729,0.16398419557899233,30,0.015613078559324858,0.02993928099765101,Pure Hebbian
hebbian,137,0.45137479702331407,0.08546261060280745,30,0.5299870846657148,0.1384553187783576,30,0.01560326655014594,0.02527836710049169,Pure Hebbian
hebbian,138,0.45120627363881094,0.08539756305593309,30,0.5119306226698648,0.14714427081933354,30,0.015591390547234787,0.026864745445132718,Pure Hebbian
hebbian,139,0.45104223090202955,0.08534845085006132,30,0.5145059178604029,0.12277057818209498,30,0.015582423926233185,0.022414738356095004,Pure Hebbian
hebbian,140,0.45087684696633,0.08528988326932702,30,0.5050225109331538,0.13223894873063707,30,0.01557173099786429,0.02414341840017969,Pure Hebbian
hebbian,141,0.45071100922587976,0.08523291951012942,30,0.5053457338531762,0.12845382879964976,30,0.015561330885906685,0.02345235321049164,Pure Hebbian
hebbian,142,0.4505450340922126,0.0851514144165036,30,0.5009259021259979,0.16901580399146493,30,0.015546450159796542,0.030857922806999012,Pure Hebbian
hebbian,143,0.4503787640872923,0.0850864432349266,30,0.5204981463906148,0.15425731472192222,30,0.01553458809921738,0.02816340364445685,Pure Hebbian
hebbian,144,0.45021217090241145,0.08502500104469034,30,0.5210168792023046,0.13209710079643017,30,0.015523370341359071,0.024117520629079483,Pure Hebbian
hebbian,145,0.45004751182435593,0.08495395428512464,30,0.5054247607470611,0.13924316035923973,30,0.015510399037075144,0.025422206635688248,Pure Hebbian
hebbian,146,0.4498692221987606,0.08487856012619564,30,0.5320335775446566,0.17250082574539155,30,0.015496634009891964,0.03149419781633962,Pure Hebbian
hebbian,147,0.44969180508598955,0.08481590145141736,30,0.5418348642894979,0.1680439735248425,30,0.015485194153358816,0.030680491650785718,Pure Hebbian
hebbian,148,0.4495162204021292,0.08476597740989841,30,0.5403167741140288,0.16166319558478978,30,0.015476079312124899,0.029515526313386314,Pure Hebbian
hebbian,149,0.44935002405372804,0.08471552338383805,30,0.5090649162933002,0.14622314505831363,30,0.015466867709394826,0.02669657165926281,Pure Hebbian
hebbian,150,0.44917132262133735,0.0846394893864796,30,0.5446645802947337,0.17776353329243696,30,0.015452985864231323,0.032455032362029436,Pure Hebbian
hebbian,151,0.44901260286204703,0.08460125417474343,30,0.49960509911559825,0.12618056534843472,30,0.01544600510157836,0.023037313986697467,Pure Hebbian
hebbian,152,0.44883874413302166,0.08452848512192132,30,0.5097929865611254,0.15688564250866838,30,0.015432719351005377,0.028643268450229683,Pure Hebbian
hebbian,153,0.448681421885109,0.08447755232519617,30,0.4803936929646951,0.14038039831156013,30,0.01542342033711098,0.02562983692893387,Pure Hebbian
hebbian,154,0.4485162500564668,0.08442342842939381,30,0.5209512967747725,0.14613555253105076,30,0.015413538710900641,0.026680579524912557,Pure Hebbian
hebbian,155,0.44834692745073096,0.08436233907155825,30,0.5107908316861944,0.15144362416505258,30,0.015402385371130629,0.027649696381844592,Pure Hebbian
hebbian,156,0.44819108223389453,0.08432154786650063,30,0.4727155922084087,0.11801487670348995,30,0.015394937950078003,0.021546470030564122,Pure Hebbian
hebbian,157,0.4480243413075701,0.0842493300594044,30,0.5011128731498595,0.1306489263672558,30,0.015381752842744614,0.023853121361725828,Pure Hebbian
hebbian,158,0.44786829182039867,0.08421080340874544,30,0.49095137251077126,0.12480531635093389,30,0.015374718870867604,0.02278622902065828,Pure Hebbian
hebbian,159,0.4476991820367766,0.0841491361003294,30,0.5267924344337123,0.13540280577392222,30,0.015363460012240905,0.024721057023955984,Pure Hebbian
hebbian,160,0.44752695842181184,0.08408171520475075,30,0.5287445982794484,0.15389932983561327,30,0.015351150697122362,0.02809804484529774,Pure Hebbian
hebbian,161,0.44736892922055416,0.08403637704669102,30,0.49427327517996617,0.12597120313085264,30,0.015342873119827348,0.0229990898502778,Pure Hebbian
hebbian,162,0.44721458894740623,0.08398451906498093,30,0.488390516055493,0.14357229747194428,30,0.01533340519103758,0.026212595319408605,Pure Hebbian
hebbian,163,0.44705439804282265,0.08391458689161106,30,0.5057028791346091,0.15848634053957003,30,0.0153206373814209,0.028935514589989327,Pure Hebbian
hebbian,164,0.4468882998197327,0.08384562325881167,30,0.515058506505681,0.1492439177199073,30,0.015308046402310323,0.02724808676854607,Pure Hebbian
hebbian,165,0.4467226113890857,0.08378892545674348,30,0.4996189390968369,0.14002292471052458,30,0.015297694847259085,0.02556457147726728,Pure Hebbian
hebbian,166,0.4465615524975961,0.08371612456695551,30,0.4737447444751516,0.13316976427908722,30,0.01528440328407798,0.02431336129110059,Pure Hebbian
hebbian,167,0.44639480612002463,0.08365454074002188,30,0.5177046740662896,0.14075906813095854,30,0.015273159667014964,0.025698972262910843,Pure Hebbian
hebbian,168,0.44623573186774057,0.08358455470563615,30,0.489583887336189,0.15568183934949503,30,0.015260382023767166,0.02842348506853794,Pure Hebbian
hebbian,169,0.44607932954946616,0.08352229709155991,30,0.4801702752900307,0.16850540470111006,30,0.015249015390565163,0.03076473707211168,Pure Hebbian
hebbian,170,0.44590678136201717,0.08347204518118864,30,0.5257377104981165,0.16199246447359408,30,0.015239840688942474,0.02957564231268057,Pure Hebbian
hebbian,171,0.44574235808333396,0.08340062753621594,30,0.5076096429615329,0.16147451104209637,30,0.015226801670557325,0.029481077386624404,Pure Hebbian
hebbian,172,0.44557526938600056,0.08332615299120594,30,0.5007911541156768,0.15526027646659044,30,0.015213204541136687,0.028346518568413356,Pure Hebbian
hebbian,173,0.44541511895844904,0.08326779268059545,30,0.49999280984668687,0.1426916015926189,30,0.015202549454941896,0.026051802986272486,Pure Hebbian
hebbian,174,0.4452590428920031,0.08321340196372874,30,0.4783988912771205,0.13703877737076844,30,0.015192619114092972,0.025019743206299457,Pure Hebbian
hebbian,175,0.4451075641256096,0.08315696398557504,30,0.4665639226163652,0.12078483424050702,30,0.015182314996181384,0.022052192772682687,Pure Hebbian
hebbian,176,0.44494307496113916,0.08308728979470295,30,0.49366446503784006,0.12387327776994173,30,0.015169594287509197,0.022616062835566775,Pure Hebbian
hebbian,177,0.44478024021744933,0.08303421689291499,30,0.5145800188205996,0.15261267911653353,30,0.015159904545675354,0.02786313563780767,Pure Hebbian
hebbian,178,0.4446134051953255,0.08297146116773653,30,0.5129677385037891,0.153526751631497,30,0.015148446970244409,0.028030021683021326,Pure Hebbian
hebbian,179,0.44443755682142577,0.08289726340073536,30,0.5340140185077834,0.15752040622118937,30,0.015134900373343392,0.02875915991824084,Pure Hebbian
hebbian,180,0.4442790455867589,0.08285509462565462,30,0.4994503058397044,0.14528373048242313,30,0.015127201443565363,0.02652505880790802,Pure Hebbian
hebbian,181,0.4441169043858475,0.08279542998535794,30,0.5091243320856079,0.16026709401387795,30,0.015116308220440055,0.029260634205734045,Pure Hebbian
hebbian,182,0.4439513796475324,0.08273295059813113,30,0.5148841432768354,0.16305450532053908,30,0.015104901097185647,0.029769543555635127,Pure Hebbian
hebbian,183,0.4437927306746149,0.08269755338057631,30,0.5231431201988473,0.15015828794173688,30,0.01509843847900975,0.027415027167348425,Pure Hebbian
hebbian,184,0.4436339625901732,0.08263277407943459,30,0.500712801558597,0.13847171597715124,30,0.015086611450844837,0.025281360805711417,Pure Hebbian
hebbian,185,0.4434678060737934,0.08254496418634669,30,0.4924730817561583,0.17276303867237378,30,0.01507057963110605,0.031542071127998825,Pure Hebbian
hebbian,186,0.44330229153937317,0.08248275664646677,30,0.49284365839157146,0.13935400292815972,30,0.015059222140159673,0.025442443627464683,Pure Hebbian
hebbian,187,0.44314989228864415,0.08244474307875946,30,0.4890602741212607,0.13266121863234837,30,0.015052281843984824,0.02422051398368728,Pure Hebbian
hebbian,188,0.44298837437434535,0.08239998515180524,30,0.4975389666532241,0.12627551607730436,30,0.015044110201911494,0.023054649538715288,Pure Hebbian
hebbian,189,0.44282907049609027,0.08233346843871688,30,0.49404002335438835,0.1501927817498125,30,0.015031965967174961,0.027421324846274176,Pure Hebbian
hebbian,190,0.44266692805680835,0.08227894815052947,30,0.5137618094957094,0.1272268780920006,30,0.015022011969947652,0.02322834368398285,Pure Hebbian
hebbian,191,0.4425023041424846,0.0822181470998209,30,0.5288461088862164,0.131823465279298,30,0.015010911267616622,0.02406756184732352,Pure Hebbian
hebbian,192,0.4423443494099762,0.08215095201938377,30,0.481931156011597,0.1262247192282414,30,0.01499864318051369,0.023045375345354634,Pure Hebbian
hebbian,193,0.44218346325189356,0.08209192095838293,30,0.4924430493845076,0.14616908256103098,30,0.014987865632612481,0.02668670124283722,Pure Hebbian
hebbian,194,0.4420174309919208,0.08203353821653118,30,0.5081661986522554,0.14366149569602116,30,0.014977206451052081,0.026228880612547373,Pure Hebbian
hebbian,195,0.44185932247529813,0.08200056602201325,30,0.48867805733121555,0.10804419818809848,30,0.014971186579482773,0.019726081518393442,Pure Hebbian
hebbian,196,0.44170406401980855,0.08194299876547276,30,0.493405867708877,0.11503446715039156,30,0.014960676284489136,0.02100232418295216,Pure Hebbian
hebbian,197,0.4415419863813644,0.08188197160141673,30,0.495378524076513,0.14319671705288461,30,0.014949534299697784,0.026144024030183198,Pure Hebbian
hebbian,198,0.4413905465243915,0.08182250934172768,30,0.471841262700956,0.14661051684556556,30,0.014938678026047142,0.026767295747935804,Pure Hebbian
hebbian,199,0.44123368038544103,0.08176661829245195,30,0.4914224332260005,0.11669613958858781,30,0.01492847376323016,0.021305702675480393,Pure Hebbian
hebbian,200,0.44107643921976347,0.08171334068696039,30,0.4912592421319503,0.11766686256183173,30,0.014918746647784297,0.021482931631991786,Pure Hebbian
hebbian,201,0.4409184060927044,0.08165751347218196,30,0.4909177549913285,0.13968811772872705,30,0.014908554039498687,0.025503444365153706,Pure Hebbian
hebbian,202,0.4407466054946235,0.08158206173307825,30,0.5257923098031055,0.16385938717718881,30,0.014894778499661988,0.02991649420530636,Pure Hebbian
hebbian,203,0.4405915830820663,0.08153023876110242,30,0.4752814348837027,0.1204751255750051,30,0.014885316962745948,0.021995647965232613,Pure Hebbian
hebbian,204,0.4404304168031494,0.08147578858909735,30,0.4934685865269115,0.15076782621560073,30,0.014875375766923543,0.027526313121434418,Pure Hebbian
hebbian,205,0.44025908565761734,0.08142885389824012,30,0.5298214653868356,0.14405863632725927,30,0.014866806703952865,0.02630138823995769,Pure Hebbian
hebbian,206,0.4400902071120703,0.08135798980752898,30,0.5144106678614038,0.16196282645160517,30,0.014853868750286336,0.029570231174946185,Pure Hebbian
hebbian,207,0.43992873140027117,0.08129678546262033,30,0.5096669215124223,0.14820285015646548,30,0.01484269441684507,0.027058014705751393,Pure Hebbian
hebbian,208,0.4397728420338224,0.08124374311444055,30,0.4718636950787756,0.12606250709693348,30,0.014833010253311369,0.023015759597548518,Pure Hebbian
hebbian,209,0.43961452713836685,0.08119618389138576,30,0.5052214285821386,0.13988551155585624,30,0.014824327166883193,0.025539483382430683,Pure Hebbian
hebbian,210,0.43945964997978615,0.08114620885337397,30,0.4910613737382571,0.15430380604245364,30,0.014815203015006113,0.02817189175945127,Pure Hebbian
hebbian,211,0.4393009378952007,0.08108865070474572,30,0.4989343417372693,0.12610009883086182,30,0.014804694382882138,0.023022622877764614,Pure Hebbian
hebbian,212,0.43914213470517927,0.0810336237077954,30,0.49831890118542754,0.13147029479146757,30,0.014794647873714987,0.024003082033046914,Pure Hebbian
hebbian,213,0.43897731566729237,0.08095771505935413,30,0.5001670917355142,0.16048033105224332,30,0.014780788914027981,0.02929956578440348,Pure Hebbian
hebbian,214,0.4388234437955229,0.08090466492084852,30,0.48420106387667344,0.13139508903973385,30,0.014771103328181883,0.023989351404154015,Pure Hebbian
hebbian,215,0.43865487282442456,0.0808354696831402,30,0.5142241845519782,0.1760309705184097,30,0.014758470063993624,0.032138711124153285,Pure Hebbian
hebbian,216,0.43850321070521403,0.08078222872999269,30,0.4721475636951018,0.12665042685402036,30,0.014748749640319634,0.023123098568535002,Pure Hebbian
hebbian,217,0.438343550397038,0.08071773495897581,30,0.4955848439176446,0.16477833843441914,30,0.014736974742584796,0.030084270982917286,Pure Hebbian
hebbian,218,0.4381781056555311,0.08065494892243173,30,0.5078100258850525,0.15755985090973407,30,0.01472551163308095,0.028766361500137404,Pure Hebbian
hebbian,219,0.4380259847247388,0.08059692563391915,30,0.46946145440278814,0.12911924541202968,30,0.014714918078421292,0.023573841106738026,Pure Hebbian
hebbian,220,0.43787304645762276,0.08055422083854843,30,0.48611653413266515,0.13015511440388805,30,0.014707121285175232,0.023762964044558348,Pure Hebbian
hebbian,221,0.4377211283235128,0.08051319422873736,30,0.47147693877484015,0.11777436242713513,30,0.014699630885291403,0.021502558332376933,Pure Hebbian
hebbian,222,0.43756861160047117,0.08046347655139693,30,0.48989479558528226,0.10942425465400026,30,0.014690553720829364,0.019978044204061865,Pure Hebbian
hebbian,223,0.4374034613100832,0.0804056344086706,30,0.5133315016321748,0.11761393641180257,30,0.014679993238714148,0.02147326868324083,Pure Hebbian
hebbian,224,0.43724652662927316,0.08035892016758858,30,0.49849032190389225,0.12027209932739617,30,0.014671464424181697,0.021958580613372268,Pure Hebbian
hebbian,225,0.43709928411413307,0.08032097960294418,30,0.4819907112515743,0.1375100965149402,30,0.014664537456481623,0.025105793915315092,Pure Hebbian
hebbian,226,0.43693649229547976,0.08025653871104951,30,0.5146189071959919,0.1610602725408393,30,0.014652772213109469,0.029405448129515857,Pure Hebbian
hebbian,227,0.43677619139962903,0.08019386499373012,30,0.5033840976778721,0.15197761931220233,30,0.014641329610196624,0.027747190111075327,Pure Hebbian
hebbian,228,0.4366168253758399,0.08013189301857163,30,0.48373317139835853,0.1450213630630059,30,0.014630015127287472,0.02647715728991827,Pure Hebbian
hebbian,229,0.43645941081824524,0.08006770751211634,30,0.4827216594956205,0.15001591638776443,30,0.014618296510703987,0.02738903379679583,Pure Hebbian
hebbian,230,0.4362961769431825,0.08000543745377368,30,0.5023226933531508,0.133933358589775,30,0.014606927605500176,0.024452773900682692,Pure Hebbian
hebbian,231,0.4361461450445409,0.07997086545634485,30,0.4884798670490934,0.11329616104364842,30,0.014600615651216915,0.020684954360781427,Pure Hebbian
hebbian,232,0.4359874912429969,0.07990688704012469,30,0.48586176144234466,0.13150944768126183,30,0.014588934843964502,0.02401023034002419,Pure Hebbian
hebbian,233,0.4358286894583921,0.07984240435986394,30,0.4936230321764784,0.1190072615092403,30,0.014577161971115433,0.02172765387850907,Pure Hebbian
hebbian,234,0.43567192792913,0.07978183266006664,30,0.4842272639178927,0.17882803897964747,30,0.014566103142340296,0.03264938362118868,Pure Hebbian
hebbian,235,0.43551612651782967,0.07973112536030624,30,0.49921058697672627,0.16257516922718104,30,0.014556845298370648,0.029682029158648926,Pure Hebbian
hebbian,236,0.4353489730908093,0.07965650616187708,30,0.500401448538079,0.15292009251217856,30,0.01454322175896978,0.027919261388232346,Pure Hebbian
hebbian,237,0.4351866767200199,0.07957982798829051,30,0.49821736877301076,0.14335038638284675,30,0.014529222303855891,0.026172080082988852,Pure Hebbian
hebbian,238,0.435034165913136,0.07951739420709802,30,0.4673533759240937,0.14110434666332083,30,0.01451782350708607,0.025762011209843214,Pure Hebbian
hebbian,239,0.4348725554429686,0.07946338711215312,30,0.49685223753296254,0.13833095294342385,30,0.014507963205697187,0.025255661109432965,Pure Hebbian
hebbian,240,0.4347143081841264,0.07938983278818733,30,0.49189725511334237,0.13777856252700743,30,0.014494534084884485,0.02515480887889265,Pure Hebbian
hebbian,241,0.4345477556744237,0.07931746705394792,30,0.500581524695186,0.16588236194639597,30,0.01448132196987337,0.030285837176759214,Pure Hebbian
hebbian,242,0.43440011324617234,0.0792714615362855,30,0.47725454376565646,0.1276773960259239,30,0.014472922549942233,0.02331059662897299,Pure Hebbian
hebbian,243,0.4342559730912728,0.07921193013640129,30,0.4592487768325888,0.10771976346854648,30,0.014462053653076753,0.01966684811361461,Pure Hebbian
hebbian,244,0.43409584427249437,0.07915890418971924,30,0.49574547898040733,0.1385252599986335,30,0.014452372484033143,0.025291136561839872,Pure Hebbian
hebbian,245,0.43393114546757405,0.07908830613688488,30,0.49770712798421823,0.1432562104648911,30,0.01443948310201537,0.02615488599144283,Pure Hebbian
hebbian,246,0.43377814868766296,0.07903661855025793,30,0.4819423458948263,0.13089380708860232,30,0.014430046282969174,0.023897830260052367,Pure Hebbian
hebbian,247,0.4336165521646401,0.07898001651525455,30,0.49002660380044655,0.15368227248948993,30,0.014419712212511825,0.02805841577704975,Pure Hebbian
hebbian,248,0.4334620716087904,0.0789338734314469,30,0.4777779639048834,0.12184756632166852,30,0.014411287676553725,0.022246220217161543,Pure Hebbian
hebbian,249,0.43331810980107494,0.07889067103807222,30,0.4582958108867672,0.13717011540592788,30,0.014403400034757218,0.02504372214113787,Pure Hebbian
hebbian,250,0.43316203551405796,0.07883738167827291,30,0.48786387951728305,0.13290676857435735,30,0.014393670773278187,0.024265345064431416,Pure Hebbian
hebbian,251,0.43300768215187774,0.07878181661853906,30,0.4856789744916622,0.1438244508246357,30,0.014383526027736404,0.02625863201248182,Pure Hebbian
hebbian,252,0.4328409015773527,0.07872301309262766,30,0.5007298968708433,0.141672484755218,30,0.0143727900218689,0.025865738559413216,Pure Hebbian
hebbian,253,0.43269340981086973,0.07867114095146138,30,0.47599702649214853,0.14819814817335214,30,0.014363319507927946,0.027057156245012665,Pure Hebbian
hebbian,254,0.43253609073380783,0.07863139186208369,30,0.49160983019382254,0.12605011224163454,30,0.014356062350297127,0.023013496616933773,Pure Hebbian
hebbian,255,0.4323777593619444,0.07856360681770597,30,0.4906691060407096,0.1482302465239808,30,0.014343686551008072,0.027063016575245343,Pure Hebbian
hebbian,256,0.4322244154073864,0.07851465969707724,30,0.4873380675769276,0.12362579399668536,30,0.014334750070310313,0.022570878687157105,Pure Hebbian
hebbian,257,0.43206994954375494,0.07845166560686184,30,0.481524765944956,0.15724994778821588,30,0.014323248975576816,0.02870978119003848,Pure Hebbian
hebbian,258,0.43190938643331883,0.07839266343356427,30,0.5101401233282931,0.14328997054742704,30,0.014312476701824513,0.026161049711025553,Pure Hebbian
hebbian,259,0.43176244431227706,0.07835086832588613,30,0.47534015178908234,0.11253220856479323,30,0.014304845994068288,0.02054547635893777,Pure Hebbian
hebbian,260,0.4316092291717256,0.07829369254948276,30,0.48022281268798195,0.13354846281366126,30,0.014294407173241956,0.02438250186772737,Pure Hebbian
hebbian,261,0.4314435933017912,0.07822725717107631,30,0.5097707810057853,0.14273258074448977,30,0.014282277788118755,0.02605928472156152,Pure Hebbian
hebbian,262,0.4312903701410019,0.07817056146082492,30,0.4915073118292345,0.1383890531004685,30,0.014271926614979266,0.025266268698302282,Pure Hebbian
hebbian,263,0.43114680828915347,0.07811242527142465,30,0.4567743177049231,0.15343527629021536,30,0.01426131244753196,0.028013320647062846,Pure Hebbian
hebbian,264,0.4309941104384259,0.07805865061856468,30,0.48208127454059185,0.13205407624011456,30,0.014251494584067487,0.024109665455739244,Pure Hebbian
hebbian,265,0.43083829011331914,0.07799434301494303,30,0.4801105295666727,0.146549498643132,30,0.01423975367569326,0.026756155399305374,Pure Hebbian
hebbian,266,0.43067821241878995,0.07794378836149578,30,0.5060409724977988,0.11920226927728142,30,0.014230523700999956,0.02176325726299069,Pure Hebbian
hebbian,267,0.43051884329075946,0.07789275821532766,30,0.506749542258309,0.12467606453375259,30,0.01422120691361027,0.0227626309753687,Pure Hebbian
hebbian,268,0.43035152972893376,0.07780890876927334,30,0.5102120365409089,0.16411370884746557,30,0.014205898169264179,0.02996292677719735,Pure Hebbian
hebbian,269,0.4301995077401912,0.0777553744777362,30,0.47849022828382726,0.1347153287907729,30,0.01419612418957253,0.024595541473477155,Pure Hebbian
hebbian,270,0.43005177256660876,0.07770248841634489,30,0.4784912354030901,0.14644349783517566,30,0.01418646855997199,0.02673680238809489,Pure Hebbian
hebbian,271,0.42989626712032436,0.07764691527310927,30,0.4968284984299039,0.1597822305551374,30,0.01417632233859145,0.02917211065451332,Pure Hebbian
hebbian,272,0.4297547389489261,0.07760726114750016,30,0.45706300246726655,0.1192012572684268,30,0.014169082518893367,0.021763072496298,Pure Hebbian
hebbian,273,0.42959819290539264,0.07755894554938877,30,0.4788153715808879,0.1462095355071928,30,0.014160261337905046,0.026694086906547343,Pure Hebbian
hebbian,274,0.42945113858628853,0.07751191715788794,30,0.46233398040623946,0.14973612017163274,30,0.01415167516761565,0.027337950230435858,Pure Hebbian
hebbian,275,0.42930248204352583,0.07746097881183477,30,0.4592661599493565,0.12650070764952248,30,0.014142375140557207,0.02309576370666993,Pure Hebbian
hebbian,276,0.4291425997280357,0.07739401183746214,30,0.49351374979520113,0.14552457892329948,30,0.014130148699733287,0.02656903151591066,Pure Hebbian
hebbian,277,0.428997658889985,0.07734476093515773,30,0.4566977825316339,0.13564276463281494,30,0.014121156756343418,0.02476486731725223,Pure Hebbian
hebbian,278,0.4288442382018598,0.07730030215589373,30,0.4865434047777896,0.1005490025916724,30,0.014113039730916073,0.018357652284701462,Pure Hebbian
hebbian,279,0.4286868144505084,0.0772448622528314,30,0.48493499888881375,0.13737636878187834,30,0.014102917835751695,0.025081378683327753,Pure Hebbian
hebbian,280,0.42854582803587965,0.07720408977048722,30,0.4532865178065366,0.12058193026768403,30,0.01409547383298323,0.022015147745041833,Pure Hebbian
hebbian,281,0.4283954756891374,0.07715996849338591,30,0.4793003680216279,0.1341450538661445,30,0.014087418426738456,0.02449142399341098,Pure Hebbian
hebbian,282,0.4282583116838287,0.0771176534118525,30,0.43728835051137527,0.12006784591223367,30,0.014079692785178951,0.021921289212394942,Pure Hebbian
hebbian,283,0.4281166266582088,0.07705924543757797,30,0.4520221330487541,0.16703491027935635,30,0.014069028996829503,0.030496262750285007,Pure Hebbian
hebbian,284,0.42797227796438747,0.07700663149576412,30,0.4674568543286391,0.11955738790303821,30,0.014059423049239265,0.0218280927569631,Pure Hebbian
hebbian,285,0.427818861732917,0.07695379805917274,30,0.4762024811226805,0.12800538217241533,30,0.014049777027568726,0.023370478432633842,Pure Hebbian
hebbian,286,0.42767167557117863,0.07690925921188084,30,0.4688194296340604,0.13652516466865408,30,0.014041645383786376,0.024925970785376384,Pure Hebbian
hebbian,287,0.4275250412812827,0.07685340563491856,30,0.47142880713990937,0.13530606819280366,30,0.014031447962446514,0.02470339523884361,Pure Hebbian
hebbian,288,0.427363320163103,0.07678455652229832,30,0.49828074908376896,0.18124412977488,30,0.014018877891764406,0.03309049943103183,Pure Hebbian
hebbian,289,0.4272113534186873,0.07672074916457908,30,0.47809796846052055,0.13788330212364733,30,0.014007228315378529,0.02517393162547387,Pure Hebbian
hebbian,290,0.427046469148025,0.07664791143191675,30,0.5168422423497662,0.16727726053241382,30,0.013993930025639634,0.030540509650423892,Pure Hebbian
hebbian,291,0.42689983973468487,0.07659931142900157,30,0.4601528404132311,0.12577750057858875,30,0.013985056919675814,0.022963724764504045,Pure Hebbian
hebbian,292,0.42675295906826705,0.07654252090839313,30,0.4514308254265743,0.11110015472037658,30,0.013974688436612578,0.02028402029422144,Pure Hebbian
hebbian,293,0.42660768574835206,0.07649680019765755,30,0.4462430920317035,0.11487676678217983,30,0.013966341015074228,0.020973532166620016,Pure Hebbian
hebbian,294,0.4264601041347694,0.07644492442455136,30,0.4658720657239114,0.14789252829836552,30,0.013956869838034803,0.027001357945161973,Pure Hebbian
hebbian,295,0.42631870333092203,0.07640224967546957,30,0.4589852305202073,0.11772299239527305,30,0.01394907853046548,0.021493179490633393,Pure Hebbian
hebbian,296,0.4261569641596801,0.07633770166659137,30,0.4930358228359886,0.15893277129633168,30,0.013937293730297269,0.029017021321936814,Pure Hebbian
hebbian,297,0.4260083506289431,0.07627573660573456,30,0.47383092539008764,0.1438987721083826,30,0.013925980509761116,0.026272201160352126,Pure Hebbian
hebbian,298,0.4258713527829329,0.07621785831070332,30,0.4341162927007121,0.1238827956069461,30,0.013915413427168268,0.02261780054690876,Pure Hebbian
hebbian,299,0.4257254444205524,0.07615166514227192,30,0.44887759274946404,0.12246152304887817,30,0.013903328263334062,0.0223583128667698,Pure Hebbian
hebbian,300,0.42558271927347563,0.07611300000211063,30,0.46058747916704934,0.09087865120307147,30,0.013896269006848917,0.01659209575318875,Pure Hebbian
hebbian,301,0.425424209151855,0.07606268422809376,30,0.49019289273688166,0.1355527401879922,30,0.013887082645373125,0.02474843117753347,Pure Hebbian
hebbian,302,0.4252740487625196,0.07600767694670484,30,0.46467044775209104,0.14670591994185306,30,0.013877039735758543,0.026784713890566636,Pure Hebbian
hebbian,303,0.42513213095381774,0.07596623581063106,30,0.45455333658571223,0.09296374228554888,30,0.013869473654079792,0.016972779559963996,Pure Hebbian
hebbian,304,0.4249834058586893,0.07591008711390912,30,0.4763916011686984,0.11970401290716272,30,0.013859222351490086,0.02185486269771419,Pure Hebbian
hebbian,305,0.4248262149333326,0.07586074087891966,30,0.49644941214428456,0.12697807477070328,30,0.01385021300281286,0.023182918620163934,Pure Hebbian
hebbian,306,0.4246813249881672,0.07580710579777515,30,0.4664800179533077,0.11502331539489713,30,0.013840420621540703,0.021000288160272135,Pure Hebbian
hebbian,307,0.42453707546012753,0.07576130345769681,30,0.46850991407962944,0.13001568699783328,30,0.013832058296591562,0.023737508199414805,Pure Hebbian
hebbian,308,0.42438522353691155,0.07572148825376954,30,0.4822457765825995,0.12579830123313054,30,0.013824789068150682,0.02296752242707185,Pure Hebbian
hebbian,309,0.42424549565827746,0.07567924026613511,30,0.4548738589241576,0.12847611466990036,30,0.013817075676205156,0.02345642203510827,Pure Hebbian
hebbian,310,0.42410662989815495,0.07564037171209761,30,0.4432929125847378,0.11479835516016638,30,0.013809979281597174,0.020959216228570905,Pure Hebbian
hebbian,311,0.4239674923321543,0.07560131050822011,30,0.44487324407673806,0.10291740348794183,30,0.013802847714101502,0.018790061150068867,Pure Hebbian
hebbian,312,0.42382866710430045,0.07556045145321323,30,0.45825626639209,0.13284583261298746,30,0.013795387905399631,0.024254219730896233,Pure Hebbian
hebbian,313,0.42368069926244195,0.07551640398206345,30,0.4733183163064378,0.1288364371985103,30,0.013787345974216368,0.023522207627407258,Pure Hebbian
hebbian,314,0.4235381888945966,0.07547358314849743,30,0.46399036050338294,0.12443770693262558,30,0.013779527995391274,0.02271911303040534,Pure Hebbian
hebbian,315,0.4234059744866273,0.07543277774068831,30,0.4425811567662177,0.10517817084398501,30,0.013772077981282856,0.01920281890946092,Pure Hebbian
hebbian,316,0.42324287266704513,0.07535053756484275,30,0.4882491876279437,0.15480359463878998,30,0.013757063048134921,0.028263140255517023,Pure Hebbian
hebbian,317,0.42309742293281266,0.07530423027298677,30,0.45194893121202107,0.09861232433734728,30,0.013748608532026089,0.018004064829193596,Pure Hebbian
hebbian,318,0.4229465232136315,0.07525877888135053,30,0.488889914199149,0.15273385369564346,30,0.013740310281203033,0.02788525898793257,Pure Hebbian
hebbian,319,0.42279681883384174,0.07519928679014497,30,0.4563907738332092,0.13837118100222617,30,0.013729448561087551,0.025263005714516524,Pure Hebbian
hebbian,320,0.42265709979325855,0.07514879206154677,30,0.4284244780782092,0.1099563553969062,30,0.013720229527124775,0.020075192063980146,Pure Hebbian
hebbian,321,0.4225088066797698,0.07508909487082334,30,0.4697458886555245,0.13679991445195752,30,0.013709330361131804,0.02497613300337137,Pure Hebbian
hebbian,322,0.4223596693868898,0.07503814339700086,30,0.47076099255386783,0.12424746591518099,30,0.013700027937281568,0.022684379931532963,Pure Hebbian
hebbian,323,0.4222075376911907,0.07497922609089686,30,0.48339032869891235,0.18043489634695753,30,0.013689271158088035,0.03294275429677838,Pure Hebbian
hebbian,324,0.42206487078478094,0.07493753333609982,30,0.45441943634157983,0.11773753812424738,30,0.013681659137325745,0.021495835165258256,Pure Hebbian
hebbian,325,0.4219097502516781,0.07488727801833593,30,0.4769622059122766,0.1363885449560617,30,0.013672483813601121,0.024901027552580814,Pure Hebbian
hebbian,326,0.4217604120638371,0.07483286641047342,30,0.4736317014579339,0.14600804867222192,30,0.013662549658595646,0.026657300611696053,Pure Hebbian
hebbian,327,0.42161240703483144,0.07478170505984587,30,0.46540902755083696,0.12670202586297008,30,0.0136532089166586,0.02313251921558389,Pure Hebbian
hebbian,328,0.4214757983988963,0.0747340693223292,30,0.43260777090762836,0.13359903232134165,30,0.013644511860664843,0.0243917345544202,Pure Hebbian
hebbian,329,0.421330451939605,0.07467167111364797,30,0.45084850652476394,0.13070167210589756,30,0.013633119558517301,0.023862751372014615,Pure Hebbian
hebbian,330,0.4211730078491468,0.07461286867711371,30,0.49008901127747323,0.14160798602249539,30,0.01362238375154194,0.025853962755798997,Pure Hebbian
hebbian,331,0.42102547131050433,0.0745646095400983,30,0.4681669158544014,0.11340298641279138,30,0.01361357287889225,0.020704457915579233,Pure Hebbian
hebbian,332,0.4208796761849892,0.07450028880009599,30,0.46570910388243486,0.13936429087514815,30,0.01360182957215402,0.02544432194101001,Pure Hebbian
hebbian,333,0.4207187207996405,0.07444045421207254,30,0.49624435851058124,0.14827696107217037,30,0.013590905320960862,0.027071545445847705,Pure Hebbian
hebbian,334,0.4205710069587687,0.07439668288273872,30,0.4590800005239783,0.12835567806866016,30,0.013582913806144821,0.0234344334206921,Pure Hebbian
hebbian,335,0.4204190712230187,0.07435700881297287,30,0.47084488390717477,0.11306272419806372,30,0.01357567034515856,0.0206423348187549,Pure Hebbian
hebbian,336,0.420275190550544,0.07430644360879739,30,0.45011045711903963,0.11290626923574765,30,0.013566438444174636,0.020613770181390188,Pure Hebbian
hebbian,337,0.42012490602467245,0.07426381836313782,30,0.48197221146874764,0.12472471960595628,30,0.013558656174652323,0.022771514135563036,Pure Hebbian
hebbian,338,0.4199756205395291,0.07422027980760225,30,0.4835753775565384,0.13419309739542648,30,0.01355070715832298,0.02450019550165428,Pure Hebbian
hebbian,339,0.4198287472712593,0.07417110489144371,30,0.47735129415877553,0.1183760332674185,30,0.013541729088041828,0.02161240789618236,Pure Hebbian
hebbian,340,0.41967771770744083,0.07411450891128468,30,0.4649490535732329,0.11932499955129344,30,0.013531396123042758,0.02178566464284575,Pure Hebbian
hebbian,341,0.41953140709992254,0.07406522909515575,30,0.4606072881287387,0.11289597914933813,30,0.013522398900734917,0.020611891477241795,Pure Hebbian
hebbian,342,0.41938898996298574,0.07403031333518251,30,0.4541843638002074,0.12949362128154318,30,0.013516024184284988,0.023642192476310747,Pure Hebbian
hebbian,343,0.4192526956176053,0.07398779613515896,30,0.4395733410149328,0.11637848934193322,30,0.013508261641106703,0.021247707940317127,Pure Hebbian
hebbian,344,0.4191095493693168,0.07392816003167987,30,0.43618968301424926,0.14214084054657214,30,0.013497373628067634,0.025951248236700836,Pure Hebbian
hebbian,345,0.4189575221587496,0.07386962521620073,30,0.4745490279186765,0.12311275971986314,30,0.013486686681788524,0.022477211871760813,Pure Hebbian
hebbian,346,0.4188043151562643,0.0738125904605251,30,0.4782341384951407,0.14355416631851017,30,0.013476273607706745,0.026209285038832124,Pure Hebbian
hebbian,347,0.41865380047609835,0.073755306450874,30,0.4757124723075197,0.1307035138989935,30,0.013465815026283327,0.023863087635889582,Pure Hebbian
hebbian,348,0.418512253946773,0.07368586664549855,30,0.4443484607866212,0.15179563216373793,30,0.01345313711035236,0.027713963955611997,Pure Hebbian
hebbian,349,0.4183645172960441,0.07363494264217174,30,0.47267914302863656,0.14894614973790365,30,0.013443839701905507,0.027193722021664004,Pure Hebbian
hebbian,350,0.4182214045827195,0.0735886744722496,30,0.442261325267548,0.09779005437654824,30,0.013435392328451892,0.017853939560564087,Pure Hebbian
hebbian,351,0.41808466258798443,0.07354025631775592,30,0.4357133006606796,0.12237453474146637,30,0.013426552423315573,0.02234243104736692,Pure Hebbian
hebbian,352,0.41794428654571625,0.07349717411116365,30,0.4659396674059842,0.12424542901302181,30,0.013418686724523012,0.022684008045779625,Pure Hebbian
hebbian,353,0.4177837355447689,0.07342594097717488,30,0.491680803407827,0.15534706290447584,30,0.013405681393080533,0.028362363531651807,Pure Hebbian
hebbian,354,0.4176369391693423,0.07336514755747083,30,0.46425639874240543,0.16239048692489894,30,0.013394582083973938,0.02964831093767163,Pure Hebbian
hebbian,355,0.4174928906616141,0.07330835829403497,30,0.4497477696348671,0.11100042843471054,30,0.013384213830437962,0.020265812848809607,Pure Hebbian
hebbian,356,0.41734108531848413,0.07325349352425772,30,0.4665655956226905,0.13856530940431647,30,0.013374196939764854,0.02529844854947562,Pure Hebbian
hebbian,357,0.4172013081600207,0.07320876543839415,30,0.4426853937523386,0.12680408805588098,30,0.013366030745904351,0.02315115313735914,Pure Hebbian
hebbian,358,0.417063542823971,0.07315462923000367,30,0.43201450161898935,0.12526275998204123,30,0.013356146871733263,0.022869746419173134,Pure Hebbian
hebbian,359,0.41692723178471025,0.07311579298639434,30,0.4430349154994157,0.11070514217465502,30,0.013349056376175398,0.02021190120029169,Pure Hebbian
hebbian,360,0.4167830154673393,0.07307172210118484,30,0.4572751351420408,0.1438988814965657,30,0.013341010170189245,0.0262722211318106,Pure Hebbian
hebbian,361,0.41664479169820295,0.0730199353898126,30,0.443848713589036,0.1271116456327994,30,0.013331555253523383,0.02320730521156242,Pure Hebbian
hebbian,362,0.41649683529666653,0.07297000583043389,30,0.46845222635674627,0.11569724611116636,30,0.013322439404870712,0.021123330512104223,Pure Hebbian
hebbian,363,0.41635478370453155,0.07291837396686865,30,0.46758255668392956,0.15684611594515502,30,0.013313012759417141,0.028636051920077375,Pure Hebbian
hebbian,364,0.41620833219026604,0.07287164642956175,30,0.4493252391782392,0.1282676633623358,30,0.013304481517337255,0.02341836420734342,Pure Hebbian
hebbian,365,0.4160721146204,0.07281840391726847,30,0.44469516255908487,0.12160015739631783,30,0.013294760809003499,0.022201049734047313,Pure Hebbian
hebbian,366,0.41592710243239633,0.07276161032609778,30,0.4579131814098009,0.1268891180891215,30,0.01328439176533486,0.023166677426449556,Pure Hebbian
hebbian,367,0.4157833530541357,0.0727133043356611,30,0.45939379736941427,0.12656508006029782,30,0.013275572338459928,0.023107516447157476,Pure Hebbian
hebbian,368,0.41564269012677735,0.07267177516587711,30,0.44493597137361457,0.1173127869561993,30,0.01326799018409821,0.02141828656656939,Pure Hebbian
hebbian,369,0.4155038357500365,0.07262896367012922,30,0.44746476827790793,0.10700931184786533,30,0.013260173910117657,0.019537137987393555,Pure Hebbian
hebbian,370,0.41534814663841557,0.07257626030871411,30,0.47529933268411106,0.12663828614738593,30,0.013250551636816524,0.023120881988905755,Pure Hebbian
hebbian,371,0.41521444320069195,0.0725428964525444,30,0.4385947795550304,0.11392991738488811,30,0.01324446025794002,0.020800661908801067,Pure Hebbian
hebbian,372,0.41506100470225044,0.07248140739530644,30,0.46126203240716473,0.1420241864569239,30,0.013233233943377035,0.02592995021125898,Pure Hebbian
hebbian,373,0.4149154695488257,0.07242651439422929,30,0.45938119953965334,0.13879631331354933,30,0.01322321189839733,0.025340623900128523,Pure Hebbian
hebbian,374,0.4147744105149088,0.07237717528173031,30,0.4487124145799188,0.13279382324554898,30,0.013214203850103004,0.024244724162980354,Pure Hebbian
hebbian,375,0.4146259550434511,0.07233616002701747,30,0.46047716597253374,0.11471445332967826,30,0.013206715523366991,0.020943897920179467,Pure Hebbian
hebbian,376,0.4144922287167851,0.07228392382094168,30,0.43564365110509967,0.11553942519752229,30,0.013197178540571591,0.021094516487287912,Pure Hebbian
hebbian,377,0.4143546862449554,0.0722266651809744,30,0.42348444634789445,0.1329426699991497,30,0.013186724590997543,0.024271899737833197,Pure Hebbian
hebbian,378,0.41421788963128975,0.07218611881887636,30,0.44693764852577816,0.10988434072535141,30,0.01317932187194892,0.020062044043952853,Pure Hebbian
hebbian,379,0.414083003694572,0.07213970220812237,30,0.4332120557132035,0.10621332681613269,30,0.013170847397031287,0.01939181166828808,Pure Hebbian
hebbian,380,0.41393966877027805,0.07209147402869859,30,0.44409213663194336,0.12857493586070712,30,0.013162042176438684,0.023474464233563065,Pure Hebbian
hebbian,381,0.41380675670248296,0.07205204075612784,30,0.4361664530999373,0.113701890870797,30,0.013154842678804268,0.02075903015364208,Pure Hebbian
hebbian,382,0.4136763713381543,0.07201277662658842,30,0.43161151591528313,0.1083637868730157,30,0.013147674062321086,0.019784430162344303,Pure Hebbian
hebbian,383,0.4135249513814418,0.07196442398421289,30,0.4742681025737023,0.13480933971057596,30,0.0131388461180064,0.024612705440619803,Pure Hebbian
hebbian,384,0.41338957216189953,0.07191459289165977,30,0.42794650861369166,0.10837948083944614,30,0.013129748246854244,0.01978729547548786,Pure Hebbian
hebbian,385,0.4132556046016834,0.07186848093496721,30,0.43480024941783046,0.12851286378562982,30,0.013121329393903838,0.023463131474992734,Pure Hebbian
hebbian,386,0.4131068051520238,0.07179269234718424,30,0.47245738135508747,0.16544870225258992,30,0.013107492354193773,0.030206662111233098,Pure Hebbian
hebbian,387,0.41297089626462735,0.07174761992782167,30,0.45074720443530525,0.13475999800781574,30,0.013099263293925035,0.024603696919410643,Pure Hebbian
hebbian,388,0.41283498353647013,0.07169608531518883,30,0.4300415863116101,0.13046252539552616,30,0.013089854403981268,0.023819089356073426,Pure Hebbian
hebbian,389,0.41269695868795825,0.07165039128621843,30,0.4482731978692351,0.11941115420116012,30,0.013081511853844477,0.02180139425790106,Pure Hebbian
hebbian,390,0.41255934925198046,0.07160956322697498,30,0.4484671957331453,0.1127446890662357,30,0.013074057704168878,0.020584269813494455,Pure Hebbian
hebbian,391,0.41241788859348083,0.07156548938726834,30,0.45100595745722,0.10742835146537306,30,0.013066010958767813,0.019613643804392664,Pure Hebbian
hebbian,392,0.4122753713680446,0.07150941427770464,30,0.4482873374388605,0.10606531741446593,30,0.01305577309129361,0.019364788972282835,Pure Hebbian
hebbian,393,0.4121293461287793,0.07146393537377839,30,0.47026884442580913,0.12837769147028555,30,0.013047469817436604,0.023438452499571317,Pure Hebbian
hebbian,394,0.41199142094704916,0.0714218325227261,30,0.45157592611308744,0.1206534309977842,30,0.013039782923684398,0.02202820193262648,Pure Hebbian
hebbian,395,0.41184591395807446,0.07137672816889967,30,0.4718182981222968,0.1149352608412576,30,0.01303154803300692,0.02098421167183233,Pure Hebbian
hebbian,396,0.41170753816158245,0.07132748782355944,30,0.43779975845198643,0.12575660179585013,30,0.01302255801704619,0.0229599091862606,Pure Hebbian
hebbian,397,0.4115654803768868,0.07128385723622455,30,0.45297869837605054,0.12309464354196471,30,0.013014592198086017,0.022473904325330564,Pure Hebbian
hebbian,398,0.4114234706716762,0.07123560441709147,30,0.4523176588241878,0.11079291225416267,30,0.01300578247891855,0.02022792575109848,Pure Hebbian
hebbian,399,0.4112776333619974,0.07117149386189758,30,0.4541375739151707,0.14773135810390042,30,0.012994077546500593,0.02697193242812663,Pure Hebbian
hebbian,400,0.41112683904919695,0.07111692066089792,30,0.4663899204741869,0.15087045337707186,30,0.012984113888759665,0.027545050191884576,Pure Hebbian
hebbian,401,0.4109876378410047,0.07107108891445629,30,0.4515222477486723,0.13827997048680635,30,0.012975746194967688,0.025246353028924154,Pure Hebbian
hebbian,402,0.41085128379496544,0.0710317104319701,30,0.44893612724206966,0.11775310811093963,30,0.01296855670058835,0.021498677842902058,Pure Hebbian
hebbian,403,0.4107108979641381,0.07097953269567853,30,0.45144176849304185,0.1256544904773495,30,0.0129590303928662,0.022941266295420804,Pure Hebbian
hebbian,404,0.4105793735720889,0.07093662698045165,30,0.4271187316443522,0.10862496164168653,30,0.012951196916840983,0.019832113933095037,Pure Hebbian
hebbian,405,0.4104470871362238,0.0708903844796428,30,0.4356477863272125,0.11875973809214169,30,0.012942754229904829,0.02168246249215718,Pure Hebbian
hebbian,406,0.4103071923368965,0.07083873292385506,30,0.4505967979169117,0.12436460114041306,30,0.01293332398915977,0.022705765799912313,Pure Hebbian
hebbian,407,0.41015931961465985,0.07077526052958398,30,0.453307811864408,0.1331856455860142,30,0.012921735568452724,0.024316260807782777,Pure Hebbian
hebbian,408,0.4100161896311331,0.07072988738648309,30,0.4636993563235171,0.11760080095204455,30,0.012913451603792302,0.021470870487369936,Pure Hebbian
hebbian,409,0.4098775101641623,0.07068662592630605,30,0.43393657259458934,0.10784479971661762,30,0.012905553177922443,0.01968967650480607,Pure Hebbian
hebbian,410,0.40973999691825663,0.07064896741976343,30,0.43266048779051586,0.11550564325381474,30,0.01289867770675066,0.02108834877641958,Pure Hebbian
hebbian,411,0.40959590145330493,0.07060607163387565,30,0.45728344381353353,0.11947819164523207,30,0.012890846043566445,0.02181363356467296,Pure Hebbian
hebbian,412,0.40947045324757947,0.07057050994606907,30,0.4131668277254124,0.10548436121201053,30,0.012884353397368238,0.019258721366613718,Pure Hebbian
hebbian,413,0.40933717291925403,0.07052829677598062,30,0.4156961585031023,0.11214042536432635,30,0.012876646362207821,0.020473946860088677,Pure Hebbian
hebbian,414,0.4092011755827251,0.07049261869672219,30,0.43380682645151986,0.08760492889336373,30,0.012870132465935056,0.0159943985678438,Pure Hebbian
hebbian,415,0.4090569368146454,0.07046209936103051,30,0.4613850968492716,0.11196895890746242,30,0.01286456042306892,0.020442641511328723,Pure Hebbian
hebbian,416,0.4089098100192039,0.07040830587584136,30,0.46053471665594226,0.10193279971503877,30,0.012854739121307282,0.018610297917860966,Pure Hebbian
hebbian,417,0.4087794650368735,0.0703618908634277,30,0.430353556979354,0.1109388758163956,30,0.012846264938205334,0.020254574929634738,Pure Hebbian
hebbian,418,0.4086462772624211,0.07030649764849285,30,0.41808471748215786,0.12558653190300795,30,0.012836151567087818,0.022928858814039884,Pure Hebbian
hebbian,419,0.40850648365031633,0.0702673611849327,30,0.4592505270157304,0.12292513315064978,30,0.012829006259116859,0.022442956103645658,Pure Hebbian
hebbian,420,0.4083799474591831,0.07022825837692925,30,0.42001488510010826,0.0971727226522938,30,0.012821867095781765,0.017741230723618183,Pure Hebbian
hebbian,421,0.40824465788131126,0.0701746093489188,30,0.432575981529992,0.1329447715406303,30,0.012812072168171915,0.02427228342505802,Pure Hebbian
hebbian,422,0.4081024952759373,0.0701255406056937,30,0.457294705592963,0.10184203244771987,30,0.012803113482327643,0.018593726157929747,Pure Hebbian
hebbian,423,0.4079687287779184,0.07007660402273916,30,0.4401606593234647,0.12796726551955268,30,0.012794178925537168,0.023363519315770683,Pure Hebbian
hebbian,424,0.40783579650474927,0.07002877467586828,30,0.4301279693040239,0.12135213844919056,30,0.012785446521473195,0.022155767876703886,Pure Hebbian
hebbian,425,0.40769779624628516,0.06999077030168577,30,0.45437125685971663,0.10321401456863384,30,0.012778507903798652,0.018844214676635867,Pure Hebbian
hebbian,426,0.4075626446424997,0.06994026281290952,30,0.4241987572812692,0.10517459508509866,30,0.012769286540156756,0.019202166068193503,Pure Hebbian
hebbian,427,0.4074270643451762,0.06989798602191685,30,0.43150771938365584,0.11281498416869408,30,0.01276156788946155,0.020597103884593983,Pure Hebbian
hebbian,428,0.4072837564719066,0.06985688069634319,30,0.47256244342336606,0.13713509712716526,30,0.012754063118111452,0.02503732870740344,Pure Hebbian
hebbian,429,0.4071441300853441,0.06981347077295359,30,0.4454758107597919,0.11074883834798803,30,0.012746137586691436,0.020219878993562073,Pure Hebbian
hebbian,430,0.4070051921288232,0.06976492172749106,30,0.4568282212289495,0.1456395685524063,30,0.012737273784243046,0.026590025653824317,Pure Hebbian
hebbian,431,0.40686465951452744,0.06971528380316706,30,0.4630245622976967,0.14222159310815152,30,0.01272821118062305,0.025965991569885286,Pure Hebbian
hebbian,432,0.40672517548555176,0.06966247598306897,30,0.4543310495961896,0.1408904389548289,30,0.012718569835862916,0.025722957184121455,Pure Hebbian
hebbian,433,0.4065921581971346,0.06961523410573638,30,0.44022413405389876,0.10520397117490807,30,0.012709944688571598,0.019207529383873472,Pure Hebbian
hebbian,434,0.4064566526757595,0.06957439808455543,30,0.4429054952152224,0.10797384942979439,30,0.012702489085251742,0.019713237651121568,Pure Hebbian
hebbian,435,0.406321842025413,0.06953576353571368,30,0.43348663997461967,0.11767527161714252,30,0.012695435413951857,0.021484466908418796,Pure Hebbian
hebbian,436,0.40619372985139585,0.06949528150514715,30,0.4226653197255686,0.1230711390991195,30,0.012688044440180223,0.022469613020814592,Pure Hebbian
hebbian,437,0.4060597645150642,0.06944526285788237,30,0.44459163478648095,0.13295961624874275,30,0.012678912326379283,0.024274993685555607,Pure Hebbian
hebbian,438,0.4059242297563614,0.06939901009419269,30,0.453621262148416,0.13784414362565447,30,0.01267046776570602,0.025166782294584304,Pure Hebbian
hebbian,439,0.40579778809755784,0.06936277077334414,30,0.41829220638031855,0.12047001726487101,30,0.01266385140120688,0.02199471531966889,Pure Hebbian
hebbian,440,0.4056701340058,0.06932015764725982,30,0.42126345529716347,0.11283722165090351,30,0.012656071344406149,0.02060116387480339,Pure Hebbian
hebbian,441,0.4055319270052511,0.06927082805135386,30,0.44630081343443373,0.13865587012506672,30,0.012647065033596045,0.025314982599335234,Pure Hebbian
hebbian,442,0.4053974598400173,0.06922164112525768,30,0.44089231219389496,0.11512910118303293,30,0.012638084770610307,0.021019601914413946,Pure Hebbian
hebbian,443,0.4052606120556416,0.06917208103201114,30,0.4311622054786764,0.12573701246444458,30,0.012629036376935911,0.022956332680028176,Pure Hebbian
hebbian,444,0.40512657145829667,0.06913190105652936,30,0.42792749058921925,0.11828740589712808,30,0.012621700550625453,0.021596226826208886,Pure Hebbian
hebbian,445,0.4050036937445788,0.06909222291461428,30,0.40472099877292195,0.10330725057488511,30,0.012614456346169858,0.018861237164567706,Pure Hebbian
hebbian,446,0.4048657659927207,0.069049089811223,30,0.4395904275144936,0.12386418094493883,30,0.012606581354935656,0.022614401990148185,Pure Hebbian
hebbian,447,0.4047309830678151,0.06900585988485841,30,0.4295857854282393,0.11299864940339888,30,0.012598688686325932,0.020630636415286414,Pure Hebbian
hebbian,448,0.4045992804727715,0.06896753698970137,30,0.43686801589022284,0.09368012961546004,30,0.012591691914943793,0.017103573393465077,Pure Hebbian
hebbian,449,0.40447516957744944,0.06892817838453966,30,0.41286476941853284,0.09564161306929425,30,0.01258450604965079,0.017461689638077788,Pure Hebbian
hebbian,450,0.4043410701378453,0.06887198212261336,30,0.433717625698152,0.11560314156424929,30,0.012574246062882623,0.021106149451067462,Pure Hebbian
hebbian,451,0.40420111714481216,0.06881962746932177,30,0.4433620031786266,0.1262738784006662,30,0.012564687454683234,0.023054350541236415,Pure Hebbian
hebbian,452,0.4040717354260493,0.06877070729934416,30,0.42075851325995633,0.1142891149291941,30,0.01255575589447866,0.020866242108006684,Pure Hebbian
hebbian,453,0.40393890396024557,0.06873714232014781,30,0.4387950259899391,0.11302281580633491,30,0.012549627795729316,0.020635048576627023,Pure Hebbian
hebbian,454,0.40379467406901876,0.0686943414739862,30,0.45598695428573954,0.1231774610307455,30,0.01254181346608831,0.02248902466091762,Pure Hebbian
hebbian,455,0.4036734486910957,0.06866809782531387,30,0.4211466187323991,0.09015892705992726,30,0.012537022053298616,0.016460692703728363,Pure Hebbian
hebbian,456,0.4035354590380231,0.06863028758578348,30,0.458574611547285,0.09989116573045949,30,0.012530118879600125,0.018237548255353224,Pure Hebbian
hebbian,457,0.40340686762337036,0.06857981105589013,30,0.4268030586768263,0.13237655943602597,30,0.01252090316825107,0.02416854256267826,Pure Hebbian
hebbian,458,0.40327354610722826,0.06852641515878544,30,0.4257772445863148,0.12546957571384237,30,0.012511154455810247,0.022907505633024607,Pure Hebbian
hebbian,459,0.40313510537449476,0.06847974487754273,30,0.4451195603661294,0.12909216688993982,30,0.012502633667209667,0.023568897267613857,Pure Hebbian
hebbian,460,0.4030038891796928,0.06843694162860169,30,0.4251989721656711,0.12241477563691976,30,0.012494818898883162,0.022349777996091596,Pure Hebbian
hebbian,461,0.40287162048923797,0.06839201596355812,30,0.4232964037614596,0.10882558982697697,30,0.012486616632164734,0.019868743460680006,Pure Hebbian
hebbian,462,0.40273449595178074,0.06834524533444297,30,0.44756886465535123,0.12241235045264134,30,0.012478077522633042,0.022349335220046465,Pure Hebbian
hebbian,463,0.40260515245021783,0.06831403664153944,30,0.4465450936109774,0.10940885872319799,30,0.012472379620935203,0.01997523330453047,Pure Hebbian
hebbian,464,0.4024688235783543,0.06827326308650425,30,0.43313816959833407,0.0993019523629434,30,0.012464935422321053,0.018129973104495843,Pure Hebbian
hebbian,465,0.4023334264857876,0.06822388455640628,30,0.43257460769122436,0.12283036908496214,30,0.012455920177390684,0.02242565463150632,Pure Hebbian
hebbian,466,0.4022049033738938,0.06819102626828032,30,0.42364367698129574,0.11831108755654933,30,0.012449921102188153,0.021600550485896944,Pure Hebbian
hebbian,467,0.40206567947488564,0.06813785623464765,30,0.43911278410902094,0.1253903005881659,30,0.012440213626586845,0.02289303204149725,Pure Hebbian
hebbian,468,0.4019256106684138,0.0680831218951942,30,0.4597562847137675,0.1363537052356166,30,0.012430220549123914,0.02489466671898583,Pure Hebbian
hebbian,469,0.40179213277848985,0.06803797493841604,30,0.4252632369789143,0.1237907928836958,30,0.012421977880247211,0.022601003224616726,Pure Hebbian
hebbian,470,0.40165622449682625,0.06798639820082528,30,0.4389532464616981,0.11265246677036606,30,0.012412561299373548,0.020567432402910212,Pure Hebbian
hebbian,471,0.4015169004864051,0.06794468294829603,30,0.46128417597921934,0.13651152093995894,30,0.012404945171106118,0.024923479792718115,Pure Hebbian
hebbian,472,0.40137850181286905,0.06789427229793535,30,0.4492593328283435,0.14238191399484476,30,0.0123957414876591,0.025995262025245658,Pure Hebbian
hebbian,473,0.4012433651815418,0.0678418935847783,30,0.4395311200219371,0.11472791686613344,30,0.012386178486749362,0.02094635601438623,Pure Hebbian
hebbian,474,0.4011148003749998,0.06779080851367546,30,0.41911703521026483,0.12382343639663708,30,0.012376851671484437,0.022606963087414778,Pure Hebbian
hebbian,475,0.4009782446019221,0.06774985258197705,30,0.4479407300158481,0.10000639218168214,30,0.012369374175599484,0.018258585630871862,Pure Hebbian
hebbian,476,0.40084680717561466,0.06770531242982324,30,0.41423514508609455,0.11464441796377611,30,0.01236124229358303,0.02093111127027022,Pure Hebbian
hebbian,477,0.40071116982102795,0.0676609092321622,30,0.43808182186935485,0.11507280221012703,30,0.012353135415921595,0.021009323175272304,Pure Hebbian
hebbian,478,0.4005793924398518,0.06761241036104285,30,0.4311918274367862,0.12729411575979338,30,0.01234428077401306,0.023240619546437566,Pure Hebbian
hebbian,479,0.40044482705200674,0.06756663660020014,30,0.44645986227578427,0.12791920612742763,30,0.012335923666894594,0.023354744911381727,Pure Hebbian
hebbian,480,0.4002994372253365,0.06751581339420698,30,0.4748112773735459,0.1363588128225328,30,0.012326644661438865,0.02489559923250863,Pure Hebbian
hebbian,481,0.4001665221801793,0.06747389057384724,30,0.4283232098530692,0.10984340881035233,30,0.012318990636643778,0.020054570932897225,Pure Hebbian
hebbian,482,0.4000313982895015,0.06742869636194126,30,0.4187637151493995,0.10102672245063862,30,0.012310739340200586,0.018444871599009455,Pure Hebbian
hebbian,483,0.39989084465150326,0.06737354144554276,30,0.4555765996405964,0.13558650664921745,30,0.012300669476244329,0.024754596061700197,Pure Hebbian
hebbian,484,0.399771930712508,0.06734327887939584,30,0.41376521351309764,0.11839765039956797,30,0.012295144312868775,0.02161635462648464,Pure Hebbian
hebbian,485,0.39963499089075427,0.06729760064366601,30,0.4492275066971977,0.12447421389980112,30,0.01228680464617002,0.022725778260214723,Pure Hebbian
hebbian,486,0.3994941432813123,0.06725032137999383,30,0.4424526102816518,0.1301585129304029,30,0.01227817267309819,0.023763584527769836,Pure Hebbian
hebbian,487,0.39936002171951585,0.06720490114800325,30,0.44998180596606385,0.12848310209179828,30,0.01226988011122207,0.023457697757972372,Pure Hebbian
hebbian,488,0.39922671296376017,0.06715841634779754,30,0.4225232356985677,0.10339422438029036,30,0.012261393186670808,0.018877116336278546,Pure Hebbian
hebbian,489,0.39909063319178595,0.06710705292937984,30,0.4401248671165572,0.12620673540952262,30,0.012252015552371492,0.023042091964293847,Pure Hebbian
hebbian,490,0.39896141853113537,0.06706031331893034,30,0.4273573356116589,0.10939509377212277,30,0.012243482106047426,0.019972720179794852,Pure Hebbian
hebbian,491,0.39882238376052875,0.06701717934306545,30,0.45671657765617013,0.11824452181053671,30,0.012235606955522066,0.021588397299014187,Pure Hebbian
hebbian,492,0.398690542217787,0.06697377844192391,30,0.4276309014192624,0.09851319826672873,30,0.012227683071331642,0.017985966967555386,Pure Hebbian
hebbian,493,0.3985663808820293,0.06693145078589509,30,0.41895613966751644,0.12246815312464097,30,0.012219955133993873,0.022359523347454217,Pure Hebbian
hebbian,494,0.39844158323949486,0.06689692212877074,30,0.40159441029810444,0.10729779880728228,30,0.012213651092531417,0.01958980825913314,Pure Hebbian
hebbian,495,0.3983095562472594,0.06686282186667888,30,0.4279023087834888,0.09558173940501921,30,0.012207425264943235,0.017450758252569813,Pure Hebbian
hebbian,496,0.39817394250972343,0.06681924539043406,30,0.4296892487832269,0.12338917315948295,30,0.012199469325271274,0.022527677830453265,Pure Hebbian
hebbian,497,0.3980460811909055,0.06678149884210591,30,0.4112283097593632,0.11881684307861055,30,0.012192577779942178,0.021692888388568855,Pure Hebbian
hebbian,498,0.39789743499681013,0.06671393590410554,30,0.45150097464954353,0.1508738446864979,30,0.012180242531544138,0.027545669357441946,Pure Hebbian
hebbian,499,0.39776695290291786,0.06667317527710753,30,0.4374973118084903,0.11814795087122883,30,0.01217280069325585,0.021570765938394725,Pure Hebbian
hebbian,500,0.3976331430088923,0.06662686898456739,30,0.4436126146911787,0.1206577367369437,30,0.012164346359596293,0.022028988049447945,Pure Hebbian
qpc,1,0.47552148436171476,0.09493168292713498,30,0.5648745606225885,0.20352792088250465,30,0.017332074720373295,0.03715894444982485,QPC
qpc,2,0.4754316528260726,0.09486514222412697,30,0.5415107779037034,0.17747007313635357,30,0.017319926105696715,0.03240145411295749,QPC
qpc,3,0.4753437960123073,0.09482073411683246,30,0.5472788195678088,0.15851476315251137,30,0.017311818331662947,0.028940703825406398,QPC
qpc,4,0.4752465534870359,0.09477826962687033,30,0.5720488374913401,0.13281048212758415,30,0.017304065411981207,0.024247765644804846,QPC
qpc,5,0.475152637178698,0.09471622966956855,30,0.5456955663162056,0.17385814342906927,30,0.017292738517287593,0.0317420089873566,QPC
qpc,6,0.4750528973778679,0.09466176115132717,30,0.5821953628379676,0.1674700602334928,30,0.01728279397191603,0.03057570989887763,QPC
qpc,7,0.474950480802816,0.09458859440253166,30,0.5921816829316455,0.17621635360323004,30,0.017269435612324493,0.03217255728993195,QPC
qpc,8,0.47486101588830365,0.09453595173891753,30,0.5385908815177309,0.1809448307649205,30,0.017259824420874956,0.03303585515796724,QPC
qpc,9,0.47477031017674953,0.09447972912057263,30,0.5461446306913279,0.14490942194560363,30,0.017249559622105122,0.02645671973154709,QPC
qpc,10,0.4746790707431139,0.0944230220575507,30,0.5524008745803695,0.15146165020393515,30,0.017239206376242794,0.02765298747121741,QPC
qpc,11,0.47458618887349524,0.09437671578807223,30,0.5585987437271884,0.14118008976830382,30,0.017230752046793703,0.0257758399455681,QPC
qpc,12,0.47449608586406183,0.09431580785772922,30,0.5420001757585247,0.16462452293113622,30,0.01721963183100043,0.0300561882426366,QPC
qpc,13,0.4743986174045356,0.09424361470899408,30,0.5661400653076551,0.2117941039777299,30,0.01720645122564724,0.0386681360983991,QPC
qpc,14,0.47430766306528044,0.09419696074634812,30,0.5429066826792467,0.15819652572550913,30,0.017197933416401176,0.028882601886269222,QPC
qpc,15,0.47421389403044956,0.09413807988849222,30,0.5323661119330656,0.18597981881636066,30,0.017187183291716868,0.03395511400214816,QPC
qpc,16,0.47412723058188416,0.09409308297724193,30,0.523429037713744,0.14148954505718578,30,0.017178968017280253,0.025832338492988077,QPC
qpc,17,0.4740352126646788,0.09404194678521095,30,0.5685989879611455,0.16745043999859582,30,0.017169631868653494,0.030572127750465423,QPC
qpc,18,0.4739431570093707,0.09399414799358269,30,0.546557833054638,0.17689639133819773,30,0.01716090504318806,0.03229671462573079,QPC
qpc,19,0.4738447156296467,0.0939404891516769,30,0.5481399137454604,0.162419497467465,30,0.017151108323814262,0.02965360751386126,QPC
qpc,20,0.4737524837548035,0.09389114673757773,30,0.5671738608520449,0.18142986404986614,30,0.017142099672732967,0.03312440971506909,QPC
qpc,21,0.47365684369829314,0.0938239009450495,30,0.5599184636485173,0.2059377593530173,30,0.017129822326911293,0.037598918746572695,QPC
qpc,22,0.473568442932166,0.0937792667093834,30,0.5163914325288266,0.14243036290338384,30,0.017121673267674185,0.026004107545276777,QPC
qpc,23,0.4734758680667295,0.09372257717351022,30,0.5529471409674264,0.15991220705210207,30,0.017111323221816774,0.029195841007624335,QPC
qpc,24,0.4733807174735294,0.093665722270056,30,0.5509057596116801,0.15476388793712875,30,0.017100942984107886,0.02825589083678903,QPC
qpc,25,0.4732911189386155,0.09362407487889296,30,0.5331072257178852,0.12687322489246713,30,0.017093339245574143,0.023163775739010066,QPC
qpc,26,0.47318679509765815,0.09355931122293158,30,0.5920733906821,0.19966637195943077,30,0.017081515073815293,0.036453925299132404,QPC
qpc,27,0.4730920551774605,0.09349595657157063,30,0.5699493982793913,0.1958964766583862,30,0.017069948149924203,0.035765639733860786,QPC
qpc,28,0.47300218882939465,0.09345238005954827,30,0.5344121748103025,0.14937744493666136,30,0.017061992203720188,0.02727246539143176,QPC
qpc,29,0.47291267872770226,0.09340119286316881,30,0.5427205917684841,0.15998564966158768,30,0.01705264674301603,0.029209249732256772,QPC
qpc,30,0.4728234012099347,0.09335646754005454,30,0.5497672358838405,0.14320886602510566,30,0.01704448105356223,0.02614624211889519,QPC
qpc,31,0.47272762030526355,0.09329040656190929,30,0.5527718714040859,0.1990010498738653,30,0.017032420024261894,0.03633245466104221,QPC
qpc,32,0.4726389803203455,0.09324289095653607,30,0.5641818899827856,0.17770867248924083,30,0.01702374490129642,0.032445016195551644,QPC
qpc,33,0.4725551569671399,0.09319821615871648,30,0.5370963628938431,0.1738079863406238,30,0.017015588436457164,0.03173285159776982,QPC
qpc,34,0.47246430035734865,0.09314646175815247,30,0.5663100666082058,0.1661685403494472,30,0.01700613941891081,0.030338085965699868,QPC
qpc,35,0.47237355052601476,0.09309910102808489,30,0.5562257409415869,0.1773378288110154,30,0.016997492572178165,0.032377309712927564,QPC
qpc,36,0.4722816138988422,0.09304610410335593,30,0.5546308246460047,0.15838496294475363,30,0.01698781670179401,0.02891700565815381,QPC
qpc,37,0.4721930977473761,0.09299733245397308,30,0.53680088624844,0.17020612445134958,30,0.016978912257616108,0.03107524459584526,QPC
qpc,38,0.47210464042770994,0.092942728594458,30,0.5359285122857133,0.14880670094039136,30,0.016968943002421688,0.027168262270992522,QPC
qpc,39,0.4720144829329792,0.09289365633761863,30,0.5678606128876031,0.16081000254570996,30,0.016959983675082155,0.029359755288916177,QPC
qpc,40,0.4719266181596117,0.09285119509935885,30,0.5477755416915392,0.1519134224099264,30,0.016952231349077324,0.027735469413909166,QPC
qpc,41,0.47183561009754177,0.09279968610776672,30,0.5578821056789621,0.1525297486871523,30,0.016942827136874207,0.027847994682182436,QPC
qpc,42,0.4717464769023036,0.09275421265560758,30,0.5508313944175655,0.15824884389969135,30,0.016934524858369143,0.028892153834324915,QPC
qpc,43,0.47165601512341804,0.09270113900898895,30,0.5566966795257676,0.1788630441155451,30,0.016924834980548448,0.03265577465537524,QPC
qpc,44,0.47156533862823863,0.09263141848452029,30,0.5314888194632028,0.17430255781859078,30,0.01691210581255759,0.03182314758269687,QPC
qpc,45,0.4714715401112264,0.09257521620285668,30,0.5496103365424474,0.19415469317152056,30,0.016901844726740785,0.03544763503184535,QPC
qpc,46,0.47138083543784276,0.09250882289579661,30,0.5404417463058098,0.1845047513819425,30,0.016889723022759394,0.03368580476625746,QPC
qpc,47,0.4712887285867455,0.09245951846541346,30,0.5495290815025121,0.14700738480806771,30,0.01688072130652413,0.02683975359307365,QPC
qpc,48,0.4711959378207625,0.0923976619340054,30,0.561177645216087,0.19552730112730532,30,0.016869427900663723,0.035698237811843475,QPC
qpc,49,0.471107559072074,0.09234486782015706,30,0.5486160504853537,0.15460629689945485,30,0.01685978905831098,0.028227118781390816,QPC
qpc,50,0.4710167658384471,0.09229022622713698,30,0.5366801943902383,0.16881755251483702,30,0.016849812913952607,0.03082172720506307,QPC
qpc,51,0.4709276443739982,0.09224585053935622,30,0.5575851756468367,0.1838007353470956,30,0.016841711058885163,0.033557269611880464,QPC
qpc,52,0.47083856679036545,0.09219224034610828,30,0.5462217431932,0.14461980071493127,30,0.016831923221500462,0.026403842371156536,QPC
qpc,53,0.4707586477690025,0.09214910526593116,30,0.5263179033594052,0.13909249351853573,30,0.016824047869356196,0.025394698759914375,QPC
qpc,54,0.4706629918442625,0.09210125350611406,30,0.5684725320124301,0.15310468764346805,30,0.016815311373266813,0.02795296369403664,QPC
qpc,55,0.4705741920672048,0.09204457985458721,30,0.5470844648883997,0.19033104274405396,30,0.016804964227480998,0.03474953516813278,QPC
qpc,56,0.47047906783244914,0.09198660771828295,30,0.5513331456859645,0.15533577630421203,30,0.01679438001189413,0.0283603028897978,QPC
qpc,57,0.4703936009512387,0.09194729613204393,30,0.5445415143805481,0.13345955954396507,30,0.016787202731042655,0.024366270425644515,QPC
qpc,58,0.4702971134838211,0.09188707489551899,30,0.5632980964728654,0.16571501370992897,30,0.016776207887814136,0.03025528370873532,QPC
qpc,59,0.4702034945464328,0.09183275660281207,30,0.557570132000453,0.16535157561995645,30,0.016766290769747217,0.030188929295357138,QPC
qpc,60,0.47010743935473187,0.0917721770578345,30,0.5752491379866063,0.18222085545326008,30,0.01675523050864468,0.03326882432654627,QPC
qpc,61,0.47001666693179506,0.09171838136785404,30,0.5440707177980139,0.1801390998453342,30,0.016745408804345063,0.03288874949132164,QPC
qpc,62,0.4699305247758401,0.09167310609702375,30,0.5420071908027414,0.1439445934615543,30,0.016737142708634762,0.02628056695660131,QPC
qpc,63,0.46984750994486457,0.09163724335198964,30,0.5457690520238537,0.15554325256604296,30,0.016730595097158348,0.02839818269938168,QPC
qpc,64,0.46975787493898463,0.09157205070599074,30,0.5548746362681863,0.17490348877135062,30,0.016718692602892667,0.03193286206214009,QPC
qpc,65,0.4696659774047858,0.09152285662893268,30,0.5440193648162202,0.16469085331933297,30,0.016709711034325885,0.030068298459257743,QPC
qpc,66,0.46957580118475434,0.09147821384106204,30,0.5376204346541836,0.15077939597778398,30,0.016701560413676996,0.027528425461345332,QPC
qpc,67,0.46949566441057017,0.09143041608393757,30,0.5179270107164434,0.15629214594687732,30,0.01669283377708525,0.028534911298664777,QPC
qpc,68,0.46940100345351593,0.0913759756540531,30,0.5614029657972253,0.1738870854166467,30,0.016682894359922585,0.031747293047174996,QPC
qpc,69,0.4693100769509371,0.09133176600258472,30,0.5489262854682163,0.16049757264859393,30,0.016674822818799694,0.02930271365481969,QPC
qpc,70,0.46920887396584726,0.09127597881042972,30,0.5861691026741831,0.15885363725096377,30,0.01666463751761197,0.029002573488031935,QPC
qpc,71,0.46912511486109815,0.0912320760520716,30,0.5246983314944252,0.14321277421527673,30,0.016656622007248826,0.026146955653533758,QPC
qpc,72,0.469041433283621,0.09118176356885024,30,0.5339677867341471,0.18002369362975426,30,0.016647436246587346,0.03286767929547183,QPC
qpc,73,0.468949012596897,0.09113506585468266,30,0.5532453081334628,0.17635850927399518,30,0.01663891044944284,0.03219851124578373,QPC
qpc,74,0.4688541979664048,0.09108197029768259,30,0.5562000978969402,0.18749254632100718,30,0.016629216571352093,0.03423129899469929,QPC
qpc,75,0.468774827937084,0.09103747588220004,30,0.5130347970664085,0.12809965526269096,30,0.016621093039671162,0.023387690265337067,QPC
qpc,76,0.46867910128793777,0.09098258333300953,30,0.5506565394564615,0.1720477805389167,30,0.016611071077194294,0.031411483456621,QPC
qpc,77,0.46859314214614195,0.09092903803248378,30,0.522373993977694,0.1593137970439303,30,0.01660129508754551,0.029086586787586827,QPC
qpc,78,0.4685074878239485,0.09086917502173616,30,0.5292071446104766,0.17442174052176782,30,0.01659036564709663,0.031844907267695045,QPC
qpc,79,0.4684191483681518,0.09079868383856252,30,0.5430073988159448,0.18916386574417415,30,0.01657749577672015,0.03453643877765432,QPC
qpc,80,0.4683292840242374,0.09074738878241666,30,0.5511867981454118,0.15964739115978832,30,0.016568130623606958,0.02914749246168897,QPC
qpc,81,0.4682400693465621,0.09069496960876587,30,0.5486853767246678,0.14530219230330055,30,0.01655856023565552,0.026528429459823748,QPC
qpc,82,0.4681511753523241,0.09064337267185006,30,0.5280082563028033,0.16511565262024944,30,0.01654913996690653,0.030145855845765866,QPC
qpc,83,0.4680634344070752,0.09060683985688489,30,0.5558862235565648,0.14043995610698887,30,0.016542470017958003,0.025640710644944404,QPC
qpc,84,0.46797358767082914,0.09056476024525925,30,0.5368254715194396,0.12183311443149664,30,0.016534787367125197,0.022243581675079633,QPC
qpc,85,0.4678770238656964,0.09050448608401121,30,0.5635839842506368,0.18691710191174804,30,0.016523782861208446,0.03412623770018547,QPC
qpc,86,0.46778877548953385,0.09045154342407093,30,0.5525104224337719,0.1814995583443338,30,0.016514116898173906,0.03313713409413887,QPC
qpc,87,0.46769930290290124,0.09040645211682846,30,0.5533250725752192,0.14675624770504112,30,0.016505884389465875,0.026793902440955596,QPC
qpc,88,0.467608857480597,0.09035090878555474,30,0.5671511800099118,0.17580188996593255,30,0.016495743610980006,0.03209688692879412,QPC
qpc,89,0.46751730144663284,0.09030076920036047,30,0.5429873159458254,0.14781512245069733,30,0.016486589417035055,0.02698722563554508,QPC
qpc,90,0.4674347541811602,0.0902662082242991,30,0.5336937532028495,0.13874852342579552,30,0.016480279474968985,0.025331898700280724,QPC
qpc,91,0.467345860286234,0.09022363419632774,30,0.5458490348773728,0.1543985812467022,30,0.0164725065564744,0.0281891952652043,QPC
qpc,92,0.46725235355659456,0.09016134295980535,30,0.5503376711278222,0.18850112579596623,30,0.016461133784681663,0.034415439571189886,QPC
qpc,93,0.46716331370916087,0.09011018265193053,30,0.5559927862114503,0.17220482405555318,30,0.01645179323312435,0.03144015554881158,QPC
qpc,94,0.46708097429680623,0.0900620237284599,30,0.5383296286697863,0.1457714263060207,30,0.016443000656881004,0.0266140994758365,QPC
qpc,95,0.4669993568397356,0.09002236728659234,30,0.5309866944450106,0.16399582139799804,30,0.01643576041429392,0.029941403572090644,QPC
qpc,96,0.4669160277507878,0.08997376725366162,30,0.5220412806655228,0.13299160864927334,30,0.016426887302850034,0.024280834672035387,QPC
qpc,97,0.4668296225846316,0.08992798126097304,30,0.54158808291064,0.17848307044482267,30,0.01641852796251227,0.03258640127180433,QPC
qpc,98,0.4667363171627189,0.0898763319898275,30,0.5481284099356782,0.16546531773674297,30,0.016409098138883898,0.030209695669724593,QPC
qpc,99,0.4666487029578422,0.08982594465574137,30,0.5358149923268188,0.171969384306361,30,0.016399898712386722,0.031397170328289606,QPC
qpc,100,0.4665573036668711,0.08977597516921515,30,0.5566057638256258,0.17057925452588274,30,0.016390775574067602,0.031143368515413727,QPC
qpc,101,0.4664628211814488,0.08972273187349082,30,0.5509463149802857,0.1504486592402168,30,0.01638105472269956,0.027468041470758264,QPC
qpc,102,0.46637322718511454,0.08968467347267749,30,0.5554097625689741,0.1509084519317151,30,0.01637410624115688,0.02755198774706147,QPC
qpc,103,0.4662902375972532,0.08964713943132281,30,0.5224712602109333,0.12223347488946482,30,0.01636725349411545,0.022316677159733723,QPC
qpc,104,0.4662047501996584,0.0896033548779758,30,0.5247283062689269,0.12869373068042653,30,0.016359259564935967,0.02349615310105476,QPC
qpc,105,0.4661183773063993,0.08955550568796761,30,0.5429608346548097,0.1716375814151008,30,0.016350523538027358,0.03133659168556006,QPC
qpc,106,0.4660252259555284,0.08949525265395328,30,0.575451071137648,0.1939731553035805,30,0.0163395228893981,0.03541449090340796,QPC
qpc,107,0.465940283651474,0.08944260059611803,30,0.525743877524604,0.17382689285476044,30,0.016329909982806288,0.03173630343919529,QPC
qpc,108,0.4658495874209164,0.089385383079335,30,0.5614122745298522,0.171719214537895,30,0.01631946354126412,0.03135149578649138,QPC
qpc,109,0.46576045795628596,0.08935069934620521,30,0.5544959456879776,0.1342535494838858,30,0.01631313118692623,0.024511232492486767,QPC
qpc,110,0.46567354010999934,0.08930732044069466,30,0.5334314544620218,0.17397165426447694,30,0.016305211318570226,0.031762733135714614,QPC
qpc,111,0.46559388860115375,0.08926328584235055,30,0.5346977273036688,0.1824955336030264,30,0.016297171737628974,0.03331897346610653,QPC
qpc,112,0.46550437565762565,0.08922554206264079,30,0.5495478595081488,0.15338617383037273,30,0.016290280697778128,0.02800435580543458,QPC
qpc,113,0.46542208492812365,0.08918710406259979,30,0.5279854544562457,0.15471203939731154,30,0.016283262911215516,0.028246424631845166,QPC
qpc,114,0.4653416306493101,0.08914755895067443,30,0.5280309715013,0.14455331487841921,30,0.01627604299460199,0.026391703773685785,QPC
qpc,115,0.46525456309433905,0.08909890019451161,30,0.5295110962862998,0.14432307743492032,30,0.016267159161811814,0.02634966835989023,QPC
qpc,116,0.4651701262412081,0.08904113683218867,30,0.535882139372407,0.18704212903477682,30,0.01625661306296461,0.03414906442537975,QPC
qpc,117,0.4650842255345681,0.08899406953481288,30,0.5383235256425257,0.16305714302317434,30,0.016248019789466765,0.029770025132046234,QPC
qpc,118,0.4649995196112227,0.08894826444182682,30,0.5358563101693182,0.1734504489215973,30,0.01623965696190774,0.03166757449458549,QPC
qpc,119,0.46491883343096574,0.0889071955405958,30,0.539586753645701,0.17462395292471133,30,0.016232158840702345,0.031881826032528204,QPC
qpc,120,0.4648369868404796,0.08886080089082228,30,0.5512996179208509,0.1882284915781549,30,0.016223688375292842,0.03436566360084221,QPC
qpc,121,0.464753446197366,0.08881420947079353,30,0.5354095996209115,0.1429148229829882,30,0.016215181984714194,0.02609255744988013,QPC
qpc,122,0.46467111560009255,0.08876405940964954,30,0.5504790375892282,0.17698986714522597,30,0.01620602587813125,0.03231378089509425,QPC
qpc,123,0.46458201904610835,0.08871405954065732,30,0.5479998517220486,0.1929107478416508,30,0.016196897192758138,0.03522052272602106,QPC
qpc,124,0.4645016683207064,0.08867160757182645,30,0.5188508260754355,0.14416226640462707,30,0.016189146559111744,0.02632030841696114,QPC
qpc,125,0.4644151194442251,0.08862986421866066,30,0.5561579584652278,0.13979112096163296,30,0.016181525300393476,0.02552225009653988,QPC
qpc,126,0.46432343549536925,0.08857457641902977,30,0.5435725895618984,0.17919666145280072,30,0.016171431175389255,0.03271668456910514,QPC
qpc,127,0.4642362038817288,0.08852504209598018,30,0.5552852250376907,0.17554447409845245,30,0.016162387486687586,0.03204988943636792,QPC
qpc,128,0.46414710349383187,0.08847416260890363,30,0.5256292780020441,0.18502630089829988,30,0.01615309820575888,0.03378102624457908,QPC
qpc,129,0.4640571559152261,0.08842202113360169,30,0.5340616793716694,0.16202165905826174,30,0.016143578518357387,0.029580972490207063,QPC
qpc,130,0.4639765495302344,0.08838124503134179,30,0.5295615663722877,0.1484407694345698,30,0.01613613385468576,0.027101452624245754,QPC
qpc,131,0.4638934353271661,0.08833981269397154,30,0.5423150331241716,0.1423761839656171,30,0.01612856937942314,0.02599421586982461,QPC
qpc,132,0.4638083913963388,0.0882961040045259,30,0.551309017885552,0.1716868015538598,30,0.01612058930103369,0.03134557801232067,QPC
qpc,133,0.46372472261256054,0.08824615868193116,30,0.5367406498803218,0.14033236863831863,30,0.016111470574424684,0.025621067950445883,QPC
qpc,134,0.463642819518739,0.08820284471281925,30,0.5340251176667068,0.12582133221329445,30,0.016103562561778792,0.02297172728952426,QPC
qpc,135,0.4635607543601457,0.08815739489278568,30,0.5309593169929007,0.1477683226137777,30,0.016095264597889812,0.026978681193422265,QPC
qpc,136,0.46347712608894703,0.08810715787512245,30,0.5366927942846582,0.17310913856575924,30,0.01608609261529117,0.03160526003425128,QPC
qpc,137,0.46339023403370394,0.08807040493923013,30,0.5563284786952994,0.14704002674172573,30,0.01607938247794358,0.026845713167535343,QPC
qpc,138,0.463308730853996,0.08802799205567381,30,0.5383313485241221,0.15579891981101388,30,0.01607163898025937,0.028444860938476937,QPC
qpc,139,0.46322791059827584,0.08799206201071563,30,0.5410440140658401,0.1308242569475264,30,0.01606507908155411,0.023885132199670717,QPC
qpc,140,0.46314428733256113,0.08794958929226453,30,0.5314635424484442,0.1409173267377857,30,0.0160573246595627,0.025727866199203704,QPC
qpc,141,0.46306055970033166,0.08790646426517625,30,0.5321759763368141,0.13835613003812972,30,0.01604945114285294,0.02526025779700058,QPC
qpc,142,0.4629778162663856,0.0878523528278611,30,0.5279141725658304,0.17981315255267227,30,0.016039571791240763,0.03282923992973875,QPC
qpc,143,0.46289282044312324,0.08781064931623284,30,0.5474913609381473,0.16342279273480484,30,0.01603195780655877,0.029836783330447994,QPC
qpc,144,0.4628101110314374,0.08776592484913064,30,0.5481709394848088,0.13847852689404808,30,0.01602379227339068,0.025282604303318645,QPC
qpc,145,0.4627271254741443,0.08771693071082025,30,0.5326662431963695,0.1482177336619869,30,0.016014847208477973,0.027060732049654337,QPC
qpc,146,0.46263543752960484,0.08766313882075034,30,0.561393834032656,0.1865018473851289,30,0.01600502619794393,0.03405042294307366,QPC
qpc,147,0.4625478624251036,0.0876219430268344,30,0.5714862344156171,0.1805618727168834,30,0.015997504909409897,0.032965936904137884,QPC
qpc,148,0.4624599558987699,0.08758720255104195,30,0.5697912219176667,0.17119099604887006,30,0.01599116219532657,0.03125505672591463,QPC
qpc,149,0.46237627818309984,0.08755192330351182,30,0.5372739293371939,0.15541577986443128,30,0.01598472111543188,0.02837490947466873,QPC
qpc,150,0.46228481078637534,0.08750244973677036,30,0.5755612297164278,0.18941844909548278,30,0.015975688519263703,0.034582919125746646,QPC
qpc,151,0.4622069142870316,0.08747739544569871,30,0.5271096241856617,0.13562950148607755,30,0.015971114252469623,0.02476244580903504,QPC
qpc,152,0.4621193670890902,0.08742903544903474,30,0.5399851835657412,0.16887473478018347,30,0.015962284965451712,0.030832167210602907,QPC
qpc,153,0.4620406833368475,0.08739576102390828,30,0.5075682475865352,0.15076552284696396,30,0.01595620991437512,0.027525892585780882,QPC
qpc,154,0.46196231354922895,0.08736056037617779,30,0.5509157151308925,0.15507388590722898,30,0.015949783184774857,0.028312488463790596,QPC
qpc,155,0.4618775084094382,0.08731758399037431,30,0.5409095375490396,0.16340665698915036,30,0.015941936806126655,0.029833837359822285,QPC
qpc,156,0.46179877800217406,0.08728841408542436,30,0.5001881447555157,0.12606450493855742,30,0.01593661113447953,0.02301612435185644,QPC
qpc,157,0.4617159081449438,0.08723618954408983,30,0.5313575638757033,0.14100520690496512,30,0.01592707628136477,0.025743910849177536,QPC
qpc,158,0.461639515846341,0.0872110916668957,30,0.5189266875151888,0.13317155060822627,30,0.015922494056869862,0.024313687428688786,QPC
qpc,159,0.4615561746803806,0.08716820450175145,30,0.5577634646760739,0.1436153821928197,30,0.01591466396761088,0.026220461477244363,QPC
qpc,160,0.46147263233043473,0.0871246478092409,30,0.5611937852394537,0.16578826853064393,30,0.015906711639938096,0.030268658147985846,QPC
qpc,161,0.4613951799108463,0.08709341724914184,30,0.5244838984648225,0.13542596517185235,30,0.01590100974585484,0.024725285332177507,QPC
qpc,162,0.4613207606654522,0.0870557474169876,30,0.5172369633337157,0.15358671943174732,30,0.015894132206918734,0.028040970255328344,QPC
qpc,163,0.4612429217362586,0.08701037546764642,30,0.5364277215205454,0.1695903460358619,30,0.015885848460208022,0.030962819352982795,QPC
qpc,164,0.4611613521063035,0.08696529333039331,30,0.5464835014639292,0.16098436845823802,30,0.01587761762570333,0.029391590003433374,QPC
qpc,165,0.4610771593782393,0.08692571075488734,30,0.5307536457726205,0.1497091473277255,30,0.015870390869207072,0.02733302568541984,QPC
qpc,166,0.46099400844250776,0.08687393917104848,30,0.5028809813088235,0.14112223811999391,30,0.0158609387144383,0.025765277727978705,QPC
qpc,167,0.4609143665544956,0.08683344574340356,30,0.5509286874994007,0.15203366169680024,30,0.01585354565985436,0.027757422003815545,QPC
qpc,168,0.4608362114885797,0.08678798935399559,30,0.5198390225146682,0.16615302435325952,30,0.015845246496567197,0.030335253145328485,QPC
qpc,169,0.46075835723749936,0.08674662397340337,30,0.5099625450503552,0.18054208670663674,30,0.015837694245883816,0.032962324489426174,QPC
qpc,170,0.46067209025629513,0.086713714913085,30,0.5589881657296428,0.17453722463319635,30,0.01583168590098959,0.031865991685315995,QPC
qpc,171,0.4605904925460823,0.0866660608398582,30,0.5394267780476325,0.17260097955167664,30,0.015822985497368484,0.0315124833159804,QPC
qpc,172,0.46050590290694626,0.08661713569115446,30,0.5334541897662618,0.16616500308331492,30,0.015814053028177042,0.030337440152215685,QPC
qpc,173,0.460428470175326,0.08657741364588034,30,0.5326806727521631,0.15493530411446735,30,0.015806800808101415,0.02828718700580558,QPC
qpc,174,0.4603529537201616,0.08654119007764179,30,0.509666531922715,0.14937194706350848,30,0.01580018731962222,0.02727146162171705,QPC
qpc,175,0.4602778460794655,0.08650335875644505,30,0.4968054669368043,0.12944257167460343,30,0.01579328029695566,0.023632872135886523,QPC
qpc,176,0.4601975399196979,0.08645643333896808,30,0.5262419616371176,0.1352877071619555,30,0.015784712927064834,0.024700042988585417,QPC
qpc,177,0.4601177261370695,0.08642062668669141,30,0.5487135020974537,0.1647753345052052,30,0.015778175556677942,0.030083722542986746,QPC
qpc,178,0.4600331000184467,0.08637860849059309,30,0.5467194986367766,0.16533296752357662,30,0.015770504118735033,0.030185531937310654,QPC
qpc,179,0.45994683811958104,0.086328458146923,30,0.5705245290055238,0.16986915637373454,30,0.01576134796057012,0.03101372292342229,QPC
qpc,180,0.4598688493595087,0.08630301978049122,30,0.5328871469561949,0.15484716287638375,30,0.015756703571529865,0.028271094691023974,QPC
qpc,181,0.45979190893834165,0.08626580769181467,30,0.5440592055771418,0.17284850556492473,30,0.01574990960473652,0.03155767517632217,QPC
qpc,182,0.4597115735442429,0.08622452936709944,30,0.5504669657739537,0.17635585320037817,30,0.015742373248209002,0.032198026315305585,QPC
qpc,183,0.4596363116766565,0.08619859484905826,30,0.5589348135054418,0.16025919474327435,30,0.015737638274692607,0.0292591920028349,QPC
qpc,184,0.4595595213903386,0.08615421862614614,30,0.5348731120524276,0.14954390235765727,30,0.015729536321923993,0.027302856219546295,QPC
qpc,185,0.45947764030058563,0.0861008487712118,30,0.5271480102766274,0.18741438120203263,30,0.01571979236411122,0.03421702806174182,QPC
qpc,186,0.4593947895519578,0.08606023782667582,30,0.5269883823425264,0.14959285126165903,30,0.015712377853976573,0.027311793025841934,QPC
qpc,187,0.4593210843951116,0.08603729264880425,30,0.5233506150096565,0.14330603982307596,30,0.01570818865680783,0.026163983545944118,QPC
qpc,188,0.4592414267412871,0.08600527188075632,30,0.5318129890481001,0.1354878758522677,30,0.015702342491151666,0.024736588624248837,QPC
qpc,189,0.45916515334163843,0.08596203828937068,30,0.5304183901890244,0.1653415293067294,30,0.01569444915340371,0.030187095097899068,QPC
qpc,190,0.45908728875652444,0.08592554124703948,30,0.5500009775289061,0.13721348046535625,30,0.0156877857356147,0.02505163948155669,QPC
qpc,191,0.45900897047642775,0.08588837663414355,30,0.5676254720046623,0.14367028993188274,30,0.01568100043667335,0.026230486212999844,QPC
qpc,192,0.4589314185022738,0.08584563842480138,30,0.5168363919496233,0.13687561716468355,30,0.015673197542898656,0.024989954364512828,QPC
qpc,193,0.45885252853007324,0.08580429336591261,30,0.5275319177099073,0.1582477160884143,30,0.015665649002433737,0.02889194792509923,QPC
qpc,194,0.4587720102211981,0.085766497602139,30,0.5451769512548666,0.15552922854256324,30,0.015658748471634756,0.028395622274712738,QPC
qpc,195,0.45869339985443175,0.08574262344375137,30,0.5244069330094654,0.1154016415906759,30,0.015654389666604637,0.021069360757446517,QPC
qpc,196,0.4586184607984864,0.08570785640439012,30,0.5299215066175778,0.12431385040105625,30,0.01564804210269936,0.022696500024993717,QPC
qpc,197,0.45853713345999675,0.0856680247149986,30,0.5309582099566671,0.15272946459672823,30,0.01564076986443827,0.02788445765177157,QPC
qpc,198,0.4584647035460613,0.08563223765321529,30,0.5074978259553631,0.15843003266165795,30,0.015634236070769754,0.02892523422502343,QPC
qpc,199,0.458388958799982,0.08559461582317432,30,0.5274032666753469,0.1267317177487827,30,0.0156273672957804,0.023137940187462038,QPC
qpc,200,0.4583129932758453,0.08555887609782399,30,0.5284451711070718,0.12781996913459348,30,0.015620842144522595,0.023336626798210313,QPC
qpc,201,0.45823533198365846,0.08552224205629406,30,0.5281341573621244,0.15307647305452718,30,0.01561415371421642,0.02794781243843209,QPC
qpc,202,0.4581501907138673,0.08547668873867917,30,0.5656724897549242,0.1788322395894147,30,0.015605836854340796,0.032650150544096944,QPC
qpc,203,0.45807666645748985,0.08544062991318187,30,0.5110726417213776,0.12999499442551055,30,0.015599253443633457,0.02373373026987015,QPC
qpc,204,0.4579985676184723,0.08540645941538268,30,0.531891719877751,0.16460750167284938,30,0.015593014792818192,0.030053080600262988,QPC
qpc,205,0.45791471089403607,0.08537443613447941,30,0.5701581022188228,0.1554982307083021,30,0.01558716816837951,0.028389962870359862,QPC
qpc,206,0.4578312977830501,0.08532802784184502,30,0.5553505711844242,0.18095699706170623,30,0.015578695212135792,0.033038076409697525,QPC
qpc,207,0.45775243435267576,0.08528788121215176,30,0.5489815424864539,0.16156526125743165,30,0.015571365473905524,0.0294976460333036,QPC
qpc,208,0.4576745646110674,0.08525241925503309,30,0.5095974245364594,0.13931104633607097,30,0.015564891035956464,0.02543460086263783,QPC
qpc,209,0.4575976940120306,0.08521980659303523,30,0.5456204504317841,0.15319171304124032,30,0.01555893680574429,0.027968852285181887,QPC
qpc,210,0.45752358309501967,0.08518851180437757,30,0.5296468093705624,0.16551842552458046,30,0.01555322318518424,0.030219391780850525,QPC
qpc,211,0.45744833056589407,0.08515266533397438,30,0.5397725333460345,0.13940378021785949,30,0.015546678545035315,0.025451531675604693,QPC
qpc,212,0.45737302961061205,0.08512065086299796,30,0.53930195691953,0.14519200077645314,30,0.015540833529061856,0.02650831133152366,QPC
qpc,213,0.4572921748597886,0.08507431916934066,30,0.5408374632377471,0.17793830915608247,30,0.015532374557814015,0.03248694192303814,QPC
qpc,214,0.45721962174131753,0.08504220155089347,30,0.5233204176885926,0.14448127390343996,30,0.015526510709775058,0.026378550951332184,QPC
qpc,215,0.4571386921080757,0.08500357458541484,30,0.5564348352493272,0.19483995122241993,30,0.015519458423001519,0.03557274546257522,QPC
qpc,216,0.45706825233149606,0.08497122567239261,30,0.5116897884190743,0.14094404342938352,30,0.015513552346543837,0.025732743977420383,QPC
qpc,217,0.4569953755237249,0.0849340501773264,30,0.5373179485714189,0.18163240752033277,30,0.015506765060799108,0.033161388924285745,QPC
qpc,218,0.45691521333794216,0.08489875757516176,30,0.5501720578473782,0.17375336406660338,30,0.015500321542692897,0.03172287898056208,QPC
qpc,219,0.4568436694642822,0.08486667144431649,30,0.5085787394274949,0.14327998257609909,30,0.015494463443477225,0.02615922616529221,QPC
qpc,220,0.4567716687708433,0.08484142801241372,30,0.5270155734388831,0.1446810229260526,30,0.015489854644449895,0.026415019966507032,QPC
qpc,221,0.4566986098229571,0.08481717935349453,30,0.5113903035427302,0.13055775485171622,30,0.015485427465290132,0.02383647579650484,QPC
qpc,222,0.456627893782874,0.08478783569588233,30,0.531668426564771,0.12061406802609002,30,0.015480070070892162,0.02202101527011737,QPC
qpc,223,0.45655023301770753,0.08475266609161192,30,0.5576820839773589,0.130543992694276,30,0.01547364900902635,0.023833963181814855,QPC
qpc,224,0.4564770347858546,0.08472224460153209,30,0.5404098411031187,0.13207189309203504,30,0.015468094830243136,0.02411291835297277,QPC
qpc,225,0.45640944353323776,0.0847005932677349,30,0.5227211346344864,0.14999697665473286,30,0.01546414185560287,0.027385575890457658,QPC
qpc,226,0.45633117666413425,0.08465847063658251,30,0.55976871217755,0.17830387024149122,30,0.015456451350514993,0.032553683940579614,QPC
qpc,227,0.45625754611373964,0.08462403635898058,30,0.5478385404523711,0.17018851789272407,30,0.015450164540317004,0.031072030092738852,QPC
qpc,228,0.4561830176996578,0.08459054486214673,30,0.5266121982160955,0.16237004741000222,30,0.015444049857550166,0.029644579209880496,QPC
qpc,229,0.4561074409066936,0.08455268671152279,30,0.5250151840630256,0.16727994036686109,30,0.015437137936522778,0.030540998919016276,QPC
qpc,230,0.45603031601293964,0.08451655234211619,30,0.5460083301544771,0.14661035705299588,30,0.015430540733447705,0.02676726657393749,QPC
qpc,231,0.45596184661867273,0.08449476554708941,30,0.5310813198798096,0.1265389104835766,30,0.015426563027083737,0.02310273855799395,QPC
qpc,232,0.45588703673800635,0.08445608364311644,30,0.5294041626940743,0.14774615864870685,30,0.01541950070995932,0.02697463462554458,QPC
qpc,233,0.4558125624553132,0.08441730396923834,30,0.5373317928976954,0.13204781083443604,30,0.015412420542574079,0.024108521554398563,QPC
qpc,234,0.4557385090625005,0.08437883237025613,30,0.5279120402413551,0.2013130660373984,30,0.015405396621712128,0.03675456912973675,QPC
qpc,235,0.45566350660857785,0.08434628383346122,30,0.5448951663539942,0.17905652073510603,30,0.015399454099106676,0.03269109849166969,QPC
qpc,236,0.45558097807906694,0.08429713702054062,30,0.5438165614097177,0.16605084559131028,30,0.015390481159751309,0.030316597941055966,QPC
qpc,237,0.4555051149027465,0.08424927706807436,30,0.5432308546741862,0.16069661424232495,30,0.015381743167895678,0.02933905351174244,QPC
qpc,238,0.45543311967074745,0.08421044467268593,30,0.5099368680922088,0.1573989911908466,30,0.01537465337492361,0.028736992667927872,QPC
qpc,239,0.45535595438213783,0.08417890633018317,30,0.5431450910845411,0.1549501409328918,30,0.01536889528771858,0.028289895825849808,QPC
qpc,240,0.455283846092948,0.0841373152394891,30,0.5369955470560707,0.1532814439686456,30,0.01536130182819712,0.027985234836197127,QPC
qpc,241,0.4552033347147633,0.08409562845129835,30,0.5479307509087182,0.18411463892551658,30,0.015353690896783114,0.03361458030214138,QPC
qpc,242,0.4551361362755563,0.08406708350160125,30,0.521111268748427,0.14230543450919664,30,0.015348479325832463,0.02598129884542037,QPC
qpc,243,0.45506762330487194,0.08403028301526941,30,0.5019539520956822,0.12156360247352972,30,0.015341760507002094,0.02219437574878101,QPC
qpc,244,0.4549908299179994,0.08399529142326205,30,0.5407509267058844,0.15302916286146037,30,0.015335371945580278,0.02793917481845122,QPC
qpc,245,0.45491353550386165,0.08395169551918018,30,0.5440059439099176,0.16079807900740342,30,0.015327412458886787,0.02935757835861759,QPC
qpc,246,0.45484349996786744,0.08392069822924987,30,0.5277903383506323,0.14513693336295025,30,0.015321753153914668,0.026498257443337326,QPC
qpc,247,0.4547680348272575,0.08389106992839532,30,0.5365546861916043,0.17177387411037587,30,0.015316343791008472,0.03136147521343517,QPC
qpc,248,0.4546968969503143,0.08386391760194782,30,0.5240234872937868,0.13589611674455268,30,0.015311386477113793,0.02481112287278234,QPC
qpc,249,0.45463086320730456,0.083839973292239,30,0.5021283052680667,0.1533328393758688,30,0.015307014864263321,0.027994618310826568,QPC
qpc,250,0.454559365100347,0.08380908716450941,30,0.5359395749980485,0.14892525885255672,30,0.015301375854639495,0.027189907885280418,QPC
qpc,251,0.45448925281091224,0.08377893753395493,30,0.5331614571280601,0.15929542648168074,30,0.015295871310387784,0.02908323279714078,QPC
qpc,252,0.45441172674253205,0.08374323182752241,30,0.5506606046408381,0.15961329274526564,30,0.0152893523701062,0.029141266971419225,QPC
qpc,253,0.45434580782768663,0.0837143866476819,30,0.5231071156161672,0.1714514371284019,30,0.015284085984881552,0.031302606543968166,QPC
qpc,254,0.4542739523512151,0.08368964434092047,30,0.539976673978318,0.13962299325230726,30,0.015279568678368903,0.025491554316893428,QPC
qpc,255,0.45419814067856257,0.08365022714251948,30,0.538456781150711,0.1652081302080991,30,0.015272372115462944,0.03016273986607551,QPC
qpc,256,0.45412782911564226,0.08362333751714099,30,0.534420282244999,0.13803988053754543,30,0.015267462764002057,0.025202518801910663,QPC
qpc,257,0.45405610785031814,0.0835897687073652,30,0.528855503639916,0.1753917875628767,30,0.01526133396588779,0.032022012816447204,QPC
qpc,258,0.4539822765146698,0.08355387827127388,30,0.5602172400087896,0.1601990116650052,30,0.015254781298739152,0.02924820412631886,QPC
qpc,259,0.4539176685637974,0.08353354560790491,30,0.5228225730701254,0.126550626091711,30,0.015251069079278704,0.02310487752561065,QPC
qpc,260,0.45384734349470546,0.08350389341857399,30,0.5299832412361757,0.14995982614539385,30,0.015245655354953385,0.027378793166461732,QPC
qpc,261,0.4537697179300517,0.08346816403694812,30,0.5617327367941616,0.16003356055986337,30,0.015239132092192652,0.029217997025502082,QPC
qpc,262,0.4536991932730032,0.08343498848594698,30,0.5395701693579796,0.15789579192539197,30,0.01523307509297899,0.028827695657559747,QPC
qpc,263,0.4536334092927747,0.0834035151747843,30,0.502817335837945,0.16882218133829358,30,0.015227328878817928,0.03082257230873703,QPC
qpc,264,0.45356288242856746,0.08336989876698973,30,0.5309492578264065,0.14860962955684456,30,0.015221191390534137,0.027132282123590076,QPC
qpc,265,0.4534918057183058,0.08333468222586121,30,0.529360572263897,0.16528453873897747,30,0.015214761759209671,0.03017669009139148,QPC
qpc,266,0.4534188859984619,0.0833080309989866,30,0.5570124607806214,0.13062249375239338,30,0.015209895933161533,0.02384829544858783,QPC
qpc,267,0.45334624455512745,0.0832818196708361,30,0.5591625775868826,0.14406420769751704,30,0.0152051104212648,0.02630240542834649,QPC
qpc,268,0.4532691333690064,0.08323567189695373,30,0.5640451534146501,0.18622855119445123,30,0.015196685029020126,0.03400052611356886,QPC
qpc,269,0.4532007836715551,0.08320721272594457,30,0.5306548544250883,0.1579312903309824,30,0.015191489119043588,0.028834176750058865,QPC
qpc,270,0.45313409011635475,0.0831788432910387,30,0.5293192123381877,0.16201205806416227,30,0.015186309592563048,0.029579219596526145,QPC
qpc,271,0.45306256180406046,0.08314933320103511,30,0.5478142754838498,0.17710739782869123,30,0.015180921811906724,0.032335238963938556,QPC
qpc,272,0.45300196773855556,0.08313223068281138,30,0.5049960555956047,0.13292291709747645,30,0.015177799333566297,0.024268293367892324,QPC
qpc,273,0.4529276492511848,0.08310708266544664,30,0.5294861231541661,0.16491050688816394,30,0.015173207954770564,0.030108401530752824,QPC
qpc,274,0.45286163749087444,0.08308139105618176,30,0.5105474678977521,0.167116202021017,30,0.015168517330126235,0.030511104523833817,QPC
qpc,275,0.4527955676645666,0.08305475890155235,30,0.5072199708557438,0.14123625438763313,30,0.015163654986177739,0.025786094155214885,QPC
qpc,276,0.4527239594964621,0.0830190679022077,30,0.5469455604575452,0.17101078541994383,30,0.015157138731030749,0.0312221549170596,QPC
qpc,277,0.452657899507541,0.08299593805623122,30,0.5057063503481454,0.15373820536232927,30,0.015152915818233102,0.02806862767576981,QPC
qpc,278,0.45259037212827186,0.08297657877018298,30,0.5399412908006817,0.11516263097636179,30,0.015149381312344497,0.02102572358913218,QPC
qpc,279,0.45251981432516414,0.08294849463625772,30,0.5385460335332861,0.15663453977900235,30,0.01514425387445821,0.02859742357379995,QPC
qpc,280,0.4524585153655307,0.0829264682208756,30,0.5030754362465795,0.14000923544524577,30,0.015140232419602955,0.02556207217080432,QPC
qpc,281,0.4523917503032621,0.08290557635843906,30,0.5318981760074268,0.15335124401120187,30,0.015136418104828027,0.027997978522138093,QPC
qpc,282,0.45233065155832086,0.08288414239816395,30,0.48529963543880517,0.13308105819470623,30,0.015132504816981578,0.024297165849966114,QPC
qpc,283,0.4522684973058377,0.08285251434668854,30,0.5019933939645582,0.1933932887688216,30,0.015126730351233904,0.03530862224293136,QPC
qpc,284,0.4522074248849896,0.08282550826874106,30,0.5191529521557873,0.13695439660990835,30,0.015121799738540047,0.025004337457585284,QPC
qpc,285,0.45213872744095956,0.08280143156224283,30,0.5285396911123563,0.14539872535518655,30,0.015117403953453542,0.026546053903178008,QPC
qpc,286,0.45207417494547286,0.08277891727696887,30,0.5196606137846661,0.14898817628010516,30,0.01511329342614999,0.027201394983389908,QPC
qpc,287,0.452011006669955,0.0827527905844358,30,0.5239850031999982,0.15605717865448343,30,0.0151085233665322,0.028492012336558094,QPC
qpc,288,0.4519397531278937,0.08271737038380247,30,0.5549325711711488,0.20592826731728367,30,0.015102056552239458,0.037597185745876706,QPC
qpc,289,0.4518699589393067,0.0826804936440711,30,0.5305768405974207,0.15588956181208852,30,0.01509532381150675,0.0284614098280256,QPC
qpc,290,0.45179646777461546,0.08264278536546421,30,0.5757686175258981,0.18975440453280282,30,0.015088439253240857,0.03464425591619221,QPC
qpc,291,0.4517329866861934,0.08261997397811426,30,0.5127822297933611,0.14264652899806296,30,0.015084274482767671,0.02604357389401796,QPC
qpc,292,0.45166909539629513,0.0825932653258618,30,0.5035307508854209,0.1284921436942355,30,0.015079398172327927,0.023459348521175993,QPC
qpc,293,0.4516058299334897,0.08257060919394647,30,0.49746715014426773,0.1339433940776173,30,0.015075261747489315,0.024454606121704955,QPC
qpc,294,0.4515415803132097,0.08254323222402138,30,0.5192729120234506,0.16934067236786823,30,0.01507026341949461,0.0309172353863244,QPC
qpc,295,0.45147869302048205,0.0825233424415656,30,0.5119435011936452,0.13445688204781622,30,0.01506663205865631,0.02454835576980012,QPC
qpc,296,0.45140421232591504,0.08249269174239557,30,0.5492861667571005,0.1827590526615515,30,0.015061036032210066,0.03336708524366878,QPC
qpc,297,0.4513380086861209,0.08246161233001446,30,0.5285585081017896,0.16307708092743872,30,0.015055361733798353,0.02977366527868456,QPC
qpc,298,0.4512788557602075,0.08243137480240108,30,0.4843183934770525,0.14098116959612492,30,0.015049841141812676,0.025739522257086367,QPC
qpc,299,0.45121558574550874,0.08240058620120379,30,0.5009078809042689,0.14052858503366977,30,0.015044219938016079,0.025656891999074605,QPC
qpc,300,0.4511541033164581,0.08238301148633315,30,0.5144824009457639,0.10556117082094532,30,0.015041011248757289,0.019272744818429294,QPC
qpc,301,0.4510849678476764,0.08235420420582709,30,0.548719465345045,0.1592630712407959,30,0.015035751782972773,0.02907732556537873,QPC
qpc,302,0.4510211901525265,0.08232787372563741,30,0.5199639331695424,0.16932122166485677,30,0.015030944516989496,0.030913684190058164,QPC
qpc,303,0.4509622017498994,0.08230798637587837,30,0.5076429324414105,0.10889537816279077,30,0.015027313600298823,0.019881485009271994,QPC
qpc,304,0.45089473583605183,0.08228206562772776,30,0.5317748572437662,0.13917394954746873,30,0.01502258114080899,0.025409570528078174,QPC
qpc,305,0.45082511168259903,0.08225800247427321,30,0.5554812257185379,0.14413082871458605,30,0.015018187830158403,0.026314568706297368,QPC
qpc,306,0.45076434813289407,0.0822332542146333,30,0.5210603623963274,0.13372588515561137,30,0.01501366943680381,0.024414894607357865,QPC
qpc,307,0.4507045029905478,0.08221243054220563,30,0.5254590004811273,0.15182062976381233,30,0.015009867571764233,0.02771852787209341,QPC
qpc,308,0.4506385529423547,0.08219921061971694,30,0.5409029821640686,0.1462593469617006,30,0.015007453955179058,0.026703181192299363,QPC
qpc,309,0.4505797357356227,0.08218208966096614,30,0.5100068609360665,0.14587002799192098,30,0.015004328110074416,0.02663210159836171,QPC
qpc,310,0.4505188398394941,0.08216321438538693,30,0.49640555885670296,0.13325314503029187,30,0.015000881972003128,0.02432858446386609,QPC
qpc,311,0.4504600233692278,0.08214154010952113,30,0.4990706637093375,0.11939746403636763,30,0.014996924808733365,0.021798894787210123,QPC
qpc,312,0.4504010595474764,0.08211850978228938,30,0.512954723745218,0.1504589432513306,30,0.014992720065489512,0.027469919065714485,QPC
qpc,313,0.4503398451492083,0.08209668154095752,30,0.5305280867997371,0.14656778138243126,30,0.014988734792100137,0.026759493355547774,QPC
qpc,314,0.4502809356859917,0.08207492500454489,30,0.5186243595610533,0.14116498968644628,30,0.014984762610178011,0.025773083060416917,QPC
qpc,315,0.45022759882668495,0.08205790634905723,30,0.49564022442298944,0.11913761530986233,30,0.014981655443008344,0.021751453117528144,QPC
qpc,316,0.45015598456074585,0.08202094600952008,30,0.551176603473585,0.1797192859949749,30,0.014974907439109161,0.03281210231939001,QPC
qpc,317,0.45009482799575745,0.08199855653072373,30,0.5082494175858187,0.11541210756173678,30,0.014970819698246648,0.02107127157359193,QPC
qpc,318,0.45003290422115305,0.08198525338126877,30,0.5516313095235078,0.18032941709317163,30,0.014968390886565867,0.03292349650789593,QPC
qpc,319,0.4499673747285145,0.08195469222288493,30,0.514335910958867,0.16262274755364656,30,0.01496281120795576,0.029690715732866763,QPC
qpc,320,0.44990686131734475,0.0819289336697869,30,0.4846792044147982,0.13057023632334758,30,0.014958108361095599,0.023838754591025958,QPC
qpc,321,0.44984495651208156,0.08190304853022357,30,0.5299894198413668,0.16191468457425173,30,0.014953382402814595,0.029561441710883807,QPC
qpc,322,0.44978226708590846,0.08188167821766246,30,0.5316072434423396,0.1482146417445162,30,0.01494948073539771,0.027060167545339457,QPC
qpc,323,0.44971820282356545,0.08185541473788095,30,0.5451285393869882,0.20928572930657338,30,0.014944685701959406,0.03821017163504342,QPC
qpc,324,0.44965804423141853,0.08183995508488998,30,0.5122018267770843,0.1366397013182566,30,0.014941863168401287,0.02494688222092584,QPC
qpc,325,0.4495907856165792,0.08181467577611358,30,0.5401850842520403,0.1601973841205465,30,0.014937247819182964,0.029247906978714402,QPC
qpc,326,0.4495314138145204,0.08179261100376313,30,0.5356578297892265,0.1716596148695048,30,0.014933219361335444,0.031340614425559,QPC
qpc,327,0.44946921887028934,0.0817695547216352,30,0.5249933933378499,0.14579612808678077,30,0.014929009879397555,0.02661860938334745,QPC
qpc,328,0.4494148250791127,0.08175213282075335,30,0.4896541810418472,0.1561778377060072,30,0.014925829090028351,0.02851404156465368,QPC
qpc,329,0.449354529608064,0.08172395210990727,30,0.5100074152079584,0.15433850595939316,30,0.014920684019689375,0.02817822706853505,QPC
qpc,330,0.4492896512052094,0.08169997901342,30,0.5538692471624742,0.16272703259934262,30,0.014916307151116266,0.029709755490179495,QPC
qpc,331,0.44922512500352274,0.08167580644787223,30,0.5280898184035159,0.13351174348990325,30,0.014911893864641838,0.02437579786708784,QPC
qpc,332,0.4491667117768546,0.08164875686249773,30,0.5293635842457711,0.16652462882254285,30,0.014906955308614913,0.030403098528760556,QPC
qpc,333,0.4490967999086124,0.0816234561869276,30,0.5617737183700939,0.17341048807250903,30,0.014902336058371619,0.031660278675097915,QPC
qpc,334,0.44903426124338297,0.08160447980234785,30,0.5203324689105359,0.15303127295415472,30,0.014898871460406879,0.027939560066906927,QPC
qpc,335,0.4489702048107064,0.08158712494292915,30,0.5331915963351401,0.12900167047937056,30,0.014895702911078227,0.023552374959133177,QPC
qpc,336,0.4489122539423183,0.08156604916092018,30,0.5124470782937461,0.13363436424427233,30,0.014891855017337103,0.024398185251483254,QPC
qpc,337,0.44885066405962043,0.08154746830298422,30,0.5464508389388889,0.14494780751290604,30,0.014888462632327328,0.026463727945245142,QPC
qpc,338,0.4487904449460108,0.08153230328437179,30,0.5503197788568618,0.16033674626565858,30,0.01488569389140099,0.02927335090889447,QPC
qpc,339,0.4487290247868486,0.08151092122520918,30,0.5425293957951766,0.14234815688904362,30,0.014881790079357901,0.025989098849137866,QPC
qpc,340,0.4486658606273711,0.08149005176830319,30,0.5261203412748893,0.1383363554107203,30,0.01487797985525447,0.025256647460501117,QPC
qpc,341,0.44860722934181985,0.08147054790704085,30,0.5241482479163048,0.1344557882227272,30,0.014874418953663857,0.024548156065575043,QPC
qpc,342,0.4485496739207584,0.08145933016456507,30,0.5160189392771385,0.1490555381662323,30,0.014872370883464435,0.027213693524905883,QPC
qpc,343,0.44849242893392893,0.08143981048732964,30,0.49800097527205234,0.13955673569672875,30,0.014868807094285412,0.02547945739762826,QPC
qpc,344,0.44843238409626995,0.08141299410663953,30,0.4961877159755473,0.1680416593354982,30,0.014863911115413873,0.030680069139550313,QPC
qpc,345,0.4483678051867391,0.08138472334043041,30,0.5392893498602542,0.1433261824710565,30,0.014858749603290311,0.026167661073499725,QPC
qpc,346,0.4483043887469899,0.0813575109896396,30,0.5451868959729096,0.1679230639839567,30,0.01485378133050002,0.030658416689798806,QPC
qpc,347,0.4482458077452978,0.08133570625909121,30,0.5437929051275578,0.15600502658785978,30,0.014849800349572796,0.028482490715454667,QPC
qpc,348,0.4481909221424592,0.08130349114136372,30,0.5060383763446527,0.18054741008215064,30,0.014843918700682118,0.03296329640037652,QPC
qpc,349,0.4481321542393947,0.08128210971168318,30,0.5410668480579048,0.18259132189190924,30,0.014840015003566203,0.03333646193496185,QPC
qpc,350,0.44807166962786193,0.08126340631532926,30,0.5048259098170107,0.11537712616397347,30,0.014836600246204536,0.021064884873375923,QPC
qpc,351,0.4480173104800342,0.08124415608432059,30,0.49830875834610944,0.14812643528751385,30,0.014833085650950992,0.027044063323266858,QPC
qpc,352,0.4479609807273467,0.08122832573963983,30,0.5315397124050558,0.15265188209748026,30,0.014830195438659413,0.027870293090136323,QPC
qpc,353,0.4478987459984377,0.08120217035861586,30,0.5648890962038645,0.1893033374807544,30,0.014825420141263757,0.03456190271640745,QPC
qpc,354,0.44784167475270054,0.08117916671289721,30,0.5302159396927334,0.19584518158102165,30,0.014821220269375436,0.03575627457687361,QPC
qpc,355,0.44778265516622556,0.0811557958929842,30,0.5142784703943449,0.13597603135035857,30,0.014816953360957522,0.02482571321687368,QPC
qpc,356,0.447718107448756,0.08113407458261371,30,0.5322357780677998,0.16577813102788275,30,0.014812987610401358,0.030266807301672822,QPC
qpc,357,0.4476622010285494,0.08111906336766926,30,0.5051239274458126,0.14604383264369414,30,0.01481024695005448,0.02666383384115354,QPC
qpc,358,0.4476053355661598,0.08109387487616355,30,0.4932831074768148,0.14977047285301476,30,0.014805648181725412,0.02734422214327043,QPC
qpc,359,0.4475506651267998,0.08108007865188384,30,0.5048252699640707,0.12869503739024357,30,0.014803129347309946,0.02349639167253573,QPC
qpc,360,0.4474938328589961,0.08106359276681444,30,0.5254646280984626,0.1674630336766812,30,0.014800119450265629,0.03057442703098853,QPC
qpc,361,0.4474394864162569,0.0810425313687549,30,0.5071379041022682,0.14954558867509948,30,0.014796274182662363,0.027303164097580365,QPC
qpc,362,0.44738178061466216,0.08102316667116327,30,0.5377735695107432,0.13988246317903244,30,0.014792738688765628,0.02553892682751396,QPC
qpc,363,0.44732822356154645,0.08100495442512741,30,0.5343301892551975,0.19204446770924277,30,0.014789413602773402,0.03506236233614158,QPC
qpc,364,0.4472708023624502,0.08099000626140153,30,0.5166585478753649,0.15597168592168037,30,0.014786684453951421,0.02847640357047176,QPC
qpc,365,0.44721811320171406,0.08097282198054899,30,0.5103737464830524,0.14429266783550257,30,0.014783547047865607,0.026344116352034964,QPC
qpc,366,0.4471604107320049,0.08094725210559559,30,0.5239421767270973,0.15124486201864595,30,0.014778878648764085,0.027613407544789574,QPC
qpc,367,0.4471067884919949,0.08093335482192804,30,0.527567425677501,0.15565654227417505,30,0.014776341363513164,0.028418866475607388,QPC
qpc,368,0.4470508481439383,0.0809179312145012,30,0.5122634850226654,0.1402731495137076,30,0.01477352541094457,0.025610256066984156,QPC
qpc,369,0.4469974285893744,0.08090386429360015,30,0.514422616033346,0.128012905935274,30,0.014770957154313855,0.02337185207751218,QPC
qpc,370,0.44693658059745583,0.08088797265391733,30,0.5481132337936406,0.15317825824497816,30,0.014768055751137179,0.027966395786708745,QPC
qpc,371,0.4468862903872111,0.08087560022877259,30,0.5047046471484449,0.13712468257128707,30,0.014765796865689573,0.025035427278343143,QPC
qpc,372,0.446822614747055,0.08085203139290528,30,0.5314312933107803,0.17347872505361805,30,0.01476149380467002,0.03167273698636774,QPC
qpc,373,0.4467657051976843,0.08083233699843044,30,0.5273551133498733,0.16669274411165536,30,0.01475789811663326,0.030433792040796697,QPC
qpc,374,0.44671531378264373,0.08082070242212869,30,0.5173083623314536,0.15856021901160422,30,0.014755773943337432,0.02894900289187171,QPC
qpc,375,0.44665435702095574,0.08080470513226175,30,0.5297256154842327,0.1351891939695797,30,0.014752853251164409,0.024682057022693393,QPC
qpc,376,0.4466029578515857,0.08078504482300554,30,0.50104444967281,0.1355074275289522,30,0.01474926378620869,0.024740158255701215,QPC
qpc,377,0.4465501220627556,0.08076602312584803,30,0.4890617666617793,0.1596414331263093,30,0.014745790915336959,0.029146404678577358,QPC
qpc,378,0.44650220047613653,0.080754176555891,30,0.5151969241429747,0.13256646554937135,30,0.014743628037472114,0.02420321451670739,QPC
qpc,379,0.44645019663270497,0.08073667994473505,30,0.5012584266395521,0.1302809672210529,30,0.014740433607935444,0.02378594152018727,QPC
qpc,380,0.44639263293345993,0.0807219887262365,30,0.511157179123294,0.15187032353894844,30,0.014737751370679146,0.027727600672629957,QPC
qpc,381,0.4463397781392603,0.08070687618083654,30,0.501925778738575,0.13726782426087794,30,0.014734992210006854,0.02506156125577925,QPC
qpc,382,0.44629335784289054,0.08069912615965773,30,0.4984068610735647,0.1335944565378346,30,0.014733577256199929,0.024390899134471844,QPC
qpc,383,0.4462337150428829,0.08068299746140317,30,0.5482606210818892,0.16082313512928928,30,0.014730632572247524,0.02936215295967108,QPC
qpc,384,0.4461835973757488,0.08066525649681179,30,0.49514385843674436,0.13596278971812886,30,0.014727393530081323,0.024823295636650214,QPC
qpc,385,0.446133045023758,0.08065254370667777,30,0.50136177538823,0.1505360957296717,30,0.014725072502772912,0.027484005116632765,QPC
qpc,386,0.4460789436346886,0.08062611154591653,30,0.5463180523671761,0.1986139376192864,30,0.014720246672542068,0.036261777956335686,QPC
qpc,387,0.4460266654196098,0.08061350602207563,30,0.5198081056569914,0.1582865545266358,30,0.014717945229289792,0.028899038821336626,QPC
qpc,388,0.4459754596977111,0.08059660942264024,30,0.4968405097464182,0.1580038266951583,30,0.014714860346404493,0.028847420017691715,QPC
qpc,389,0.44592733489026803,0.08058367163947738,30,0.5186143694687914,0.14642161399575573,30,0.014712498241177025,0.02673280696392985,QPC
qpc,390,0.44587825770149775,0.08057364933064967,30,0.5186460828599981,0.14005253198002798,30,0.014710668426302618,0.025569977000391663,QPC
qpc,391,0.44582618098880367,0.08055733688385276,30,0.5226285413080611,0.1285035027006329,30,0.014707690194609694,0.023461422382520893,QPC
qpc,392,0.44577258689322824,0.08053530132847682,30,0.5196886156749115,0.13164477005992103,30,0.014703667071027509,0.024034936713133156,QPC
qpc,393,0.445722584860511,0.08052830141374621,30,0.5470406556961257,0.16079320870101022,30,0.014702389067294654,0.02935668916639308,QPC
qpc,394,0.445671030118595,0.08051451917429177,30,0.5228653971721318,0.14311635056552174,30,0.014699872786147273,0.0261293511841845,QPC
qpc,395,0.4456199850191172,0.08050122716781896,30,0.5467738396086409,0.14035292988876663,30,0.014697446008887387,0.025624821904006174,QPC
qpc,396,0.44557151060459693,0.08048434121755477,30,0.5101486772010129,0.1563778192752345,30,0.01469436307026585,0.02855055303683737,QPC
qpc,397,0.44552036603835965,0.08047733702222061,30,0.5285283413326941,0.15383728384763123,30,0.014693084285005287,0.028086716849557585,QPC
qpc,398,0.44546827957859925,0.08046284412407813,30,0.5253969544446784,0.13450127411876633,30,0.014690438255926534,0.02455646061601137,QPC
qpc,399,0.44541559841340056,0.08043998314228058,30,0.5265229628672597,0.17605969990038842,30,0.014686264430787457,0.03214395636767759,QPC
qpc,400,0.4453596150031064,0.08042373092187373,30,0.5454168402206299,0.18467364205275838,30,0.014683297194878663,0.033716639842976806,QPC
qpc,401,0.4453091584733621,0.08041148459184723,30,0.5262899351857755,0.16824410392472994,30,0.014681061331144607,0.03071703029560601,QPC
qpc,402,0.4452609394700266,0.08040032175033657,30,0.5233527349712576,0.1466055302992781,30,0.014679023284444193,0.02676638533330724,QPC
qpc,403,0.44521124334990037,0.08038986840610127,30,0.528547270500028,0.15915465390637185,30,0.01467711477363118,0.029057531358815853,QPC
qpc,404,0.4451644902116155,0.08037800186561515,30,0.4987225202781119,0.13444011767648864,30,0.014674948249663249,0.02454529502835395,QPC
qpc,405,0.44511697680768464,0.08036516962831745,30,0.5069764912885774,0.14667710424491723,30,0.014672605414386178,0.026779452888159305,QPC
qpc,406,0.4450671632907785,0.08034832685760762,30,0.526628388515655,0.15377257244462947,30,0.014669530359236625,0.028074902217840297,QPC
qpc,407,0.44501499563536107,0.08033192170534366,30,0.5305557421964613,0.1655821674149572,30,0.014666535201918532,0.030231029404589646,QPC
qpc,408,0.4449611140067066,0.08032008788072169,30,0.5394670095297254,0.14075258423557913,30,0.01466437465102286,0.02569778847099091,QPC
qpc,409,0.4449123499895416,0.08031432304769182,30,0.5090223904918093,0.13775160132296702,30,0.014663322141325956,0.02514988645901584,QPC
qpc,410,0.444861553318919,0.08030489150490921,30,0.5057334306629097,0.13719003920391615,30,0.014661600185081254,0.025047359712334318,QPC
qpc,411,0.44480665652584095,0.0802943489191442,30,0.5331412027182896,0.14608541471464154,30,0.014659675381068611,0.026671425653902098,QPC
qpc,412,0.44476233527365167,0.08028473361723101,30,0.4814149042250536,0.12836266953950595,30,0.014657919875150253,0.023435709882789563,QPC
qpc,413,0.4447133042733114,0.0802728963432081,30,0.4886260536233805,0.14287187056897854,30,0.014655758694483012,0.026084715447862665,QPC
qpc,414,0.44466600488128455,0.08026408713200185,30,0.5073124916619306,0.11222839899204518,30,0.014654150359919182,0.020490008573544397,QPC
qpc,415,0.4446123622663646,0.08026385587773846,30,0.5354655324437959,0.131831758713311,30,0.014654108138860323,0.02406907601428622,QPC
qpc,416,0.44456059094541106,0.08025341432730543,30,0.5403213339802451,0.1289332201225072,30,0.014652201781291157,0.023539877690958732,QPC
qpc,417,0.44451687024814024,0.08024569036561732,30,0.5043933420343762,0.14146542430059994,30,0.01465079158527453,0.025827934665492693,QPC
qpc,418,0.4444709489733431,0.08023031677149137,30,0.4906741190373735,0.15588225567408195,30,0.014647984763843625,0.028460075915827453,QPC
qpc,419,0.444420886279863,0.08021807635764502,30,0.5380768200494584,0.15244425655385008,30,0.014645749980251345,0.02783238602554948,QPC
qpc,420,0.4443823860913367,0.08021298581793941,30,0.49593609898427543,0.12492121977416301,30,0.014644820579109132,0.022807389993789833,QPC
qpc,421,0.4443346424661181,0.08019754883920761,30,0.5072932977977554,0.1695389746789471,30,0.01464200218528542,0.030953440269318833,QPC
qpc,422,0.4442868069516909,0.0801832302025127,30,0.5378827276466228,0.12973409187135823,30,0.014639387971848578,0.023686096198463503,QPC
qpc,423,0.44424067281684015,0.08017190605587715,30,0.5161544307602038,0.1522128752374378,30,0.014637320474996315,0.027790141770088064,QPC
qpc,424,0.44419513399784816,0.08015438041711186,30,0.5040301856666471,0.14521244466412503,30,0.014634120745767504,0.02651204385767066,QPC
qpc,425,0.4441459457159806,0.08014692692966702,30,0.5340508464101511,0.12768922739151828,30,0.014632759931365629,0.0233127567309137,QPC
qpc,426,0.4441004858733956,0.08013472681434704,30,0.49976799023024115,0.13332786921061893,30,0.01463053250524399,0.024342227170251498,QPC
qpc,427,0.4440556971667737,0.08012898328076225,30,0.508346794392139,0.14045378323684052,30,0.01462948388427593,0.025643235121919506,QPC
qpc,428,0.444009592406647,0.08012472721887812,30,0.5575358641775883,0.16767062032557595,30,0.014628706837242572,0.030612326994400717,QPC
qpc,429,0.4439597450103094,0.0801132135343027,30,0.524727890934005,0.14501076546650019,30,0.014626604735655255,0.026475222442364433,QPC
qpc,430,0.44391335503633206,0.08009827970692351,30,0.5395226955884709,0.18239287694252754,30,0.014623878204280098,0.03330023100989541,QPC
qpc,431,0.443868904002554,0.08009233103127272,30,0.5474856672639807,0.1835167858676675,30,0.014622792129666358,0.03350542776685559,QPC
qpc,432,0.4438250279325082,0.08008160248148109,30,0.5356439199221694,0.17802963425470877,30,0.01462083337342296,0.03250361552856614,QPC
qpc,433,0.44355522205284253,0.08147748830577953,29,0.5192531783481992,0.13459408129336237,29,0.015129989744758519,0.024993493442400535,QPC
qpc,434,0.44350867769402913,0.08147138991960799,29,0.5162344556317443,0.12916627910921374,29,0.015128857302876062,0.023985575880256918,QPC
qpc,435,0.443461482436318,0.08145952643795756,29,0.510732732185224,0.1545048763419701,29,0.015126654309639028,0.02869083526232572,QPC
qpc,436,0.44342005021577036,0.08145544697702835,29,0.5004470109730218,0.15251221996254588,29,0.015125896772762196,0.02832080826207788,QPC
qpc,437,0.44337448925977685,0.08144337864162629,29,0.5262560954270852,0.1750905391608392,29,0.015123655739138478,0.032513496881074376,QPC
qpc,438,0.4433326044127538,0.08143628620374263,29,0.5379418326168317,0.17273323484657999,29,0.015122338706487172,0.03207575645925179,QPC
qpc,439,0.44329102956133315,0.081426913600599,29,0.4934648999181484,0.14981540109746586,29,0.015120598257776816,0.02782002157092459,QPC
qpc,440,0.4432456459758195,0.08141662338191855,29,0.4935879425060423,0.13896021881823636,29,0.015118687412139033,0.025804264826609528,QPC
qpc,441,0.44320123598469335,0.08141084119043013,29,0.5264239721403733,0.17679593339795144,29,0.015117613686135187,0.03283018064066013,QPC
qpc,442,0.44315753780243833,0.08139742387140145,29,0.5240418116656526,0.14484184977983572,29,0.015115122152540727,0.02689645627705634,QPC
qpc,443,0.4431056867089258,0.08138273006086787,29,0.5080622462040271,0.15802856987411817,29,0.015112393580424583,0.029345168724410245,QPC
qpc,444,0.44306428388174823,0.08137622325298073,29,0.5165803710893846,0.1539288325492813,29,0.01511118529653353,0.028583866615437582,QPC
qpc,445,0.4430240656894949,0.08136820081472673,29,0.4801246038752555,0.13594676207504536,29,0.015109695567148949,0.025244679957600758,QPC
qpc,446,0.44297711113646426,0.08136448770962433,29,0.5273660720545582,0.15989644523209537,29,0.01510900606084127,0.029692024470682404,QPC
qpc,447,0.4429285341755455,0.08135263556725252,29,0.5105927882761995,0.1409380738772643,29,0.015106805173255414,0.026171543290660917,QPC
qpc,448,0.4428874152392185,0.08134656650210827,29,0.5178300996051345,0.12070904787453769,29,0.015105678176151034,0.02241510746609222,QPC
qpc,449,0.44590912650514364,0.08111646381019935,28,0.4926526732397127,0.1250687024381419,28,0.015329570748197024,0.023635763103490075,QPC
qpc,450,0.4458631248626107,0.08111014849217696,28,0.5128016806272276,0.15667900028087675,28,0.015328377265272915,0.02960954788638707,QPC
qpc,451,0.4458151170104028,0.08109950133571023,28,0.5317741156893855,0.158754546230335,28,0.015326365141831418,0.03000178920188378,QPC
qpc,452,0.4457753824998955,0.08109136347736505,28,0.5047658618556989,0.1554902347261836,28,0.015324827231160987,0.02938489231318151,QPC
qpc,453,0.4457317284484156,0.0810869462060379,28,0.5270605685316644,0.1449267937663984,28,0.015323992445346336,0.02738858961541686,QPC
qpc,454,0.4456830544513071,0.08108726405756825,28,0.555601831798744,0.15669311848730122,28,0.015324052513639417,0.0296122159766126,QPC
qpc,455,0.44564430657313425,0.08108851254761873,28,0.499135548252606,0.11718267606786298,28,0.01532428845608141,0.022145444202900405,QPC
qpc,456,0.4487359075803951,0.08087879022284554,27,0.5466605901113264,0.1284183725495588,27,0.01556513043563038,0.02471412732012714,QPC
qpc,457,0.44869279714671206,0.08087485094693421,27,0.5111431224715067,0.17529549253492016,27,0.015564372321627775,0.033735633267588064,QPC
qpc,458,0.448650274568275,0.08086706740865428,27,0.5048862798408321,0.1642998355955749,27,0.015562874378987386,0.031619518102972144,QPC
qpc,459,0.4486045046515199,0.08085978710750077,27,0.5352699128159082,0.16848539891629247,27,0.015561473284377134,0.032425030139614314,QPC
qpc,460,0.4485580290601977,0.08085381132266646,27,0.5084590642667915,0.1542247873429496,27,0.015560323244049564,0.029680574162721577,QPC
qpc,461,0.4485150984118536,0.08084754155337966,27,0.5147743505621091,0.14056239995656175,27,0.015559116626387733,0.02705124648428692,QPC
qpc,462,0.4484696247056102,0.0808494206011096,27,0.5374400325188147,0.16213722850545229,27,0.015559478249291967,0.03120332417442758,QPC
qpc,463,0.44842559564056356,0.08085094626070317,27,0.5307065722805429,0.14210512624219934,27,0.015559771862617647,0.027348144296386514,QPC
qpc,464,0.4483780806213218,0.0808423781457503,27,0.519396672876924,0.13158385492582786,27,0.01555812292812615,0.025323324687478457,QPC
qpc,465,0.4483338210054394,0.0808355357573509,27,0.5192646023572025,0.16322692859353258,27,0.015556806109864721,0.03141303705415729,QPC
qpc,466,0.4482931973244451,0.08084010267491577,27,0.5109472351462745,0.1560110517312604,27,0.015557685013559868,0.03002434090453327,QPC
qpc,467,0.44824790534218706,0.08083969623509768,27,0.5374026826004191,0.16887339515595806,27,0.015557606794180407,0.03249970005075281,QPC
qpc,468,0.4482039127895393,0.08084026611085729,27,0.5639130664556918,0.1828494809590542,27,0.015557716466821478,0.0351893990176311,QPC
qpc,469,0.4481590498923771,0.08083787536124289,27,0.5219227478886039,0.15509980024820202,27,0.015557256366843665,0.02984897047485221,QPC
qpc,470,0.4481171329553309,0.0808342995545604,27,0.5309570898409811,0.15260947706279657,27,0.015556568202526763,0.02936970755436454,QPC
qpc,471,0.4480735202759728,0.08083166370186697,27,0.5558395447811036,0.17526935813055167,27,0.015556060932439398,0.03373060369912231,QPC
qpc,472,0.448026031907116,0.08082350061346749,27,0.5464800540981284,0.18289496897558868,27,0.015554489945344446,0.03519815319049479,QPC
qpc,473,0.4479800980238402,0.08081811365556825,27,0.5341518201466161,0.15489748119229843,27,0.015553453224813366,0.029810034154389497,QPC
qpc,474,0.44793940641195334,0.08080906407836645,27,0.5157402457743521,0.1677196439271273,27,0.015551711632868863,0.032277660523238376,QPC
qpc,475,0.4478961095885551,0.08081036321011131,27,0.5363278962912679,0.13262876048066474,27,0.015551961650889732,0.02552441685526606,QPC
qpc,476,0.4478532393588597,0.0808059880374118,27,0.5112323514746339,0.14444689236189595,27,0.015551119648511127,0.027798817396248506,QPC
qpc,477,0.4478068649361383,0.08080245106657763,27,0.5336691417597765,0.14932061799700536,27,0.015550438958156719,0.028736766332044104,QPC
qpc,478,0.4477676102236689,0.0807993407544335,27,0.5234069275024793,0.17029069479255438,27,0.015549840378305493,0.03277245949298989,QPC
qpc,479,0.4477252311145539,0.08080140655245575,27,0.543623832734402,0.17951290411210327,27,0.01555023794132024,0.03454727450404477,QPC
qpc,480,0.4476755841790699,0.08079911199279775,27,0.5737936562841168,0.18648092986458903,27,0.015549796353108167,0.035888271685350734,QPC
qpc,481,0.4476321495466605,0.08079511218811876,27,0.5199718784155913,0.1542715107789848,27,0.015549026590338792,0.02968956609217904,QPC
qpc,482,0.44758310850082456,0.08078716683662918,27,0.5108312541671582,0.1379554046181276,27,0.015547497506731687,0.026549529997479903,QPC
qpc,483,0.44754131242843403,0.08078496532592326,27,0.5562415385498409,0.1938325152931211,27,0.015547073825798792,0.03730308496072857,QPC
qpc,484,0.4475038830999882,0.08078556271207424,27,0.49973536765191745,0.15615997668121703,27,0.01554718879281715,0.030053001524515444,QPC
qpc,485,0.44746276313488087,0.08078289447006763,27,0.5477569600435024,0.1753571606767815,27,0.01554667528940356,0.033747501307022754,QPC
qpc,486,0.4474187127084991,0.0807782234170433,27,0.5384533968939748,0.17441353249203725,27,0.015545776344829893,0.03356589997819708,QPC
qpc,487,0.44737726346831963,0.08078055753194344,27,0.551653317224254,0.1660124513410423,27,0.015546225545451865,0.03194911115686014,QPC
qpc,488,0.4473370805354495,0.08077912069633014,27,0.5144287818587092,0.14459129741946916,27,0.01554594902630916,0.02782660816253592,QPC
qpc,489,0.4472941847213922,0.08076979906799553,27,0.5349654537429758,0.1729850781210174,27,0.015544155078099734,0.03329099380631928,QPC
qpc,490,0.44725575861925265,0.08077125693451086,27,0.5202630536942789,0.15099458481662822,27,0.015544435644641422,0.02905892139668536,QPC
qpc,491,0.4472119230640556,0.08077331071530697,27,0.5526051083223446,0.153957171110584,27,0.01554483089493992,0.029629071394789645,QPC
qpc,492,0.447170457007573,0.0807739637000491,27,0.5228023239072374,0.13316699976495594,27,0.015544956561912137,0.025628001053824047,QPC
qpc,493,0.4471315315747291,0.08077524780367364,27,0.5185457607336486,0.15632885651607387,27,0.0155452036877699,0.03008550246388721,QPC
qpc,494,0.4470895530130115,0.0807740558543374,27,0.48890490462669983,0.14833383106220605,27,0.015544974297013188,0.02854685909789771,QPC
qpc,495,0.44704692510791166,0.08077744443059359,27,0.5232947973382243,0.1305951927079828,27,0.015545626428817749,0.025133056554941642,QPC
qpc,496,0.44700094212550484,0.08077050065761308,27,0.5228121041431456,0.1697819008915256,27,0.015544290099084587,0.03267454206108289,QPC
qpc,497,0.44696528568510774,0.0807728417150544,27,0.5063834872998698,0.16655338665600297,27,0.01554474063579923,0.03205321420676238,QPC
qpc,498,0.44691882251901666,0.08076811431075172,27,0.557087515360764,0.21799107501238216,27,0.01554383084641699,0.041952401946444916,QPC
qpc,499,0.4468823619833507,0.0807649768466023,27,0.5421952623495474,0.16093387746054957,27,0.01554322704115991,0.030971739157859512,QPC
qpc,500,0.4468455874002087,0.08076568840144996,27,0.5531679680768975,0.1642092731386235,27,0.01554336397995419,0.031602089350005684,QPC
