learning_rule,seed,epoch,replay_loss,validation_loss
gradient_descent,42,1,0.3627836767387037,0.309534859532851
gradient_descent,42,2,0.3752723282697131,0.30931953130082035
gradient_descent,42,3,0.3201906590053484,0.30917854821667373
gradient_descent,42,4,0.3666477820279347,0.30896290027315865
gradient_descent,42,5,0.38928492455248953,0.3086850810383389
gradient_descent,42,6,0.33888823640355714,0.3084732235335231
gradient_descent,42,7,0.26812708759371034,0.3083044179155248
gradient_descent,42,8,0.3115072783257319,0.30812135567274856
gradient_descent,42,9,0.35941189749464586,0.3078577945950112
gradient_descent,42,10,0.34913414428711137,0.3076237212655243
gradient_descent,42,11,0.3577302568585825,0.3073500817350806
gradient_descent,42,12,0.3825369333342955,0.307040211057622
gradient_descent,42,13,0.3171200439817076,0.3068338073133374
gradient_descent,42,14,0.39001901044652376,0.3066109216582036
gradient_descent,42,15,0.2512707803014457,0.30646784367509816
gradient_descent,42,16,0.2658433081151268,0.3062709814292083
gradient_descent,42,17,0.3380508061498303,0.30604268983728206
gradient_descent,42,18,0.29034943288379744,0.3058787573980155
gradient_descent,42,19,0.32481672455607424,0.3056602056509935
gradient_descent,42,20,0.3770076000836711,0.30538100553220443
gradient_descent,42,21,0.288904450853639,0.3052437892826886
gradient_descent,42,22,0.26897708915010743,0.30511231304707337
gradient_descent,42,23,0.26188624928192356,0.3049428932423433
gradient_descent,42,24,0.3491874484044667,0.3046998412334691
gradient_descent,42,25,0.4034872343232189,0.30436914340185106
gradient_descent,42,26,0.2847341585273083,0.30418027864899183
gradient_descent,42,27,0.4264456588053459,0.3039156732940449
gradient_descent,42,28,0.39468388323941583,0.3036713971108295
gradient_descent,42,29,0.26190152137768313,0.3034996216581219
gradient_descent,42,30,0.38555579397558193,0.30323667961787754
gradient_descent,42,31,0.3622086403050347,0.3030627821279632
gradient_descent,42,32,0.4049672803385125,0.3028245855390048
gradient_descent,42,33,0.4132329682719138,0.30258525888027965
gradient_descent,42,34,0.44614558499074175,0.3023098339222439
gradient_descent,42,35,0.2614808186998864,0.3021448356313912
gradient_descent,42,36,0.3301643883032208,0.30193904002796695
gradient_descent,42,37,0.2807177677153496,0.30181794868115785
gradient_descent,42,38,0.3763601861239023,0.3015544271934911
gradient_descent,42,39,0.3423870204358205,0.3013854689664723
gradient_descent,42,40,0.2986505606924482,0.30120677787953837
gradient_descent,42,41,0.3115006952960171,0.30104958435760154
gradient_descent,42,42,0.27555206172461755,0.30089265200937837
gradient_descent,42,43,0.3300984494333112,0.3006923974499148
gradient_descent,42,44,0.2976805149806497,0.30053812877181874
gradient_descent,42,45,0.274400738406527,0.3003572571529511
gradient_descent,42,46,0.3066748635649459,0.30014996798897314
gradient_descent,42,47,0.33221407278506176,0.29993803406302755
gradient_descent,42,48,0.33984380290632976,0.29974153816527804
gradient_descent,42,49,0.44545675502558635,0.29943776066862077
gradient_descent,42,50,0.34860056594323297,0.2992260928981872
gradient_descent,42,51,0.43562988532550967,0.29896399420714453
gradient_descent,42,52,0.3603494554329454,0.2987391980746971
gradient_descent,42,53,0.31462266807409184,0.2985597274067151
gradient_descent,42,54,0.31742212483284793,0.29839453630122137
gradient_descent,42,55,0.35480102341874176,0.2981941338455836
gradient_descent,42,56,0.31962354813524513,0.29799293516603736
gradient_descent,42,57,0.30489095016347967,0.2978199948340804
gradient_descent,42,58,0.3792465539035407,0.29756191740943383
gradient_descent,42,59,0.3394905068590106,0.29738492891970625
gradient_descent,42,60,0.4129569177997157,0.2971440272313739
gradient_descent,42,61,0.3820641873106808,0.29697107144866175
gradient_descent,42,62,0.49665267153827924,0.29661737300629193
gradient_descent,42,63,0.2744564884965176,0.29640323636107996
gradient_descent,42,64,0.32439873651425044,0.2962059576580673
gradient_descent,42,65,0.3116336313284358,0.2960178515757859
gradient_descent,42,66,0.2928788594741667,0.29587844787474094
gradient_descent,42,67,0.30496149655890814,0.29571805793875794
gradient_descent,42,68,0.3757160836163129,0.2954304820782443
gradient_descent,42,69,0.3553248161329744,0.29516876094549743
gradient_descent,42,70,0.43493120248210765,0.29487993852750083
gradient_descent,42,71,0.319199091764824,0.29469049917945483
gradient_descent,42,72,0.21492770593551763,0.29458497120466093
gradient_descent,42,73,0.2314450147289894,0.2944336531118994
gradient_descent,42,74,0.3035288655216723,0.2942698481379602
gradient_descent,42,75,0.259363772948525,0.29414213762447183
gradient_descent,42,76,0.26938295682268265,0.29398814937672396
gradient_descent,42,77,0.36600993015337835,0.2938350066691605
gradient_descent,42,78,0.37448180892975413,0.2936344578662542
gradient_descent,42,79,0.38628067978097025,0.29343676288364945
gradient_descent,42,80,0.257731322577719,0.2932688550498215
gradient_descent,42,81,0.3400767394932691,0.29306148052036374
gradient_descent,42,82,0.34907635515055846,0.2928116303396321
gradient_descent,42,83,0.35538547717166746,0.292565629039914
gradient_descent,42,84,0.2747794271413263,0.2924105439269688
gradient_descent,42,85,0.2941246792841822,0.29220954644698915
gradient_descent,42,86,0.28364040432311177,0.2920284781350168
gradient_descent,42,87,0.38693555369843413,0.2917971110336691
gradient_descent,42,88,0.328861801082723,0.29156693524444055
gradient_descent,42,89,0.3658817577958038,0.29139027557931035
gradient_descent,42,90,0.34905667480082575,0.2911798203844963
gradient_descent,42,91,0.4145795492348041,0.290943951967193
gradient_descent,42,92,0.28082977878314724,0.29070694044301765
gradient_descent,42,93,0.35950051046233555,0.29049027100294805
gradient_descent,42,94,0.28682623715803607,0.2903324604833373
gradient_descent,42,95,0.3404738978439902,0.29013531646921353
gradient_descent,42,96,0.23723282426492476,0.2899792109108406
gradient_descent,42,97,0.30482981431748246,0.2897815097152054
gradient_descent,42,98,0.34174606152871984,0.2895544774016208
gradient_descent,42,99,0.25115689279285613,0.2894094783832598
gradient_descent,42,100,0.36107309070677507,0.28920053291856823
gradient_descent,42,101,0.27419376172031074,0.2889897157495417
gradient_descent,42,102,0.29087932846355324,0.2888357301319826
gradient_descent,42,103,0.3007673820754343,0.28865522109174235
gradient_descent,42,104,0.2998838496746613,0.2885100462801982
gradient_descent,42,105,0.3346441300969554,0.2883431537240479
gradient_descent,42,106,0.3568475563403454,0.28811261165568997
gradient_descent,42,107,0.3457121981799921,0.28787506072164604
gradient_descent,42,108,0.33873659799431166,0.2876870570397095
gradient_descent,42,109,0.315663434499022,0.2875040444659138
gradient_descent,42,110,0.2500103310671212,0.2873463501686758
gradient_descent,42,111,0.3181157160118939,0.28717959957175176
gradient_descent,42,112,0.3199447495839145,0.28697054801980093
gradient_descent,42,113,0.30562015234185913,0.2867453647222951
gradient_descent,42,114,0.3688390102191539,0.28657392162443013
gradient_descent,42,115,0.3279391913162727,0.28646146360675107
gradient_descent,42,116,0.31956737326668994,0.28634126866578835
gradient_descent,42,117,0.31556399968856447,0.2861275339865059
gradient_descent,42,118,0.27780271075685015,0.28597165565629135
gradient_descent,42,119,0.3245104640410517,0.2857970676903535
gradient_descent,42,120,0.2920005516617876,0.28561876653051593
gradient_descent,42,121,0.41916905611877836,0.2853932055326297
gradient_descent,42,122,0.28542817232868434,0.2852484214706593
gradient_descent,42,123,0.23431267982812287,0.2851086502704231
gradient_descent,42,124,0.2280106603411757,0.2849833035159517
gradient_descent,42,125,0.2911865325398134,0.28484214879076014
gradient_descent,42,126,0.2835157466882298,0.28469025297886696
gradient_descent,42,127,0.2880864092116404,0.28452324405945795
gradient_descent,42,128,0.31440965877114474,0.28428430719913583
gradient_descent,42,129,0.318841180821428,0.2840999856456265
gradient_descent,42,130,0.321861696189064,0.28393446184268484
gradient_descent,42,131,0.3872501334378771,0.28370137510288224
gradient_descent,42,132,0.25649085080202766,0.2835647649764134
gradient_descent,42,133,0.24369032954928008,0.2834375683048148
gradient_descent,42,134,0.2958971423818758,0.28327856310342
gradient_descent,42,135,0.28046474084040124,0.2831237801707011
gradient_descent,42,136,0.3060460890838546,0.2829152236087434
gradient_descent,42,137,0.3299553240529589,0.2827610172999632
gradient_descent,42,138,0.24337501144141122,0.2826341468027949
gradient_descent,42,139,0.34443014078619383,0.28247993196273136
gradient_descent,42,140,0.33837132824242167,0.2822453352023549
gradient_descent,42,141,0.3682716662153912,0.2820362256057916
gradient_descent,42,142,0.308203856775775,0.2818321875017771
gradient_descent,42,143,0.23574115876323992,0.2817203966431589
gradient_descent,42,144,0.3428016908463626,0.281520728891193
gradient_descent,42,145,0.22167633738709608,0.28138768004397274
gradient_descent,42,146,0.37436932821210767,0.2811833358173502
gradient_descent,42,147,0.34954266875794504,0.2809576147210728
gradient_descent,42,148,0.3158094507587699,0.2807773900210526
gradient_descent,42,149,0.23479586028666516,0.2806379626749555
gradient_descent,42,150,0.29913666725637983,0.28052157277422785
gradient_descent,42,151,0.21022825868416484,0.28039238463814037
gradient_descent,42,152,0.23176134554136577,0.2802399366057293
gradient_descent,42,153,0.2504339151098268,0.28011931808608304
gradient_descent,42,154,0.2811005312625031,0.2799417659876107
gradient_descent,42,155,0.3092496679905433,0.27971356668192215
gradient_descent,42,156,0.33452886074037097,0.27946961171836815
gradient_descent,42,157,0.3189947964751124,0.2792934446048463
gradient_descent,42,158,0.31767837507344227,0.27907974002763714
gradient_descent,42,159,0.39732498115992876,0.27881330884487004
gradient_descent,42,160,0.29584375802513174,0.2786048694297435
gradient_descent,42,161,0.3366310721111968,0.2783998653997418
gradient_descent,42,162,0.3110900618425134,0.27822514935740095
gradient_descent,42,163,0.2625241309668699,0.2781044578831903
gradient_descent,42,164,0.30514324801268955,0.27792890770649925
gradient_descent,42,165,0.18813053444619712,0.27781289668914827
gradient_descent,42,166,0.21970560828756502,0.27768708213722243
gradient_descent,42,167,0.27456856561341664,0.2775114942478324
gradient_descent,42,168,0.2582318300101941,0.27734744922516563
gradient_descent,42,169,0.29170056487382884,0.27716534061366255
gradient_descent,42,170,0.26967062832454863,0.27697382882133276
gradient_descent,42,171,0.3151236539255019,0.2767705802329527
gradient_descent,42,172,0.29580901066678117,0.27662386338962314
gradient_descent,42,173,0.27256426240544956,0.2765038991977103
gradient_descent,42,174,0.2766924849937003,0.27632513429457267
gradient_descent,42,175,0.32825337942317806,0.2762086803929997
gradient_descent,42,176,0.3119252890512761,0.2760304526960559
gradient_descent,42,177,0.23205945138457557,0.27588194579185393
gradient_descent,42,178,0.3512680398465395,0.27565953733573856
gradient_descent,42,179,0.2201122411712132,0.27557906188900116
gradient_descent,42,180,0.28866089935736267,0.2754127886436986
gradient_descent,42,181,0.31495441879752406,0.27525744849439354
gradient_descent,42,182,0.18905108380436322,0.2751062889286454
gradient_descent,42,183,0.38491965966642494,0.2748420531293668
gradient_descent,42,184,0.3932579661757324,0.27460999375129497
gradient_descent,42,185,0.22806405412454595,0.27442980562222624
gradient_descent,42,186,0.28280550092422674,0.2742875655240572
gradient_descent,42,187,0.2790169644123749,0.27412979644997504
gradient_descent,42,188,0.31412153719540875,0.27390451375753533
gradient_descent,42,189,0.3195097252700266,0.2737505188167246
gradient_descent,42,190,0.2985700860490663,0.27355187500633693
gradient_descent,42,191,0.36229792004112915,0.27336314303887804
gradient_descent,42,192,0.290829917029651,0.273172455339129
gradient_descent,42,193,0.35375569622707603,0.27293530659729975
gradient_descent,42,194,0.39437296324975535,0.27265337397864425
gradient_descent,42,195,0.362868442317726,0.27245530336326806
gradient_descent,42,196,0.26586822546316713,0.272287396263508
gradient_descent,42,197,0.2750203607778829,0.27208960583884806
gradient_descent,42,198,0.22591990038606766,0.27190206682178847
gradient_descent,42,199,0.27708951242397284,0.27174031007474103
gradient_descent,42,200,0.35611908463994085,0.27153811999029
gradient_descent,42,201,0.25075853784911517,0.2713574967852013
gradient_descent,42,202,0.22566595267232226,0.2712147218802551
gradient_descent,42,203,0.32859590285387424,0.2709449228780878
gradient_descent,42,204,0.3106116155193436,0.27076874870398826
gradient_descent,42,205,0.3364740129347736,0.2705441246130119
gradient_descent,42,206,0.2287552290249874,0.27039724647620483
gradient_descent,42,207,0.24383914319480998,0.2702712728577068
gradient_descent,42,208,0.28893562434924486,0.2700485125622383
gradient_descent,42,209,0.38064171736269237,0.26978565066776644
gradient_descent,42,210,0.27639611031657696,0.26957380620111554
gradient_descent,42,211,0.30354819557393353,0.2694017630519467
gradient_descent,42,212,0.2821538259324443,0.2692514173687615
gradient_descent,42,213,0.22244760327728352,0.2691495473950093
gradient_descent,42,214,0.32030057515850124,0.26896646380772155
gradient_descent,42,215,0.32113872987258185,0.26877417206734505
gradient_descent,42,216,0.3240873794962725,0.26854446347604255
gradient_descent,42,217,0.2403367536378578,0.26845217974880803
gradient_descent,42,218,0.23983447056304646,0.26828561294826314
gradient_descent,42,219,0.2777384164572326,0.26816143148374716
gradient_descent,42,220,0.30772668483616333,0.2679420939803674
gradient_descent,42,221,0.24470085492627197,0.2677693069727969
gradient_descent,42,222,0.3272807069242883,0.2675766493033308
gradient_descent,42,223,0.31446933537861466,0.26737349570847896
gradient_descent,42,224,0.33166739147764696,0.267147481958806
gradient_descent,42,225,0.27525135907847986,0.2669847074917487
gradient_descent,42,226,0.3299815649921354,0.2667855025787894
gradient_descent,42,227,0.27701276277543585,0.2666028226629794
gradient_descent,42,228,0.3563271070716802,0.26630754946858953
gradient_descent,42,229,0.2588219717190058,0.2661045423267974
gradient_descent,42,230,0.32053360435365863,0.265889782066958
gradient_descent,42,231,0.3025805011809057,0.265667595941118
gradient_descent,42,232,0.25716779185900657,0.26551154685684614
gradient_descent,42,233,0.2817139576368942,0.2653640601307056
gradient_descent,42,234,0.32167136389278583,0.2651486386598686
gradient_descent,42,235,0.18857631243771472,0.26507266896205894
gradient_descent,42,236,0.26266992863150174,0.2649480071272065
gradient_descent,42,237,0.2631277418397643,0.2648016096929136
gradient_descent,42,238,0.21810313497183065,0.26464322924486083
gradient_descent,42,239,0.32120998549063684,0.26439453868482676
gradient_descent,42,240,0.21915345655465338,0.2642466765611856
gradient_descent,42,241,0.29282257187447164,0.2640479907892554
gradient_descent,42,242,0.2293278368966967,0.26390627918216275
gradient_descent,42,243,0.24867088742734267,0.2637584980321363
gradient_descent,42,244,0.2653340778175293,0.263577446849083
gradient_descent,42,245,0.1934769084528284,0.26344809765375954
gradient_descent,42,246,0.2702518956217055,0.2632680349308533
gradient_descent,42,247,0.30141982642291515,0.26302739753976423
gradient_descent,42,248,0.27794783988438176,0.262844868724791
gradient_descent,42,249,0.25083087370508184,0.26265373642303685
gradient_descent,42,250,0.27765633900964115,0.2624891491451874
gradient_descent,42,251,0.27735068805720686,0.2623129052223846
gradient_descent,42,252,0.26841236096179744,0.2621192893853397
gradient_descent,42,253,0.28241295411758727,0.2619458061949864
gradient_descent,42,254,0.28373111760675396,0.2617122188478354
gradient_descent,42,255,0.24374155093666075,0.2615663173796553
gradient_descent,42,256,0.2469271870499482,0.26141018988060594
gradient_descent,42,257,0.3440704190539662,0.2611891535588169
gradient_descent,42,258,0.3321942386931209,0.26097079669331813
gradient_descent,42,259,0.22459779459704876,0.2608309083412809
gradient_descent,42,260,0.27935302062539513,0.2606428736705583
gradient_descent,42,261,0.29441824813111084,0.2604379499580997
gradient_descent,42,262,0.25287630871001987,0.26028727875136654
gradient_descent,42,263,0.26052665809654096,0.26007977835016616
gradient_descent,42,264,0.2640331561037047,0.2599052399838945
gradient_descent,42,265,0.2899322417438629,0.25969262147077266
gradient_descent,42,266,0.331058645536209,0.25946267033656595
gradient_descent,42,267,0.320569018796375,0.25920821370048164
gradient_descent,42,268,0.35614165907709616,0.25894639796295055
gradient_descent,42,269,0.29822407445822763,0.2587286936856898
gradient_descent,42,270,0.18646724929522668,0.258599198074804
gradient_descent,42,271,0.3077986284394872,0.25834119555268437
gradient_descent,42,272,0.2392118679532145,0.2581650788480348
gradient_descent,42,273,0.27657065151574534,0.2579705386699313
gradient_descent,42,274,0.3044936005843597,0.25777107798207805
gradient_descent,42,275,0.22946922784167664,0.2575723044598321
gradient_descent,42,276,0.30346340696527324,0.25742515688565654
gradient_descent,42,277,0.2503708794312217,0.25722714100898275
gradient_descent,42,278,0.3628597870196725,0.2570131210341681
gradient_descent,42,279,0.2369649329521111,0.256843922964857
gradient_descent,42,280,0.25765226319308987,0.25663391082817466
gradient_descent,42,281,0.25298277150772575,0.25644239928185203
gradient_descent,42,282,0.21215858204586435,0.2562843617816184
gradient_descent,42,283,0.22348389841200558,0.2561194726935369
gradient_descent,42,284,0.2486608371810764,0.25594511311817136
gradient_descent,42,285,0.22270975350733707,0.2557891797167395
gradient_descent,42,286,0.28590654347633687,0.2555515556496904
gradient_descent,42,287,0.2841298756866042,0.25529913562782525
gradient_descent,42,288,0.31568069741579524,0.2550621201251924
gradient_descent,42,289,0.24053628449423764,0.2548759176553289
gradient_descent,42,290,0.21019451250371635,0.25469105484948457
gradient_descent,42,291,0.32626963179957813,0.2544367693340147
gradient_descent,42,292,0.2894913049167723,0.254238291401702
gradient_descent,42,293,0.2153952379212295,0.2540474952681866
gradient_descent,42,294,0.30059963900852393,0.2538042672674114
gradient_descent,42,295,0.23389278769151778,0.25364493409428546
gradient_descent,42,296,0.26927307207324414,0.2534430313773625
gradient_descent,42,297,0.26988703911779877,0.2532582697641147
gradient_descent,42,298,0.21305803695190118,0.2531403466437367
gradient_descent,42,299,0.2162324339555714,0.2530311678822254
gradient_descent,42,300,0.29567302693725067,0.25281484585032793
gradient_descent,43,1,0.848385938525344,0.5902286663824404
gradient_descent,43,2,0.6264460851196336,0.5897026483122956
gradient_descent,43,3,0.6386091454066591,0.5891075745076296
gradient_descent,43,4,0.6014402570441222,0.5884646490768201
gradient_descent,43,5,0.7102799204003583,0.5877871347482047
gradient_descent,43,6,0.7758100440674583,0.5870580916168188
gradient_descent,43,7,0.917148873978889,0.5862318832159549
gradient_descent,43,8,0.5442373592985119,0.5858074544179731
gradient_descent,43,9,0.7374299865868773,0.5851403880305932
gradient_descent,43,10,0.7693097792844771,0.5844591736950357
gradient_descent,43,11,0.7828489534405597,0.5837944231529911
gradient_descent,43,12,0.8064513933765425,0.5830310706932189
gradient_descent,43,13,0.8138301318767072,0.5823833888543775
gradient_descent,43,14,0.6005030077743898,0.5818037986222341
gradient_descent,43,15,0.8069448293769459,0.5810407846153544
gradient_descent,43,16,0.7451622039289055,0.5803263371044781
gradient_descent,43,17,0.9421067014519885,0.5794602810553965
gradient_descent,43,18,0.6087728480464185,0.5788446914921397
gradient_descent,43,19,0.7266974475055323,0.5782355020123414
gradient_descent,43,20,0.9856402945094985,0.5774079156900507
gradient_descent,43,21,0.8694505626310427,0.5766195071426116
gradient_descent,43,22,0.5798644851532355,0.5760977511415667
gradient_descent,43,23,0.8363607193570399,0.5753232896440225
gradient_descent,43,24,0.5702432968956546,0.5748406253405035
gradient_descent,43,25,0.6595620013433255,0.5742861056502011
gradient_descent,43,26,0.8561698290350139,0.5734521900739994
gradient_descent,43,27,0.6929073109824744,0.5727619814331513
gradient_descent,43,28,0.6847119651218789,0.5721939859792581
gradient_descent,43,29,0.7932410826439689,0.5713796343472666
gradient_descent,43,30,0.7807476693752293,0.5707476795257764
gradient_descent,43,31,1.0268618696372125,0.5697816184870378
gradient_descent,43,32,0.7460072498076025,0.5691365183787149
gradient_descent,43,33,0.6776652205574966,0.5685901964457565
gradient_descent,43,34,0.6826479811592789,0.5679916739377341
gradient_descent,43,35,0.6515094762761442,0.5674580962678907
gradient_descent,43,36,0.8995043105988102,0.566752969880188
gradient_descent,43,37,0.8112027744441899,0.566084210006328
gradient_descent,43,38,0.6256806629359863,0.5655271241020939
gradient_descent,43,39,0.5115447482496998,0.5650876510847661
gradient_descent,43,40,0.633858565838223,0.5644894714208709
gradient_descent,43,41,0.8042443427820827,0.5637652036723202
gradient_descent,43,42,0.6568288268596244,0.5632413913110984
gradient_descent,43,43,0.7695431085396505,0.5626552960290735
gradient_descent,43,44,0.5753254757808024,0.5621336364219844
gradient_descent,43,45,0.7834663783624581,0.5614985076175635
gradient_descent,43,46,0.7040233484705911,0.5608533113354608
gradient_descent,43,47,0.5616190178500453,0.5603516630340423
gradient_descent,43,48,0.8314858581250013,0.5596299930408573
gradient_descent,43,49,0.556964558036101,0.5591295749270295
gradient_descent,43,50,0.5245577285514214,0.5586693396796661
gradient_descent,43,51,0.4042807957615838,0.5584075917223824
gradient_descent,43,52,0.8307645291542542,0.5577304885744936
gradient_descent,43,53,0.757052056492368,0.5570553323426736
gradient_descent,43,54,0.5115291119616421,0.5566494061152485
gradient_descent,43,55,0.8353155819407132,0.5559301429560211
gradient_descent,43,56,0.621687120687745,0.5553253098921794
gradient_descent,43,57,0.6773190213103106,0.5547731760960254
gradient_descent,43,58,0.6152189233990208,0.554332696720025
gradient_descent,43,59,0.8756895965107925,0.5535754978585268
gradient_descent,43,60,0.8631399350425035,0.5528734038869255
gradient_descent,43,61,0.8746179457702357,0.552111136785346
gradient_descent,43,62,0.7772242933935074,0.5514684231112212
gradient_descent,43,63,0.7162486703315024,0.5507897589687701
gradient_descent,43,64,0.546158173985932,0.5503564138920441
gradient_descent,43,65,0.7004896989037669,0.5496357166352815
gradient_descent,43,66,0.5206156107468248,0.5492343888045523
gradient_descent,43,67,0.7250794070666107,0.5486592713619612
gradient_descent,43,68,0.7592908147462167,0.5481022165375715
gradient_descent,43,69,0.6679060141732512,0.5476058212165926
gradient_descent,43,70,0.7093414220709338,0.5469756791147916
gradient_descent,43,71,0.8609213325461659,0.5462039402995759
gradient_descent,43,72,0.6498337166033046,0.5456150589603519
gradient_descent,43,73,0.7141350865890267,0.5449402021487684
gradient_descent,43,74,0.7614070941794849,0.5442860671928728
gradient_descent,43,75,0.6255735847377173,0.5437245665111077
gradient_descent,43,76,0.6540167093697465,0.5431790285402267
gradient_descent,43,77,0.6792310099023289,0.5426147183334077
gradient_descent,43,78,0.6069051865598689,0.54206051587908
gradient_descent,43,79,0.6663531004966965,0.5414913334192135
gradient_descent,43,80,0.5300779642507168,0.5410254126721229
gradient_descent,43,81,0.5302606714033804,0.540578439278893
gradient_descent,43,82,0.4103605002581413,0.5402365286413963
gradient_descent,43,83,0.737658461476103,0.5395769821156536
gradient_descent,43,84,0.6768328809666257,0.5389549858410873
gradient_descent,43,85,0.6842057011098713,0.538342306886451
gradient_descent,43,86,0.8201749400376827,0.5375056140876749
gradient_descent,43,87,0.6999639722596398,0.5368281413107063
gradient_descent,43,88,0.7223162227885013,0.5361952189657734
gradient_descent,43,89,0.691519960620991,0.5355867888578542
gradient_descent,43,90,0.5768810000200534,0.5350957003777209
gradient_descent,43,91,0.6407212635839044,0.5346431155591992
gradient_descent,43,92,0.5087431615462712,0.5342881221591774
gradient_descent,43,93,0.5693623884276005,0.5338126009783081
gradient_descent,43,94,0.7179730960548577,0.5332093967302348
gradient_descent,43,95,0.7752427213363784,0.532441583365478
gradient_descent,43,96,0.5295015937815309,0.5319827686097294
gradient_descent,43,97,0.6610503239977639,0.5314302464783993
gradient_descent,43,98,0.7154505625798182,0.5307978886184371
gradient_descent,43,99,0.5390570151150698,0.5303805832501254
gradient_descent,43,100,0.7108179103098551,0.529764458737929
gradient_descent,43,101,0.5963759568821378,0.5292530362870771
gradient_descent,43,102,0.6942640282655763,0.5285800922016022
gradient_descent,43,103,0.5576083844609371,0.5279886324640078
gradient_descent,43,104,0.6800913991258712,0.5274637802981554
gradient_descent,43,105,0.551463119862402,0.5270020235604791
gradient_descent,43,106,0.5829794914930537,0.5265226785896013
gradient_descent,43,107,0.5485861081560496,0.5260253783063251
gradient_descent,43,108,0.7320794788635421,0.5254249795238823
gradient_descent,43,109,0.5686603568648707,0.5248846591585973
gradient_descent,43,110,0.44531346722400184,0.5245250060987485
gradient_descent,43,111,0.7987570189078874,0.5237599104396884
gradient_descent,43,112,0.6121436512494387,0.5231709223901799
gradient_descent,43,113,0.5579237926962903,0.5227516335952934
gradient_descent,43,114,0.5596493683483601,0.522180358396019
gradient_descent,43,115,0.4847734560850776,0.5218042998197209
gradient_descent,43,116,0.759364699881915,0.5210829025462471
gradient_descent,43,117,0.531034461912213,0.5205559427851034
gradient_descent,43,118,0.6153811507693513,0.5200431853018807
gradient_descent,43,119,0.8768325047376633,0.5192653223823388
gradient_descent,43,120,0.6822052870719361,0.5185586044091616
gradient_descent,43,121,0.4933055801802275,0.5180923427499372
gradient_descent,43,122,0.6692807452310676,0.5175055254131185
gradient_descent,43,123,0.5672532654970235,0.5170488017043254
gradient_descent,43,124,0.7315332754121386,0.516437965918292
gradient_descent,43,125,0.5500590367840517,0.5159525783522615
gradient_descent,43,126,0.560602249431626,0.5155675320207713
gradient_descent,43,127,0.5668920022833898,0.5149490731732564
gradient_descent,43,128,0.6282688575082697,0.5143522047753105
gradient_descent,43,129,0.6243711923265909,0.5137470954343162
gradient_descent,43,130,0.5064395885897928,0.5132733438876065
gradient_descent,43,131,0.5361550620243927,0.5127564886107877
gradient_descent,43,132,0.6512654786020131,0.5121685782293857
gradient_descent,43,133,0.6468869041855037,0.511549890322319
gradient_descent,43,134,0.5663604379166938,0.5109690733717369
gradient_descent,43,135,0.612478868571662,0.5103426156087152
gradient_descent,43,136,0.7162877922504987,0.5096549620019021
gradient_descent,43,137,0.6085492201958574,0.5091237972937309
gradient_descent,43,138,0.6746372546391053,0.5084017928645806
gradient_descent,43,139,0.5849912229697443,0.5078018629270619
gradient_descent,43,140,0.5185391629669163,0.5072333295930583
gradient_descent,43,141,0.5519448284040979,0.5066436459612963
gradient_descent,43,142,0.6277502761694521,0.5059789007328735
gradient_descent,43,143,0.6313940163609557,0.505442768947881
gradient_descent,43,144,0.6116601314967617,0.504838370958927
gradient_descent,43,145,0.5136478343021003,0.5043826024155332
gradient_descent,43,146,0.6132867850931438,0.5037841153846596
gradient_descent,43,147,0.5451348377743587,0.503281053275769
gradient_descent,43,148,0.7436851385071699,0.5024005088721818
gradient_descent,43,149,0.4839397748700325,0.5018874974982896
gradient_descent,43,150,0.709729767410433,0.501106182144731
gradient_descent,43,151,0.5776060306783883,0.5005746003190352
gradient_descent,43,152,0.5768473396178886,0.5000455466685324
gradient_descent,43,153,0.5865204508962174,0.49941831130943876
gradient_descent,43,154,0.43894952665828857,0.4989165307908183
gradient_descent,43,155,0.6562893158373335,0.4982275873626313
gradient_descent,43,156,0.45958604557185445,0.4976878977101274
gradient_descent,43,157,0.5030134511542655,0.49712267609557925
gradient_descent,43,158,0.48163582013885564,0.4965711940058854
gradient_descent,43,159,0.6050294922238072,0.4960115186625545
gradient_descent,43,160,0.8497917828921188,0.4951125826065764
gradient_descent,43,161,0.43334185491927524,0.4947288953989637
gradient_descent,43,162,0.5488205876045966,0.49418881923312996
gradient_descent,43,163,0.6126549524377021,0.4935511399794333
gradient_descent,43,164,0.5794875064755993,0.49293589951664946
gradient_descent,43,165,0.6602418787476133,0.492198999311115
gradient_descent,43,166,0.49345840951584025,0.49165393084227005
gradient_descent,43,167,0.6031232677820628,0.4909945800154728
gradient_descent,43,168,0.6841449847380681,0.49027573072200936
gradient_descent,43,169,0.4817292470691009,0.4897794583736315
gradient_descent,43,170,0.5547339867661059,0.4892166073912339
gradient_descent,43,171,0.7635520597732499,0.4883621472894572
gradient_descent,43,172,0.47201046356093,0.4877930403101224
gradient_descent,43,173,0.6316427937983646,0.4871026063582954
gradient_descent,43,174,0.5897748844397817,0.486489683040247
gradient_descent,43,175,0.5800443554189456,0.48586226776387803
gradient_descent,43,176,0.5447740425671131,0.4853303008620419
gradient_descent,43,177,0.5989801617448879,0.4847734548896768
gradient_descent,43,178,0.5007232369420191,0.48423262355423535
gradient_descent,43,179,0.566313566727671,0.4834510079564465
gradient_descent,43,180,0.49701907871851675,0.4829102518147261
gradient_descent,43,181,0.5571646286165722,0.48231103092353195
gradient_descent,43,182,0.6001188786077347,0.4816504782337195
gradient_descent,43,183,0.48638718078097787,0.48109230449276
gradient_descent,43,184,0.5823286103576117,0.48041563089403205
gradient_descent,43,185,0.48017456144622794,0.479863790900615
gradient_descent,43,186,0.35128370919523483,0.47947053230413084
gradient_descent,43,187,0.7112092774637442,0.4785829016613509
gradient_descent,43,188,0.7892058424036923,0.47765039839884177
gradient_descent,43,189,0.4330348205609218,0.4771840799958152
gradient_descent,43,190,0.5671098163549464,0.47642572853396914
gradient_descent,43,191,0.680285327669726,0.47561426761773895
gradient_descent,43,192,0.5199381161489987,0.47503513322257285
gradient_descent,43,193,0.5597884175121635,0.4744007119220615
gradient_descent,43,194,0.6112035103673954,0.473685903930098
gradient_descent,43,195,0.46137424836572744,0.4731287461935324
gradient_descent,43,196,0.492720798502032,0.4725494098336763
gradient_descent,43,197,0.46269752714101764,0.4719568378314891
gradient_descent,43,198,0.44803416455908207,0.4714358696995499
gradient_descent,43,199,0.5059537365128698,0.4708002357230334
gradient_descent,43,200,0.4199121759728357,0.47027496678359876
gradient_descent,43,201,0.5276173909630091,0.46968863010348505
gradient_descent,43,202,0.5097540643806346,0.4690658873201043
gradient_descent,43,203,0.4297097704039491,0.46861063646657525
gradient_descent,43,204,0.5316769750257355,0.4679779076846626
gradient_descent,43,205,0.49304576757316376,0.46749202624333996
gradient_descent,43,206,0.4157716181032268,0.46705012514196936
gradient_descent,43,207,0.5831984485908746,0.4663028642322546
gradient_descent,43,208,0.4405684547126064,0.46579757398921434
gradient_descent,43,209,0.532914706576539,0.4652811921372877
gradient_descent,43,210,0.48277015469370066,0.46475172784380797
gradient_descent,43,211,0.4410449674984094,0.4642749550578257
gradient_descent,43,212,0.6326545795320757,0.46338373094615637
gradient_descent,43,213,0.7417327586566745,0.4624017152452774
gradient_descent,43,214,0.5304649773007359,0.4617330158727839
gradient_descent,43,215,0.587980223994205,0.46097215447481255
gradient_descent,43,216,0.6334593330487348,0.4601618942524649
gradient_descent,43,217,0.7027798156806755,0.45921273889613723
gradient_descent,43,218,0.7205556457013651,0.45817070678823085
gradient_descent,43,219,0.4933184535769731,0.45752270437350134
gradient_descent,43,220,0.48659497765767434,0.45684678271315055
gradient_descent,43,221,0.3807323683902353,0.4563452147577167
gradient_descent,43,222,0.48328064878336074,0.4556951855411899
gradient_descent,43,223,0.434115874000139,0.4550909800685268
gradient_descent,43,224,0.5685691647948173,0.4543487285715247
gradient_descent,43,225,0.5085352240608882,0.45358150240172285
gradient_descent,43,226,0.590327203237691,0.4528238645715245
gradient_descent,43,227,0.6073487837305724,0.451965388543843
gradient_descent,43,228,0.4386873045265174,0.45136893141671397
gradient_descent,43,229,0.46633988903386697,0.4507985220886621
gradient_descent,43,230,0.43292285980769857,0.45017566308943513
gradient_descent,43,231,0.39784202112593325,0.44966831074852
gradient_descent,43,232,0.4744115307512766,0.44898532044220885
gradient_descent,43,233,0.6259059568233319,0.44795610496375027
gradient_descent,43,234,0.6158573176424431,0.44720801538376714
gradient_descent,43,235,0.4727135029895677,0.44653947572414754
gradient_descent,43,236,0.3971644074945628,0.44590532835096164
gradient_descent,43,237,0.5896429347669647,0.4450486650707601
gradient_descent,43,238,0.4040482905765501,0.4444215160738428
gradient_descent,43,239,0.5439703740879466,0.44363650408623967
gradient_descent,43,240,0.41531522914090335,0.44299070677096586
gradient_descent,43,241,0.40893516593717794,0.44239240232870986
gradient_descent,43,242,0.3080297335348,0.4419355805879241
gradient_descent,43,243,0.37940930893265506,0.4414042067177862
gradient_descent,43,244,0.47610576053647163,0.4408362453571673
gradient_descent,43,245,0.5422555594023994,0.4400288588763699
gradient_descent,43,246,0.49494639797420625,0.43937834243309803
gradient_descent,43,247,0.4078088367932101,0.43877218224973136
gradient_descent,43,248,0.6540511628889751,0.4376503358064384
gradient_descent,43,249,0.4042755856408279,0.43708540619383246
gradient_descent,43,250,0.4819715025809275,0.4362874812105132
gradient_descent,43,251,0.5739173078515257,0.43534493493862814
gradient_descent,43,252,0.5617009921193212,0.4344729872018199
gradient_descent,43,253,0.38398758879307104,0.4339678850548943
gradient_descent,43,254,0.6564245981489722,0.43292439241991004
gradient_descent,43,255,0.6476566242156464,0.4318531148220225
gradient_descent,43,256,0.47924559406012396,0.4310974256345777
gradient_descent,43,257,0.46998232500907977,0.4303330469825154
gradient_descent,43,258,0.5143159994307076,0.42953238587156267
gradient_descent,43,259,0.39709333856238144,0.4289282837371044
gradient_descent,43,260,0.3967285030043749,0.4283399208622117
gradient_descent,43,261,0.5661375094666277,0.4273528460086475
gradient_descent,43,262,0.4700101633208855,0.4265563448343794
gradient_descent,43,263,0.3479825798460765,0.42601975334538317
gradient_descent,43,264,0.4425542519956432,0.42538443925751723
gradient_descent,43,265,0.4161786535906298,0.42467927508011183
gradient_descent,43,266,0.45706350321822165,0.4240417933938618
gradient_descent,43,267,0.5114998997201421,0.42318419252453837
gradient_descent,43,268,0.5267467032523641,0.4222718167743392
gradient_descent,43,269,0.49461036281261983,0.42139672173132314
gradient_descent,43,270,0.5176496743929277,0.42070067686209633
gradient_descent,43,271,0.3188749527826504,0.42016952589738227
gradient_descent,43,272,0.36434495277817625,0.41975865235782456
gradient_descent,43,273,0.43077203541987885,0.4190631793062464
gradient_descent,43,274,0.42857952722770465,0.41840495119871685
gradient_descent,43,275,0.4027752599153088,0.4177828165347338
gradient_descent,43,276,0.291627894686534,0.4173394134471694
gradient_descent,43,277,0.5430933685567194,0.41636610076693725
gradient_descent,43,278,0.4171862145397362,0.4156529791825229
gradient_descent,43,279,0.5776857274705223,0.41465844643986116
gradient_descent,43,280,0.4433562678910533,0.4139167948231492
gradient_descent,43,281,0.35649080930045995,0.4133282752437724
gradient_descent,43,282,0.37094791684647116,0.41270141543083083
gradient_descent,43,283,0.4721330346094926,0.4118873064021853
gradient_descent,43,284,0.46028347130833003,0.4110384442796774
gradient_descent,43,285,0.4468356071167965,0.4101117810816268
gradient_descent,43,286,0.43734795936888304,0.40940635412305804
gradient_descent,43,287,0.5120085495473383,0.4085461013390153
gradient_descent,43,288,0.5125488068477938,0.4075380708301242
gradient_descent,43,289,0.4394529942112607,0.40674736554727076
gradient_descent,43,290,0.5615697166644864,0.4056880067611891
gradient_descent,43,291,0.5263412591285531,0.40469624086903755
gradient_descent,43,292,0.5030775347466765,0.4037895677010862
gradient_descent,43,293,0.4352684169146331,0.40302710651765916
gradient_descent,43,294,0.3797041554797074,0.4024020371029396
gradient_descent,43,295,0.339184947804823,0.4018451062357579
gradient_descent,43,296,0.35563388008762326,0.4010812270146951
gradient_descent,43,297,0.49231225147209867,0.4001860033316424
gradient_descent,43,298,0.27176177200330015,0.39970582592174103
gradient_descent,43,299,0.3219609906945573,0.39915414625704376
gradient_descent,43,300,0.38312936042167645,0.3984405638319007
gradient_descent,44,1,0.38781524181382665,0.4791890274659584
gradient_descent,44,2,0.34905865496350175,0.4788571152164044
gradient_descent,44,3,0.39895710779972193,0.47840338183761144
gradient_descent,44,4,0.4169774920216305,0.4779681740592916
gradient_descent,44,5,0.378850672911841,0.47753897573990794
gradient_descent,44,6,0.5918762808412881,0.4768505753309682
gradient_descent,44,7,0.5877629783008084,0.4761895809655772
gradient_descent,44,8,0.4510549384102031,0.4756579103022459
gradient_descent,44,9,0.5441225186040355,0.47506131352827613
gradient_descent,44,10,0.4419768189694993,0.47455292850551417
gradient_descent,44,11,0.5129127171044023,0.4739460289915408
gradient_descent,44,12,0.5026177720051932,0.47340607681475577
gradient_descent,44,13,0.487081632689595,0.4728433130950715
gradient_descent,44,14,0.42425598297848166,0.4723492639696581
gradient_descent,44,15,0.486062836504623,0.4718091548430355
gradient_descent,44,16,0.5683099505337961,0.4712630892365639
gradient_descent,44,17,0.5326570053856559,0.47061693516946956
gradient_descent,44,18,0.39873902881810386,0.47015598766557865
gradient_descent,44,19,0.3724184061483644,0.469683118849167
gradient_descent,44,20,0.5035640813047588,0.46919998599205137
gradient_descent,44,21,0.4310502440449858,0.4687016199776567
gradient_descent,44,22,0.2994149906902289,0.4683728396648989
gradient_descent,44,23,0.36296216366794054,0.4680773387918252
gradient_descent,44,24,0.5584870019960722,0.4674557636811793
gradient_descent,44,25,0.4531048441420593,0.46698636166575047
gradient_descent,44,26,0.5629849887417662,0.46637125337493734
gradient_descent,44,27,0.5686989308616133,0.4657655863870572
gradient_descent,44,28,0.44555659071074627,0.46521385590679565
gradient_descent,44,29,0.512186133703141,0.46463979848976444
gradient_descent,44,30,0.5788359252155204,0.4640440457593703
gradient_descent,44,31,0.4288816706365114,0.46351946711001907
gradient_descent,44,32,0.5062447611975391,0.46298494027620163
gradient_descent,44,33,0.631909938176727,0.4623140565312772
gradient_descent,44,34,0.4982046119426713,0.461795554065265
gradient_descent,44,35,0.45861945685730715,0.4613054189781261
gradient_descent,44,36,0.48382271957350675,0.4607936107757504
gradient_descent,44,37,0.4577702148387629,0.4602771730826067
gradient_descent,44,38,0.45520139297201995,0.45981979254796707
gradient_descent,44,39,0.46634830893946405,0.459306533686449
gradient_descent,44,40,0.3526607420333433,0.45886265502171125
gradient_descent,44,41,0.45096025024784164,0.45844131978680874
gradient_descent,44,42,0.48372543097045906,0.45792346408504564
gradient_descent,44,43,0.32222112140126213,0.45756384561543134
gradient_descent,44,44,0.5074236325928664,0.45698902640704475
gradient_descent,44,45,0.5216209601399546,0.4563673513085235
gradient_descent,44,46,0.44098501086973946,0.45591247865869433
gradient_descent,44,47,0.6011723531990585,0.4553550678527622
gradient_descent,44,48,0.4840824158559029,0.4548739912018534
gradient_descent,44,49,0.49595682934527774,0.45433396326598974
gradient_descent,44,50,0.5140320454867656,0.45372064363888753
gradient_descent,44,51,0.48936333547294747,0.45314038265760187
gradient_descent,44,52,0.5254644056107993,0.45253748755292006
gradient_descent,44,53,0.4856613136334072,0.4519877235135877
gradient_descent,44,54,0.6001162051579004,0.45131328882085725
gradient_descent,44,55,0.3779244103854297,0.45084606080896833
gradient_descent,44,56,0.43851931896726737,0.45029649326565185
gradient_descent,44,57,0.539959407869655,0.4496485360622129
gradient_descent,44,58,0.4827800256093576,0.44910605818877297
gradient_descent,44,59,0.45639492066473625,0.44862162262715016
gradient_descent,44,60,0.5436762582011399,0.4480938818959136
gradient_descent,44,61,0.4812065425433261,0.44749767561868053
gradient_descent,44,62,0.46038161341779693,0.4470015783435356
gradient_descent,44,63,0.4742542881783658,0.44646213827158904
gradient_descent,44,64,0.6491810582531047,0.445759493681261
gradient_descent,44,65,0.5025921265446185,0.4452480402023032
gradient_descent,44,66,0.5132713830835879,0.4445957532949823
gradient_descent,44,67,0.370660296049384,0.44419212942689623
gradient_descent,44,68,0.5167052219398451,0.4435858780944366
gradient_descent,44,69,0.3116881671812994,0.4432466112102207
gradient_descent,44,70,0.39882366368465866,0.44281711105738636
gradient_descent,44,71,0.38198448993993966,0.44236999291574847
gradient_descent,44,72,0.5729039764131258,0.4417206999224677
gradient_descent,44,73,0.3400784138457774,0.44137220290566304
gradient_descent,44,74,0.5192364786675356,0.44071712238809674
gradient_descent,44,75,0.5178034687914701,0.4401177892705434
gradient_descent,44,76,0.4394124744444378,0.43961135709291776
gradient_descent,44,77,0.5095987381263455,0.43905113835001125
gradient_descent,44,78,0.36763256040528314,0.4386513363324202
gradient_descent,44,79,0.38593954656327967,0.4381755508129419
gradient_descent,44,80,0.39578072582562784,0.4376748230441226
gradient_descent,44,81,0.5334733122633706,0.43714431893346706
gradient_descent,44,82,0.39780524419967467,0.4366952753358969
gradient_descent,44,83,0.41300219692606477,0.43618933795306747
gradient_descent,44,84,0.5011150716673798,0.43565015135528484
gradient_descent,44,85,0.496044677685231,0.43508175553484807
gradient_descent,44,86,0.4742307591589356,0.4344770127689983
gradient_descent,44,87,0.42009258949500516,0.4339726712508391
gradient_descent,44,88,0.41017637853694305,0.4335380643446394
gradient_descent,44,89,0.37016791795140547,0.4330202858073398
gradient_descent,44,90,0.5533288661666067,0.4324066429837788
gradient_descent,44,91,0.3855742526691365,0.4319497262543263
gradient_descent,44,92,0.4629420103575702,0.4314361393947181
gradient_descent,44,93,0.4668131551178094,0.4308553754799025
gradient_descent,44,94,0.4029847050998074,0.4303623639211131
gradient_descent,44,95,0.5172990105115438,0.4298515623913353
gradient_descent,44,96,0.4716139900022914,0.42930210283811493
gradient_descent,44,97,0.3675368685087679,0.42878949585681947
gradient_descent,44,98,0.41143005168709446,0.4283220863016911
gradient_descent,44,99,0.4288267172343787,0.4277952266837367
gradient_descent,44,100,0.4456897975395555,0.427294337471154
gradient_descent,44,101,0.5556394074580133,0.4266369700842789
gradient_descent,44,102,0.5614546964230029,0.4260005924924842
gradient_descent,44,103,0.48010641678862287,0.42544574570624955
gradient_descent,44,104,0.41038744728410675,0.4249626276252611
gradient_descent,44,105,0.32321166844894794,0.4245571913365521
gradient_descent,44,106,0.4193014349272049,0.4240597411194203
gradient_descent,44,107,0.5586670297981783,0.4234107790188467
gradient_descent,44,108,0.30231938392165525,0.42308782151447516
gradient_descent,44,109,0.3580288604655685,0.42265730332997997
gradient_descent,44,110,0.4063669133673662,0.4221479618048013
gradient_descent,44,111,0.3791456558005757,0.42173945503412197
gradient_descent,44,112,0.3683312834227036,0.42127393590448575
gradient_descent,44,113,0.3566828890505579,0.42086942617175127
gradient_descent,44,114,0.47103605361225004,0.4203751898830234
gradient_descent,44,115,0.42909769371174855,0.41989557206414924
gradient_descent,44,116,0.41647989100047583,0.4194363084644607
gradient_descent,44,117,0.3521450232680259,0.4190536933489654
gradient_descent,44,118,0.4068883381982123,0.41865360294585285
gradient_descent,44,119,0.44183246042683516,0.41807970373142134
gradient_descent,44,120,0.42212600371360265,0.4175851695196636
gradient_descent,44,121,0.3953669014226537,0.41710395851278564
gradient_descent,44,122,0.4712232236032474,0.416605509488461
gradient_descent,44,123,0.4060038688366525,0.4161572140538425
gradient_descent,44,124,0.4810751288849465,0.4155661760299995
gradient_descent,44,125,0.5000457639837915,0.414934978883573
gradient_descent,44,126,0.4626569051582368,0.41441582240996194
gradient_descent,44,127,0.3699688170509925,0.4140102253015638
gradient_descent,44,128,0.35671954106213577,0.4135362309323624
gradient_descent,44,129,0.39635061802237315,0.41310153368981994
gradient_descent,44,130,0.39745539159570564,0.41267909389616236
gradient_descent,44,131,0.41094564802904165,0.41219268595916914
gradient_descent,44,132,0.42955466755682603,0.4116936427147491
gradient_descent,44,133,0.3871239873002215,0.41122255350385817
gradient_descent,44,134,0.3583429051984647,0.41081814416284146
gradient_descent,44,135,0.29901027971125427,0.41043466648496923
gradient_descent,44,136,0.47371269059018906,0.40985345561445136
gradient_descent,44,137,0.4570798019654389,0.4092269796911735
gradient_descent,44,138,0.36750238754239706,0.4087793367017303
gradient_descent,44,139,0.3954128490287944,0.4082785210445594
gradient_descent,44,140,0.37603792578796336,0.40786266485829253
gradient_descent,44,141,0.4022951798656381,0.4074259422442119
gradient_descent,44,142,0.3749467204651858,0.40689287934053686
gradient_descent,44,143,0.34268491338789214,0.40643946777234996
gradient_descent,44,144,0.37413207365435186,0.4059788263024157
gradient_descent,44,145,0.37768984634789765,0.4054865015179145
gradient_descent,44,146,0.39677761493893116,0.4049914930239992
gradient_descent,44,147,0.454877850732873,0.40440730243417805
gradient_descent,44,148,0.42421802247247337,0.40386697180947656
gradient_descent,44,149,0.3578692119496307,0.4033570199827695
gradient_descent,44,150,0.3148028637164747,0.4029466452467274
gradient_descent,44,151,0.3339603378664108,0.402485848090383
gradient_descent,44,152,0.3600547735481975,0.402050277559365
gradient_descent,44,153,0.36878527775405057,0.4016302201741146
gradient_descent,44,154,0.47713108448911473,0.40105507799095846
gradient_descent,44,155,0.4441620428784536,0.4005255117257168
gradient_descent,44,156,0.3306313039065389,0.40012387931415105
gradient_descent,44,157,0.36466717163845597,0.3996269108594264
gradient_descent,44,158,0.31521737496169655,0.3992400495107563
gradient_descent,44,159,0.3494170699868505,0.39874670360612413
gradient_descent,44,160,0.4453488590664241,0.3982531584110086
gradient_descent,44,161,0.34792377817621245,0.3977884234421927
gradient_descent,44,162,0.3980380777997896,0.3972534372605464
gradient_descent,44,163,0.43352511110165104,0.39672754803677923
gradient_descent,44,164,0.3794082441621702,0.3962647260525287
gradient_descent,44,165,0.2005617189809349,0.39601210768752304
gradient_descent,44,166,0.4160191034370899,0.3954408094635673
gradient_descent,44,167,0.4047006078946674,0.39497424946692344
gradient_descent,44,168,0.36734360715292597,0.39455514475311804
gradient_descent,44,169,0.29526622351584086,0.3942156037175786
gradient_descent,44,170,0.35439027348182206,0.3936834644744114
gradient_descent,44,171,0.3841908591862224,0.3932932543940329
gradient_descent,44,172,0.3656214432023303,0.3927646811325957
gradient_descent,44,173,0.35716592724611956,0.39233502459328873
gradient_descent,44,174,0.5307859132756245,0.3916414346265991
gradient_descent,44,175,0.37123829565014554,0.3912138831490897
gradient_descent,44,176,0.2984872866437859,0.39084742053189425
gradient_descent,44,177,0.3769845409209064,0.39035066965178833
gradient_descent,44,178,0.33680660662875184,0.38985119229054543
gradient_descent,44,179,0.35424541029328005,0.3893420167584489
gradient_descent,44,180,0.4750160608532372,0.3886641971538176
gradient_descent,44,181,0.27177915156166177,0.3883795256806386
gradient_descent,44,182,0.4373001557608259,0.3878210482537065
gradient_descent,44,183,0.34827573604074746,0.38734874888990395
gradient_descent,44,184,0.4301888802233873,0.386739132740817
gradient_descent,44,185,0.4107862694205129,0.38623239611121424
gradient_descent,44,186,0.5038161406124111,0.3855306238420072
gradient_descent,44,187,0.3868417630933537,0.38504625606104875
gradient_descent,44,188,0.4395004153038435,0.38442293738301614
gradient_descent,44,189,0.3514566772910138,0.38401095052798245
gradient_descent,44,190,0.40566255272741025,0.3834989939123459
gradient_descent,44,191,0.43341408173051116,0.3829158368629226
gradient_descent,44,192,0.3796292922722668,0.3824271386467431
gradient_descent,44,193,0.3233010625905801,0.3818867432292956
gradient_descent,44,194,0.35409024100596814,0.38142495277933164
gradient_descent,44,195,0.4498574282518142,0.3807411494582009
gradient_descent,44,196,0.30182455155450294,0.38035900938107886
gradient_descent,44,197,0.4420636834990522,0.3797525846720739
gradient_descent,44,198,0.3047489187302528,0.37927137719939263
gradient_descent,44,199,0.3430961568410741,0.37875393719887407
gradient_descent,44,200,0.3412394203806518,0.3782657588499152
gradient_descent,44,201,0.37516853278908735,0.37779592953834834
gradient_descent,44,202,0.343929606860617,0.37725641108384117
gradient_descent,44,203,0.3650383371557204,0.37675396884144563
gradient_descent,44,204,0.29249786565375147,0.3763504180549628
gradient_descent,44,205,0.27644449396460535,0.3759405707381068
gradient_descent,44,206,0.3321667951046183,0.3754887522555476
gradient_descent,44,207,0.3402437971378881,0.3749669240114931
gradient_descent,44,208,0.31195581600041333,0.37445131367599604
gradient_descent,44,209,0.28559947436397976,0.3740408922670002
gradient_descent,44,210,0.3290017106627492,0.37352519872271206
gradient_descent,44,211,0.2672384030295828,0.3731090922655562
gradient_descent,44,212,0.2932697959543048,0.3726508199857045
gradient_descent,44,213,0.3299769056487012,0.3721493601777369
gradient_descent,44,214,0.41724791512161696,0.3715603729958382
gradient_descent,44,215,0.41268255257706477,0.37095286339808753
gradient_descent,44,216,0.3766969483882052,0.3703713177013142
gradient_descent,44,217,0.3402305996212033,0.36981285953313936
gradient_descent,44,218,0.3684655036563318,0.36927291660440237
gradient_descent,44,219,0.29772474640493307,0.3688550624121866
gradient_descent,44,220,0.3566725754790603,0.36835743382024894
gradient_descent,44,221,0.2550194862042766,0.3679927464970618
gradient_descent,44,222,0.40774260746256424,0.36738074393594156
gradient_descent,44,223,0.42350156399151606,0.36679507234852965
gradient_descent,44,224,0.37912882883846055,0.36629269127382746
gradient_descent,44,225,0.3522210722689274,0.36572792785162755
gradient_descent,44,226,0.3489421248468602,0.365206981353538
gradient_descent,44,227,0.3335748459293091,0.3646566002524281
gradient_descent,44,228,0.381294591102274,0.36409112167926183
gradient_descent,44,229,0.2854533814968902,0.36356209765706854
gradient_descent,44,230,0.35000103435778773,0.3631115006904398
gradient_descent,44,231,0.3751413864457236,0.3624959338818403
gradient_descent,44,232,0.2834901860852011,0.36204096847640943
gradient_descent,44,233,0.2962705682390757,0.36155751740354664
gradient_descent,44,234,0.2460507134568772,0.3611507999575742
gradient_descent,44,235,0.26549285580422355,0.36070708668628765
gradient_descent,44,236,0.3500851432250512,0.3601914786806355
gradient_descent,44,237,0.44937088303932876,0.3594713247627509
gradient_descent,44,238,0.3207980908851371,0.3589895038987603
gradient_descent,44,239,0.3158631864615445,0.35842664494704857
gradient_descent,44,240,0.3402530627321222,0.3579190888571259
gradient_descent,44,241,0.33579556080144296,0.3573776301876164
gradient_descent,44,242,0.4362106816618168,0.3567259591621238
gradient_descent,44,243,0.3963650351305993,0.3561585045363716
gradient_descent,44,244,0.40023598739387617,0.3555098523121984
gradient_descent,44,245,0.3681121425092394,0.3548992011156824
gradient_descent,44,246,0.3503484321156736,0.3544063941789451
gradient_descent,44,247,0.23057348860417054,0.3540727871682092
gradient_descent,44,248,0.3819972724756462,0.3534487958512847
gradient_descent,44,249,0.2857144819142782,0.35293891036951935
gradient_descent,44,250,0.35528830246410187,0.352348610251115
gradient_descent,44,251,0.3074631062959158,0.35183630588450665
gradient_descent,44,252,0.3079691016873525,0.3512861750999867
gradient_descent,44,253,0.2771955670425732,0.35078030210662514
gradient_descent,44,254,0.32593843311342596,0.3502213677009063
gradient_descent,44,255,0.33569985261676694,0.3496888666430709
gradient_descent,44,256,0.4287841043958125,0.34904565129467907
gradient_descent,44,257,0.4118126962077816,0.3483793249755031
gradient_descent,44,258,0.3029645720750547,0.347900599873902
gradient_descent,44,259,0.2834303036323163,0.3474382700199269
gradient_descent,44,260,0.2784442467696502,0.3469729255606864
gradient_descent,44,261,0.31705560488316176,0.3463982031430959
gradient_descent,44,262,0.29169219323732776,0.34592009237501065
gradient_descent,44,263,0.22064498444209035,0.3455797355869727
gradient_descent,44,264,0.3143584463774262,0.345058517047999
gradient_descent,44,265,0.31782567830284725,0.3445383052545651
gradient_descent,44,266,0.3346524599683157,0.3439429375140414
gradient_descent,44,267,0.3515467865188136,0.343380506759291
gradient_descent,44,268,0.31725114836709034,0.3428531566219529
gradient_descent,44,269,0.31336875654657304,0.3423304726673375
gradient_descent,44,270,0.27253505322999,0.3418685820567205
gradient_descent,44,271,0.30155152431968013,0.3413311992777741
gradient_descent,44,272,0.23991848134244362,0.3409058299460359
gradient_descent,44,273,0.3091925065177028,0.3403248870813188
gradient_descent,44,274,0.27400983832351405,0.33988539622454017
gradient_descent,44,275,0.2460661367485199,0.33940498365790633
gradient_descent,44,276,0.2884103027886319,0.3388945213924235
gradient_descent,44,277,0.2711312842446293,0.338408552242974
gradient_descent,44,278,0.2616214957057985,0.3379502535434451
gradient_descent,44,279,0.29955549302166656,0.3374002178906054
gradient_descent,44,280,0.28139069245039444,0.3369171760197379
gradient_descent,44,281,0.3489409126005402,0.3362963092160304
gradient_descent,44,282,0.3139243642029711,0.3357904784437585
gradient_descent,44,283,0.28704190912391525,0.3352697446818571
gradient_descent,44,284,0.29188209083621414,0.3347629112949574
gradient_descent,44,285,0.3023275429718941,0.33416579110165373
gradient_descent,44,286,0.3115664824437794,0.3335586252669765
gradient_descent,44,287,0.2775194920003586,0.3330450757125174
gradient_descent,44,288,0.3928840779830648,0.33224935943009737
gradient_descent,44,289,0.2636190527094572,0.33176849258359087
gradient_descent,44,290,0.3063946805632322,0.3311735531601473
gradient_descent,44,291,0.29711982303700873,0.33065294106684234
gradient_descent,44,292,0.26632903539211356,0.33010188370079846
gradient_descent,44,293,0.3186592527595291,0.3294137392853987
gradient_descent,44,294,0.2977089904749834,0.3288449491598972
gradient_descent,44,295,0.28528907656678115,0.32829777404690674
gradient_descent,44,296,0.2667565670020523,0.32774352667941753
gradient_descent,44,297,0.24093653825513112,0.3273244752309209
gradient_descent,44,298,0.20931648383182816,0.3269512528490953
gradient_descent,44,299,0.28003610151874025,0.32638077831963713
gradient_descent,44,300,0.26231319286730287,0.32593799149693053
gradient_descent,45,1,0.4505089706551201,0.43442138795479696
gradient_descent,45,2,0.3369179003666146,0.4342064084742642
gradient_descent,45,3,0.36736096245581606,0.4340112718929452
gradient_descent,45,4,0.5586786025075576,0.4337140497148348
gradient_descent,45,5,0.3824705371796584,0.43351005924365293
gradient_descent,45,6,0.5964174368074142,0.43320099059791023
gradient_descent,45,7,0.5836465787572744,0.43291227110926117
gradient_descent,45,8,0.3426815307329437,0.43273628226089056
gradient_descent,45,9,0.4648272487691061,0.4325468662651529
gradient_descent,45,10,0.3697134944726419,0.43235445742170303
gradient_descent,45,11,0.38213685448050977,0.43217424052415593
gradient_descent,45,12,0.7001022869849312,0.4318220350004069
gradient_descent,45,13,0.4197119903055686,0.4315751089986649
gradient_descent,45,14,0.3724942065133202,0.431398563087019
gradient_descent,45,15,0.330508615186865,0.4311917083631578
gradient_descent,45,16,0.33376933250401863,0.4310293147991176
gradient_descent,45,17,0.48443537073638293,0.43076773378392136
gradient_descent,45,18,0.38102953507392356,0.43057224060897703
gradient_descent,45,19,0.42010881094667574,0.43032392159248567
gradient_descent,45,20,0.5383235427825973,0.4300826563335946
gradient_descent,45,21,0.37029081861037894,0.4298856929767431
gradient_descent,45,22,0.303707764876862,0.42972672157678093
gradient_descent,45,23,0.3925366176083493,0.4295580591168767
gradient_descent,45,24,0.4388289227200094,0.429298227725575
gradient_descent,45,25,0.35750603976237605,0.4291145319085408
gradient_descent,45,26,0.5928498506330082,0.4288311609897828
gradient_descent,45,27,0.4041751385641427,0.4286336039848857
gradient_descent,45,28,0.35667208091742914,0.42845437887029564
gradient_descent,45,29,0.6195165429734375,0.4282068078222725
gradient_descent,45,30,0.3982846479860195,0.42799321253048944
gradient_descent,45,31,0.29565667193713285,0.4278364702975284
gradient_descent,45,32,0.37927137850978476,0.42767548571197495
gradient_descent,45,33,0.3575502739206432,0.4274287729308646
gradient_descent,45,34,0.4863664430906924,0.42721528390422686
gradient_descent,45,35,0.4162075835547065,0.42700433675643495
gradient_descent,45,36,0.6759800484087466,0.42668494515332317
gradient_descent,45,37,0.35440834822035383,0.42653962091050207
gradient_descent,45,38,0.526244750131547,0.4262566343838462
gradient_descent,45,39,0.444591453402574,0.4260341488442925
gradient_descent,45,40,0.5716986543961708,0.4256766476438064
gradient_descent,45,41,0.33193739730907473,0.42553592261044365
gradient_descent,45,42,0.6093102081484794,0.4252469889777141
gradient_descent,45,43,0.503782192403671,0.4249683263815582
gradient_descent,45,44,0.390555868029249,0.42477482893301727
gradient_descent,45,45,0.5083486688039711,0.4245109608338062
gradient_descent,45,46,0.4287577307444565,0.4242896160767539
gradient_descent,45,47,0.39534509375092963,0.4240745644914356
gradient_descent,45,48,0.5102877442340851,0.4237988284662727
gradient_descent,45,49,0.5726111620016063,0.4235517570431319
gradient_descent,45,50,0.39538067011388367,0.4233700757262765
gradient_descent,45,51,0.43695898596119964,0.4231346756593045
gradient_descent,45,52,0.4172276342707486,0.4229326194138366
gradient_descent,45,53,0.39993273044321653,0.42269219404898273
gradient_descent,45,54,0.5287880869599481,0.42241695437078725
gradient_descent,45,55,0.4249295853589068,0.42219404149001555
gradient_descent,45,56,0.4763871750029758,0.42194726974765023
gradient_descent,45,57,0.45601083852177837,0.421745934360887
gradient_descent,45,58,0.6424206713275489,0.4214096124390323
gradient_descent,45,59,0.397533064064543,0.42118606948860565
gradient_descent,45,60,0.4156411645536805,0.4209435437485118
gradient_descent,45,61,0.35934837177532286,0.42078640737246725
gradient_descent,45,62,0.3321159946345622,0.4206429327836781
gradient_descent,45,63,0.55454442987044,0.4203961088080948
gradient_descent,45,64,0.4237923113809765,0.4201894021753874
gradient_descent,45,65,0.33851181582075357,0.4200305973362775
gradient_descent,45,66,0.4640637601894723,0.41982108314252137
gradient_descent,45,67,0.5213935477733763,0.41959087358393254
gradient_descent,45,68,0.43907135895768173,0.4193765139396985
gradient_descent,45,69,0.37408944110041675,0.41920359928783546
gradient_descent,45,70,0.455441694086593,0.41896139978626307
gradient_descent,45,71,0.3410375388925458,0.41880598052735896
gradient_descent,45,72,0.5599445721172136,0.4185281143453792
gradient_descent,45,73,0.36154508382631645,0.418345786048061
gradient_descent,45,74,0.44842960150547967,0.41816540730263657
gradient_descent,45,75,0.4288438467147718,0.41797408476760894
gradient_descent,45,76,0.38145107318203464,0.41775277784609194
gradient_descent,45,77,0.40600845680767894,0.4175355950004249
gradient_descent,45,78,0.5124170545175866,0.4172473892391793
gradient_descent,45,79,0.3616396993981682,0.41704569584747264
gradient_descent,45,80,0.5220377361379147,0.4168601959644137
gradient_descent,45,81,0.517931957256618,0.41659234987094534
gradient_descent,45,82,0.31893748997422305,0.4164451350650738
gradient_descent,45,83,0.4202674919492423,0.4162192911152729
gradient_descent,45,84,0.43104330681020864,0.41598848183120374
gradient_descent,45,85,0.3942251336317949,0.4157817630920273
gradient_descent,45,86,0.4444384306176973,0.415539336897545
gradient_descent,45,87,0.3911761924401546,0.4153343508918435
gradient_descent,45,88,0.5264399391353541,0.41511247510492216
gradient_descent,45,89,0.47974204128999526,0.41486396820727317
gradient_descent,45,90,0.3320086803715016,0.41468931922958874
gradient_descent,45,91,0.46976429661870833,0.41446052594470073
gradient_descent,45,92,0.3676281121271733,0.41428285888792593
gradient_descent,45,93,0.4408535695143875,0.414065157229095
gradient_descent,45,94,0.4880619924803901,0.4138531145122825
gradient_descent,45,95,0.42054959617497534,0.41361230287846773
gradient_descent,45,96,0.40442263309697823,0.41343132047729997
gradient_descent,45,97,0.3149626217538256,0.4132683410695416
gradient_descent,45,98,0.36162741278039756,0.413084044964326
gradient_descent,45,99,0.2936751399532583,0.41294059101143604
gradient_descent,45,100,0.2852377850470629,0.41278585268002593
gradient_descent,45,101,0.46558250110047533,0.4125381796114359
gradient_descent,45,102,0.3864669580943219,0.4123544749873502
gradient_descent,45,103,0.48653056509557774,0.41208314864556744
gradient_descent,45,104,0.38596930375765526,0.41187652195481267
gradient_descent,45,105,0.28501232870014326,0.41171840333010856
gradient_descent,45,106,0.2781993893727972,0.41159146118430906
gradient_descent,45,107,0.4187116055784735,0.4113794937448473
gradient_descent,45,108,0.41285056597643155,0.4111903397556328
gradient_descent,45,109,0.3932467523418378,0.4110209824096086
gradient_descent,45,110,0.3873913501219302,0.4108220264478381
gradient_descent,45,111,0.37426802804962694,0.4105967997696306
gradient_descent,45,112,0.4311345626296113,0.41036734665785246
gradient_descent,45,113,0.3852802580628226,0.41018572386379415
gradient_descent,45,114,0.33408961212548427,0.41004323672814735
gradient_descent,45,115,0.35081879764316154,0.4098379571034166
gradient_descent,45,116,0.4047151152313152,0.40963996805852676
gradient_descent,45,117,0.41251784925972956,0.4094104992905912
gradient_descent,45,118,0.3111325915339589,0.40922752876061075
gradient_descent,45,119,0.5714259023120437,0.4089493922642158
gradient_descent,45,120,0.36138276452531026,0.4087570866656243
gradient_descent,45,121,0.3805887659937744,0.4085355107470409
gradient_descent,45,122,0.25539040453744094,0.4083994268762761
gradient_descent,45,123,0.4922574949390227,0.40814733175703644
gradient_descent,45,124,0.41432226827009877,0.40791061640959403
gradient_descent,45,125,0.621051464185701,0.4076100724063567
gradient_descent,45,126,0.36496650060630775,0.4074169160477088
gradient_descent,45,127,0.3880976201914549,0.4072094860734845
gradient_descent,45,128,0.3557657641282092,0.40702490713414896
gradient_descent,45,129,0.40866596368563096,0.40683766032091545
gradient_descent,45,130,0.457788966548756,0.406603489612907
gradient_descent,45,131,0.2767839311327053,0.4064922913119253
gradient_descent,45,132,0.494567969141196,0.40623738365352613
gradient_descent,45,133,0.48605580540113485,0.40597403815948735
gradient_descent,45,134,0.31212968063637836,0.40583478863855077
gradient_descent,45,135,0.37412537660881257,0.4056238978835692
gradient_descent,45,136,0.29462327919302256,0.40549102815686583
gradient_descent,45,137,0.32102991497231903,0.4053097351995118
gradient_descent,45,138,0.38587546875181955,0.40509586733968433
gradient_descent,45,139,0.4553003371210507,0.4048913490985891
gradient_descent,45,140,0.3200539478335295,0.4047093747067084
gradient_descent,45,141,0.4756473349818916,0.4045045486402407
gradient_descent,45,142,0.26714962037596596,0.404355890380763
gradient_descent,45,143,0.4042169025767096,0.4041480325757989
gradient_descent,45,144,0.4342489058038736,0.40389393820124486
gradient_descent,45,145,0.46540097130695757,0.40366562087454344
gradient_descent,45,146,0.309729319754794,0.4034857038188635
gradient_descent,45,147,0.4125385211655762,0.4032711628308713
gradient_descent,45,148,0.515893648070487,0.4030044347901436
gradient_descent,45,149,0.3317066830903092,0.40279443060874665
gradient_descent,45,150,0.3759011243814559,0.4026045539084043
gradient_descent,45,151,0.3025910488010474,0.4024345736174738
gradient_descent,45,152,0.4680847834630445,0.40224714690163266
gradient_descent,45,153,0.3949148566897497,0.40203738773487363
gradient_descent,45,154,0.34104582798551697,0.4018186168916228
gradient_descent,45,155,0.4018724454917346,0.4016429422657331
gradient_descent,45,156,0.32513775656627886,0.4014384208943363
gradient_descent,45,157,0.40671614723934324,0.401232093094117
gradient_descent,45,158,0.42810052137451615,0.4009676667314039
gradient_descent,45,159,0.25892802614899807,0.4008330411151768
gradient_descent,45,160,0.39009949424387985,0.4006049098539785
gradient_descent,45,161,0.47881516027363974,0.40039855920419143
gradient_descent,45,162,0.27833465809885377,0.4002274265753338
gradient_descent,45,163,0.33505597289893674,0.4000836371459288
gradient_descent,45,164,0.3529978223953901,0.39988432514938094
gradient_descent,45,165,0.5046448175279803,0.39961442147801096
gradient_descent,45,166,0.2972195746541284,0.399432356062242
gradient_descent,45,167,0.5186540728901808,0.399174504912079
gradient_descent,45,168,0.31825268225126646,0.39901872805288074
gradient_descent,45,169,0.3716535315252736,0.39883198909454126
gradient_descent,45,170,0.3858948855999421,0.39861397276675337
gradient_descent,45,171,0.30966101421032777,0.3984585758850375
gradient_descent,45,172,0.34199764368657104,0.3982890890953772
gradient_descent,45,173,0.3467443877952004,0.39809626785470514
gradient_descent,45,174,0.3976651873722297,0.39791441553629325
gradient_descent,45,175,0.2697340029252566,0.3977752937910029
gradient_descent,45,176,0.3774062943680947,0.39757672906880437
gradient_descent,45,177,0.565145189636322,0.3972943940338912
gradient_descent,45,178,0.27279087373289534,0.39713347107884
gradient_descent,45,179,0.5973772767316287,0.39680069773180526
gradient_descent,45,180,0.36976708812144776,0.3965941365532906
gradient_descent,45,181,0.3684180879720803,0.396371919461176
gradient_descent,45,182,0.38966627553310673,0.39611048308127045
gradient_descent,45,183,0.45594214816067846,0.3959077739712283
gradient_descent,45,184,0.40439293935955584,0.39567773165710435
gradient_descent,45,185,0.36359741651588223,0.3954629789108393
gradient_descent,45,186,0.36533005256695694,0.3952715333742997
gradient_descent,45,187,0.43570889291896886,0.395041717590863
gradient_descent,45,188,0.4579959531405905,0.39478667058060624
gradient_descent,45,189,0.4414874081019273,0.3945463578099242
gradient_descent,45,190,0.41750935778290277,0.3943086559043357
gradient_descent,45,191,0.3778787858153727,0.3941252024420262
gradient_descent,45,192,0.35283801692582756,0.3939155542015493
gradient_descent,45,193,0.3978258709447037,0.3937266566399114
gradient_descent,45,194,0.3683942275318755,0.39351955641484304
gradient_descent,45,195,0.2906151469615875,0.3933692363079547
gradient_descent,45,196,0.3834625861533848,0.39319608681467494
gradient_descent,45,197,0.3539552823734531,0.39299558597970374
gradient_descent,45,198,0.3290353940452783,0.392793487466561
gradient_descent,45,199,0.38620707883065153,0.3925622882778801
gradient_descent,45,200,0.3909520505633862,0.39231988606526735
gradient_descent,45,201,0.3607728173744989,0.3921169005150423
gradient_descent,45,202,0.39182481106589584,0.39190993377878974
gradient_descent,45,203,0.2742251927462832,0.39176018969463194
gradient_descent,45,204,0.2970109955971133,0.3915740911616624
gradient_descent,45,205,0.4445765282733073,0.39131383847133044
gradient_descent,45,206,0.3213385453821309,0.39111872383855917
gradient_descent,45,207,0.32706554678900257,0.39095753437404746
gradient_descent,45,208,0.39532665363560815,0.390773475983706
gradient_descent,45,209,0.37485756918715724,0.3905762773861645
gradient_descent,45,210,0.4426967933027609,0.3903390807491365
gradient_descent,45,211,0.40234308393270224,0.39006448004698524
gradient_descent,45,212,0.33461549601471446,0.38987574889111976
gradient_descent,45,213,0.4200563989525258,0.3896127037481426
gradient_descent,45,214,0.3519826616381251,0.38940833490585186
gradient_descent,45,215,0.43423275238960835,0.3891533955988862
gradient_descent,45,216,0.3646286307859613,0.38894188621464015
gradient_descent,45,217,0.41357775072199787,0.3887108526302039
gradient_descent,45,218,0.3157215094148911,0.3885020126902164
gradient_descent,45,219,0.315623577906291,0.3882870609433652
gradient_descent,45,220,0.3729663020664232,0.3880729993524129
gradient_descent,45,221,0.48482134233893803,0.38779433778411965
gradient_descent,45,222,0.3524773491794651,0.3875894624885963
gradient_descent,45,223,0.4619899947882281,0.3873517009297889
gradient_descent,45,224,0.3633181061701201,0.3871189652900688
gradient_descent,45,225,0.4657228967874092,0.38684480624543793
gradient_descent,45,226,0.35026534116927555,0.3866391491005769
gradient_descent,45,227,0.3159205712140858,0.3864669100059524
gradient_descent,45,228,0.2695622295562373,0.3863073339567932
gradient_descent,45,229,0.2952820940252085,0.3861228950518779
gradient_descent,45,230,0.3611154366186116,0.3859384957118708
gradient_descent,45,231,0.3765230835434642,0.385716795998993
gradient_descent,45,232,0.27065960814989515,0.385518444295878
gradient_descent,45,233,0.29462724466906665,0.3853508118033027
gradient_descent,45,234,0.2938735162767549,0.38517434890610436
gradient_descent,45,235,0.4067929639768173,0.3849542852327327
gradient_descent,45,236,0.5641988100030346,0.3846641048627931
gradient_descent,45,237,0.28456212528447733,0.38446478706568926
gradient_descent,45,238,0.3840241668396982,0.38420693638833747
gradient_descent,45,239,0.3687793433139464,0.3840017207272419
gradient_descent,45,240,0.3704325873229348,0.3838113342273731
gradient_descent,45,241,0.30249472775008834,0.38362653211127834
gradient_descent,45,242,0.24652170455384148,0.38348177146918144
gradient_descent,45,243,0.2657936849932031,0.3832948538943585
gradient_descent,45,244,0.2648731982737619,0.3831306752212412
gradient_descent,45,245,0.3552161248334763,0.38290438536919486
gradient_descent,45,246,0.3547340260485513,0.3826859725288603
gradient_descent,45,247,0.32806129732576605,0.3824893058299706
gradient_descent,45,248,0.2711228486867923,0.382307519806998
gradient_descent,45,249,0.30869333128581444,0.3821139426626453
gradient_descent,45,250,0.42571618758728896,0.38183300748742066
gradient_descent,45,251,0.34910434624333325,0.38158345075170996
gradient_descent,45,252,0.42477687159612365,0.3813375099064002
gradient_descent,45,253,0.29396440304214116,0.38113481034693997
gradient_descent,45,254,0.3100838677359267,0.3809626296499518
gradient_descent,45,255,0.2841805086648901,0.3807570779058316
gradient_descent,45,256,0.38249385459098373,0.3805475831779473
gradient_descent,45,257,0.30044524836698516,0.3803818543788011
gradient_descent,45,258,0.33719738037426206,0.380151738067458
gradient_descent,45,259,0.29604608772835384,0.37997668893353775
gradient_descent,45,260,0.3382043178332803,0.37977642743542744
gradient_descent,45,261,0.2673680564910395,0.3796350424333259
gradient_descent,45,262,0.4358586042609472,0.3793885033020164
gradient_descent,45,263,0.26181106010554955,0.37919048030168095
gradient_descent,45,264,0.3347086265796131,0.3789430481613961
gradient_descent,45,265,0.42075512553341743,0.3786788067845746
gradient_descent,45,266,0.4018618500527573,0.3784718345658584
gradient_descent,45,267,0.32158942266846835,0.378245958225595
gradient_descent,45,268,0.4065567076009614,0.3779896486907826
gradient_descent,45,269,0.34628882143638307,0.3778037621813821
gradient_descent,45,270,0.3327238350325206,0.3775824545523547
gradient_descent,45,271,0.29995960990827375,0.3773767657974851
gradient_descent,45,272,0.38280752330933965,0.37712042048521277
gradient_descent,45,273,0.2906112073555771,0.37694740528960946
gradient_descent,45,274,0.2716484175945549,0.37675389399483583
gradient_descent,45,275,0.36604555946084794,0.37650376853178275
gradient_descent,45,276,0.44333071731563956,0.376270372090151
gradient_descent,45,277,0.27441250292457414,0.3761207713861248
gradient_descent,45,278,0.40543032238063026,0.3758640435838045
gradient_descent,45,279,0.5539058756035564,0.3754670927223903
gradient_descent,45,280,0.42872977609786,0.37519408526513814
gradient_descent,45,281,0.33035660419995605,0.37496377801170655
gradient_descent,45,282,0.2214531736524926,0.37480266593124834
gradient_descent,45,283,0.2654465674237743,0.37463725061006214
gradient_descent,45,284,0.3871657293953698,0.3743805053214688
gradient_descent,45,285,0.3589846510397844,0.37411383078455757
gradient_descent,45,286,0.28219104193737854,0.37392153078503443
gradient_descent,45,287,0.32838385629637584,0.37368932316186726
gradient_descent,45,288,0.3860257649666632,0.373382271585488
gradient_descent,45,289,0.3568157889007482,0.3731550840447187
gradient_descent,45,290,0.20841234683700374,0.37298388954047035
gradient_descent,45,291,0.28132305028696775,0.3727976336753969
gradient_descent,45,292,0.28003118501235763,0.37261204416949467
gradient_descent,45,293,0.33332253937153467,0.372390333713225
gradient_descent,45,294,0.22363530873088278,0.3722248727005851
gradient_descent,45,295,0.28530594367964435,0.3720360730238074
gradient_descent,45,296,0.25843541441787293,0.37187027882340223
gradient_descent,45,297,0.3696566453156463,0.37159831709728713
gradient_descent,45,298,0.2626505570683246,0.37142034205607455
gradient_descent,45,299,0.286224700085965,0.37123140485492595
gradient_descent,45,300,0.3082690285836098,0.37102943804332644
gradient_descent,46,1,0.7259926407246273,0.5418738644603887
gradient_descent,46,2,0.38595103467564135,0.5415603073028221
gradient_descent,46,3,0.5023023971412685,0.5411100602137932
gradient_descent,46,4,0.5323558483232904,0.5406918183259202
gradient_descent,46,5,0.45781660452792333,0.5403663322758498
gradient_descent,46,6,0.7625248327124785,0.5396955888576539
gradient_descent,46,7,0.6245014473617857,0.539163481385102
gradient_descent,46,8,0.3625675452820707,0.5388724521550853
gradient_descent,46,9,0.5703921987048459,0.5384727811437205
gradient_descent,46,10,0.4275127655185678,0.5381122576953405
gradient_descent,46,11,0.7189340952354266,0.5375702815364479
gradient_descent,46,12,0.4162675624879183,0.5371796230621587
gradient_descent,46,13,0.5650693472486594,0.5367531748284642
gradient_descent,46,14,0.7424308500859026,0.5360935995782136
gradient_descent,46,15,0.4058765921192927,0.5357485810714289
gradient_descent,46,16,0.44125603959262616,0.5353681734120487
gradient_descent,46,17,0.4452451949717879,0.5350093846589425
gradient_descent,46,18,0.49126630426321277,0.5346306340119046
gradient_descent,46,19,0.40449644030913723,0.5343183678449941
gradient_descent,46,20,0.7081684039171207,0.5338761049323923
gradient_descent,46,21,0.6860599028572881,0.5333634952799414
gradient_descent,46,22,0.42607810297793913,0.5330391411852408
gradient_descent,46,23,0.6253802085930542,0.5325717651995983
gradient_descent,46,24,0.6470500647283981,0.5320232103267105
gradient_descent,46,25,0.5137352968433948,0.5316413295683472
gradient_descent,46,26,0.5854814296574746,0.5311969137912406
gradient_descent,46,27,0.576925816344286,0.5307481760674182
gradient_descent,46,28,0.5303812777678499,0.5303614492190032
gradient_descent,46,29,0.6515226535243188,0.5298628798341166
gradient_descent,46,30,0.5338840156652018,0.529443317129102
gradient_descent,46,31,0.6221171635005303,0.5289873706166074
gradient_descent,46,32,0.5505018393632749,0.5286046303446307
gradient_descent,46,33,0.46574193522191343,0.528262064868636
gradient_descent,46,34,0.534498156682579,0.5278618211417612
gradient_descent,46,35,0.507713868101511,0.5274937554640994
gradient_descent,46,36,0.4873035543503945,0.5271578850781875
gradient_descent,46,37,0.5901090333565425,0.5266974499582061
gradient_descent,46,38,0.6354502740255145,0.5262600733936141
gradient_descent,46,39,0.9379219810014986,0.525575054953872
gradient_descent,46,40,0.46412680877802037,0.525204975688622
gradient_descent,46,41,0.7037324289396722,0.5247526030254942
gradient_descent,46,42,0.41168015217000486,0.5244506792009036
gradient_descent,46,43,0.4222211858029685,0.5241433161060782
gradient_descent,46,44,0.4980398653698276,0.5237420922983256
gradient_descent,46,45,0.6857414452123451,0.5232196104761758
gradient_descent,46,46,0.5408135297149517,0.5227736444788386
gradient_descent,46,47,0.5428351377840976,0.5223600560064597
gradient_descent,46,48,0.6498741769125023,0.5218920768817692
gradient_descent,46,49,0.5642144805859166,0.5214748526909664
gradient_descent,46,50,0.31588071080896263,0.5211809116609565
gradient_descent,46,51,0.7127471985450494,0.520639783536984
gradient_descent,46,52,0.4527526750950456,0.5203369532719069
gradient_descent,46,53,0.5234237836947941,0.5199800337532566
gradient_descent,46,54,0.4880833461973079,0.519593838712358
gradient_descent,46,55,0.45410350233848695,0.5192590190179771
gradient_descent,46,56,0.3443891754565706,0.5190123676635152
gradient_descent,46,57,0.5398722406925467,0.5186242781794641
gradient_descent,46,58,0.38430729512399703,0.5182877675382757
gradient_descent,46,59,0.4470446502474202,0.5179875282486195
gradient_descent,46,60,0.5483029817652464,0.5175640026997254
gradient_descent,46,61,0.4625776137225362,0.5172533729973089
gradient_descent,46,62,0.5784641366092318,0.5168357711992196
gradient_descent,46,63,0.4100110157200441,0.5165488663225296
gradient_descent,46,64,0.663550593565108,0.5160752676270524
gradient_descent,46,65,0.4698574322259218,0.515707682752973
gradient_descent,46,66,0.44216853290797786,0.5153280859578661
gradient_descent,46,67,0.637245225406514,0.5148339645435078
gradient_descent,46,68,0.5340919727098743,0.5144228727864136
gradient_descent,46,69,0.5212442544180055,0.5139958444561692
gradient_descent,46,70,0.5873801095065533,0.5135554804825737
gradient_descent,46,71,0.4576609342754958,0.5131881468926534
gradient_descent,46,72,0.5247550694446967,0.512828842178667
gradient_descent,46,73,0.5701931012216919,0.5124197784489819
gradient_descent,46,74,0.46719148247026976,0.512097786172387
gradient_descent,46,75,0.5169025016422528,0.5116915290573821
gradient_descent,46,76,0.5371948657121434,0.5113043619911177
gradient_descent,46,77,0.5208022217802231,0.5109719314842075
gradient_descent,46,78,0.3044073133804858,0.5107333541632723
gradient_descent,46,79,0.45150929348034646,0.5104736249094518
gradient_descent,46,80,0.5409858563839591,0.5100582911196254
gradient_descent,46,81,0.6390237202570583,0.5095786467870717
gradient_descent,46,82,0.3419073580286125,0.5093157777568205
gradient_descent,46,83,0.5397427196427238,0.5088621568461473
gradient_descent,46,84,0.5535681031922763,0.5084536964961072
gradient_descent,46,85,0.6152401094190254,0.5080014837914141
gradient_descent,46,86,0.4899322343586119,0.5076774677044997
gradient_descent,46,87,0.41767214131530156,0.5073715804314208
gradient_descent,46,88,0.5280583601385433,0.506989335085081
gradient_descent,46,89,0.4602713932389414,0.5066677251896073
gradient_descent,46,90,0.3655365114624657,0.5064031502887333
gradient_descent,46,91,0.6557655001068523,0.5059434109232521
gradient_descent,46,92,0.4197692812442123,0.5056728111249773
gradient_descent,46,93,0.4923956999480091,0.505351897889289
gradient_descent,46,94,0.5003216071260099,0.5050070877757593
gradient_descent,46,95,0.4145497655397671,0.5047735045470177
gradient_descent,46,96,0.4133665410618921,0.504502748105728
gradient_descent,46,97,0.4076760895538185,0.5041933767739528
gradient_descent,46,98,0.5625989875524977,0.5037857428568295
gradient_descent,46,99,0.3856762413755058,0.5034667756089065
gradient_descent,46,100,0.5212547819692288,0.5030728065245799
gradient_descent,46,101,0.5693327448723219,0.5025951940450523
gradient_descent,46,102,0.5284655589928191,0.5021654915664924
gradient_descent,46,103,0.3824172288342873,0.5018771766563102
gradient_descent,46,104,0.35077158802619285,0.5015762630908412
gradient_descent,46,105,0.3857484726985955,0.501271131619594
gradient_descent,46,106,0.3594131823478214,0.501030798208079
gradient_descent,46,107,0.3616638868354052,0.5007888922131013
gradient_descent,46,108,0.42881396668878796,0.5004441576973404
gradient_descent,46,109,0.5814635186256101,0.5000387052582351
gradient_descent,46,110,0.4693291413930022,0.4996719742211153
gradient_descent,46,111,0.4862177172171942,0.49931580027665784
gradient_descent,46,112,0.5010193196843091,0.49893358756087913
gradient_descent,46,113,0.5161712834932753,0.4985473599832918
gradient_descent,46,114,0.48384040997600913,0.4982138884634495
gradient_descent,46,115,0.4679220845051115,0.49786018967494555
gradient_descent,46,116,0.5730130305892315,0.49746556581029683
gradient_descent,46,117,0.564658120818925,0.49705466234760964
gradient_descent,46,118,0.610857253078263,0.496632924793006
gradient_descent,46,119,0.6280931202222542,0.4962440556304988
gradient_descent,46,120,0.6313896961325998,0.4957645002768358
gradient_descent,46,121,0.5434163561580717,0.49537862233004376
gradient_descent,46,122,0.4464864436554081,0.4950312484310861
gradient_descent,46,123,0.5763368195088429,0.4946241559977012
gradient_descent,46,124,0.5627367231744925,0.4942116825640212
gradient_descent,46,125,0.6237403608882385,0.4937631037690041
gradient_descent,46,126,0.5402963288150672,0.49333848065269453
gradient_descent,46,127,0.5216178755545074,0.4929424218349607
gradient_descent,46,128,0.3364086358689961,0.49268480674861
gradient_descent,46,129,0.46903419340664787,0.4922828683373829
gradient_descent,46,130,0.42787139749179676,0.49196588120299767
gradient_descent,46,131,0.36153834743066904,0.49170408912498714
gradient_descent,46,132,0.6475899573397268,0.49119716070913216
gradient_descent,46,133,0.4435315413680652,0.4908993976292806
gradient_descent,46,134,0.4977564656966436,0.4905369549850477
gradient_descent,46,135,0.3887582739260565,0.4902260274016466
gradient_descent,46,136,0.4485939352537112,0.4898745308625322
gradient_descent,46,137,0.4775656616180701,0.4895010429525993
gradient_descent,46,138,0.4850515076186714,0.4891109310282345
gradient_descent,46,139,0.5258208452897051,0.48868333845893924
gradient_descent,46,140,0.5153210390916432,0.4882565839166442
gradient_descent,46,141,0.5393200905798581,0.4878363406849974
gradient_descent,46,142,0.38611017579015017,0.487545805074465
gradient_descent,46,143,0.5467249835085753,0.48716716485156364
gradient_descent,46,144,0.45423052536485176,0.48679143181162005
gradient_descent,46,145,0.5130408454512476,0.4864676218542891
gradient_descent,46,146,0.5566901461052617,0.48599091526652843
gradient_descent,46,147,0.4620395011596182,0.4856738626412623
gradient_descent,46,148,0.34760459981948244,0.48541156469332314
gradient_descent,46,149,0.3540450216432828,0.48516653785827873
gradient_descent,46,150,0.6261302298141637,0.4847211396648551
gradient_descent,46,151,0.5815501728375947,0.48427238332642697
gradient_descent,46,152,0.5723116565263214,0.4838970649231611
gradient_descent,46,153,0.40867108890685855,0.48359474259619367
gradient_descent,46,154,0.5257948036892014,0.48320193525456084
gradient_descent,46,155,0.36195566262795964,0.48292926248104995
gradient_descent,46,156,0.32620037415655734,0.48266282796576127
gradient_descent,46,157,0.41295510844754885,0.482311348709869
gradient_descent,46,158,0.5389285697221873,0.48188161750598896
gradient_descent,46,159,0.595865859877245,0.48141225062392146
gradient_descent,46,160,0.5223628400807214,0.4809922775557246
gradient_descent,46,161,0.6313757664860009,0.4805114623632971
gradient_descent,46,162,0.49772349575638525,0.48013054289971985
gradient_descent,46,163,0.5382662589842636,0.4796926973313072
gradient_descent,46,164,0.5312867471542612,0.479332920916606
gradient_descent,46,165,0.47411336784801195,0.4789232921954288
gradient_descent,46,166,0.37759704368070135,0.4786090960627735
gradient_descent,46,167,0.4270295094243969,0.4782845109304443
gradient_descent,46,168,0.6329460095299166,0.4778056095017474
gradient_descent,46,169,0.41056746484347934,0.47748943141351907
gradient_descent,46,170,0.3983311186864472,0.47718390369247266
gradient_descent,46,171,0.492874428546219,0.4768436252335881
gradient_descent,46,172,0.5365786742242469,0.476449236007238
gradient_descent,46,173,0.43780566674163224,0.47615084826225074
gradient_descent,46,174,0.376930703955019,0.4758184827385471
gradient_descent,46,175,0.34411126860954566,0.47552281736459834
gradient_descent,46,176,0.5903814982856009,0.47510934155454104
gradient_descent,46,177,0.43439644886138273,0.4747758827788276
gradient_descent,46,178,0.41018352759687465,0.47440366738517264
gradient_descent,46,179,0.49732567423718055,0.4739950410132451
gradient_descent,46,180,0.35659974552348034,0.4736741764305352
gradient_descent,46,181,0.48297792855932387,0.4733206913874815
gradient_descent,46,182,0.4552594076623072,0.4729701770117357
gradient_descent,46,183,0.45361663551757103,0.47257132342445685
gradient_descent,46,184,0.39603270187314743,0.4722387794174148
gradient_descent,46,185,0.4273380452093285,0.4718785097749136
gradient_descent,46,186,0.30612504454228384,0.47162350830529476
gradient_descent,46,187,0.45889394538547745,0.47127460134718635
gradient_descent,46,188,0.35528883461192107,0.4709591870968178
gradient_descent,46,189,0.2941423987866927,0.47070165810922526
gradient_descent,46,190,0.37588277829112904,0.47036013635798507
gradient_descent,46,191,0.39586217937335266,0.47006090874836187
gradient_descent,46,192,0.4152017994616312,0.46970909316039394
gradient_descent,46,193,0.5166825409836397,0.46935541569412526
gradient_descent,46,194,0.5806531158000523,0.4688786819909667
gradient_descent,46,195,0.5336235572723229,0.468448201106377
gradient_descent,46,196,0.5061780811999785,0.4680656839948406
gradient_descent,46,197,0.5129345685111911,0.46758337455654286
gradient_descent,46,198,0.45536975010210057,0.4672079646371312
gradient_descent,46,199,0.4715009578728745,0.46685640214193436
gradient_descent,46,200,0.4241089235521829,0.4665337473805208
gradient_descent,46,201,0.3945043941015023,0.46621190636461973
gradient_descent,46,202,0.5219038554429548,0.4657935786328194
gradient_descent,46,203,0.3630763460860449,0.4654859896296341
gradient_descent,46,204,0.2811559647212079,0.4652659658505303
gradient_descent,46,205,0.537626048425139,0.4648404631713382
gradient_descent,46,206,0.5061274568211754,0.4643894884665026
gradient_descent,46,207,0.3351147351818139,0.4641262058757251
gradient_descent,46,208,0.3373076627866841,0.46386568706707293
gradient_descent,46,209,0.45884786761461227,0.4634657392228613
gradient_descent,46,210,0.2900513053162396,0.4632199234198765
gradient_descent,46,211,0.4659895650667759,0.4628437200404629
gradient_descent,46,212,0.33266310971618374,0.4625720979667249
gradient_descent,46,213,0.513949114433967,0.462115379928356
gradient_descent,46,214,0.3579747951917679,0.461809551872443
gradient_descent,46,215,0.38634480638516683,0.4614546755424644
gradient_descent,46,216,0.2640349268817062,0.46121559006713186
gradient_descent,46,217,0.2507366860905024,0.46101516707708873
gradient_descent,46,218,0.4692469471816274,0.4605721335960156
gradient_descent,46,219,0.3550810951933508,0.46028651621088273
gradient_descent,46,220,0.4624609431532315,0.45985706300607226
gradient_descent,46,221,0.2919861582360459,0.45958265866058934
gradient_descent,46,222,0.4794647050135239,0.45914862609942536
gradient_descent,46,223,0.44889400694537784,0.45879273321513103
gradient_descent,46,224,0.418474914272305,0.4584719847117276
gradient_descent,46,225,0.259958445069138,0.4582839837974151
gradient_descent,46,226,0.45077319126907855,0.457860999797809
gradient_descent,46,227,0.3903536588769998,0.4575142500764901
gradient_descent,46,228,0.29352405950052446,0.4572413277918108
gradient_descent,46,229,0.36290141047760976,0.4569189774660975
gradient_descent,46,230,0.44945385875878496,0.45648028885236747
gradient_descent,46,231,0.37281201773771055,0.4561715838736693
gradient_descent,46,232,0.3785135725201778,0.45581908303185004
gradient_descent,46,233,0.43231752380697686,0.45539139556768143
gradient_descent,46,234,0.30731882343625505,0.45513435645640826
gradient_descent,46,235,0.34158395772104433,0.45485093136842075
gradient_descent,46,236,0.3870753528778675,0.45450043279950886
gradient_descent,46,237,0.4828474972302967,0.4540552047057886
gradient_descent,46,238,0.37767034010655365,0.45375110859731876
gradient_descent,46,239,0.4668120509798152,0.4533298092686482
gradient_descent,46,240,0.2705913685145376,0.4531097355737773
gradient_descent,46,241,0.381022203126437,0.4527696121678681
gradient_descent,46,242,0.3109216412244855,0.45246797052239274
gradient_descent,46,243,0.3654610127748766,0.45208173381079836
gradient_descent,46,244,0.44914755910444226,0.4516834119591299
gradient_descent,46,245,0.370345900083926,0.45134009852087115
gradient_descent,46,246,0.3938919448642289,0.4509357304386093
gradient_descent,46,247,0.45920115231606384,0.4505042286161157
gradient_descent,46,248,0.3734877298919642,0.4501303393311923
gradient_descent,46,249,0.451191676420516,0.4496948980960019
gradient_descent,46,250,0.34713286792024334,0.4493500689856076
gradient_descent,46,251,0.37531821902625834,0.4490014855533291
gradient_descent,46,252,0.35032262494962296,0.44869816967442033
gradient_descent,46,253,0.49066667936382924,0.4482578707845871
gradient_descent,46,254,0.5055372061537844,0.4477411857869518
gradient_descent,46,255,0.4323492760776678,0.4473843660627273
gradient_descent,46,256,0.4512130769118297,0.44692918777784524
gradient_descent,46,257,0.39573178046414326,0.44654242607777145
gradient_descent,46,258,0.2988220461786836,0.4462370088625452
gradient_descent,46,259,0.47443014689064156,0.4457706576799262
gradient_descent,46,260,0.541453432308645,0.4452661650840009
gradient_descent,46,261,0.5101901194052845,0.4447346076035333
gradient_descent,46,262,0.4071348831813092,0.4442960662479451
gradient_descent,46,263,0.437335238002429,0.4438716947662378
gradient_descent,46,264,0.41790534844044946,0.44346845456080947
gradient_descent,46,265,0.4814053702248557,0.44295432543795893
gradient_descent,46,266,0.42687042743427706,0.4425713430368952
gradient_descent,46,267,0.42428581098987656,0.44220110937197205
gradient_descent,46,268,0.40820301130468994,0.44180376014639
gradient_descent,46,269,0.339135234697725,0.4414187005062199
gradient_descent,46,270,0.4279473203823791,0.44101328305596554
gradient_descent,46,271,0.38253279982324206,0.44060084516934894
gradient_descent,46,272,0.3075236640956488,0.44030124410172594
gradient_descent,46,273,0.36300037060865536,0.4399672731916819
gradient_descent,46,274,0.30791320656090004,0.4395986721846908
gradient_descent,46,275,0.31892546879784756,0.43927391857808207
gradient_descent,46,276,0.38705887697541747,0.43890502414382
gradient_descent,46,277,0.5081284375557169,0.43835177977735684
gradient_descent,46,278,0.40689986528197375,0.43798250394674304
gradient_descent,46,279,0.3815548735658086,0.43763451378648005
gradient_descent,46,280,0.49231045599169154,0.43712106815457574
gradient_descent,46,281,0.3976135788754357,0.43671552942146524
gradient_descent,46,282,0.39740486142854603,0.43631601917203294
gradient_descent,46,283,0.3947810852977949,0.4359608817327954
gradient_descent,46,284,0.3573576890616748,0.4355965027903946
gradient_descent,46,285,0.3840391340698708,0.4352024006293761
gradient_descent,46,286,0.4579574991248046,0.4347879324362475
gradient_descent,46,287,0.4095754398413276,0.4344035128572086
gradient_descent,46,288,0.4171912341476428,0.43395518017016
gradient_descent,46,289,0.4262500695735497,0.4335162509702583
gradient_descent,46,290,0.37827076616319566,0.4331367887062379
gradient_descent,46,291,0.5340859207142317,0.43259606342129325
gradient_descent,46,292,0.41038303318746766,0.43213560909665044
gradient_descent,46,293,0.3472653740776547,0.4317265746890818
gradient_descent,46,294,0.2761784471513869,0.4314201407292907
gradient_descent,46,295,0.43313182532820055,0.43098738568476197
gradient_descent,46,296,0.5119251985086632,0.43039771833486634
gradient_descent,46,297,0.4555414408123326,0.4298846142484825
gradient_descent,46,298,0.26727542463730414,0.4296524764405435
gradient_descent,46,299,0.3617396818568079,0.42926217938527633
gradient_descent,46,300,0.3352509918951937,0.4289139538175395
chl,42,1,0.3627836767387037,0.3095388126521376
chl,42,2,0.37527296193873005,0.30932507379543583
chl,42,3,0.3201913251465002,0.30918597607418996
chl,42,4,0.3666581453987714,0.3089720037579185
chl,42,5,0.38930159823403077,0.30869805949339213
chl,42,6,0.3389140404541457,0.30849062462506627
chl,42,7,0.268159165158738,0.3083241244313106
chl,42,8,0.311551606933764,0.3081438865649102
chl,42,9,0.3594421211366849,0.3078817466620244
chl,42,10,0.34913527000020816,0.30765051131863574
chl,42,11,0.3577691277002336,0.3073793102830475
chl,42,12,0.3825971256454027,0.3070729600567961
chl,42,13,0.31714034071609987,0.3068693431996372
chl,42,14,0.38997590118298503,0.30664611557099397
chl,42,15,0.25126948581893144,0.306504003863801
chl,42,16,0.2658847228504678,0.30630945035953583
chl,42,17,0.3380888160902811,0.30608381667911205
chl,42,18,0.29035098501523704,0.30592073789259155
chl,42,19,0.32490290999562554,0.30570602646299416
chl,42,20,0.3769954336465289,0.3054298451233202
chl,42,21,0.2888899929772784,0.3052937146917817
chl,42,22,0.2689849445653668,0.30516356433041997
chl,42,23,0.2619424152496359,0.30499726511434166
chl,42,24,0.3492054109793935,0.30475569260315144
chl,42,25,0.40350139755000564,0.30442637775947035
chl,42,26,0.284766514615534,0.304239507088396
chl,42,27,0.4264283557624883,0.30397508896048553
chl,42,28,0.39474220554874007,0.30373284827949454
chl,42,29,0.261903337980621,0.3035633116256323
chl,42,30,0.3855478765938034,0.30330190746313734
chl,42,31,0.36226492923670667,0.30313089563939993
chl,42,32,0.4049994144855851,0.3028952914544232
chl,42,33,0.4132806621918538,0.30265881817981727
chl,42,34,0.44618857001397116,0.30238532545866836
chl,42,35,0.26157667692207015,0.30222379312949293
chl,42,36,0.3302132788958367,0.30201931488983574
chl,42,37,0.28087188517120876,0.3018997779751036
chl,42,38,0.37641534103047214,0.3016378236863418
chl,42,39,0.34232797894154277,0.3014694963645569
chl,42,40,0.2986724019914774,0.3012917794984422
chl,42,41,0.3114044875207176,0.3011358146421791
chl,42,42,0.2756648965063616,0.3009801796447875
chl,42,43,0.3301231254968926,0.3007816101657529
chl,42,44,0.2978843598421924,0.30062911495546346
chl,42,45,0.274422260142532,0.3004480810321079
chl,42,46,0.3067007851043759,0.30024120256427533
chl,42,47,0.3322192432408423,0.3000303987555076
chl,42,48,0.3397890927451492,0.29983470696876124
chl,42,49,0.44537771695677764,0.2995315966520252
chl,42,50,0.3486279823421642,0.2993218128982414
chl,42,51,0.43564440336709803,0.2990614560164895
chl,42,52,0.3604801852415791,0.2988388174197081
chl,42,53,0.31454024486536086,0.2986603374118889
chl,42,54,0.31735730077613383,0.2984957686705972
chl,42,55,0.35498712182227954,0.2982965616384673
chl,42,56,0.3197013444590412,0.2980967726482647
chl,42,57,0.30480841014541377,0.29792379956538473
chl,42,58,0.3793653978770571,0.29766688108708333
chl,42,59,0.33962359104885775,0.29749060064326743
chl,42,60,0.41275348838360437,0.2972496973657081
chl,42,61,0.38197464974950646,0.2970767130758452
chl,42,62,0.4966610952974062,0.2967226876191787
chl,42,63,0.27450046295726016,0.2965083586014877
chl,42,64,0.324294707074877,0.2963102425703563
chl,42,65,0.3115288449501621,0.29612113153217445
chl,42,66,0.29284242644135206,0.2959822138379736
chl,42,67,0.30497331776375647,0.2958238057218207
chl,42,68,0.3758639251007006,0.2955364486179587
chl,42,69,0.35524897080479745,0.2952742888634777
chl,42,70,0.4348156533810861,0.29498547100551786
chl,42,71,0.31935241182820273,0.2947963982459613
chl,42,72,0.21489214566262338,0.29469079521574204
chl,42,73,0.23161088613643693,0.294539462942613
chl,42,74,0.30344500589631773,0.29437619142394417
chl,42,75,0.25937088455828455,0.2942493502182318
chl,42,76,0.26929078126244327,0.29409496127577006
chl,42,77,0.36564521782850823,0.2939406814215663
chl,42,78,0.3743276302087751,0.29374153608772596
chl,42,79,0.3863738374288585,0.2935452011638698
chl,42,80,0.25791817874186423,0.2933791909600797
chl,42,81,0.33989410321084834,0.2931717846137319
chl,42,82,0.34908750013905443,0.29292160106511794
chl,42,83,0.35542986993191544,0.2926758897053882
chl,42,84,0.2746919658978194,0.29252209472628277
chl,42,85,0.2940201690207044,0.29232178102297224
chl,42,86,0.2833564939770944,0.29214141142065253
chl,42,87,0.3867546775372334,0.2919088543728814
chl,42,88,0.32876739157330037,0.2916780272121458
chl,42,89,0.36577150533542835,0.29150290164622744
chl,42,90,0.3491227860149071,0.29129398362095443
chl,42,91,0.41440125028105124,0.29105765218520147
chl,42,92,0.2807713315833036,0.29082062819686705
chl,42,93,0.35934911571861483,0.2906028519937488
chl,42,94,0.2867326233951596,0.29044694436041313
chl,42,95,0.34026168797271483,0.29024838749124465
chl,42,96,0.23689347026179752,0.2900899805336171
chl,42,97,0.3048798880267224,0.28989355906636655
chl,42,98,0.3418448528512359,0.2896653348968637
chl,42,99,0.25107548547632164,0.2895197234195549
chl,42,100,0.3606160318152463,0.2893094298024092
chl,42,101,0.2742775403342786,0.2890979246584012
chl,42,102,0.29095642477770284,0.28894379777734286
chl,42,103,0.3005460551962238,0.2887616716993925
chl,42,104,0.29956640260486544,0.288615289839839
chl,42,105,0.3339663014260545,0.2884464192887856
chl,42,106,0.35666682780863,0.28821492600411514
chl,42,107,0.3456505102198005,0.2879767756635555
chl,42,108,0.33854455531318195,0.2877887589583483
chl,42,109,0.3154853742321088,0.2876043036910919
chl,42,110,0.24985295780215863,0.2874479290885406
chl,42,111,0.3180057135760919,0.28728047055886835
chl,42,112,0.31976656780141177,0.287070287593277
chl,42,113,0.30567849401289027,0.286844902337183
chl,42,114,0.36853192347034647,0.28667260049273124
chl,42,115,0.3276695519861367,0.2865592641413691
chl,42,116,0.31934269034553714,0.2864398973833634
chl,42,117,0.3151059358948317,0.2862249212777874
chl,42,118,0.2773476821986656,0.2860696599491505
chl,42,119,0.32427434149814616,0.28589449972812564
chl,42,120,0.2917127953911888,0.2857151801100634
chl,42,121,0.4189477702941692,0.28548854152361136
chl,42,122,0.2856187639696338,0.2853438601559933
chl,42,123,0.23433089660129275,0.28520302188680335
chl,42,124,0.22735053377137115,0.2850750848917718
chl,42,125,0.2904500935051003,0.28493243219273007
chl,42,126,0.28320243464372985,0.28477988993788583
chl,42,127,0.2880198392843881,0.28461410639802254
chl,42,128,0.3138093391192997,0.28437277759334595
chl,42,129,0.31841255927383316,0.28418606805785873
chl,42,130,0.3213496303306148,0.28401980338557337
chl,42,131,0.38706342424237494,0.2837872053913411
chl,42,132,0.2559398432636763,0.2836516763565279
chl,42,133,0.24339166584392924,0.2835240024513305
chl,42,134,0.29545574932486907,0.28336504134377855
chl,42,135,0.28070653680869645,0.2832107271163167
chl,42,136,0.3057751139564624,0.28300050125992937
chl,42,137,0.3291775397209568,0.28284445522252144
chl,42,138,0.2433886490506298,0.28271902685434164
chl,42,139,0.3445176388665766,0.2825648716625046
chl,42,140,0.33820133401571917,0.2823288383755712
chl,42,141,0.36794389137502204,0.2821199876864907
chl,42,142,0.30815755420588203,0.28191394114988366
chl,42,143,0.23552004089592582,0.2818014794507726
chl,42,144,0.3421732373492192,0.281599800475753
chl,42,145,0.221238308477101,0.2814661452884761
chl,42,146,0.3744344613152395,0.28126216256874215
chl,42,147,0.3495456098154017,0.2810336413586756
chl,42,148,0.3150635059582969,0.2808500586277779
chl,42,149,0.23372761646558363,0.2807084262515161
chl,42,150,0.29826242416077053,0.2805911966042822
chl,42,151,0.2098085219205717,0.2804604849767862
chl,42,152,0.23183814368803157,0.2803084984945166
chl,42,153,0.2504422502463516,0.2801881413513489
chl,42,154,0.28068847825359666,0.2800104167350737
chl,42,155,0.30889986500560374,0.27978031237708956
chl,42,156,0.33390171011584313,0.2795338824262929
chl,42,157,0.31864484334295484,0.27935707476875665
chl,42,158,0.3167172663014569,0.27914056605941234
chl,42,159,0.39636679512601497,0.27886924037073174
chl,42,160,0.29549098593498174,0.2786607849235966
chl,42,161,0.33613361374380246,0.278453678946276
chl,42,162,0.3101963088707774,0.2782758794956127
chl,42,163,0.2616973792969325,0.27815265537593986
chl,42,164,0.30437325436592655,0.27797605805059183
chl,42,165,0.1876712100424423,0.2778590601215836
chl,42,166,0.2191342375326814,0.27773104375536345
chl,42,167,0.2739572324690013,0.2775546072920412
chl,42,168,0.25804285680982686,0.2773882968460871
chl,42,169,0.29137526446435064,0.2772061240365995
chl,42,170,0.26916420501129695,0.27701209635679347
chl,42,171,0.3142273881661902,0.27680687106550467
chl,42,172,0.29518566675191427,0.2766580731137894
chl,42,173,0.2718243333792737,0.27653742165503514
chl,42,174,0.27607612310282525,0.2763564856442995
chl,42,175,0.3275713990308672,0.27623981484108157
chl,42,176,0.31126222899323863,0.27605838984442416
chl,42,177,0.23142597301016832,0.2759080696948908
chl,42,178,0.35076347704543487,0.2756857167787971
chl,42,179,0.2190682144624374,0.2756039738635279
chl,42,180,0.28794265506554834,0.27543714138198844
chl,42,181,0.3144605377538564,0.2752802821395072
chl,42,182,0.1887389373535988,0.27512857055445217
chl,42,183,0.3837440909335517,0.27485898259667274
chl,42,184,0.39162809710515656,0.2746240780353803
chl,42,185,0.22813458129916758,0.2744433989346126
chl,42,186,0.2822898416296758,0.2742986642117169
chl,42,187,0.27858848012779813,0.2741387858542502
chl,42,188,0.31320103620162665,0.2739100617881653
chl,42,189,0.3179024060933885,0.273753121048387
chl,42,190,0.29776143032619373,0.2735500587559303
chl,42,191,0.3606979504301037,0.2733583771264479
chl,42,192,0.28981134860537516,0.27316454736849594
chl,42,193,0.35298948234636857,0.27292413549221145
chl,42,194,0.3930627187276978,0.2726368594944201
chl,42,195,0.3616566130039043,0.2724352697088273
chl,42,196,0.26475080222014913,0.2722650453395101
chl,42,197,0.27405808845306007,0.2720631781116009
chl,42,198,0.2252827986759698,0.27187161465702264
chl,42,199,0.2764105104707029,0.271707066647509
chl,42,200,0.3548054116099353,0.271501510330623
chl,42,201,0.25030181602374224,0.2713195248742651
chl,42,202,0.22486926207683486,0.27117358200267316
chl,42,203,0.3269929787184984,0.27089727120567675
chl,42,204,0.30914108743462493,0.27071661717728246
chl,42,205,0.3351182468033487,0.27048722654040125
chl,42,206,0.22817474004161775,0.27033706830608023
chl,42,207,0.24351113161125,0.2702099608165088
chl,42,208,0.2876097521537767,0.2699827405485509
chl,42,209,0.379541493716374,0.2697159157602915
chl,42,210,0.27527060545191057,0.2694994235932636
chl,42,211,0.3018667686517872,0.2693223829323609
chl,42,212,0.28124225192393004,0.2691685171849729
chl,42,213,0.22132032175905816,0.2690636863319617
chl,42,214,0.318620502704836,0.26887547013728
chl,42,215,0.3193051404503843,0.2686785648050726
chl,42,216,0.3229566250110013,0.26844507314816657
chl,42,217,0.23867099874566394,0.2683494218775712
chl,42,218,0.2388113376392674,0.2681823687744994
chl,42,219,0.27670117237015807,0.26805618104848533
chl,42,220,0.3057261885827424,0.26783030757598725
chl,42,221,0.24282581494807035,0.26765230785866123
chl,42,222,0.3259236487928997,0.26745619341280225
chl,42,223,0.31300709162712187,0.26724874843620533
chl,42,224,0.33019831288722423,0.2670180340481255
chl,42,225,0.27405124942206244,0.26685154753683793
chl,42,226,0.32852589183948544,0.26664711411367115
chl,42,227,0.2754681956979457,0.2664626762763747
chl,42,228,0.35517729478342247,0.2661637404513391
chl,42,229,0.2577951731217688,0.26595658591288757
chl,42,230,0.3183628144601891,0.26573517543187114
chl,42,231,0.30170417801838606,0.2655090519307971
chl,42,232,0.2562625368589324,0.2653504832451411
chl,42,233,0.2802499033810439,0.2651994599556232
chl,42,234,0.31935313661397025,0.2649770447818199
chl,42,235,0.18784547473747337,0.26490034885721186
chl,42,236,0.2614654584261139,0.2647734926636606
chl,42,237,0.2625845376536964,0.2646239783585903
chl,42,238,0.21671441754791942,0.26446073461152014
chl,42,239,0.318991998671386,0.2642055451171739
chl,42,240,0.21779780772962765,0.26405402027853603
chl,42,241,0.2904940511250058,0.26384962411697416
chl,42,242,0.22853381022154867,0.2637049132619382
chl,42,243,0.24728049999745005,0.26355695192743495
chl,42,244,0.2639577464274191,0.2633715992601611
chl,42,245,0.1920875488776107,0.263239453730289
chl,42,246,0.26879558208085375,0.26305406763403416
chl,42,247,0.2996924485795253,0.26280874260921494
chl,42,248,0.27635267683906845,0.2626222548977825
chl,42,249,0.24991877569777204,0.26242659771410926
chl,42,250,0.27537264381253546,0.26225670593624795
chl,42,251,0.2750126846940199,0.2620762074405576
chl,42,252,0.26754828703176453,0.2618788477855687
chl,42,253,0.28066886670028457,0.2617007465088781
chl,42,254,0.2811876301668753,0.26145954705015073
chl,42,255,0.2412874781748528,0.26131018215225504
chl,42,256,0.24597534009970926,0.2611505778020783
chl,42,257,0.3412482655342972,0.26092295060045273
chl,42,258,0.3299362740807767,0.2607005864257572
chl,42,259,0.2218295844345099,0.2605574940103112
chl,42,260,0.27774703724769634,0.2603651871388182
chl,42,261,0.2924597624291617,0.26015630612882035
chl,42,262,0.251936117230226,0.2600041507359884
chl,42,263,0.25910724637606064,0.25979213795069195
chl,42,264,0.2626949544453991,0.25961092721995704
chl,42,265,0.2873489211885157,0.25939345797205715
chl,42,266,0.3284143427118048,0.25915486007799665
chl,42,267,0.3174428604913618,0.2588936662125783
chl,42,268,0.35389174755869535,0.25862352624672125
chl,42,269,0.2944447614646664,0.2583973561141432
chl,42,270,0.18472192070658336,0.2582651668433492
chl,42,271,0.3051371908089454,0.2580022425307779
chl,42,272,0.23641910610947192,0.2578195080863068
chl,42,273,0.2745749155869259,0.257616596465274
chl,42,274,0.302598634617398,0.2574123870818124
chl,42,275,0.2274660143216998,0.25720804709666695
chl,42,276,0.3014473862739684,0.2570558568770612
chl,42,277,0.24870177982346944,0.2568531934862059
chl,42,278,0.35936739995863176,0.2566317807901294
chl,42,279,0.23581564958341422,0.2564599527967862
chl,42,280,0.2536367071621278,0.2562399322927558
chl,42,281,0.24983793024660134,0.2560426450089094
chl,42,282,0.2103525458070883,0.25587975419739656
chl,42,283,0.22257411177324632,0.25571221040263037
chl,42,284,0.24506279970659134,0.2555281917254674
chl,42,285,0.2209422932962306,0.2553709953321715
chl,42,286,0.2835022342880875,0.2551291271824358
chl,42,287,0.2818855308029032,0.2548697102399
chl,42,288,0.3121419704288423,0.2546230610831602
chl,42,289,0.23847219060245917,0.25442963515590444
chl,42,290,0.207370187741198,0.2542388935983519
chl,42,291,0.3222968289349171,0.2539771549635713
chl,42,292,0.287155093744658,0.2537719118083705
chl,42,293,0.21242300580551504,0.25357353036811603
chl,42,294,0.2975321405927032,0.2533199531799291
chl,42,295,0.23120158247594697,0.2531529382042283
chl,42,296,0.2674203099383637,0.25294383037715523
chl,42,297,0.2667808845871974,0.2527502694959346
chl,42,298,0.2098471693718733,0.2526254192884558
chl,42,299,0.21231895312006593,0.2525083601715445
chl,42,300,0.2926063217781547,0.25228511843173823
chl,43,1,0.848385938525344,0.5902382970045456
chl,43,2,0.6264586785416446,0.589719595846793
chl,43,3,0.6386399914516984,0.5891340191515536
chl,43,4,0.6014844616391737,0.5884968898245853
chl,43,5,0.7103629762940886,0.587829217903939
chl,43,6,0.7758603499983574,0.5871074654310219
chl,43,7,0.9172688656376353,0.5862911111419373
chl,43,8,0.5442652708172818,0.585871178772787
chl,43,9,0.7375331892369981,0.5852136845218097
chl,43,10,0.7694197817274622,0.5845393822102753
chl,43,11,0.7829394080765029,0.5838780579225927
chl,43,12,0.8066495678633541,0.583124832557809
chl,43,13,0.8139487504263141,0.5824816539425058
chl,43,14,0.6006499573839689,0.581906021327187
chl,43,15,0.807190772674188,0.5811490842963187
chl,43,16,0.7453823782005257,0.5804428046283376
chl,43,17,0.9424711272527477,0.5795812401728433
chl,43,18,0.6090666138655825,0.5789709274812883
chl,43,19,0.726903991368494,0.5783661129547909
chl,43,20,0.9859213092827585,0.5775446755120166
chl,43,21,0.8696826230500472,0.5767624567037724
chl,43,22,0.5800203832502819,0.5762418203328116
chl,43,23,0.8366407510322719,0.575473834217127
chl,43,24,0.5703463160611543,0.5749937026942107
chl,43,25,0.6599998336865434,0.5744460664242929
chl,43,26,0.8565354293124235,0.5736170095268812
chl,43,27,0.6934836290929864,0.5729337901410232
chl,43,28,0.684936149512364,0.5723695685676535
chl,43,29,0.7936825262812135,0.57155915400254
chl,43,30,0.7809460830934959,0.5709313004697963
chl,43,31,1.0274599629293577,0.5699673959862064
chl,43,32,0.7466197666758203,0.5693295693339043
chl,43,33,0.6779232101864818,0.568784918640954
chl,43,34,0.6827308881833636,0.568188191320227
chl,43,35,0.651951378320421,0.567655241541662
chl,43,36,0.8996254399760453,0.5669492083553994
chl,43,37,0.8116544148970999,0.5662814424992582
chl,43,38,0.6261126717452732,0.5657281301417859
chl,43,39,0.5117336722976759,0.5652940440239553
chl,43,40,0.634333658305862,0.5646963671266602
chl,43,41,0.8048144953992804,0.5639742759764809
chl,43,42,0.6569121479292583,0.5634508833108953
chl,43,43,0.7697849900578091,0.5628648156997941
chl,43,44,0.5757330583422068,0.5623470609739034
chl,43,45,0.7836743484724993,0.5617118772728051
chl,43,46,0.7048369891302331,0.5610705988524133
chl,43,47,0.5618238402136345,0.560569347410523
chl,43,48,0.8317693393004915,0.5598464329444164
chl,43,49,0.5571514154976606,0.5593469236709534
chl,43,50,0.5244097633931912,0.5588836123497725
chl,43,51,0.4044393274811072,0.5586230697059832
chl,43,52,0.8309123729606103,0.557943980741204
chl,43,53,0.7573347799993773,0.5572676571679911
chl,43,54,0.5117729186587991,0.5568639179602162
chl,43,55,0.8353733366232223,0.5561433480337595
chl,43,56,0.6220365230044297,0.5555424405777969
chl,43,57,0.6781478488398878,0.5549932275773252
chl,43,58,0.6152667125721238,0.5545538793212741
chl,43,59,0.8756375324993634,0.5537917629537492
chl,43,60,0.863050030274835,0.5530875330977496
chl,43,61,0.8747063611425129,0.5523205963949372
chl,43,62,0.7775703796327352,0.5516755403467646
chl,43,63,0.7168349643663425,0.550996188302164
chl,43,64,0.5464327866477848,0.5505607626048723
chl,43,65,0.7010453867957873,0.5498394573237988
chl,43,66,0.5204617820914397,0.5494394488297917
chl,43,67,0.725923984441927,0.5488703435835893
chl,43,68,0.7591710811398991,0.5483108183747818
chl,43,69,0.6673685010820452,0.5478107692581576
chl,43,70,0.7092732450020768,0.5471763892496755
chl,43,71,0.8611056951750498,0.5463998794131828
chl,43,72,0.65077183581705,0.5458113684416389
chl,43,73,0.714321994718,0.5451319050238105
chl,43,74,0.760904141407359,0.5444718750928749
chl,43,75,0.6261678812845164,0.5439107350186968
chl,43,76,0.6541523923433358,0.5433633005024823
chl,43,77,0.6795544358850257,0.5428001570445683
chl,43,78,0.6071138977984598,0.5422418750492017
chl,43,79,0.6663665262746187,0.5416700040093176
chl,43,80,0.5306579504592246,0.5412046679601785
chl,43,81,0.5303879162907044,0.5407559456839046
chl,43,82,0.4107854852579832,0.5404166905439075
chl,43,83,0.7383020829972308,0.5397564223048009
chl,43,84,0.6773740178622747,0.5391325667656193
chl,43,85,0.6846016687616625,0.5385138682606566
chl,43,86,0.8211113523735019,0.5376719344790399
chl,43,87,0.699271115324759,0.5369848984781277
chl,43,88,0.721711772628906,0.5363449064206157
chl,43,89,0.690636082173988,0.5357317133968963
chl,43,90,0.5767403127320305,0.5352391198652213
chl,43,91,0.6397944988059985,0.5347813080930055
chl,43,92,0.5080561706324171,0.5344207737938446
chl,43,93,0.5700684301996164,0.5339459366883343
chl,43,94,0.7180648920604832,0.5333386893586776
chl,43,95,0.7753188296819288,0.532564663973541
chl,43,96,0.5298586096499294,0.5321062317173647
chl,43,97,0.661635589815643,0.531550625766678
chl,43,98,0.7155381903457356,0.5309165303426642
chl,43,99,0.5387367350508042,0.5304985550102883
chl,43,100,0.7113946893293941,0.5298757685978571
chl,43,101,0.596519311909131,0.5293604786946262
chl,43,102,0.6939400782685763,0.5286829386115942
chl,43,103,0.5588671528499547,0.5280918686890481
chl,43,104,0.6793114325620451,0.5275581731949001
chl,43,105,0.5505193365991048,0.5270921454090335
chl,43,106,0.5829563865508522,0.5266084342480183
chl,43,107,0.5483609162951408,0.5261081405752768
chl,43,108,0.7322120611067993,0.5255021640240721
chl,43,109,0.5694233072582495,0.5249598499043185
chl,43,110,0.4459342037890721,0.5246012466403425
chl,43,111,0.7982194561573459,0.5238253929529277
chl,43,112,0.613101575344059,0.5232325519740785
chl,43,113,0.5569894138812723,0.5228072712864261
chl,43,114,0.5589251139685445,0.5222285161962761
chl,43,115,0.48445045514232693,0.5218513390005205
chl,43,116,0.7593278094974483,0.521119347510982
chl,43,117,0.5313722373192458,0.5205864241888724
chl,43,118,0.6147637696235959,0.5200634339905518
chl,43,119,0.87670806443695,0.519275281751693
chl,43,120,0.6821565790862378,0.5185578550450904
chl,43,121,0.4929099542432914,0.51808747317499
chl,43,122,0.6692845075770681,0.5174929732504383
chl,43,123,0.5655196426677597,0.5170258252595086
chl,43,124,0.7295769544862866,0.5164029570582065
chl,43,125,0.5498536252113176,0.5159115918896596
chl,43,126,0.5602937870834417,0.5155237651984675
chl,43,127,0.5655277360851103,0.5148936727450883
chl,43,128,0.6275506811349018,0.514287755480837
chl,43,129,0.6233377511360266,0.5136735266427944
chl,43,130,0.5057976355160334,0.5131955615741164
chl,43,131,0.5351392182639385,0.5126694843679284
chl,43,132,0.6507082874604047,0.5120707752627409
chl,43,133,0.6463325998640403,0.5114417343308136
chl,43,134,0.5669480055281282,0.5108551854921294
chl,43,135,0.6112614194558077,0.5102176179703385
chl,43,136,0.7153626034081066,0.5095170874116911
chl,43,137,0.6065364192530149,0.5089749043919723
chl,43,138,0.6722094136716872,0.5082339151830149
chl,43,139,0.5834254987488043,0.5076218700815097
chl,43,140,0.5186737980530249,0.5070439974829948
chl,43,141,0.5518203690687471,0.5064432890142492
chl,43,142,0.6263895976391906,0.5057631177857423
chl,43,143,0.6291439958936569,0.5052129239596145
chl,43,144,0.6096936683109653,0.5045958394633165
chl,43,145,0.5129803427750383,0.5041334367044255
chl,43,146,0.6116648664288358,0.5035246620845759
chl,43,147,0.5457135484162275,0.5030188644754398
chl,43,148,0.74229638581306,0.5021190971031265
chl,43,149,0.4843996060885304,0.5015997188330216
chl,43,150,0.7082666023140423,0.5007961397921799
chl,43,151,0.5765552978558546,0.50025400907465
chl,43,152,0.5737291981267494,0.49970870482020596
chl,43,153,0.5851283378104075,0.4990693089847312
chl,43,154,0.4387281226072513,0.49856239232162664
chl,43,155,0.6536856340005378,0.4978533080772459
chl,43,156,0.4592565590055291,0.49730634058511103
chl,43,157,0.5015070081655475,0.49673015751583866
chl,43,158,0.4807711781420091,0.4961713123032236
chl,43,159,0.6023473227722898,0.4955952966774033
chl,43,160,0.8464724688994547,0.4946694432468249
chl,43,161,0.43291602127508005,0.4942775258370763
chl,43,162,0.5455952266730508,0.4937180762102967
chl,43,163,0.6102928085914185,0.49306300517049384
chl,43,164,0.5777438425314779,0.4924305808397565
chl,43,165,0.6573372497638529,0.4916752010620012
chl,43,166,0.4923529928346958,0.49112214444845304
chl,43,167,0.6003495905674474,0.49044437855129697
chl,43,168,0.6800253404010845,0.4897003299953711
chl,43,169,0.47980068770055184,0.48919276940632755
chl,43,170,0.553250171849256,0.4886133979478873
chl,43,171,0.7604812041793043,0.4877341623287132
chl,43,172,0.47045846186940377,0.4871507700926056
chl,43,173,0.6277069868337317,0.48643626878781804
chl,43,174,0.5870539221535699,0.48580231929481177
chl,43,175,0.5782174407842331,0.4851570488330601
chl,43,176,0.5434570940079781,0.4846101406461545
chl,43,177,0.5952067829267282,0.48403756025432615
chl,43,178,0.4985215463096459,0.4834822039462176
chl,43,179,0.5641649396851218,0.48267694280150186
chl,43,180,0.49436671193060033,0.4821170737794688
chl,43,181,0.5538976554506501,0.4815026090618827
chl,43,182,0.5983240722268663,0.4808312286409157
chl,43,183,0.4837980596653849,0.48025296347241964
chl,43,184,0.5780813539846001,0.47955386718958004
chl,43,185,0.4765912811169227,0.47898317863625284
chl,43,186,0.34999738268051844,0.47858268701732776
chl,43,187,0.7082935644600383,0.4776588894510312
chl,43,188,0.7845069862551521,0.4766859408105662
chl,43,189,0.4300081036195906,0.4762009224665244
chl,43,190,0.5659368946998569,0.47542216760487727
chl,43,191,0.6746055484130409,0.47457529830633544
chl,43,192,0.5193863118502514,0.473979201041887
chl,43,193,0.5560775747582795,0.4733200466021584
chl,43,194,0.6059390618637398,0.4725776401775921
chl,43,195,0.4592087797617093,0.47200648223738534
chl,43,196,0.49025278031207875,0.47140617371448607
chl,43,197,0.4567152359322001,0.4707846352466138
chl,43,198,0.445202495199066,0.4702420562029215
chl,43,199,0.5031572218659007,0.4695846331554048
chl,43,200,0.4173725326186858,0.46904560328871775
chl,43,201,0.5252762829135006,0.46843721858112186
chl,43,202,0.5057178078434973,0.46778888161589316
chl,43,203,0.425468455851337,0.46731814379283776
chl,43,204,0.5287698680445395,0.4666633132592484
chl,43,205,0.4907921452070708,0.4661607437225483
chl,43,206,0.4144625844405874,0.46570708157831975
chl,43,207,0.5766446320302565,0.4649229169950879
chl,43,208,0.43571911554144027,0.4644003109276198
chl,43,209,0.5288156376773578,0.4638672502081296
chl,43,210,0.4755538363301696,0.46330948747927325
chl,43,211,0.4353236615056133,0.4628080616773154
chl,43,212,0.6270215967095597,0.4618681341757011
chl,43,213,0.734555290422515,0.46083558815850884
chl,43,214,0.523829784056846,0.4601346637480749
chl,43,215,0.5802076221708913,0.4593365758172638
chl,43,216,0.6263464396617876,0.45848511431736244
chl,43,217,0.6932382612366832,0.4574752580610426
chl,43,218,0.7138121051104702,0.45637321486422117
chl,43,219,0.4891783015011878,0.45568913809720085
chl,43,220,0.47972209240164687,0.45497578488683316
chl,43,221,0.3776981623044152,0.45445455934248297
chl,43,222,0.4761740445104182,0.4537722200244595
chl,43,223,0.4295184541075632,0.45314505199699545
chl,43,224,0.5607192233044833,0.452363715533462
chl,43,225,0.5003329347565184,0.45154778677779156
chl,43,226,0.5821788781977457,0.45075474528270854
chl,43,227,0.5962540049043197,0.4498424293690721
chl,43,228,0.4316585290095967,0.44920941045870383
chl,43,229,0.4622357243950742,0.4486194444615152
chl,43,230,0.4258421688320648,0.44796451267645143
chl,43,231,0.3913223256649269,0.447437671646258
chl,43,232,0.4663903145654086,0.4467221287976655
chl,43,233,0.6201736249771777,0.4456344147072495
chl,43,234,0.607342728429898,0.4448514451612222
chl,43,235,0.4617473994859594,0.4441340781872511
chl,43,236,0.39201935870019344,0.44346653892526944
chl,43,237,0.5793716594275528,0.44254977828422
chl,43,238,0.3975695051733681,0.4418898582465291
chl,43,239,0.5367469244718004,0.4410666791043885
chl,43,240,0.40897289218978894,0.44038279470422
chl,43,241,0.40262395961210895,0.43975243643323975
chl,43,242,0.30400645953251904,0.4392774383097086
chl,43,243,0.37360423293934075,0.4387216090829896
chl,43,244,0.46842986582698903,0.4381270351831281
chl,43,245,0.5337573641235461,0.4372749951429768
chl,43,246,0.4856740401799773,0.4365796122592492
chl,43,247,0.4001121332765372,0.43593526158505663
chl,43,248,0.6456848220252007,0.4347511355730627
chl,43,249,0.399683839271044,0.43416119728065694
chl,43,250,0.47147241194021483,0.43331293504198437
chl,43,251,0.5608646398463768,0.4323002764576421
chl,43,252,0.551246276297,0.4313759710209466
chl,43,253,0.37858962565666743,0.43084653303956805
chl,43,254,0.645937051577903,0.4297275215812406
chl,43,255,0.6342624383201776,0.4285687727104986
chl,43,256,0.46574868413895093,0.4277569043321387
chl,43,257,0.4606677952583876,0.4269380960742345
chl,43,258,0.49895089521284924,0.42607370912984865
chl,43,259,0.3913349445627885,0.42543880163142
chl,43,260,0.38581708216941846,0.4248169614834128
chl,43,261,0.5549913701582182,0.42375286655275407
chl,43,262,0.4626582392505153,0.4229181053169426
chl,43,263,0.34145823598614156,0.4223471799740354
chl,43,264,0.42938067763540266,0.42166752152275233
chl,43,265,0.40498708940056016,0.42091516553997055
chl,43,266,0.44703772920082235,0.420240940410415
chl,43,267,0.4988789469428392,0.4193183830174085
chl,43,268,0.5075817881855814,0.41832463838544826
chl,43,269,0.47927748117428237,0.41738226807047957
chl,43,270,0.5044423216357776,0.41664841238203093
chl,43,271,0.3120524610723008,0.416087767830295
chl,43,272,0.3603978061387174,0.41565840570122975
chl,43,273,0.4213959773608756,0.41491278216912425
chl,43,274,0.4152512052006917,0.41420194353618045
chl,43,275,0.38970008429091363,0.4135324835662519
chl,43,276,0.2839669873611774,0.4130698364004894
chl,43,277,0.5258859990775477,0.41201557504330266
chl,43,278,0.4026704829399524,0.4112488305030827
chl,43,279,0.5578604311767686,0.41017768888734946
chl,43,280,0.43256637149152355,0.4093931460852099
chl,43,281,0.3473475822011747,0.4087712187267144
chl,43,282,0.356859866788211,0.4080893528380707
chl,43,283,0.4541547604217574,0.4072072228137912
chl,43,284,0.4449800213231578,0.4062950319354896
chl,43,285,0.4333094381013289,0.40528660912442216
chl,43,286,0.420830105376894,0.4045248549257533
chl,43,287,0.4991637900345173,0.40361170640601424
chl,43,288,0.49837322568084447,0.4025191471121874
chl,43,289,0.4248051762358742,0.4016801038293294
chl,43,290,0.5396150908807865,0.4005224435726157
chl,43,291,0.5024972837405364,0.3994355751470708
chl,43,292,0.4855122777784818,0.39843446560843604
chl,43,293,0.41793966714023123,0.3976006115168059
chl,43,294,0.36555856447990026,0.39693193239445257
chl,43,295,0.32927517747886387,0.39633130401842165
chl,43,296,0.34480671940654484,0.3955126983155352
chl,43,297,0.47437284009414227,0.3945486092247052
chl,43,298,0.26423308810633617,0.3940407056473936
chl,43,299,0.31552752267786055,0.39346018911747377
chl,43,300,0.3650572789602115,0.39270048065388913
chl,44,1,0.38781524181382665,0.4791894119329275
chl,44,2,0.3490527094619044,0.47885813071078015
chl,44,3,0.3989621751430512,0.4784107228573069
chl,44,4,0.41697814614598394,0.477979426276356
chl,44,5,0.37886828149501917,0.4775562982690528
chl,44,6,0.5919013631868528,0.47687110553755846
chl,44,7,0.5878120601944067,0.47621420342076615
chl,44,8,0.45110485343023177,0.47568819423931724
chl,44,9,0.5441893925110703,0.47509852338392133
chl,44,10,0.44202852504895307,0.4745936926929365
chl,44,11,0.512988126184931,0.47398857951490825
chl,44,12,0.5027115740707218,0.47345241068881183
chl,44,13,0.4871993416881748,0.4728936239221535
chl,44,14,0.42438781495411204,0.4724032588650141
chl,44,15,0.4861367873241926,0.4718648315482519
chl,44,16,0.5684328218126586,0.4713218932470218
chl,44,17,0.5327518976433567,0.4706775953989678
chl,44,18,0.39883180529054485,0.4702183982289745
chl,44,19,0.3726025556425919,0.4697502986225178
chl,44,20,0.5036778412574868,0.4692689621807715
chl,44,21,0.43107261210650255,0.4687696509280056
chl,44,22,0.29939521556925763,0.46844029384400804
chl,44,23,0.36308178982539285,0.4681490149831856
chl,44,24,0.558780568594637,0.4675334718302624
chl,44,25,0.4532615376445406,0.4670649173467502
chl,44,26,0.5633340215141909,0.4664528420509312
chl,44,27,0.5689010807115386,0.46584910864804285
chl,44,28,0.44582977751907205,0.4653015042450769
chl,44,29,0.512274456469215,0.4647280155433585
chl,44,30,0.5790702497243526,0.4641342702688238
chl,44,31,0.42883306836821905,0.46360719166978137
chl,44,32,0.5062387906910294,0.4630742887591017
chl,44,33,0.6320448931956011,0.46240285700032857
chl,44,34,0.498109202956441,0.46188249757351185
chl,44,35,0.45884104653366176,0.4613948561850747
chl,44,36,0.48400757967325136,0.4608836212544958
chl,44,37,0.4577245334042415,0.46036431109603104
chl,44,38,0.45508431245899744,0.45990737091402245
chl,44,39,0.46685798738364925,0.4593978219386146
chl,44,40,0.3528424376019006,0.4589543054783247
chl,44,41,0.4507871883371397,0.45853014096565226
chl,44,42,0.4837138798409065,0.4580095218830482
chl,44,43,0.32241170962997023,0.45765198175211186
chl,44,44,0.5079891806503425,0.4570802455077841
chl,44,45,0.5219716870342934,0.4564593046896541
chl,44,46,0.4409552878898477,0.45600252435729216
chl,44,47,0.6013466931431236,0.45544418083515725
chl,44,48,0.4839685349549628,0.45496037598316613
chl,44,49,0.4960485871787889,0.4544182822493518
chl,44,50,0.5142005803886422,0.45380431135224286
chl,44,51,0.4897554371926538,0.453223266957483
chl,44,52,0.5257444041660526,0.45262015210720385
chl,44,53,0.4856190983367099,0.45206652391702434
chl,44,54,0.6001571772163765,0.45139104213583653
chl,44,55,0.3784678403702264,0.45092495108153213
chl,44,56,0.4386604645772493,0.45037310731124436
chl,44,57,0.5400154778493456,0.4497223922333031
chl,44,58,0.4831465570488215,0.44917936250367646
chl,44,59,0.4564329068873444,0.44869305159890255
chl,44,60,0.5439847900528737,0.4481644795129662
chl,44,61,0.4815403051600995,0.44756873752971227
chl,44,62,0.4604858602347687,0.4470724478120211
chl,44,63,0.47436515697721726,0.44653184382265054
chl,44,64,0.6496324517178637,0.44582952956976074
chl,44,65,0.502527852377543,0.4453173054168469
chl,44,66,0.513389049757969,0.4446628875065912
chl,44,67,0.37080033997038336,0.4442566451511293
chl,44,68,0.5170746814143544,0.4436512087473301
chl,44,69,0.3114298822941658,0.44330787451642156
chl,44,70,0.39856358768946776,0.4428765187282221
chl,44,71,0.38169699338326235,0.4424249115984066
chl,44,72,0.5731191268253405,0.44177030332281014
chl,44,73,0.3398586721797995,0.44141849334544864
chl,44,74,0.5193237634058048,0.44076263425705364
chl,44,75,0.5183073151745134,0.44016191948741484
chl,44,76,0.43992269771174997,0.4396565168685055
chl,44,77,0.5094837922855322,0.43909358152947525
chl,44,78,0.36725136428143573,0.43868860862614784
chl,44,79,0.3858361130264154,0.43821091155375586
chl,44,80,0.39566719990004673,0.43770666983448586
chl,44,81,0.5326406560909788,0.43716640276700847
chl,44,82,0.3976055759697909,0.43671237753258163
chl,44,83,0.4138061522392135,0.43620365616129725
chl,44,84,0.5006286848177,0.4356579340909102
chl,44,85,0.496244638299518,0.435086322802918
chl,44,86,0.474468963565753,0.43447785740163547
chl,44,87,0.42006137560844403,0.4339705044809888
chl,44,88,0.410046784009687,0.43353229787711134
chl,44,89,0.3691559555921531,0.4330063202452156
chl,44,90,0.5535561117223173,0.43238763202004943
chl,44,91,0.385977031735461,0.4319266966753899
chl,44,92,0.46251593245457623,0.43140558974681803
chl,44,93,0.4664648466944634,0.4308195225554873
chl,44,94,0.40239739194475166,0.43032012740028797
chl,44,95,0.5169639705698917,0.4298033544104327
chl,44,96,0.47188002382897687,0.42925040802816955
chl,44,97,0.3679996019959063,0.4287334330949041
chl,44,98,0.4108322113177466,0.4282609621228004
chl,44,99,0.42791830732750646,0.4277263051882891
chl,44,100,0.4451946727590601,0.42722064382005265
chl,44,101,0.554915836894698,0.4265518578018601
chl,44,102,0.5609247343532004,0.42590797514819523
chl,44,103,0.4802744997282701,0.42534988258743883
chl,44,104,0.4093738855825991,0.42485587201730673
chl,44,105,0.32379101614853784,0.42444796725735273
chl,44,106,0.41912097378995483,0.42394454653977154
chl,44,107,0.5577197972818715,0.4232843099048209
chl,44,108,0.3016072659194707,0.42295562202141
chl,44,109,0.3568509623380825,0.42251642511562987
chl,44,110,0.40652416140571784,0.42200198741491296
chl,44,111,0.37786633058045427,0.42158213914643816
chl,44,112,0.36720697303047867,0.42110539851537393
chl,44,113,0.35627365913824377,0.420697128797612
chl,44,114,0.47036834665411187,0.4201943676929326
chl,44,115,0.4287776959760333,0.41971114845370444
chl,44,116,0.4159380063342717,0.4192427586728447
chl,44,117,0.3515645077762186,0.4188516269385142
chl,44,118,0.4067131090338528,0.4184450131018142
chl,44,119,0.4408365535429106,0.41785961360139096
chl,44,120,0.42193507657061846,0.41735766394505036
chl,44,121,0.39473831597189574,0.41686843869527956
chl,44,122,0.4705394957894031,0.41636341634155805
chl,44,123,0.4044300546061576,0.41590432141270506
chl,44,124,0.4799211329490201,0.4153027107807991
chl,44,125,0.4996814464211883,0.4146623356556232
chl,44,126,0.46366633179377925,0.4141382579430611
chl,44,127,0.3687207694068646,0.4137238304335112
chl,44,128,0.3557371123523022,0.413238042228488
chl,44,129,0.3948546560226073,0.41279110001473357
chl,44,130,0.3971480981688431,0.41236123214550297
chl,44,131,0.4103747782494203,0.4118672013422487
chl,44,132,0.42878117523871523,0.4113572900477492
chl,44,133,0.3872111009512874,0.4108811909206678
chl,44,134,0.35754157775120693,0.41047001713345627
chl,44,135,0.2978614574322364,0.41007880156487825
chl,44,136,0.47390236468995184,0.40948891426138023
chl,44,137,0.4560907144652776,0.4088487982255963
chl,44,138,0.36650572111668983,0.40839146394889997
chl,44,139,0.39419463456701276,0.4078811126455599
chl,44,140,0.37494797317589834,0.4074584754486723
chl,44,141,0.4014130425728486,0.40701515876681027
chl,44,142,0.3748928785022465,0.40647538708207437
chl,44,143,0.34221125952040177,0.40601361573965117
chl,44,144,0.37328539172817415,0.4055431881624031
chl,44,145,0.3771047237420388,0.4050415479365903
chl,44,146,0.39547252856042114,0.4045345848086199
chl,44,147,0.45286939416312166,0.40393487154710633
chl,44,148,0.42354432395669805,0.4033852781877987
chl,44,149,0.3567449463768927,0.4028634466241502
chl,44,150,0.3145936410531277,0.4024474206563914
chl,44,151,0.3330294697044073,0.40197415148157595
chl,44,152,0.35898833429356836,0.40152949550435335
chl,44,153,0.3684281645475496,0.40109904877144925
chl,44,154,0.4755550615717793,0.40050678722204053
chl,44,155,0.44356141309925246,0.3999706935530874
chl,44,156,0.32944059511396695,0.3995600445902463
chl,44,157,0.3637231234842607,0.3990490312806453
chl,44,158,0.31488236839678385,0.39865529645653797
chl,44,159,0.34952490408842996,0.3981570058681923
chl,44,160,0.44262404142726597,0.3976478596332655
chl,44,161,0.3470905110868094,0.39717361829151887
chl,44,162,0.3974568380911655,0.3966267640554214
chl,44,163,0.43255822077425427,0.3960892345912204
chl,44,164,0.3768588345954117,0.395609940539373
chl,44,165,0.19918314301055307,0.3953508415461381
chl,44,166,0.41555087507665867,0.394767170155513
chl,44,167,0.4027190326316399,0.39428708523868466
chl,44,168,0.36658803661361183,0.393859491528551
chl,44,169,0.2942825831162787,0.39351259685842443
chl,44,170,0.3514784184774548,0.39296061957230255
chl,44,171,0.38202254192205837,0.39255886688631836
chl,44,172,0.36417274510553455,0.39201798481994465
chl,44,173,0.3554859809959895,0.39157513903027247
chl,44,174,0.5283356452576854,0.39086544932652695
chl,44,175,0.36862462199365265,0.3904242206912536
chl,44,176,0.2980329664161223,0.39004985956552607
chl,44,177,0.3749138103232687,0.38954044823801404
chl,44,178,0.3323236326782564,0.389015771613289
chl,44,179,0.35260054105464667,0.38848711686190884
chl,44,180,0.47248494464339397,0.3877914712782815
chl,44,181,0.2715480706232506,0.38750008615979337
chl,44,182,0.43558662615186594,0.3869242188375076
chl,44,183,0.3469318136157261,0.3864372932058583
chl,44,184,0.4279242240534301,0.3858084366926358
chl,44,185,0.4081130437869871,0.3852828345291477
chl,44,186,0.5007586484937043,0.384559480165905
chl,44,187,0.38366135125671563,0.38405604525609416
chl,44,188,0.4365114914332303,0.3834104757180746
chl,44,189,0.3492383877706522,0.3829830343439958
chl,44,190,0.4037357032541063,0.38245896104314603
chl,44,191,0.4305743312842524,0.3818549079176958
chl,44,192,0.3765294521007545,0.3813467143843418
chl,44,193,0.31964912309304105,0.3807807691802571
chl,44,194,0.3526289084331563,0.3803074769274675
chl,44,195,0.4465510282433893,0.3795951629135474
chl,44,196,0.29815378893813116,0.3791957684649235
chl,44,197,0.44007162019159496,0.3785727841967885
chl,44,198,0.30201263354179,0.3780733613579785
chl,44,199,0.3404898441774498,0.3775376796253939
chl,44,200,0.3378998118904687,0.3770277945496463
chl,44,201,0.3718618943473715,0.3765400143623325
chl,44,202,0.34155536538083797,0.3759805577601155
chl,44,203,0.36228570526205917,0.3754568335502382
chl,44,204,0.2894649556704886,0.3750386579452154
chl,44,205,0.2743189123909657,0.37461275447544334
chl,44,206,0.32900585415449274,0.37414165364891594
chl,44,207,0.33585800104957175,0.37359623159201705
chl,44,208,0.3111350222011566,0.3730609169270573
chl,44,209,0.2816667582254294,0.3726326851294472
chl,44,210,0.32657454861906465,0.37209866585202167
chl,44,211,0.26360712189362423,0.371663783118456
chl,44,212,0.28983640086468365,0.37118362148360506
chl,44,213,0.3267165108325424,0.37065982075979015
chl,44,214,0.41472985919218047,0.37005207895558956
chl,44,215,0.40958678579791125,0.36941973868473404
chl,44,216,0.3719978635461889,0.36880779028619065
chl,44,217,0.3344739791969581,0.36821732802133605
chl,44,218,0.3648110341308147,0.3676551424381223
chl,44,219,0.29515131808225836,0.36721518301705786
chl,44,220,0.35385632426002345,0.3667016487086638
chl,44,221,0.2544381414566765,0.3663247550064066
chl,44,222,0.40143637340239113,0.36568302838628425
chl,44,223,0.4161594950727201,0.3650602170540235
chl,44,224,0.3752766153849957,0.3645367599871218
chl,44,225,0.3468489593538433,0.36393875400334025
chl,44,226,0.34426422381115573,0.3633931986019612
chl,44,227,0.3286646735769728,0.36281643061906194
chl,44,228,0.3782434706768928,0.3622302333214887
chl,44,229,0.28334601095180967,0.3616781360707745
chl,44,230,0.3445621306098198,0.361204647164009
chl,44,231,0.36841831013046256,0.3605476170055007
chl,44,232,0.27904217388368513,0.3600707536509111
chl,44,233,0.2901990192844547,0.35955750788389446
chl,44,234,0.24165969883526706,0.3591285758185866
chl,44,235,0.262547651183003,0.35865962606729523
chl,44,236,0.34589927903807,0.3581133002683548
chl,44,237,0.44284055519868504,0.35735593429816015
chl,44,238,0.31647611944291426,0.3568486271414519
chl,44,239,0.30997559247423717,0.3562505180718836
chl,44,240,0.33293386187657137,0.3557117960551177
chl,44,241,0.33127360349435625,0.35513967155439863
chl,44,242,0.42845148603821964,0.3544497905668852
chl,44,243,0.38895076807437423,0.35384632818297085
chl,44,244,0.392203040154946,0.3531609274801373
chl,44,245,0.36266474216701244,0.3525176623997871
chl,44,246,0.34413042609735184,0.35199698651065103
chl,44,247,0.2273492657696696,0.3516441709053093
chl,44,248,0.3770594075959076,0.35099329444470895
chl,44,249,0.2790978088428829,0.35045341688182813
chl,44,250,0.3481545333554815,0.3498254855244255
chl,44,251,0.30295109680611715,0.3492896377747494
chl,44,252,0.302643647367806,0.3487069399185273
chl,44,253,0.26992396030465726,0.348166197898433
chl,44,254,0.3189609202198598,0.3475733434448182
chl,44,255,0.3300251889730399,0.3470134621415814
chl,44,256,0.41990110116770574,0.3463367517264906
chl,44,257,0.40298479088782124,0.34562994182763973
chl,44,258,0.294030011257218,0.3451211446240352
chl,44,259,0.2769825434482178,0.3446307820129948
chl,44,260,0.2708399700435966,0.34413077837336337
chl,44,261,0.3083396806248529,0.3435203222107265
chl,44,262,0.28453322862017,0.3430058647623146
chl,44,263,0.21693544331959858,0.34264947362488984
chl,44,264,0.31015700551964887,0.3420994333836811
chl,44,265,0.31117800411726193,0.3415470747482109
chl,44,266,0.32685802003591485,0.3409143833296076
chl,44,267,0.34301176143787016,0.34031319053601794
chl,44,268,0.30895999601398005,0.33974854065599913
chl,44,269,0.3058676588162736,0.3391912855746773
chl,44,270,0.2655316855230671,0.338697804104274
chl,44,271,0.2930262005096267,0.3381254167810978
chl,44,272,0.23331228305445903,0.33767212485132053
chl,44,273,0.3012974578787422,0.3370530422485798
chl,44,274,0.2647763421121206,0.3365812971677274
chl,44,275,0.23897518010448546,0.33607433205149984
chl,44,276,0.2820777541643874,0.33552221365730084
chl,44,277,0.2631415491059522,0.33499927494163867
chl,44,278,0.25415808663535194,0.33450734194842824
chl,44,279,0.2895080479055059,0.33391559901443757
chl,44,280,0.2763066822578891,0.3334000733097569
chl,44,281,0.3410787638258246,0.3327460483711654
chl,44,282,0.3059539113122074,0.33220327231262353
chl,44,283,0.27641362923085744,0.3316494618027599
chl,44,284,0.2832182920297003,0.3311042481082408
chl,44,285,0.2954271546352362,0.3304716491568537
chl,44,286,0.30331674329423003,0.32982504434446713
chl,44,287,0.26718001272052894,0.3292722563501409
chl,44,288,0.38284194215517653,0.3284233639327077
chl,44,289,0.2561059447966304,0.32791249917907667
chl,44,290,0.2971676552320567,0.32727709053812526
chl,44,291,0.29079406804918806,0.32672260181879476
chl,44,292,0.2577495158684253,0.32613632063268233
chl,44,293,0.31093735277112955,0.3254045311688078
chl,44,294,0.28889209030314333,0.3247950399263656
chl,44,295,0.2766394390437026,0.3242079483230924
chl,44,296,0.25986601943015153,0.3236159394507588
chl,44,297,0.2336201071080307,0.3231642808255476
chl,44,298,0.20322474686257638,0.32276691362880033
chl,44,299,0.27119549739582477,0.32216080122345
chl,44,300,0.2546810305050821,0.32168457323830196
chl,45,1,0.4505089706551201,0.43442388287243855
chl,45,2,0.3369146876426725,0.4342089168780259
chl,45,3,0.36736674225792415,0.434016241880515
chl,45,4,0.5586820465718616,0.4337224452444696
chl,45,5,0.3824942399541954,0.43352080421995315
chl,45,6,0.5964361521636456,0.4332131353078315
chl,45,7,0.5836444942526788,0.43292415859974503
chl,45,8,0.34268709082113386,0.4327498791399042
chl,45,9,0.46479989549330647,0.4325620358468599
chl,45,10,0.36974392883458196,0.4323712464796399
chl,45,11,0.38218841112305635,0.4321946493802631
chl,45,12,0.7000902547179316,0.43184407060362295
chl,45,13,0.41976096971748866,0.43159886389920027
chl,45,14,0.37253019246386976,0.43142396381899323
chl,45,15,0.33057654412444804,0.43122027241512023
chl,45,16,0.33381959302680475,0.4310603446878605
chl,45,17,0.48447263618831415,0.43079944865096503
chl,45,18,0.3810593828835506,0.4306045408316176
chl,45,19,0.4202174580305238,0.43035797332014775
chl,45,20,0.5383719052203244,0.430117051607529
chl,45,21,0.3703726731290466,0.4299223544491449
chl,45,22,0.30380296354328473,0.42976468403551743
chl,45,23,0.3926001608701978,0.42959747863468384
chl,45,24,0.4389002330418223,0.42933931494154653
chl,45,25,0.3576074799217751,0.42915719359152293
chl,45,26,0.592953225586256,0.4288759211468032
chl,45,27,0.4042073478795759,0.42868020090559367
chl,45,28,0.35685312509976863,0.42850280778200645
chl,45,29,0.6195717814205182,0.42825604386603117
chl,45,30,0.3984080543778368,0.42804519039178174
chl,45,31,0.2957345894549891,0.427889526024235
chl,45,32,0.3792348221777512,0.4277290991142392
chl,45,33,0.35754867955862435,0.4274833649883645
chl,45,34,0.4864705143989948,0.42727144089709684
chl,45,35,0.416209906178467,0.4270616113994032
chl,45,36,0.6760333781216925,0.42674203097268537
chl,45,37,0.3544627151875123,0.42659730403836843
chl,45,38,0.5263262230460455,0.4263150013117369
chl,45,39,0.4447283544519565,0.42609415489190794
chl,45,40,0.5717739705639753,0.4257371075729915
chl,45,41,0.3318549669232035,0.4255971078341133
chl,45,42,0.6094690108545247,0.42530864418935393
chl,45,43,0.5042017677200648,0.425032467025398
chl,45,44,0.39061298339271533,0.42483963849954964
chl,45,45,0.508350438932315,0.42457559124631633
chl,45,46,0.4288229109759586,0.42435418203293546
chl,45,47,0.39525950894942585,0.42413823441360954
chl,45,48,0.5102841581142511,0.42386163539684824
chl,45,49,0.5724465408016542,0.42361394910084404
chl,45,50,0.3956590370928247,0.4234346932313889
chl,45,51,0.43713626341940787,0.4231996137546995
chl,45,52,0.4171943287161516,0.422998691980735
chl,45,53,0.4000075473495744,0.42275757704126576
chl,45,54,0.5287446243610783,0.42248262318190694
chl,45,55,0.42502101003522075,0.4222593705782964
chl,45,56,0.47646236232960176,0.4220136615149729
chl,45,57,0.45611044166870035,0.4218132926191122
chl,45,58,0.6423227239847356,0.4214759780184902
chl,45,59,0.39767795759398894,0.4212511228604607
chl,45,60,0.4157074050607986,0.4210085768583511
chl,45,61,0.3593028609632247,0.420851372828635
chl,45,62,0.3321453400699051,0.42070761641892523
chl,45,63,0.5543264323452642,0.4204615687233248
chl,45,64,0.4238147865742225,0.42025438242419305
chl,45,65,0.33865029747384323,0.42009619860710895
chl,45,66,0.4641490968863193,0.41988760831313765
chl,45,67,0.5212331386921721,0.4196572225082615
chl,45,68,0.4391719142938681,0.41944347010930383
chl,45,69,0.3743198217673733,0.4192719812917056
chl,45,70,0.45580796949534164,0.4190315892549711
chl,45,71,0.3414301815482711,0.41887727750353215
chl,45,72,0.5599920980770281,0.41859971485603414
chl,45,73,0.36173939054480503,0.4184169878372304
chl,45,74,0.4484605407945494,0.418236130614417
chl,45,75,0.42862587775214617,0.41804427046179005
chl,45,76,0.38183265756910106,0.4178246065002212
chl,45,77,0.40600251897993367,0.4176067300078927
chl,45,78,0.5124697642573449,0.4173174040901928
chl,45,79,0.361871520180443,0.41711719646145845
chl,45,80,0.5218535228904106,0.41693107179124467
chl,45,81,0.5178838759311089,0.41666255855642376
chl,45,82,0.31874026449379356,0.41651548275640304
chl,45,83,0.4201846832117232,0.41628885037715624
chl,45,84,0.4313496455456149,0.4160583046106831
chl,45,85,0.39431446193754666,0.4158501192471844
chl,45,86,0.44452895666281417,0.4156095195160848
chl,45,87,0.3911725050649999,0.41540399206087514
chl,45,88,0.5262291842653324,0.4151811398858029
chl,45,89,0.47987894581394647,0.4149325953879282
chl,45,90,0.33203708745040866,0.4147584557074269
chl,45,91,0.46983081615336986,0.41452887647146
chl,45,92,0.36791398527571484,0.4143515221685168
chl,45,93,0.4405262318368087,0.4141322710431733
chl,45,94,0.4881625783055457,0.4139195470110257
chl,45,95,0.4207246367675313,0.4136790190203713
chl,45,96,0.4046171400644569,0.4134980872597438
chl,45,97,0.3149831060190309,0.41333474315403307
chl,45,98,0.3617297082774069,0.4131490837551321
chl,45,99,0.2940735438702824,0.4130057565759123
chl,45,100,0.2854244095202937,0.4128513491106462
chl,45,101,0.4655726259529344,0.412603445374623
chl,45,102,0.38670205169182975,0.41241906453382216
chl,45,103,0.48643455856855133,0.4121473248187718
chl,45,104,0.38595675124626827,0.4119406189846762
chl,45,105,0.28518299160731475,0.4117818690730858
chl,45,106,0.27824892684166314,0.41165514178756324
chl,45,107,0.4188732047694101,0.41144399764623624
chl,45,108,0.41283231055520253,0.4112538443120286
chl,45,109,0.3930327045255587,0.4110826803244151
chl,45,110,0.38760373564919115,0.4108835728002697
chl,45,111,0.3741528696137746,0.4106570274468144
chl,45,112,0.43119915962842037,0.41042669752642896
chl,45,113,0.38553162570981414,0.41024525678652335
chl,45,114,0.3339685663379322,0.4101016565594855
chl,45,115,0.3508158149783527,0.40989439134545247
chl,45,116,0.4047635770816329,0.40969565889778203
chl,45,117,0.41255996493709657,0.40946567584849175
chl,45,118,0.3111642915899169,0.4092817871700031
chl,45,119,0.57146894603189,0.40900209214942124
chl,45,120,0.36146800576334326,0.4088089650314449
chl,45,121,0.3807365641300343,0.4085856314230505
chl,45,122,0.2555709963168741,0.40844928141104947
chl,45,123,0.49195453302663017,0.4081942644849954
chl,45,124,0.41452229512274674,0.4079560253002835
chl,45,125,0.621031940097498,0.40765364629029355
chl,45,126,0.3647154431219376,0.4074588409814385
chl,45,127,0.3882019719665303,0.4072502158724263
chl,45,128,0.35567822286279527,0.4070641594445503
chl,45,129,0.40915379381597533,0.40687686568354364
chl,45,130,0.4580051041166867,0.40664178828740827
chl,45,131,0.27661050399397663,0.4065294334937695
chl,45,132,0.4942984503804426,0.4062726078809475
chl,45,133,0.48561412642927626,0.4060068386312052
chl,45,134,0.3119163911441022,0.40586593612378646
chl,45,135,0.37407682087362415,0.40565297787283805
chl,45,136,0.29437219882708765,0.4055182089658994
chl,45,137,0.3209753874863095,0.4053354733471567
chl,45,138,0.38602412901283467,0.40512044554092996
chl,45,139,0.4549364000413282,0.40491458066167213
chl,45,140,0.3202846852757012,0.4047306899913269
chl,45,141,0.4751584116023026,0.4045234723781876
chl,45,142,0.2670814323343218,0.404373799946442
chl,45,143,0.40471091082686544,0.4041655719133765
chl,45,144,0.43415692520618876,0.40390906958773076
chl,45,145,0.4652358748450821,0.4036790832911356
chl,45,146,0.3090765654824028,0.4034956919222831
chl,45,147,0.41229202841634327,0.4032784043515516
chl,45,148,0.5156950712703601,0.40300951629759924
chl,45,149,0.33155333548979077,0.4027973983572873
chl,45,150,0.3757692909121704,0.40260645123744365
chl,45,151,0.3023830914635684,0.40243504896960036
chl,45,152,0.46742026679201043,0.40224507185257896
chl,45,153,0.3946243522270393,0.40203362937002785
chl,45,154,0.34090607831183095,0.40181213912925423
chl,45,155,0.4012491751888131,0.40163456197155245
chl,45,156,0.32518465638075045,0.4014275340427707
chl,45,157,0.4066947029654854,0.4012198192348084
chl,45,158,0.4277704872548762,0.40095298251386163
chl,45,159,0.25869934033496267,0.40081783939076276
chl,45,160,0.39029718824874715,0.40058727454885684
chl,45,161,0.4785034490633127,0.40037829471045927
chl,45,162,0.2780047001051764,0.40020455213242145
chl,45,163,0.3351502574504519,0.400060529995662
chl,45,164,0.3527812239458272,0.3998590160665313
chl,45,165,0.5045642161753032,0.39958737146673523
chl,45,166,0.2972942741344574,0.39940314959503803
chl,45,167,0.517975935495552,0.3991410265336134
chl,45,168,0.31841577493721246,0.3989855487900625
chl,45,169,0.37132190737785,0.398796290607341
chl,45,170,0.3860733533602508,0.39857668081377967
chl,45,171,0.3089576069786164,0.3984194655562683
chl,45,172,0.34190065546855863,0.3982479062415997
chl,45,173,0.3459809784012159,0.39805175909554064
chl,45,174,0.3974477408737791,0.39786859575509775
chl,45,175,0.26936590567347907,0.3977281030208612
chl,45,176,0.37755544517216677,0.39752771673270637
chl,45,177,0.5643405655766291,0.39724188875955957
chl,45,178,0.27268139967732574,0.39707890919063915
chl,45,179,0.5966970469950892,0.3967417766686583
chl,45,180,0.3690403278183102,0.3965326158559189
chl,45,181,0.36800633510838343,0.3963062013917418
chl,45,182,0.3894908173917729,0.39604100405474174
chl,45,183,0.45547728576021296,0.39583545800153214
chl,45,184,0.4037265681076587,0.3956028593308257
chl,45,185,0.36356380366889607,0.39538708254376637
chl,45,186,0.3641583062715272,0.39519169936103793
chl,45,187,0.4352912195888633,0.39495903625992534
chl,45,188,0.45751094978916634,0.39469973805089037
chl,45,189,0.44010482897594594,0.3944547506748817
chl,45,190,0.41751524680431684,0.394214088672652
chl,45,191,0.37808987097178426,0.39402866236545114
chl,45,192,0.3521122605782122,0.39381591888467765
chl,45,193,0.3967470269132093,0.3936239499723551
chl,45,194,0.36792550066823376,0.393414838713786
chl,45,195,0.2909907703124609,0.3932643390106003
chl,45,196,0.3830916457232154,0.39308956808765055
chl,45,197,0.35345232776129293,0.39288642202133245
chl,45,198,0.3293522236120924,0.3926828769317813
chl,45,199,0.38527701292607275,0.3924464725684762
chl,45,200,0.3903034918688694,0.3921997443552433
chl,45,201,0.3604040625162712,0.39199329225560847
chl,45,202,0.3913542253254739,0.39178250161658024
chl,45,203,0.27370313661358747,0.391630589720129
chl,45,204,0.2963324262353003,0.39144001839740855
chl,45,205,0.4440660175235228,0.39117520293398284
chl,45,206,0.32127601562155544,0.39097722832920295
chl,45,207,0.32733159786336685,0.39081392253270064
chl,45,208,0.3951707742456158,0.39062686487930676
chl,45,209,0.3737418345618416,0.39042590793694126
chl,45,210,0.44189457141680855,0.39018461059633763
chl,45,211,0.4006683457392143,0.3899027427692692
chl,45,212,0.33420694603444756,0.3897114571972885
chl,45,213,0.41956743666377794,0.38944312991091634
chl,45,214,0.3519057241438338,0.38923467829397973
chl,45,215,0.43377908909854856,0.38897551607487657
chl,45,216,0.36509627490518853,0.3887617377741394
chl,45,217,0.4124404900870405,0.3885262455953543
chl,45,218,0.31565250955093743,0.3883145953565236
chl,45,219,0.3146451586109592,0.3880940971737018
chl,45,220,0.3720107617356571,0.3878778111735254
chl,45,221,0.48385513815509773,0.38759510065497993
chl,45,222,0.35186560627076247,0.38738634700677527
chl,45,223,0.4605312922185571,0.38714416915833716
chl,45,224,0.36301240788866784,0.38690714216578703
chl,45,225,0.46402694960840296,0.3866278031192967
chl,45,226,0.3504112913918035,0.38641987988815596
chl,45,227,0.31582328461672365,0.3862460714040551
chl,45,228,0.26953873228116004,0.3860831652372972
chl,45,229,0.2957960700792141,0.38589815917025794
chl,45,230,0.36064196492254635,0.38571016517636897
chl,45,231,0.37644832122938277,0.38548258021727294
chl,45,232,0.2702933527164102,0.38527853168633247
chl,45,233,0.2949786258908866,0.38510901907471773
chl,45,234,0.29395924459115924,0.38493000221181184
chl,45,235,0.4054924722627764,0.38470490471284935
chl,45,236,0.562288533874918,0.3844097473616523
chl,45,237,0.28471456721962907,0.38420733591383205
chl,45,238,0.38303550772501577,0.38394245517490444
chl,45,239,0.3677894137628555,0.383733825800297
chl,45,240,0.3686454381907588,0.38353747251917814
chl,45,241,0.301812808259731,0.3833487365607033
chl,45,242,0.2459341999082721,0.3832005933706416
chl,45,243,0.26565788544416813,0.3830108145570264
chl,45,244,0.2640179589390564,0.38284341115645415
chl,45,245,0.3548814201140782,0.38261118777752356
chl,45,246,0.3544467374460411,0.3823897038621592
chl,45,247,0.3267138987373569,0.3821877679130622
chl,45,248,0.27025869998416163,0.3820010390705454
chl,45,249,0.30836677995427764,0.3818039116009225
chl,45,250,0.4233847997615877,0.3815144562411696
chl,45,251,0.34771707538394925,0.38125724305418157
chl,45,252,0.42360267008199814,0.3810060345560296
chl,45,253,0.2933836615621138,0.38079749433876303
chl,45,254,0.3093545333208265,0.3806203805425867
chl,45,255,0.28266453582814566,0.38040700236696373
chl,45,256,0.38310062104508674,0.38019538382654294
chl,45,257,0.29968513746873493,0.38002562254519273
chl,45,258,0.3367868083024553,0.3797899970234781
chl,45,259,0.2963525540960661,0.3796125361565466
chl,45,260,0.33770879563922235,0.37940937285500115
chl,45,261,0.26686578341642786,0.3792665122190149
chl,45,262,0.4331796500559952,0.3790133621246277
chl,45,263,0.2596598739620611,0.378807886094932
chl,45,264,0.3330723046768767,0.3785534030084877
chl,45,265,0.4191083257480974,0.3782826973620836
chl,45,266,0.40004351149833284,0.37807021939086294
chl,45,267,0.3207508369593891,0.377839386670386
chl,45,268,0.40517128388295276,0.37757718100409027
chl,45,269,0.3448165139195122,0.3773872186680949
chl,45,270,0.33054987571110817,0.3771608123152391
chl,45,271,0.29865283206734544,0.3769482520513998
chl,45,272,0.3823429011004046,0.3766871464412772
chl,45,273,0.2898396335279787,0.37650913026564015
chl,45,274,0.27221879834511276,0.37631082319679093
chl,45,275,0.36569203741989076,0.37605563789677
chl,45,276,0.44097075648937334,0.3758151838053917
chl,45,277,0.2741999395642431,0.37566179016050827
chl,45,278,0.40299226705526936,0.37539612287212554
chl,45,279,0.5506029425571268,0.3749893399338473
chl,45,280,0.42695065522498654,0.3747083468900185
chl,45,281,0.32936536751882295,0.3744701427994621
chl,45,282,0.2198347270679258,0.3743028867870728
chl,45,283,0.2639922316041615,0.3741315940602955
chl,45,284,0.3856565223377434,0.37386820848120006
chl,45,285,0.3575019005639695,0.37359520050923023
chl,45,286,0.2813944436529383,0.3733990350642806
chl,45,287,0.32630068173115256,0.373155549517367
chl,45,288,0.3844036596155294,0.37284008150090536
chl,45,289,0.35488591141943965,0.3726058384316348
chl,45,290,0.2082757339499631,0.37243101897967607
chl,45,291,0.28070162961535194,0.3722415252152027
chl,45,292,0.27971729950657864,0.3720536285806282
chl,45,293,0.33236319759956434,0.3718268161200802
chl,45,294,0.2226749652056322,0.37165789485670164
chl,45,295,0.2841906184198409,0.37146427122039355
chl,45,296,0.25710950562138357,0.37129317690290836
chl,45,297,0.3670709473219527,0.3710114940714943
chl,45,298,0.26113671711942343,0.37082636411495157
chl,45,299,0.28542256947681777,0.37063095773737453
chl,45,300,0.30754157343007943,0.3704244040908999
chl,46,1,0.7259926407246273,0.5418877022398847
chl,46,2,0.3859758825403008,0.5415802873657346
chl,46,3,0.5023500485324218,0.5411383264377145
chl,46,4,0.5324438695657766,0.5407298357530013
chl,46,5,0.4579314066148293,0.5404133433499785
chl,46,6,0.7626228392599406,0.5397542625743917
chl,46,7,0.6246950200561379,0.5392318598104114
chl,46,8,0.3627146548453782,0.538945719453421
chl,46,9,0.5705411318528026,0.5385534772678011
chl,46,10,0.4278109877191304,0.5382004488773423
chl,46,11,0.7193187017434658,0.5376683336391621
chl,46,12,0.41641933549080734,0.5372827214968008
chl,46,13,0.5653186190733508,0.5368635439373575
chl,46,14,0.7426892849451088,0.5362116353225568
chl,46,15,0.4061173833971894,0.5358722255881382
chl,46,16,0.4414759134611363,0.5354962335456344
chl,46,17,0.44538338887418083,0.5351446363244691
chl,46,18,0.4916232995775141,0.5347739623859277
chl,46,19,0.40475940694291174,0.534468234408381
chl,46,20,0.7084356623314674,0.534029282204284
chl,46,21,0.6865770102369307,0.5335233077342817
chl,46,22,0.4263890475581802,0.5332070831737558
chl,46,23,0.6258401398522251,0.5327458367973656
chl,46,24,0.6474225113681549,0.5322033662662897
chl,46,25,0.5142133567832808,0.5318300497944256
chl,46,26,0.5859688096481193,0.5313889621358293
chl,46,27,0.5777144933095539,0.5309458681473038
chl,46,28,0.5308900449194702,0.5305629516217173
chl,46,29,0.6520795215880483,0.5300681125161689
chl,46,30,0.534816797453997,0.5296563489155143
chl,46,31,0.6226797554672971,0.5292051527032345
chl,46,32,0.5515168569534172,0.5288293349707046
chl,46,33,0.46627759635327537,0.5284906779924953
chl,46,34,0.5349309023954658,0.5280959893670335
chl,46,35,0.5083136636756338,0.5277346264359483
chl,46,36,0.4876698988140213,0.5274005693603565
chl,46,37,0.5909154684746563,0.5269437529174663
chl,46,38,0.6362636522182199,0.5265125300915696
chl,46,39,0.9384484068840476,0.5258317450661988
chl,46,40,0.46464699693077127,0.5254652512114573
chl,46,41,0.704460425732063,0.525019030883087
chl,46,42,0.4119105572062749,0.524720276689539
chl,46,43,0.4224299995766989,0.524413975716842
chl,46,44,0.49858350696537124,0.5240190063283796
chl,46,45,0.6861786715823499,0.5234967358419295
chl,46,46,0.5415315231757367,0.5230562467563069
chl,46,47,0.543518111555429,0.5226482891925333
chl,46,48,0.6506804603974194,0.5221844179906892
chl,46,49,0.5650308281766008,0.5217697405534036
chl,46,50,0.3166774799776529,0.5214816375876303
chl,46,51,0.7141145942947169,0.5209433968775403
chl,46,52,0.45339697992807143,0.5206443773250007
chl,46,53,0.523818568818566,0.5202871853022333
chl,46,54,0.48909728833162325,0.5199024843754642
chl,46,55,0.45449616420259364,0.5195709679231538
chl,46,56,0.34465001157035535,0.5193260054314869
chl,46,57,0.5407796981508279,0.5189398786812338
chl,46,58,0.3848222721771321,0.518605468718548
chl,46,59,0.44736424828879573,0.5183082007128694
chl,46,60,0.5491736265483413,0.5178849365838346
chl,46,61,0.4637220603504678,0.5175792858400243
chl,46,62,0.5791331011570482,0.5171626876973919
chl,46,63,0.4101752077937847,0.5168770013122804
chl,46,64,0.6641889970427034,0.5164047786150174
chl,46,65,0.4703535801201121,0.5160399794929219
chl,46,66,0.4435391758965777,0.5156632559895827
chl,46,67,0.6389196296621478,0.5151720464815512
chl,46,68,0.5349224547870887,0.5147623849724241
chl,46,69,0.521535780064075,0.5143345208355872
chl,46,70,0.5884202876971264,0.5138953314725627
chl,46,71,0.4588452336036873,0.5135315182228881
chl,46,72,0.5253691564055016,0.513174159198285
chl,46,73,0.5703887785109794,0.5127663493236053
chl,46,74,0.4674911694262621,0.51244312147995
chl,46,75,0.5180673835140964,0.5120355704746883
chl,46,76,0.538636971922292,0.5116527077757833
chl,46,77,0.5219244271254322,0.5113206219323094
chl,46,78,0.30484201246999426,0.5110832260553181
chl,46,79,0.4524871514733546,0.5108248681939231
chl,46,80,0.5431250983063978,0.5104130424301909
chl,46,81,0.6396876513529648,0.5099312642842024
chl,46,82,0.34291347317593895,0.509671034275949
chl,46,83,0.5405037751293105,0.5092190073324222
chl,46,84,0.5546625052578955,0.5088136326007967
chl,46,85,0.6170329287680254,0.5083633765300414
chl,46,86,0.4907773407721144,0.5080385759921535
chl,46,87,0.4183694358959706,0.5077325786304286
chl,46,88,0.5287866861150938,0.5073480068906406
chl,46,89,0.46155303907762973,0.5070276910748011
chl,46,90,0.3659210383645241,0.50676173494985
chl,46,91,0.6563251768263195,0.506300522241738
chl,46,92,0.41961822742137767,0.5060285311643321
chl,46,93,0.4940481328338959,0.5057104140441865
chl,46,94,0.5006800887721518,0.5053650407140166
chl,46,95,0.41445302694349717,0.5051320645481753
chl,46,96,0.41377787076459904,0.5048602155935107
chl,46,97,0.4077393681384214,0.504549738702928
chl,46,98,0.5638841181984067,0.5041413422641622
chl,46,99,0.38622597376529366,0.5038217531277245
chl,46,100,0.5219094040828068,0.5034245977915495
chl,46,101,0.5701944410556945,0.502946108563305
chl,46,102,0.5293012115776997,0.5025154199898103
chl,46,103,0.38287956198866346,0.5022266238966667
chl,46,104,0.3516360888316298,0.5019243283110532
chl,46,105,0.3865662065866975,0.5016201285278175
chl,46,106,0.3599073693516232,0.5013817315377538
chl,46,107,0.3623624020207993,0.5011401504204933
chl,46,108,0.4296756447621504,0.500797278382892
chl,46,109,0.5816077793923768,0.5003939278090161
chl,46,110,0.4696015550110014,0.5000262842421043
chl,46,111,0.4872611079635082,0.4996706260358487
chl,46,112,0.5023660783774466,0.49928634070206146
chl,46,113,0.5170041570161795,0.49889882533655194
chl,46,114,0.48458807543668464,0.49856548340429535
chl,46,115,0.4695229868677775,0.49821224957620996
chl,46,116,0.57463797460293,0.4978162057213821
chl,46,117,0.5644893694625148,0.4974041428171216
chl,46,118,0.6109443394823855,0.4969787161043261
chl,46,119,0.629254155940411,0.49658931047502186
chl,46,120,0.6306286744355355,0.49610495975143315
chl,46,121,0.5436577061064284,0.49571642735602206
chl,46,122,0.4468625195086513,0.4953670809592372
chl,46,123,0.5768640715466339,0.4949578993475767
chl,46,124,0.5636820912982397,0.4945393104535662
chl,46,125,0.6249188915083328,0.4940920964679658
chl,46,126,0.5411196608601042,0.49366205176086264
chl,46,127,0.5216314671267285,0.49326429438966635
chl,46,128,0.33671532515502123,0.493003792844314
chl,46,129,0.4692999344838815,0.49260063113452235
chl,46,130,0.4280941206101485,0.4922794015662031
chl,46,131,0.36112665618973433,0.492013408849999
chl,46,132,0.6483413316702371,0.49150257315090257
chl,46,133,0.44369168445511203,0.4912014602153583
chl,46,134,0.4979775655526484,0.4908361096707154
chl,46,135,0.3892352815265026,0.4905226119380577
chl,46,136,0.45063317650159196,0.4901729953962668
chl,46,137,0.477661269170371,0.48979452997885586
chl,46,138,0.48621800992159253,0.4894026941606849
chl,46,139,0.5252240526049742,0.4889690974574509
chl,46,140,0.5153336962063533,0.4885406766416823
chl,46,141,0.5406301229060257,0.4881213229648289
chl,46,142,0.38568012601522533,0.487825997707596
chl,46,143,0.5482875260738473,0.48744404482012604
chl,46,144,0.45374900177680544,0.4870644228865541
chl,46,145,0.5135682647201495,0.48673630176687993
chl,46,146,0.5568734107618052,0.48625484102781197
chl,46,147,0.4609697417091505,0.4859305629761153
chl,46,148,0.34927180796586504,0.4856676330824183
chl,46,149,0.354334911527899,0.4854200971367822
chl,46,150,0.627423620042326,0.4849713137708586
chl,46,151,0.5821014345750137,0.4845223227798019
chl,46,152,0.5722196425835822,0.48414256372304476
chl,46,153,0.4095316942457073,0.48383938042253827
chl,46,154,0.5259629384210148,0.48344092488496754
chl,46,155,0.3614822624689006,0.4831630728455818
chl,46,156,0.3263502316885136,0.4828965387069207
chl,46,157,0.41431474566696963,0.48254212361770343
chl,46,158,0.5380356356334735,0.4821063014551743
chl,46,159,0.5950386178307872,0.4816289484307528
chl,46,160,0.5220742249279684,0.48120401118565714
chl,46,161,0.6318680554062965,0.4807149800251653
chl,46,162,0.4993099376534419,0.4803329003075267
chl,46,163,0.5380239123218385,0.4798883102667125
chl,46,164,0.530912539494437,0.47951984874792847
chl,46,165,0.47648500145451195,0.47910998469327387
chl,46,166,0.37915826450333057,0.4787929609406564
chl,46,167,0.42723294654687494,0.478465220287446
chl,46,168,0.632977395606312,0.477985195579761
chl,46,169,0.4115592079876965,0.4776665451425913
chl,46,170,0.3981182802729631,0.47735425670323445
chl,46,171,0.4926673450634914,0.4770072241392739
chl,46,172,0.5373086196893166,0.476604405854093
chl,46,173,0.43748773357861787,0.47629821966015573
chl,46,174,0.37679255614241347,0.47595921692892074
chl,46,175,0.34291634086800515,0.47565565358726136
chl,46,176,0.5887202230912286,0.47523392447715607
chl,46,177,0.4344543095260077,0.47489638452139354
chl,46,178,0.41006885154460954,0.47452012626236284
chl,46,179,0.4970554095575682,0.47410295924123774
chl,46,180,0.35721334754272194,0.4737786578060446
chl,46,181,0.48235228891438187,0.4734204029461979
chl,46,182,0.4565367726141105,0.4730696844663653
chl,46,183,0.4512420487401395,0.47266133483375083
chl,46,184,0.39694929571866566,0.4723228872867787
chl,46,185,0.42735041493206094,0.47195638039690746
chl,46,186,0.30634172852853486,0.47169796195450664
chl,46,187,0.45791298103397193,0.4713422681248381
chl,46,188,0.35571571248871114,0.47102247637167216
chl,46,189,0.2959414311713584,0.470764686007108
chl,46,190,0.3774713358890448,0.4704227315842472
chl,46,191,0.39608016609740226,0.4701159720221846
chl,46,192,0.41508871266467673,0.46975849407699355
chl,46,193,0.51718362788598,0.46939606497290093
chl,46,194,0.5785153834370106,0.468908341904794
chl,46,195,0.5334084831661255,0.46847114306822407
chl,46,196,0.5074031554994052,0.4680855969618143
chl,46,197,0.5097436888822624,0.4675907508190523
chl,46,198,0.4526350339107879,0.4672019831135594
chl,46,199,0.47077579332897557,0.4668419312124681
chl,46,200,0.42401261495154563,0.46651185138220697
chl,46,201,0.3923440796697205,0.46618269524879025
chl,46,202,0.520122711354231,0.46575339138245925
chl,46,203,0.3618078305376914,0.465437828659282
chl,46,204,0.280469761699937,0.4652116506756879
chl,46,205,0.536318335051996,0.46477382327238476
chl,46,206,0.504713223752003,0.46431672960626985
chl,46,207,0.3359088905347858,0.46404561968327135
chl,46,208,0.33932642324726237,0.4637842875167265
chl,46,209,0.4565302359664272,0.4633746929598378
chl,46,210,0.2873358125486983,0.4631205599114264
chl,46,211,0.4659857787632157,0.4627368563867974
chl,46,212,0.33163666822278476,0.4624604709009187
chl,46,213,0.5117397059623083,0.46198738354484054
chl,46,214,0.3562757103227988,0.46167443791611906
chl,46,215,0.38631340656934016,0.4613136937277877
chl,46,216,0.2639982701463057,0.4610722847696202
chl,46,217,0.24997555227852203,0.46086428454186423
chl,46,218,0.46819246563001526,0.4604068822728993
chl,46,219,0.3548118629955658,0.4601138405236074
chl,46,220,0.4616935012824267,0.4596732173642664
chl,46,221,0.29327736337282206,0.45939358501750793
chl,46,222,0.4769214261557112,0.45894615901557667
chl,46,223,0.44967099119363796,0.4585830579699557
chl,46,224,0.4177790912838748,0.4582583665182242
chl,46,225,0.26082015086601523,0.45806969877624615
chl,46,226,0.4505062667320736,0.4576380765443634
chl,46,227,0.3884493104122379,0.4572816841387703
chl,46,228,0.29457442924154287,0.45700652077724707
chl,46,229,0.3623683124224405,0.45667572210160573
chl,46,230,0.447261488396273,0.45622064455995465
chl,46,231,0.37421386177831895,0.45590776064403477
chl,46,232,0.3751649644697769,0.4555463963629359
chl,46,233,0.42991045518717486,0.45510526271649165
chl,46,234,0.30639061036554416,0.4548435135042838
chl,46,235,0.3418307974930369,0.4545561695352939
chl,46,236,0.38739638536281074,0.4542002174238086
chl,46,237,0.48256705263013566,0.45374716755157996
chl,46,238,0.37465165418525614,0.45343233207928163
chl,46,239,0.4636392443095162,0.4529962562979353
chl,46,240,0.2699777583134275,0.452768734442738
chl,46,241,0.3809256645601131,0.45241734022902425
chl,46,242,0.30870100417934965,0.4521049306058139
chl,46,243,0.3650203811227405,0.45170778993939115
chl,46,244,0.44830879157063497,0.4512986315267319
chl,46,245,0.36760975654904526,0.45093973859394515
chl,46,246,0.3911026538298188,0.45051981065106667
chl,46,247,0.4601829921441297,0.45007958389463965
chl,46,248,0.3720978563606494,0.4496961969400785
chl,46,249,0.4487672224684187,0.4492455219660917
chl,46,250,0.3437829536607849,0.44888517304085623
chl,46,251,0.372046130828243,0.4485216239123363
chl,46,252,0.34778280032324016,0.44820747265778327
chl,46,253,0.48817558446346876,0.44775263031078916
chl,46,254,0.50033461522343,0.44721041353407553
chl,46,255,0.42904379402525006,0.4468399938814065
chl,46,256,0.4491035624007407,0.4463658752428193
chl,46,257,0.39327625129900745,0.4459661351542768
chl,46,258,0.2966876391709788,0.4456476105799959
chl,46,259,0.4681283528866854,0.4451607394540614
chl,46,260,0.5379511042748835,0.4446361476638473
chl,46,261,0.5083772844090437,0.44408819051310555
chl,46,262,0.40391098076204646,0.4436317078633833
chl,46,263,0.43449119114800705,0.44319300205465173
chl,46,264,0.41515013695918485,0.4427720230634647
chl,46,265,0.47891472292382137,0.44223670328476655
chl,46,266,0.4206623917347756,0.4418364921188079
chl,46,267,0.42477387982066506,0.4414547284927284
chl,46,268,0.4056479254141201,0.4410404518251089
chl,46,269,0.33634572027972115,0.44063990045414436
chl,46,270,0.42388749287237776,0.44021553434204547
chl,46,271,0.38041878269471513,0.439788046993214
chl,46,272,0.3058019991037033,0.4394753813869926
chl,46,273,0.36218574229330575,0.43913051075760823
chl,46,274,0.3073064188027498,0.4387487651404765
chl,46,275,0.31447818921712845,0.4384070450380271
chl,46,276,0.38463728346534315,0.438023008048793
chl,46,277,0.5028357212280724,0.43744730247902336
chl,46,278,0.4031881316203702,0.43706003683700395
chl,46,279,0.3758986453511856,0.43669589226368744
chl,46,280,0.4895448829455402,0.43616929207681904
chl,46,281,0.39727954000173965,0.4357537137558744
chl,46,282,0.392832116806017,0.4353377844101605
chl,46,283,0.3915547043256117,0.4349666250511406
chl,46,284,0.3534704520311063,0.4345864166208133
chl,46,285,0.3822377585984752,0.4341811340699223
chl,46,286,0.4543335449551965,0.43375294294096123
chl,46,287,0.4028569532209279,0.43334785711666085
chl,46,288,0.4090897904832874,0.43287971624216187
chl,46,289,0.4219077120408398,0.43242234773293287
chl,46,290,0.3764396341128838,0.432026254652951
chl,46,291,0.5255782377965664,0.4314563856399873
chl,46,292,0.4034110272470949,0.4309695830407496
chl,46,293,0.3445604322256105,0.430546251497371
chl,46,294,0.2767518806641978,0.4302265490124644
chl,46,295,0.4299555227771669,0.4297811330976709
chl,46,296,0.5053567727250897,0.4291608168467994
chl,46,297,0.45130159568763567,0.42861717686965095
chl,46,298,0.266314992336137,0.4283736577632725
chl,46,299,0.35672431108919284,0.4279705612050956
chl,46,300,0.3289894276371109,0.42760335122397075
qpc,42,1,0.3627836767387037,0.3096630122983776
qpc,42,2,0.3755908002306084,0.30958227211310013
qpc,42,3,0.32075493069805305,0.3095255077977592
qpc,42,4,0.36746976907948287,0.3094247853737414
qpc,42,5,0.39047071138884715,0.3092889885153311
qpc,42,6,0.34020470193878094,0.30919594148471474
qpc,42,7,0.2692847820111304,0.30911207685328507
qpc,42,8,0.31301226099983515,0.309043160916666
qpc,42,9,0.36158393308648196,0.3089089676386619
qpc,42,10,0.35171490631808794,0.3087940441473542
qpc,42,11,0.3605955272090297,0.30865148108740825
qpc,42,12,0.38517400812981745,0.3084917716654624
qpc,42,13,0.3202339423803684,0.3083975078815822
qpc,42,14,0.3937524989819392,0.3083092889610002
qpc,42,15,0.2537885212918819,0.3082462609197136
qpc,42,16,0.2688381384372118,0.3081465842918568
qpc,42,17,0.34277333001855387,0.30803629707735614
qpc,42,18,0.29402447670931964,0.30796610910223204
qpc,42,19,0.32904520689011335,0.30786126371842143
qpc,42,20,0.3820774426787604,0.3077053305124848
qpc,42,21,0.292956450487315,0.3076473353380716
qpc,42,22,0.27236032249437125,0.30759732065950396
qpc,42,23,0.26678535706148354,0.30751642973454313
qpc,42,24,0.35523695295149205,0.30740337633651726
qpc,42,25,0.41084897780818297,0.30723084245578425
qpc,42,26,0.2909570924719008,0.3071328308570276
qpc,42,27,0.43442591350259874,0.30700472842457166
qpc,42,28,0.4023775244856815,0.30688559325902254
qpc,42,29,0.26741531644139294,0.3067938615417662
qpc,42,30,0.39370597588390965,0.3066536206213566
qpc,42,31,0.3682302266592389,0.30656592316471576
qpc,42,32,0.4129343157212654,0.3064515720732249
qpc,42,33,0.4226179207484473,0.3063301260822767
qpc,42,34,0.45637350383436737,0.3061894453716956
qpc,42,35,0.26725659072798524,0.3061011924652121
qpc,42,36,0.33810194380180164,0.30599794448085077
qpc,42,37,0.28821382184257044,0.30594906145976664
qpc,42,38,0.3870104655929881,0.3058071211570191
qpc,42,39,0.3516907450363306,0.3057339221843221
qpc,42,40,0.3072464111422211,0.3056437739765122
qpc,42,41,0.3204808130985223,0.3055792649929296
qpc,42,42,0.2833927589025376,0.3054992093602386
qpc,42,43,0.3394836012720304,0.3054027621182982
qpc,42,44,0.30643215192216305,0.30532731364177484
qpc,42,45,0.28191667478745075,0.305239741538902
qpc,42,46,0.31635200504887234,0.30511673647554494
qpc,42,47,0.3420145100254942,0.304997326030031
qpc,42,48,0.35129743164502186,0.30490508332901095
qpc,42,49,0.4606231813858509,0.3047648125247724
qpc,42,50,0.36223656176261443,0.3046525661083151
qpc,42,51,0.45223910134768025,0.3045224534174307
qpc,42,52,0.37445192235926494,0.3044083721653146
qpc,42,53,0.3264144622081627,0.30433008012469354
qpc,42,54,0.3295412509701044,0.30424603933760447
qpc,42,55,0.36874292877636106,0.30414638227616175
qpc,42,56,0.3324726226639527,0.30405035795677715
qpc,42,57,0.3162886838353677,0.3039698710227554
qpc,42,58,0.3927338680454044,0.3038209369969031
qpc,42,59,0.35333726059636283,0.30372771651612834
qpc,42,60,0.43046630920080353,0.30360257032290067
qpc,42,61,0.3980058569778967,0.3035284763469558
qpc,42,62,0.517996837364163,0.30333446316408275
qpc,42,63,0.287089048350047,0.3032227140559876
qpc,42,64,0.3391347183044765,0.30312005480785525
qpc,42,65,0.3270316551102562,0.30302940225261865
qpc,42,66,0.30602144575517776,0.3029670789329561
qpc,42,67,0.32076559289800133,0.3028930435264521
qpc,42,68,0.395208394629067,0.3027313841048241
qpc,42,69,0.37291574591808596,0.3025823412876915
qpc,42,70,0.4561127297363388,0.3024263019053594
qpc,42,71,0.33555009848566875,0.30231807595659266
qpc,42,72,0.22702607268209407,0.30226968523365816
qpc,42,73,0.24386378809201714,0.3021902273085325
qpc,42,74,0.31945645963294933,0.3020980409371937
qpc,42,75,0.2744142550732287,0.302034155981762
qpc,42,76,0.2843397777090976,0.3019624339344196
qpc,42,77,0.38561595854852726,0.30189896749008693
qpc,42,78,0.3933550905951826,0.3018031945042808
qpc,42,79,0.40683340162545506,0.3017090073149068
qpc,42,80,0.27229454182706203,0.30162354704862276
qpc,42,81,0.36042510147751355,0.301499892563465
qpc,42,82,0.36885722921654146,0.30135868082036266
qpc,42,83,0.3752162288682326,0.3012094269859498
qpc,42,84,0.2898569109447955,0.30112325350809555
qpc,42,85,0.312165981979345,0.3010145391314462
qpc,42,86,0.3041920989389597,0.30090703863483237
qpc,42,87,0.41166836316428124,0.3007948286083947
qpc,42,88,0.34714682070449004,0.3006615621252562
qpc,42,89,0.3868402725158667,0.30057343731483427
qpc,42,90,0.3713839202187291,0.30044708377079415
qpc,42,91,0.44321754745658537,0.30031226888872903
qpc,42,92,0.301918958861102,0.3001792035525056
qpc,42,93,0.38057307464332557,0.3000685471552659
qpc,42,94,0.3046605698306275,0.2999924065555864
qpc,42,95,0.36571354204835604,0.2998994300046739
qpc,42,96,0.2572443696878224,0.29981623462341295
qpc,42,97,0.32450279297885987,0.29970266202342954
qpc,42,98,0.36257682078033515,0.29957818136936987
qpc,42,99,0.26903845665368675,0.29951238406732633
qpc,42,100,0.3830927868894304,0.29940323674489056
qpc,42,101,0.29329901441786255,0.29928358256199133
qpc,42,102,0.3120473092008424,0.2992094901946272
qpc,42,103,0.3242821384318305,0.29911898568235024
qpc,42,104,0.32353710202690805,0.29904922636844217
qpc,42,105,0.3594784974411904,0.29896857174115216
qpc,42,106,0.38647674920125097,0.29886034120392274
qpc,42,107,0.37064281467584215,0.2987218610963654
qpc,42,108,0.36792853664877867,0.2986276464627623
qpc,42,109,0.3413846054390833,0.29854148987751394
qpc,42,110,0.27100074973234745,0.29845138166310664
qpc,42,111,0.34064731837093,0.29836967956192545
qpc,42,112,0.345333204344509,0.29826161172884297
qpc,42,113,0.3322978426247327,0.2981323183601935
qpc,42,114,0.39726500632131284,0.2980599687055249
qpc,42,115,0.3506452799379348,0.2980056044361455
qpc,42,116,0.34411349743520037,0.2979559933096462
qpc,42,117,0.3443529967593265,0.297843052529185
qpc,42,118,0.30575704407202553,0.29775423547492685
qpc,42,119,0.35321858193986155,0.2976618585168065
qpc,42,120,0.3193804872409329,0.29756286213943245
qpc,42,121,0.4524375648269441,0.29744399104729347
qpc,42,122,0.3095328892518925,0.2973712090954424
qpc,42,123,0.2545240498983349,0.29729752564581685
qpc,42,124,0.2499468469010782,0.2972347911398381
qpc,42,125,0.31588409201661577,0.2971672412774684
qpc,42,126,0.30626559739405246,0.29709505076792025
qpc,42,127,0.31011552155916794,0.29699392660897106
qpc,42,128,0.3485094506661828,0.2968582500153396
qpc,42,129,0.35043990619649196,0.29676017955755224
qpc,42,130,0.35325050119295265,0.2966667636600133
qpc,42,131,0.4198362198118009,0.29653411969145405
qpc,42,132,0.2804163787236006,0.2964563089524134
qpc,42,133,0.26768437631541847,0.2963805957921197
qpc,42,134,0.32736006041371285,0.29630777815087034
qpc,42,135,0.3028995827594223,0.2962181100585873
qpc,42,136,0.3321733184048667,0.2960904424568429
qpc,42,137,0.3608966635165447,0.2960068858697118
qpc,42,138,0.2655399791210932,0.29594590649611235
qpc,42,139,0.3724894660940191,0.2958738973122654
qpc,42,140,0.3696688258330505,0.295745220173838
qpc,42,141,0.40337441273222385,0.29563299476124505
qpc,42,142,0.3435329240973364,0.2955120093858026
qpc,42,143,0.2560027167394797,0.29544322098249914
qpc,42,144,0.3790766234591151,0.2953449810576485
qpc,42,145,0.2460220930184178,0.29527573474803714
qpc,42,146,0.4144284195708833,0.29515868828561553
qpc,42,147,0.38866018480234754,0.29505209705476987
qpc,42,148,0.35497993225929847,0.29496062977040344
qpc,42,149,0.2677289982050668,0.2948829191291228
qpc,42,150,0.33527828956344413,0.2948268208617744
qpc,42,151,0.2325393366788132,0.2947438239890355
qpc,42,152,0.2601210118479067,0.2946579068891633
qpc,42,153,0.27700948734571895,0.29460142598455397
qpc,42,154,0.3111058766547241,0.2945033708042376
qpc,42,155,0.34260191016075475,0.2943727378270637
qpc,42,156,0.3666466783567279,0.29423006629659854
qpc,42,157,0.35364631740272506,0.29413166466476354
qpc,42,158,0.3638416728587644,0.2940134696855968
qpc,42,159,0.44361874654697364,0.29386631650341194
qpc,42,160,0.3339804177713511,0.29374806796913844
qpc,42,161,0.37355140707428236,0.2936332845534025
qpc,42,162,0.3537711761988207,0.2935462800466654
qpc,42,163,0.2951988184192072,0.29349554897854396
qpc,42,164,0.34373359864283853,0.2933975654604963
qpc,42,165,0.21229855046209434,0.2933283913479717
qpc,42,166,0.2505844852596881,0.2932560754068482
qpc,42,167,0.30961430356592373,0.29316426139813506
qpc,42,168,0.29046452693825253,0.29306614411384135
qpc,42,169,0.32702742356559744,0.29296276609206634
qpc,42,170,0.30381765303959973,0.2928627139015259
qpc,42,171,0.3518241989020579,0.292767785736277
qpc,42,172,0.33324716668429505,0.2926975206720286
qpc,42,173,0.30189658686380455,0.2926466411401268
qpc,42,174,0.3098170283557628,0.29255347368810025
qpc,42,175,0.3661881289565302,0.2924993725346749
qpc,42,176,0.3471926916514374,0.29241364257019026
qpc,42,177,0.26170804979908213,0.2923336140743991
qpc,42,178,0.394348078642305,0.29219869460590986
qpc,42,179,0.24763680985902334,0.29216751651687606
qpc,42,180,0.3258225531608758,0.2920883214806551
qpc,42,181,0.3547489060690876,0.2920105489831591
qpc,42,182,0.2102168344941007,0.29192228258210273
qpc,42,183,0.44138959054860927,0.2917784941611447
qpc,42,184,0.4473579031089553,0.2916624477378376
qpc,42,185,0.25639646590007514,0.29156003429093
qpc,42,186,0.31724103880342525,0.29150036352111103
qpc,42,187,0.3193222439263489,0.2914157550449538
qpc,42,188,0.354673015987801,0.29127491662815497
qpc,42,189,0.3645053849034563,0.29119693678643976
qpc,42,190,0.3439145834659605,0.29108107529055977
qpc,42,191,0.4165078361533678,0.2909772102272528
qpc,42,192,0.3330658609235403,0.29087958265206193
qpc,42,193,0.401122889627483,0.2907431753906324
qpc,42,194,0.44836900657407935,0.2905860824752116
qpc,42,195,0.41429295966008023,0.29048351426727154
qpc,42,196,0.3031292050007911,0.2903899295676648
qpc,42,197,0.3165303137629753,0.29028949073502985
qpc,42,198,0.25700763230416956,0.29018556919878186
qpc,42,199,0.3153735530982118,0.2901035113957438
qpc,42,200,0.40586506314929227,0.2900061487561602
qpc,42,201,0.2833276950369066,0.28990176802002937
qpc,42,202,0.25623596786994296,0.2898307313310408
qpc,42,203,0.38083351569443036,0.2896892331945323
qpc,42,204,0.3588817160852491,0.2896030506841347
qpc,42,205,0.3891450571552427,0.28949053349431836
qpc,42,206,0.26200078778406055,0.2894147521947592
qpc,42,207,0.27696699463569263,0.28935263139549466
qpc,42,208,0.3440460116948517,0.2892291448747509
qpc,42,209,0.4300036311003921,0.28909708053210226
qpc,42,210,0.32761931243676723,0.28897499317422287
qpc,42,211,0.35509545344539517,0.288886624642535
qpc,42,212,0.3249611413836015,0.28881235031434155
qpc,42,213,0.2585617420760777,0.2887546021420344
qpc,42,214,0.3708237093771977,0.28868198012505275
qpc,42,215,0.3797723705814233,0.2885838427112667
qpc,42,216,0.37472901074585435,0.28845223432812245
qpc,42,217,0.279020156874317,0.28842536575638783
qpc,42,218,0.28496511692610416,0.2883365658129605
qpc,42,219,0.31364506200527964,0.2882947504373168
qpc,42,220,0.3614746438214679,0.28818101211506847
qpc,42,221,0.28438102380513997,0.2880934998622294
qpc,42,222,0.3879612453234083,0.2879883352314198
qpc,42,223,0.3640186437020334,0.28787865077414393
qpc,42,224,0.3990919812433377,0.28775356767440113
qpc,42,225,0.31870337787064584,0.2876688942753443
qpc,42,226,0.37842410559601924,0.2875652415304752
qpc,42,227,0.3288192683509139,0.28746357435630276
qpc,42,228,0.41376137169488975,0.2872811316160589
qpc,42,229,0.30151377097486176,0.28716309910055743
qpc,42,230,0.3786211019993134,0.28705235048960004
qpc,42,231,0.35178979494906815,0.28693789273237746
qpc,42,232,0.30291540907638365,0.2868526142768235
qpc,42,233,0.33733642391298385,0.28677670743208156
qpc,42,234,0.3840284049944601,0.28666827006377693
qpc,42,235,0.22023232945075777,0.2866360811182768
qpc,42,236,0.3084317177555419,0.2865636984872547
qpc,42,237,0.30876826728008727,0.2864883095528819
qpc,42,238,0.2597824154001827,0.28639991622022537
qpc,42,239,0.3801734390509481,0.2862715547000723
qpc,42,240,0.2572067279509346,0.2861924741936959
qpc,42,241,0.3549135399705411,0.28609946581723067
qpc,42,242,0.2676610767898682,0.28603323103690786
qpc,42,243,0.28928264030692863,0.2859586285600348
qpc,42,244,0.31081698437272054,0.28585164246401523
qpc,42,245,0.2339296180580978,0.28578616236485344
qpc,42,246,0.3171683656002519,0.2857030844560472
qpc,42,247,0.36035902381441565,0.28556803967794836
qpc,42,248,0.3265071125625323,0.28547241154189523
qpc,42,249,0.2946481523046768,0.28536934463675073
qpc,42,250,0.3297105913857158,0.2852979866518917
qpc,42,251,0.33336643737718163,0.2852061973696258
qpc,42,252,0.31899051981427173,0.28509478545125055
qpc,42,253,0.3334206994221577,0.2850036297020848
qpc,42,254,0.35406418871538325,0.2848835260608025
qpc,42,255,0.2951277075999363,0.28481474234390486
qpc,42,256,0.28961790279398625,0.2847382881744015
qpc,42,257,0.41907100664239016,0.2846186392824369
qpc,42,258,0.4015644863049257,0.2844982961482401
qpc,42,259,0.2769618662408611,0.2844256552363963
qpc,42,260,0.3373875248329313,0.28432634105075977
qpc,42,261,0.35205028582735737,0.28422032151641885
qpc,42,262,0.297714521733964,0.28415221424969955
qpc,42,263,0.31192422243261747,0.2840440585433797
qpc,42,264,0.3161266352258054,0.2839562626723652
qpc,42,265,0.35428019360022056,0.28384373050232936
qpc,42,266,0.4017090769571365,0.28374273634638714
qpc,42,267,0.39657425833350546,0.2836078477456874
qpc,42,268,0.4267506966436549,0.283473127813833
qpc,42,269,0.37319311178520953,0.28335817150645587
qpc,42,270,0.22920015122699025,0.28327957149849997
qpc,42,271,0.3745636600343375,0.2831342472787078
qpc,42,272,0.2963926624857205,0.2830458127358266
qpc,42,273,0.3370686262114556,0.2829488078859952
qpc,42,274,0.3637097734868004,0.28284523327310823
qpc,42,275,0.2831353717564534,0.2827445914196029
qpc,42,276,0.36390245934393645,0.2826725900901083
qpc,42,277,0.29954220561911177,0.28256496974280026
qpc,42,278,0.44303551619498754,0.28245251215408773
qpc,42,279,0.28471784746598405,0.28236701039301726
qpc,42,280,0.3304372786543491,0.2822785760282795
qpc,42,281,0.3142811282915071,0.28219207563994086
qpc,42,282,0.25813919449473266,0.2821160777430662
qpc,42,283,0.2679790804580533,0.28203118836542285
qpc,42,284,0.3168280417816235,0.2819568146926849
qpc,42,285,0.27299516691057263,0.28186636273539417
qpc,42,286,0.3498523729867187,0.28175137478783324
qpc,42,287,0.353021838636066,0.2816262261997674
qpc,42,288,0.3935357425075006,0.2815189444745225
qpc,42,289,0.2932377135985029,0.2814336288631215
qpc,42,290,0.26678276890803554,0.28134190172923546
qpc,42,291,0.40795255220518245,0.28120533642523937
qpc,42,292,0.35273253837358765,0.28111450756843226
qpc,42,293,0.2774338709527575,0.2810142690842903
qpc,42,294,0.37543379704753405,0.2808855003400017
qpc,42,295,0.29522996132146323,0.2808261837839075
qpc,42,296,0.32721179566411895,0.28072685372895534
qpc,42,297,0.33536106882992633,0.2806538765353886
qpc,42,298,0.2762557037309916,0.2806042156042999
qpc,42,299,0.2758058846775021,0.2805622096099932
qpc,42,300,0.35762095518551823,0.28045461457860826
qpc,43,1,0.848385938525344,0.5907097616096982
qpc,43,2,0.6272080700593895,0.5904819384676386
qpc,43,3,0.6399434540763932,0.5901961459085141
qpc,43,4,0.6031118556365328,0.5898786662684045
qpc,43,5,0.7127805688743707,0.589535792148347
qpc,43,6,0.7794630479676129,0.5892575067302118
qpc,43,7,0.9227061533393033,0.5888701390746137
qpc,43,8,0.5484035447198474,0.5887073644221296
qpc,43,9,0.742838478927036,0.5884201883397213
qpc,43,10,0.7754667693009226,0.5880727647872689
qpc,43,11,0.791693678012646,0.5877865424763157
qpc,43,12,0.8152045105521615,0.5874126844439878
qpc,43,13,0.8236460349561403,0.5871220675749619
qpc,43,14,0.6079911622349412,0.5868459624144864
qpc,43,15,0.8198200124159355,0.5864877875726565
qpc,43,16,0.7558858062547598,0.5861660146099188
qpc,43,17,0.9594210623672508,0.5857368498914389
qpc,43,18,0.6186960283933625,0.5854037487770778
qpc,43,19,0.7400640381026964,0.5850932515120971
qpc,43,20,1.0079124993194748,0.5847189183520286
qpc,43,21,0.8892116237904886,0.5843360573862869
qpc,43,22,0.5929893127367182,0.5840755635475245
qpc,43,23,0.8577591092048891,0.583761508349455
qpc,43,24,0.5832183972605671,0.5835112614787329
qpc,43,25,0.6760311251256906,0.5832579439950126
qpc,43,26,0.8794512366168621,0.5828538569381578
qpc,43,27,0.7105704924397079,0.582479131046726
qpc,43,28,0.7070061024006187,0.5822244876664647
qpc,43,29,0.8190298011081716,0.5818746342365155
qpc,43,30,0.8041139102788468,0.5816020555057332
qpc,43,31,1.0650291214977041,0.5811720241731241
qpc,43,32,0.7692813430533636,0.580868888841775
qpc,43,33,0.7028291414750243,0.5806121272635337
qpc,43,34,0.7072713430092987,0.5803307994806888
qpc,43,35,0.677267220409633,0.5800649879952439
qpc,43,36,0.9384350737177423,0.5797863535474093
qpc,43,37,0.8433852699342359,0.5794543223160622
qpc,43,38,0.651771529596448,0.5791734346068431
qpc,43,39,0.5317749517274573,0.5789667737330608
qpc,43,40,0.6594657676269494,0.5786582953173518
qpc,43,41,0.8428725309598524,0.5782840759253854
qpc,43,42,0.6880818244530716,0.5780145087130082
qpc,43,43,0.8063187524691678,0.5777614896886741
qpc,43,44,0.6026523103921091,0.5774865006538271
qpc,43,45,0.8190492823392262,0.5771824904423264
qpc,43,46,0.7347489855878823,0.5768633582589316
qpc,43,47,0.5848389316950419,0.576610601768425
qpc,43,48,0.8787171976376137,0.5762943933898363
qpc,43,49,0.5855151303198107,0.5760212553417366
qpc,43,50,0.5524769199532081,0.5758047550796287
qpc,43,51,0.42249295334768033,0.5756793850203836
qpc,43,52,0.8783291090573149,0.5753606764065772
qpc,43,53,0.8001060838939825,0.575047070694771
qpc,43,54,0.5412333098808312,0.5748133418885291
qpc,43,55,0.8872246648198506,0.5744437528945
qpc,43,56,0.65653340141185,0.5741501184063202
qpc,43,57,0.7183417770121994,0.5738844883392098
qpc,43,58,0.650042779636341,0.5736761182034769
qpc,43,59,0.9276290250974709,0.5733275078747456
qpc,43,60,0.9209260872554137,0.5730047320642313
qpc,43,61,0.9368097318369566,0.572680882908879
qpc,43,62,0.8255699189619582,0.572356183796583
qpc,43,63,0.7722975030454415,0.5719886954677359
qpc,43,64,0.5870056081693805,0.5717875969912011
qpc,43,65,0.7488145768096519,0.571399378524066
qpc,43,66,0.5570286312223314,0.5711974197964583
qpc,43,67,0.7713000458744235,0.5709154705195439
qpc,43,68,0.8149695478040945,0.570638191885993
qpc,43,69,0.7179351982565628,0.5704117216511816
qpc,43,70,0.7711617746232677,0.5701075912751555
qpc,43,71,0.9333030478132871,0.5697679424426011
qpc,43,72,0.6967937029609794,0.56945289617851
qpc,43,73,0.7738493350578421,0.5691350464875213
qpc,43,74,0.826401170219966,0.5688330118681575
qpc,43,75,0.6744293476102878,0.5685583297273883
qpc,43,76,0.7086018516534134,0.568247484435824
qpc,43,77,0.7294236099884208,0.567909951957474
qpc,43,78,0.6575536742283117,0.5676098772440796
qpc,43,79,0.7263052808228456,0.5673339156223025
qpc,43,80,0.5753453217649183,0.5670802488840688
qpc,43,81,0.5715606704974817,0.566870954369807
qpc,43,82,0.4450818645455536,0.5666848857860644
qpc,43,83,0.7989288637666618,0.5663464561101823
qpc,43,84,0.7387861052155125,0.5660107738924866
qpc,43,85,0.7391061689007692,0.5656605111330388
qpc,43,86,0.895944325857388,0.5652177691536943
qpc,43,87,0.7698330302049222,0.5648924233450271
qpc,43,88,0.8012945698078398,0.564608295294395
qpc,43,89,0.7561840975402037,0.5643404817876149
qpc,43,90,0.6316561345398786,0.5641014343913171
qpc,43,91,0.7082909891064404,0.5639147031218936
qpc,43,92,0.5590054155972983,0.5637427584178593
qpc,43,93,0.6279770426246487,0.5634859204007909
qpc,43,94,0.7819541130551937,0.5631804682004284
qpc,43,95,0.8590765820818329,0.5628184065628951
qpc,43,96,0.5805404837095858,0.5625981284109501
qpc,43,97,0.7285065058224712,0.5623131264855761
qpc,43,98,0.7864242785443796,0.5619879027374387
qpc,43,99,0.5975146822998376,0.5617475489485562
qpc,43,100,0.7981048990902704,0.5614352115220961
qpc,43,101,0.6648147234639803,0.5611723504164282
qpc,43,102,0.7700863699369777,0.5608083941561283
qpc,43,103,0.6099364618072237,0.5604506302043092
qpc,43,104,0.760411278191588,0.5602100813865977
qpc,43,105,0.6133619659927332,0.5600056640729599
qpc,43,106,0.6535265986970686,0.5597633805744212
qpc,43,107,0.6138277087087676,0.5594874361433494
qpc,43,108,0.8217491424092284,0.5591776163370678
qpc,43,109,0.639764012681646,0.5589099113615522
qpc,43,110,0.49446445187556454,0.5586949679713306
qpc,43,111,0.8980948399520788,0.5583477696692978
qpc,43,112,0.6876997355135496,0.5580238855749381
qpc,43,113,0.6307681187597799,0.5578109737187579
qpc,43,114,0.6210204877536353,0.5575243468941093
qpc,43,115,0.5484745265792319,0.5573513327543447
qpc,43,116,0.8535732148902095,0.5570437992340171
qpc,43,117,0.5975328720006592,0.556762201082644
qpc,43,118,0.6926021091836216,0.5565242875198938
qpc,43,119,1.002978138441747,0.5561418879085989
qpc,43,120,0.7782698324764055,0.5557977006468376
qpc,43,121,0.5642468003519633,0.5555556702793651
qpc,43,122,0.7602260159457452,0.5552482061613594
qpc,43,123,0.6434389791415769,0.5550653096686224
qpc,43,124,0.8460897642206141,0.5547986626741765
qpc,43,125,0.6193150539335615,0.5545700300066708
qpc,43,126,0.6356109707692208,0.5543493424515313
qpc,43,127,0.6498978689182393,0.5540508621366542
qpc,43,128,0.7262434893194408,0.5537533631579571
qpc,43,129,0.7195524093461656,0.553473004443528
qpc,43,130,0.5814857521171319,0.5532239385725265
qpc,43,131,0.6127191891984567,0.5529627953371204
qpc,43,132,0.759213719998221,0.5526718541967874
qpc,43,133,0.7410974167337583,0.5523754545599342
qpc,43,134,0.6463795810967701,0.5520896705912305
qpc,43,135,0.7135384607880279,0.5518002005452639
qpc,43,136,0.8253097671588744,0.5514891620136884
qpc,43,137,0.7136201023397347,0.5512496091012072
qpc,43,138,0.8003305910856576,0.5509557358070883
qpc,43,139,0.6733371899670593,0.5506996442235433
qpc,43,140,0.6043421097953329,0.5503947427607395
qpc,43,141,0.6389554227067794,0.5500859921277185
qpc,43,142,0.7307987318604943,0.5497710592149122
qpc,43,143,0.743168760274278,0.5495681871058368
qpc,43,144,0.7244572511237365,0.5492983047804292
qpc,43,145,0.597812682405334,0.5490460500299544
qpc,43,146,0.717979219025115,0.5487684007944579
qpc,43,147,0.6228999415068239,0.5485183225196317
qpc,43,148,0.8830728291622274,0.5481223056898342
qpc,43,149,0.5551094134722575,0.5478642369503568
qpc,43,150,0.849519233079974,0.547503351883629
qpc,43,151,0.6785777661442547,0.5472602649664123
qpc,43,152,0.703684094420138,0.547035648872817
qpc,43,153,0.6873692991869973,0.5467528653036486
qpc,43,154,0.5188769506295,0.5465286813914031
qpc,43,155,0.7953902339756489,0.5462468114024296
qpc,43,156,0.5299925898548377,0.545976850727955
qpc,43,157,0.6038806848720628,0.5456998391290481
qpc,43,158,0.5577095973745859,0.5454504534845851
qpc,43,159,0.7271373338520699,0.5452490642462451
qpc,43,160,1.0418361115839674,0.5448806649419408
qpc,43,161,0.5044656336593059,0.5447172423144643
qpc,43,162,0.670522358329149,0.5445234583205338
qpc,43,163,0.7409944136685356,0.5442488896567677
qpc,43,164,0.694527597170794,0.5439710389697198
qpc,43,165,0.7927791798740702,0.5436242540894437
qpc,43,166,0.5732367317595888,0.5433644771809564
qpc,43,167,0.7298767342420669,0.543078660613084
qpc,43,168,0.8476911363257726,0.5427661303194986
qpc,43,169,0.5792692635157878,0.5425568193857503
qpc,43,170,0.6719213411750982,0.5423114692284012
qpc,43,171,0.9200822436911745,0.5419298678965837
qpc,43,172,0.5689198066424027,0.5416926570773436
qpc,43,173,0.7758034575612572,0.5414193726413667
qpc,43,174,0.7133866693311135,0.5411851051588714
qpc,43,175,0.7026978431995003,0.5409162812657121
qpc,43,176,0.6688211498488478,0.5406541180888991
qpc,43,177,0.7505678956345179,0.540396606837247
qpc,43,178,0.6056085703510736,0.5401589874412654
qpc,43,179,0.6944709322746327,0.5398268007620323
qpc,43,180,0.6025170307972274,0.5396032798216227
qpc,43,181,0.6851311939033001,0.5393437741169982
qpc,43,182,0.7342282082799011,0.5390074541742066
qpc,43,183,0.6100746149205653,0.5387573351244446
qpc,43,184,0.719564082460068,0.5384639750353364
qpc,43,185,0.5932413724817646,0.5382304594004652
qpc,43,186,0.42220993899324877,0.538060984338224
qpc,43,187,0.9061998651684784,0.5376545037351952
qpc,43,188,0.9913282312000313,0.5372746184094153
qpc,43,189,0.5467881314062872,0.5370900286513243
qpc,43,190,0.6935767104708308,0.5367486904257148
qpc,43,191,0.8703990169410545,0.5364357984401527
qpc,43,192,0.641370436214198,0.5361783404901503
qpc,43,193,0.7113767158313384,0.5359191214545224
qpc,43,194,0.7822795683545131,0.5356379009398563
qpc,43,195,0.5678980799664495,0.5354166714438482
qpc,43,196,0.6203239690565665,0.5351683595584709
qpc,43,197,0.6141036221042053,0.5349319213753261
qpc,43,198,0.5633334357839186,0.5347397608587751
qpc,43,199,0.6323961907775868,0.5344419120785973
qpc,43,200,0.5250527733333452,0.5342109874667499
qpc,43,201,0.6614231648980569,0.5339502174876863
qpc,43,202,0.6443963267465265,0.5337263015004096
qpc,43,203,0.5318905810620436,0.533564977977424
qpc,43,204,0.6696138291900517,0.5333008584154773
qpc,43,205,0.6124834626324311,0.5331030072143812
qpc,43,206,0.5088840943891981,0.5329282107722797
qpc,43,207,0.769038031007993,0.5326305853422512
qpc,43,208,0.5716225514035999,0.5324636614222766
qpc,43,209,0.6707734028816033,0.5322793336525715
qpc,43,210,0.6335199911012257,0.5321032833754498
qpc,43,211,0.584371685723562,0.53195414864684
qpc,43,212,0.8371778304998936,0.5316601938311609
qpc,43,213,0.9676598998591024,0.5312786732462683
qpc,43,214,0.6983423798432047,0.5310618759461452
qpc,43,215,0.7693166677681818,0.5307991849248311
qpc,43,216,0.8197087757411964,0.5304967175753094
qpc,43,217,0.9495482903579049,0.5302017589679281
qpc,43,218,0.944404511092279,0.5298357378114174
qpc,43,219,0.6501883052973608,0.5295816148405491
qpc,43,220,0.6557319665981431,0.5293390843877027
qpc,43,221,0.4986442895411064,0.5291355236620662
qpc,43,222,0.655686289532594,0.5289092178052217
qpc,43,223,0.5664520261617112,0.5286774576703778
qpc,43,224,0.7583542467304968,0.5284137196997375
qpc,43,225,0.6912984755884912,0.5281305919136862
qpc,43,226,0.7881862265642264,0.5278161708791672
qpc,43,227,0.8335382503545545,0.5275296598703951
qpc,43,228,0.5934575208141984,0.5273608430467589
qpc,43,229,0.5904425984067915,0.5271541757388181
qpc,43,230,0.5855247430712547,0.5269196049871808
qpc,43,231,0.544526774597967,0.5267402548137899
qpc,43,232,0.6491929929950876,0.5265166228893136
qpc,43,233,0.8562928530380116,0.5261086326008849
qpc,43,234,0.8429046194869354,0.5258109528389354
qpc,43,235,0.6663203191558246,0.5255819385819063
qpc,43,236,0.5319264327892879,0.5253748785863586
qpc,43,237,0.8385301702239835,0.5250873207875146
qpc,43,238,0.5583423750229721,0.524849875281722
qpc,43,239,0.7453960663679335,0.5245612679352888
qpc,43,240,0.5666327174198855,0.5243459016903906
qpc,43,241,0.5531351018411768,0.5241279682644735
qpc,43,242,0.4137416473958052,0.5239652306752896
qpc,43,243,0.5319469567452947,0.5237346956163712
qpc,43,244,0.6588584449833987,0.5235190711941968
qpc,43,245,0.7341326432782765,0.5232115244800971
qpc,43,246,0.6919876276262497,0.5229973780514813
qpc,43,247,0.5766704190968209,0.5228082873211167
qpc,43,248,0.9055809303597895,0.5224072055224678
qpc,43,249,0.5431017399308206,0.5221643061373893
qpc,43,250,0.6863965234619264,0.5218853124861785
qpc,43,251,0.8372476229097491,0.521552897538839
qpc,43,252,0.7787976250631448,0.5212694743200725
qpc,43,253,0.5153147435272747,0.5210858500444925
qpc,43,254,0.9457799284239486,0.5207477517263205
qpc,43,255,0.933081204147937,0.5204303407190715
qpc,43,256,0.7135135271160318,0.520225467997757
qpc,43,257,0.6651072418502026,0.5199567979150688
qpc,43,258,0.7672187049166672,0.5197230610725685
qpc,43,259,0.5474188934783261,0.5195050791133696
qpc,43,260,0.5829887194027339,0.5193056039888493
qpc,43,261,0.820798638191234,0.5189746507767938
qpc,43,262,0.6703404626468441,0.5186339283903418
qpc,43,263,0.48727765463506795,0.5184737580026098
qpc,43,264,0.6550399069609775,0.5183059811264413
qpc,43,265,0.6079905213147759,0.5180757812709875
qpc,43,266,0.6618161943363937,0.5178846202986969
qpc,43,267,0.7491429370849061,0.5176003168351951
qpc,43,268,0.8287248216732328,0.5173432773269926
qpc,43,269,0.7561362780940517,0.5170798624011538
qpc,43,270,0.7554157374336307,0.5168406520380914
qpc,43,271,0.4525195675849681,0.5166530474364877
qpc,43,272,0.4818221117665724,0.5165391817435132
qpc,43,273,0.6163539307554375,0.5163291443019674
qpc,43,274,0.6331081036072159,0.5161751648258653
qpc,43,275,0.6059216181644707,0.5159735583095089
qpc,43,276,0.42802585032122525,0.5158126975792224
qpc,43,277,0.8347009664894082,0.5155097673148475
qpc,43,278,0.6515354240710376,0.515292551042297
qpc,43,279,0.8821339328384119,0.5150318375912918
qpc,43,280,0.6769808163551212,0.514761233723201
qpc,43,281,0.5322396641075067,0.514554908262562
qpc,43,282,0.5799790905351452,0.5143932548250725
qpc,43,283,0.735845509319631,0.5141437071709081
qpc,43,284,0.6961790183435368,0.5138800681524306
qpc,43,285,0.7014219436822929,0.5135724413289852
qpc,43,286,0.6679366535881766,0.5133934592598834
qpc,43,287,0.7487183632526304,0.5131026774446356
qpc,43,288,0.7825945973266288,0.5127864754398455
qpc,43,289,0.6766849820619649,0.5124994969501779
qpc,43,290,0.901278299755487,0.5121565284140357
qpc,43,291,0.8627924670307582,0.5119607922294603
qpc,43,292,0.7917638065002695,0.5117480077387159
qpc,43,293,0.7024149016420411,0.5115534349060731
qpc,43,294,0.5971720848781996,0.511387692879305
qpc,43,295,0.5178694632126855,0.51121457850575
qpc,43,296,0.5392023373620096,0.5109840822950431
qpc,43,297,0.7796825588395963,0.5107324448582828
qpc,43,298,0.4199307875580082,0.5105753016338018
qpc,43,299,0.47177497165727084,0.5103636437822979
qpc,43,300,0.6164627190480612,0.5101334003078357
qpc,44,1,0.38781524181382665,0.47942380579987914
qpc,44,2,0.3494104832836444,0.47925382716550624
qpc,44,3,0.3993741607618265,0.47900564472559626
qpc,44,4,0.4178606653370964,0.47880525212290503
qpc,44,5,0.37992499009833447,0.4785637712761631
qpc,44,6,0.5939461417323021,0.4781965304259362
qpc,44,7,0.5906893619982037,0.47782898735418305
qpc,44,8,0.45406409902200867,0.4775301401499811
qpc,44,9,0.5482305935940892,0.47719109636602824
qpc,44,10,0.44652750854009193,0.4769175232362703
qpc,44,11,0.5179800583566836,0.4765743440683968
qpc,44,12,0.5079658158652223,0.4762769277331878
qpc,44,13,0.4929354352803688,0.47598516117248046
qpc,44,14,0.4299035488255305,0.4757258585219613
qpc,44,15,0.49302209747011927,0.47542103221122184
qpc,44,16,0.5771414426608878,0.4751178199954903
qpc,44,17,0.5400742866000474,0.474749723485647
qpc,44,18,0.4055402480201713,0.4745065053992879
qpc,44,19,0.3780955296783748,0.47422317921467066
qpc,44,20,0.5136485296027845,0.4739792529791399
qpc,44,21,0.4389008753564724,0.47370864018439296
qpc,44,22,0.3063874120922694,0.4735289861565964
qpc,44,23,0.3699385249774979,0.47340089164469024
qpc,44,24,0.570243665824993,0.4730586512510842
qpc,44,25,0.4649161565761081,0.47280748558731694
qpc,44,26,0.5762912176555504,0.47246879524827684
qpc,44,27,0.583432356901429,0.472129050005012
qpc,44,28,0.4589761668823122,0.4718094852237011
qpc,44,29,0.5261068591916044,0.47148422603607915
qpc,44,30,0.5967133629414337,0.47117840955364704
qpc,44,31,0.4404849575509828,0.4708790829071499
qpc,44,32,0.52107547965778,0.4705730526041385
qpc,44,33,0.6528275387824883,0.47022005455459076
qpc,44,34,0.5127889384232445,0.469930962959425
qpc,44,35,0.4731089250682544,0.46965174902165746
qpc,44,36,0.500095678078301,0.4693821680765845
qpc,44,37,0.47505824643583483,0.4690862213649782
qpc,44,38,0.47206327388021035,0.4688354957192805
qpc,44,39,0.4841382787351268,0.4685442580610309
qpc,44,40,0.36802392670547746,0.4682838013406722
qpc,44,41,0.47005785428150537,0.4680447947818583
qpc,44,42,0.5042281929010035,0.46775080419001247
qpc,44,43,0.33492598449920047,0.4675570318709663
qpc,44,44,0.5274474325174066,0.46723172437352467
qpc,44,45,0.5441725779776987,0.466885868035469
qpc,44,46,0.4620955707338643,0.46664076773641955
qpc,44,47,0.6300402227212765,0.4663393771843612
qpc,44,48,0.5064950419468115,0.4660775944202941
qpc,44,49,0.5218787240570074,0.4657689679043483
qpc,44,50,0.5390994451155744,0.4654098718801787
qpc,44,51,0.5118713441881483,0.46506714539899735
qpc,44,52,0.5507231414974654,0.4647126188570417
qpc,44,53,0.5116035684133006,0.4644162412170962
qpc,44,54,0.6304245378982676,0.4640271912479126
qpc,44,55,0.3966338365364148,0.46375428000605246
qpc,44,56,0.4624604357181334,0.46343863655249173
qpc,44,57,0.5763205877583115,0.463069452632996
qpc,44,58,0.5130000409273785,0.4627612306760103
qpc,44,59,0.48224897320751403,0.46249024330159755
qpc,44,60,0.5725256160204168,0.46218552977058025
qpc,44,61,0.5110793016074164,0.4618455296154281
qpc,44,62,0.48792596729416754,0.4615661654430686
qpc,44,63,0.5056540729636892,0.46126685950407476
qpc,44,64,0.6892858279721763,0.46086806572673644
qpc,44,65,0.531891045354801,0.460587495291685
qpc,44,66,0.5501192863733079,0.4601942355242648
qpc,44,67,0.3966806426201291,0.45995715977413765
qpc,44,68,0.5507481711066903,0.4596003706304256
qpc,44,69,0.3337646039610836,0.45942350805895116
qpc,44,70,0.42501893642818883,0.45920684758727803
qpc,44,71,0.4151596080136528,0.4589631251143725
qpc,44,72,0.6171294361718223,0.45861562782076454
qpc,44,73,0.36591899840584674,0.4584146891077746
qpc,44,74,0.556912682427983,0.45804411693343067
qpc,44,75,0.5597229569426244,0.4577078903281589
qpc,44,76,0.4736862076166002,0.4574189031702435
qpc,44,77,0.5500326860233135,0.4570906965822119
qpc,44,78,0.39539304908383877,0.4568461093893332
qpc,44,79,0.41373887276241006,0.4565805970197759
qpc,44,80,0.42776013743411667,0.45631809838747506
qpc,44,81,0.5788327186622788,0.45605366666709407
qpc,44,82,0.431983764494935,0.45580254710487694
qpc,44,83,0.44761505243716376,0.4555026554681573
qpc,44,84,0.5447983653574859,0.4552122569463876
qpc,44,85,0.5410614579219031,0.4548923985078768
qpc,44,86,0.5232749868979516,0.454545632263826
qpc,44,87,0.45935447854602235,0.4542501453189557
qpc,44,88,0.4405626074111844,0.45400969469932945
qpc,44,89,0.4118702333359853,0.4536997724298554
qpc,44,90,0.6069048448060553,0.45337803850532044
qpc,44,91,0.4177929866958703,0.45309549900894674
qpc,44,92,0.512126049095309,0.45283265050264776
qpc,44,93,0.5088988453368246,0.452501553769558
qpc,44,94,0.4442841838373853,0.45221900323034175
qpc,44,95,0.5654998391011723,0.4519499721941185
qpc,44,96,0.5192037818929126,0.45162972465687073
qpc,44,97,0.40561930788430683,0.45132134259704093
qpc,44,98,0.45681396158365456,0.4510765019638761
qpc,44,99,0.4794888448110377,0.45078079412391947
qpc,44,100,0.48897893704760087,0.4504972398130468
qpc,44,101,0.6208297402714513,0.4501242335590549
qpc,44,102,0.6203239970012109,0.44975552200796604
qpc,44,103,0.5348266413535414,0.4494074731750378
qpc,44,104,0.4598665968846529,0.44914776658411154
qpc,44,105,0.3552743982509041,0.4489032149763837
qpc,44,106,0.46600990871231396,0.44863873097700935
qpc,44,107,0.62261629517735,0.448293723517162
qpc,44,108,0.33744638379787095,0.44813457017284886
qpc,44,109,0.40156682005901156,0.4478753933525302
qpc,44,110,0.4517282095449724,0.44757179879392783
qpc,44,111,0.42850610896831554,0.4473673539240675
qpc,44,112,0.42276274923581636,0.4471086351298164
qpc,44,113,0.40023224205605223,0.4468862739054766
qpc,44,114,0.526654593945119,0.4466562371782501
qpc,44,115,0.4794686849692318,0.44640844331580204
qpc,44,116,0.46652941318158864,0.44615525103358883
qpc,44,117,0.39765612523538074,0.44597413249251044
qpc,44,118,0.4554402423445595,0.44575729828491933
qpc,44,119,0.5041139965581589,0.4454340656836123
qpc,44,120,0.47483855919507156,0.44517562146771295
qpc,44,121,0.45395705778897544,0.44490519534833445
qpc,44,122,0.5285251777638464,0.4446282806507205
qpc,44,123,0.46899275719903755,0.44439099013387334
qpc,44,124,0.5441723245098524,0.4440828431568622
qpc,44,125,0.5639549963552564,0.4437491297309052
qpc,44,126,0.516913253343056,0.4434395616437035
qpc,44,127,0.42038567918851166,0.4432057267706548
qpc,44,128,0.4083058325087381,0.44294393900828494
qpc,44,129,0.4541041535729372,0.44272633044818
qpc,44,130,0.4477383724930136,0.44249981716133335
qpc,44,131,0.46386950029930785,0.44224251390342856
qpc,44,132,0.48712200489448065,0.4419761360131839
qpc,44,133,0.4329179122739573,0.4417180061195964
qpc,44,134,0.40964061108671546,0.4415170959886265
qpc,44,135,0.34147249160086507,0.4413160833555827
qpc,44,136,0.5345342924287939,0.4410050451607998
qpc,44,137,0.5252590420605068,0.4406664615928411
qpc,44,138,0.4221175781032146,0.4404322932368829
qpc,44,139,0.45500464202319824,0.4401601046919874
qpc,44,140,0.43525806258516236,0.4399696619590934
qpc,44,141,0.46490985889371256,0.43972751814865113
qpc,44,142,0.43786671382486364,0.43941321426722346
qpc,44,143,0.3926146748186623,0.4391632535323537
qpc,44,144,0.43359843119850183,0.4389408783591344
qpc,44,145,0.4383482655851648,0.43866724964066395
qpc,44,146,0.4620619609499713,0.4384255085285175
qpc,44,147,0.528544867085148,0.4381328147491875
qpc,44,148,0.4846076146241278,0.4378447774839637
qpc,44,149,0.4146272642346581,0.43755990167725317
qpc,44,150,0.36693118621774146,0.4373322508991538
qpc,44,151,0.3936084971157297,0.4370963675364834
qpc,44,152,0.422421800015094,0.4368682601598117
qpc,44,153,0.4292146695712603,0.43665892143737667
qpc,44,154,0.5670757866080456,0.43640151985695863
qpc,44,155,0.5179186403551788,0.4361284595478459
qpc,44,156,0.388619756440233,0.4359305810857635
qpc,44,157,0.4369733030544561,0.43568084995630474
qpc,44,158,0.3618378153945326,0.43547107374593846
qpc,44,159,0.4123858214735413,0.4352011110109855
qpc,44,160,0.5270529248398201,0.43497479780411624
qpc,44,161,0.41106913321945765,0.4347397244594245
qpc,44,162,0.465019165944893,0.4344509638033259
qpc,44,163,0.5124087517299996,0.4341888841432652
qpc,44,164,0.4538914444729927,0.43399461619233504
qpc,44,165,0.24517689079515426,0.43388216295549464
qpc,44,166,0.4874640908189334,0.433593747156062
qpc,44,167,0.4818548588903909,0.43338644594196546
qpc,44,168,0.43051043689990376,0.43317533604299385
qpc,44,169,0.3551709608347215,0.43301424978368735
qpc,44,170,0.4250489799848953,0.43272743074332165
qpc,44,171,0.4485517503250974,0.4325583075447232
qpc,44,172,0.4383684531928783,0.43227345829317493
qpc,44,173,0.42375246438593317,0.4320593293497503
qpc,44,174,0.6274990224350383,0.4317304641389526
qpc,44,175,0.443656691289406,0.4315564153005225
qpc,44,176,0.35507916722387745,0.43139266946475685
qpc,44,177,0.4487148524873805,0.4311340483852019
qpc,44,178,0.4380113908653318,0.4309142930324962
qpc,44,179,0.4357276234099158,0.4306671819322173
qpc,44,180,0.5838095301985027,0.43030264455557987
qpc,44,181,0.3104298242919533,0.430171893922995
qpc,44,182,0.5244008457268676,0.4299292024905763
qpc,44,183,0.4197354782227895,0.42971973008535475
qpc,44,184,0.5214821492434947,0.42940873817113273
qpc,44,185,0.49779133542878207,0.42918789422123493
qpc,44,186,0.6192274522771933,0.42882551144444586
qpc,44,187,0.47908515969989235,0.428619800198677
qpc,44,188,0.5362439451947791,0.42833777960348757
qpc,44,189,0.43865072699547014,0.42813728482493946
qpc,44,190,0.48315598669232723,0.42794449507255894
qpc,44,191,0.5342199277685007,0.4276603606908205
qpc,44,192,0.4746772146813546,0.4274525695965202
qpc,44,193,0.4130644372384129,0.42721149688027993
qpc,44,194,0.42614868384584953,0.4270084310153185
qpc,44,195,0.5615410189598478,0.4266592481353936
qpc,44,196,0.3756622601841183,0.42648595794457617
qpc,44,197,0.5417911222901727,0.4262000190099869
qpc,44,198,0.38642637711374583,0.4259690054380321
qpc,44,199,0.4242707216697111,0.4257518295376087
qpc,44,200,0.42811151905285516,0.42554622448129775
qpc,44,201,0.47308472035375093,0.42534095283034656
qpc,44,202,0.43164150190517336,0.42508071174247825
qpc,44,203,0.4562327126016452,0.4248686897360908
qpc,44,204,0.3641014980021774,0.4246805553954704
qpc,44,205,0.35385460963594806,0.4244920154244538
qpc,44,206,0.42035038255921975,0.42430426392004117
qpc,44,207,0.43737976812134466,0.4240825440986914
qpc,44,208,0.39300053761268106,0.42383420555990875
qpc,44,209,0.3639605549090733,0.4236558569016638
qpc,44,210,0.4174121635048142,0.4234073493906131
qpc,44,211,0.34294174049327486,0.42320799839314954
qpc,44,212,0.3824256353874309,0.42298308956507463
qpc,44,213,0.4117215398925663,0.42274315683188957
qpc,44,214,0.5217724969431226,0.4224691464214508
qpc,44,215,0.5259360544607123,0.4222038608612701
qpc,44,216,0.49810233811970295,0.42195747019078106
qpc,44,217,0.4507645447664786,0.4217184523643018
qpc,44,218,0.4712562085344297,0.4215001677283183
qpc,44,219,0.38105355192300716,0.42132317192421986
qpc,44,220,0.45374368374139873,0.421082976800001
qpc,44,221,0.31358407454827575,0.4209083731832615
qpc,44,222,0.5360305717320619,0.42064401258487566
qpc,44,223,0.5618259124415653,0.4204182796602496
qpc,44,224,0.4868341087444864,0.42020505511063
qpc,44,225,0.4666153103537898,0.4199801573283495
qpc,44,226,0.46301279490560204,0.41977293893912726
qpc,44,227,0.4429535602772898,0.4195064426844412
qpc,44,228,0.4845435604415725,0.41924724051273904
qpc,44,229,0.35984743983505457,0.4189970979285198
qpc,44,230,0.4492443503620607,0.41883764160256204
qpc,44,231,0.5111755169120987,0.4185917428498207
qpc,44,232,0.37312573127239657,0.4183946686697112
qpc,44,233,0.404376496527318,0.4182122006481038
qpc,44,234,0.32448963689833166,0.41804757663385783
qpc,44,235,0.35526741273265655,0.417831562426274
qpc,44,236,0.4546945569253871,0.41764100740679766
qpc,44,237,0.6000197331337453,0.41734818237701315
qpc,44,238,0.41820017578791946,0.41714651549037146
qpc,44,239,0.42793252263049386,0.41690897889685025
qpc,44,240,0.45128118661906247,0.41672385575462123
qpc,44,241,0.4439254790165139,0.41649827985233545
qpc,44,242,0.5834904357939414,0.4162457282299772
qpc,44,243,0.5323685990364007,0.4160505853754023
qpc,44,244,0.544870567348559,0.4158058106430233
qpc,44,245,0.5055930300300997,0.41555727518246116
qpc,44,246,0.4664374721197604,0.4153920354662167
qpc,44,247,0.311305959791585,0.41528962250969015
qpc,44,248,0.501409139094144,0.4150388523719018
qpc,44,249,0.3930522484178044,0.41481130514422054
qpc,44,250,0.4979569197562496,0.4146143523451669
qpc,44,251,0.41753052165467824,0.4144047719834458
qpc,44,252,0.43515264355586736,0.41414572284430556
qpc,44,253,0.394162072214116,0.4139459193355791
qpc,44,254,0.4409245837035733,0.4137293981466207
qpc,44,255,0.4515089019926041,0.4135288751161856
qpc,44,256,0.5825664385173861,0.41327755940935834
qpc,44,257,0.5724459709264798,0.4130108761138386
qpc,44,258,0.4335940046863491,0.4128469879939645
qpc,44,259,0.39204486440327135,0.4126623377388884
qpc,44,260,0.3997415852019167,0.41251438380147804
qpc,44,261,0.4572759217505023,0.41229253226746987
qpc,44,262,0.41789910824182835,0.41212286593295155
qpc,44,263,0.29932231110555474,0.4120222140418012
qpc,44,264,0.4280435284146972,0.4118597466286841
qpc,44,265,0.4413279480988014,0.411676034718099
qpc,44,266,0.46796616519350276,0.4114570267646927
qpc,44,267,0.483511785108934,0.4112830461041906
qpc,44,268,0.4476233580766314,0.4111185291998928
qpc,44,269,0.44686285339399867,0.41093883059801134
qpc,44,270,0.3949710978302799,0.41079782821471195
qpc,44,271,0.4378923574626147,0.41057961575515994
qpc,44,272,0.3513988458140017,0.4104460263564532
qpc,44,273,0.4521465786183423,0.41022427832168135
qpc,44,274,0.40644787714722386,0.4100730795355641
qpc,44,275,0.3513327266117808,0.409898572098675
qpc,44,276,0.41794759618832766,0.4097283826283041
qpc,44,277,0.397472223549163,0.4095595445796498
qpc,44,278,0.3782790161479824,0.4094055228952724
qpc,44,279,0.45620293553103597,0.4092529407465722
qpc,44,280,0.3944830494863044,0.4091094679306396
qpc,44,281,0.504841829426488,0.40886847857088243
qpc,44,282,0.43090566721073564,0.40870429021852217
qpc,44,283,0.42074412923071214,0.40851363996859075
qpc,44,284,0.42922412316279135,0.40834668157022397
qpc,44,285,0.4311507948456823,0.40808611923546223
qpc,44,286,0.4577044488100409,0.40787789443722733
qpc,44,287,0.4201592477912576,0.4077131641890959
qpc,44,288,0.5713451758358801,0.40740586980926463
qpc,44,289,0.3797793547786702,0.4072460817507008
qpc,44,290,0.4498084117416755,0.40704913806742127
qpc,44,291,0.4260811616155013,0.4068536093783634
qpc,44,292,0.40281970370361353,0.4066508541269959
qpc,44,293,0.4631674332163528,0.4063805313291123
qpc,44,294,0.4319192331385397,0.40614675567623415
qpc,44,295,0.4309102784900777,0.4059477822896142
qpc,44,296,0.38561645677363654,0.40573738869692705
qpc,44,297,0.353274209589987,0.4056101161174648
qpc,44,298,0.3027517254560448,0.4054880503565413
qpc,44,299,0.42496963660969644,0.40526838200451887
qpc,44,300,0.38568022040825933,0.40517112437441205
qpc,45,1,0.4505089706551201,0.43457349857105826
qpc,45,2,0.3370640002917853,0.4345058399026993
qpc,45,3,0.36769896363854704,0.434428684758312
qpc,45,4,0.5596660743601968,0.4343198415389488
qpc,45,5,0.38338437892153454,0.43423966060761676
qpc,45,6,0.5984623815582801,0.4341033413100005
qpc,45,7,0.5865505991730973,0.43398993985052287
qpc,45,8,0.34415966092596706,0.433931793748082
qpc,45,9,0.4670005498210106,0.4338850861016727
qpc,45,10,0.3715256141288946,0.4338185887009
qpc,45,11,0.38430212895237004,0.43374673249046236
qpc,45,12,0.7054863596763996,0.4336038353352641
qpc,45,13,0.4226499301074205,0.4335094121684569
qpc,45,14,0.37586551134015345,0.4334489338114514
qpc,45,15,0.3339136504075503,0.4333669177265569
qpc,45,16,0.3365005134656365,0.43331313343015015
qpc,45,17,0.4892594356444512,0.4332059049440266
qpc,45,18,0.384857250935731,0.43313471086176125
qpc,45,19,0.4267230993754575,0.43303079925846644
qpc,45,20,0.5444695692360539,0.43294308581700763
qpc,45,21,0.3759698331132806,0.43286086449424055
qpc,45,22,0.30791214217958,0.43278854401548544
qpc,45,23,0.39802503782412235,0.43272835078695177
qpc,45,24,0.44588364622986804,0.4326107969677593
qpc,45,25,0.36384690014673865,0.4325341824064039
qpc,45,26,0.6025258809255034,0.4324264486018145
qpc,45,27,0.4112505272457824,0.43235466475129775
qpc,45,28,0.36304442241965246,0.43228699404496407
qpc,45,29,0.6302300336814611,0.4322010247666468
qpc,45,30,0.40524150382912516,0.43210747957449075
qpc,45,31,0.30071456957015785,0.4320400971139253
qpc,45,32,0.38721513473658753,0.43197899230892933
qpc,45,33,0.36352096750228113,0.4318743254295169
qpc,45,34,0.49478897675930755,0.4317911444445382
qpc,45,35,0.4247434902458805,0.4317155501185913
qpc,45,36,0.6892744076826044,0.43159442264868453
qpc,45,37,0.36199791166418915,0.4315553399987023
qpc,45,38,0.5377468899746752,0.4314348274739754
qpc,45,39,0.45397674983954606,0.431356175745143
qpc,45,40,0.5854749749515138,0.4312047563819225
qpc,45,41,0.3409781858935956,0.43115285502315137
qpc,45,42,0.6252376041955705,0.43104006751056545
qpc,45,43,0.5182935121370948,0.43091739537653095
qpc,45,44,0.40055615472690037,0.4308498694397352
qpc,45,45,0.5233556571533713,0.4307384065152779
qpc,45,46,0.44069645774041466,0.4306584928730682
qpc,45,47,0.40637290451912156,0.4305776230690257
qpc,45,48,0.526932464010305,0.43046180234647313
qpc,45,49,0.5899836703896972,0.43036279297297175
qpc,45,50,0.4077066201319892,0.4302820909833064
qpc,45,51,0.44816076606473354,0.43020471870673654
qpc,45,52,0.43139960689423235,0.43011971736008775
qpc,45,53,0.41299066375547255,0.43001948849215854
qpc,45,54,0.5477263571348571,0.4299101831717043
qpc,45,55,0.4372172554994501,0.42982830938945493
qpc,45,56,0.49315649457012406,0.4297207645097163
qpc,45,57,0.47445609851095133,0.42963860470275633
qpc,45,58,0.667324960518715,0.42949440940868827
qpc,45,59,0.41387766935546016,0.4294042420904954
qpc,45,60,0.4309631699129538,0.4293122310087995
qpc,45,61,0.3732670953195922,0.4292468352959637
qpc,45,62,0.3442295949521401,0.4291963674116361
qpc,45,63,0.5747767288757417,0.4291027572770372
qpc,45,64,0.44004118489078947,0.42903190478633313
qpc,45,65,0.35430065572043,0.42896395924776304
qpc,45,66,0.48427725591057985,0.4288728723011767
qpc,45,67,0.5422296592108795,0.4287904356670616
qpc,45,68,0.45832158237349135,0.42869813165861254
qpc,45,69,0.3915683852187173,0.4286293485028109
qpc,45,70,0.4764407325084998,0.4285044909993036
qpc,45,71,0.3552033454966196,0.4284396765399624
qpc,45,72,0.5867322730904545,0.4283074154587089
qpc,45,73,0.3805000432122977,0.42822102714134597
qpc,45,74,0.47138916334673886,0.42815415012048985
qpc,45,75,0.44994073504600773,0.42807269458458497
qpc,45,76,0.39996762281355347,0.4279741218018248
qpc,45,77,0.42404283292822864,0.42789042421077517
qpc,45,78,0.5360935658760864,0.42777301450128186
qpc,45,79,0.37796636053431204,0.4276954534084342
qpc,45,80,0.5473532687999768,0.42762413042731723
qpc,45,81,0.5458547270470595,0.4275041036683294
qpc,45,82,0.334843590209167,0.4274543432104194
qpc,45,83,0.44413295660962115,0.42734812628329116
qpc,45,84,0.4495684590514605,0.4272557065297551
qpc,45,85,0.41266781253487606,0.4271694579977527
qpc,45,86,0.4692973694644236,0.42705803763477773
qpc,45,87,0.40925585008285953,0.42697337757064885
qpc,45,88,0.5548027549720185,0.4268807720723166
qpc,45,89,0.50644941026868,0.42678192574874513
qpc,45,90,0.34928552050348227,0.4267126055047777
qpc,45,91,0.49626597426394553,0.4266107845687251
qpc,45,92,0.38438661959475257,0.42655154272213563
qpc,45,93,0.4604892618279721,0.4264844362572365
qpc,45,94,0.5166968974113514,0.4263887308252098
qpc,45,95,0.44507698902440673,0.42627837608583957
qpc,45,96,0.4293195623481733,0.42619190425765374
qpc,45,97,0.333512916569889,0.4261297518289431
qpc,45,98,0.38534538730155254,0.42605047344873054
qpc,45,99,0.31279411479613944,0.4259935227949157
qpc,45,100,0.3045624263227196,0.4259206236500304
qpc,45,101,0.49495649030771366,0.42580115515724265
qpc,45,102,0.4109004212380772,0.42573168841620795
qpc,45,103,0.5189407433211826,0.4256081788028984
qpc,45,104,0.4156844381300989,0.425519160905033
qpc,45,105,0.30563977761022426,0.42544026337501967
qpc,45,106,0.29625261336546904,0.4253931931017122
qpc,45,107,0.44601510238976394,0.42529783201593724
qpc,45,108,0.44475591292602445,0.42521369558339095
qpc,45,109,0.42101893671835505,0.42514807626470963
qpc,45,110,0.4140294257794765,0.42506287149403704
qpc,45,111,0.4001061658496553,0.42496255303055036
qpc,45,112,0.4624408274682946,0.4248608610922654
qpc,45,113,0.4123679848532549,0.424786467411083
qpc,45,114,0.36095351977497864,0.42473356268377443
qpc,45,115,0.37708481764395974,0.4246418795503697
qpc,45,116,0.4366716303998262,0.42456393610473325
qpc,45,117,0.44289086646193826,0.42445090246317163
qpc,45,118,0.3319018288594843,0.4243775873916817
qpc,45,119,0.6135257793747911,0.4242456754286671
qpc,45,120,0.38943363012050836,0.42415931473598556
qpc,45,121,0.40909824259404803,0.42406314724646826
qpc,45,122,0.2731125337082796,0.42401239982427685
qpc,45,123,0.5274270018183477,0.42391761658461563
qpc,45,124,0.44341033364448745,0.42380728783107735
qpc,45,125,0.6675593184106161,0.4236724876498032
qpc,45,126,0.39505821718504763,0.42358243234586157
qpc,45,127,0.4192155388179164,0.42349818004595446
qpc,45,128,0.38554093859626715,0.4234246894360842
qpc,45,129,0.44220513979091447,0.42333748374835045
qpc,45,130,0.4934616198523146,0.4232389534423336
qpc,45,131,0.3015898575156573,0.42319843363684767
qpc,45,132,0.5370605169627316,0.4230695630788379
qpc,45,133,0.5293308298675571,0.4229519155518874
qpc,45,134,0.3340668026889133,0.4229045709853752
qpc,45,135,0.40154864513694655,0.42282065266528024
qpc,45,136,0.32209174453808154,0.42276924535713156
qpc,45,137,0.34887376399942793,0.4226896079572738
qpc,45,138,0.4190992489973776,0.4225853204399897
qpc,45,139,0.49366031866958027,0.42250182794120794
qpc,45,140,0.3494746343880121,0.42240134458345857
qpc,45,141,0.5188459153934344,0.4223220922109053
qpc,45,142,0.2923961922771593,0.42225283145642095
qpc,45,143,0.43437926728656684,0.42216770583707053
qpc,45,144,0.47662434735353915,0.42205133834045455
qpc,45,145,0.5031035331779397,0.4219717917704453
qpc,45,146,0.3440334081745139,0.42189295843557567
qpc,45,147,0.4525443768888654,0.4217998971990201
qpc,45,148,0.5612248966119668,0.4216713570661725
qpc,45,149,0.36393646270519125,0.4215821365226277
qpc,45,150,0.40812889604521574,0.42150643946977745
qpc,45,151,0.32930241180773895,0.42144709464381813
qpc,45,152,0.5075867571421079,0.42138024954094744
qpc,45,153,0.4291516979680865,0.42130247480382593
qpc,45,154,0.37756736273940517,0.42120724776112045
qpc,45,155,0.4387532956507127,0.42114655688933633
qpc,45,156,0.35484011633941803,0.42106889228115874
qpc,45,157,0.44361116821530067,0.4209827733666884
qpc,45,158,0.4665992527718427,0.4208759373024767
qpc,45,159,0.28219433254828397,0.42083583141629305
qpc,45,160,0.42735398419288756,0.42073950192677545
qpc,45,161,0.5319228469717258,0.42065886249923407
qpc,45,162,0.3058667848876433,0.42058245328002
qpc,45,163,0.3674243232202171,0.4205283055779263
qpc,45,164,0.3880904525492328,0.4204357498726755
qpc,45,165,0.5507169169262754,0.42031972316423194
qpc,45,166,0.33345756470155313,0.42024777229836763
qpc,45,167,0.5759832860759991,0.42016106104154216
qpc,45,168,0.34690458371075494,0.42010917833495914
qpc,45,169,0.41287226390752996,0.4200257072244885
qpc,45,170,0.429678069718737,0.419915516427753
qpc,45,171,0.3451755958715117,0.41985392067101485
qpc,45,172,0.37483969462140676,0.41978524903091613
qpc,45,173,0.38292590963272544,0.41971571293290605
qpc,45,174,0.43620516439564844,0.41964281734168385
qpc,45,175,0.301186491859812,0.4195931786087764
qpc,45,176,0.41373106844097096,0.41950648468589885
qpc,45,177,0.6263271658450642,0.4193834917283609
qpc,45,178,0.3015161296367599,0.4193243265793368
qpc,45,179,0.6629062361577338,0.41917935942868684
qpc,45,180,0.41789311236071336,0.4190974766768329
qpc,45,181,0.4076930053005569,0.41899903080959994
qpc,45,182,0.4307206762011046,0.41889502822052177
qpc,45,183,0.49975399464628845,0.4188066942356636
qpc,45,184,0.45152518482461057,0.4187108409586629
qpc,45,185,0.40701799702308455,0.4186251828130775
qpc,45,186,0.41139252102679086,0.4185644484413268
qpc,45,187,0.4845437405778325,0.4184695320266225
qpc,45,188,0.5138004845893374,0.4183677128626882
qpc,45,189,0.4975852482305191,0.41826170280343233
qpc,45,190,0.4637146669427257,0.4181719206816522
qpc,45,191,0.4240295053295683,0.41809784901837316
qpc,45,192,0.39841311394776224,0.4180156396444217
qpc,45,193,0.4489547277266012,0.41794380226275524
qpc,45,194,0.41022150095776483,0.4178510305397094
qpc,45,195,0.32671534879698,0.41777604643409577
qpc,45,196,0.42664942459055166,0.417716414029947
qpc,45,197,0.39744163530684673,0.4176366518056433
qpc,45,198,0.3623021684352298,0.41755482218203355
qpc,45,199,0.4324630877555813,0.41747893609632364
qpc,45,200,0.4470228040708393,0.4173637269235419
qpc,45,201,0.4042715884522209,0.41728838184195355
qpc,45,202,0.4394611507438572,0.417213694318404
qpc,45,203,0.31605970020253293,0.4171530729581934
qpc,45,204,0.336775478153976,0.417078666191439
qpc,45,205,0.5022165700429343,0.41696506614878925
qpc,45,206,0.35818642625656244,0.41689423639187717
qpc,45,207,0.364452827632821,0.41682897361154553
qpc,45,208,0.44821098192192654,0.41675352043184627
qpc,45,209,0.4270198794221717,0.4166818753424651
qpc,45,210,0.49928955856898516,0.4165974470663064
qpc,45,211,0.4681896160274355,0.4164798776067233
qpc,45,212,0.3783486061562974,0.41640551424769695
qpc,45,213,0.4698684613520452,0.41630491921929447
qpc,45,214,0.4027208315335312,0.41622011806738235
qpc,45,215,0.4900472897339443,0.4161160366019304
qpc,45,216,0.41358658245047014,0.41601658404310343
qpc,45,217,0.4664906334382165,0.41594067730539885
qpc,45,218,0.3555832025308685,0.41584476549106
qpc,45,219,0.3683022079797533,0.41575380947338125
qpc,45,220,0.4312465511113686,0.4156619869036508
qpc,45,221,0.5471727979356271,0.4155586718876693
qpc,45,222,0.40828400494669104,0.41548627781594943
qpc,45,223,0.5290420081503083,0.41539658771117643
qpc,45,224,0.41559348702715404,0.41530184461167213
qpc,45,225,0.5422996194294997,0.41518117812012334
qpc,45,226,0.3977368709301284,0.41509674315246664
qpc,45,227,0.3660658619580147,0.4150154680774085
qpc,45,228,0.3121674873330509,0.4149547895098414
qpc,45,229,0.32681643130152865,0.4148784774370595
qpc,45,230,0.4144514982904456,0.4148074640115891
qpc,45,231,0.4286305501055736,0.4147313491796516
qpc,45,232,0.3154037207377237,0.41465925404300447
qpc,45,233,0.330710429728995,0.4145845731183168
qpc,45,234,0.3425443449980892,0.41450376294161506
qpc,45,235,0.4666809613251641,0.4144175510752641
qpc,45,236,0.6481250263465799,0.41431558925801437
qpc,45,237,0.3172785374643609,0.41424916993148153
qpc,45,238,0.44634017642617513,0.41416189299768896
qpc,45,239,0.4253827509389486,0.41408023238784913
qpc,45,240,0.4307463176307737,0.41402591857434573
qpc,45,241,0.346824609262596,0.41396602912287145
qpc,45,242,0.29011037644588905,0.4139095222997049
qpc,45,243,0.3000727897786568,0.4138348835411848
qpc,45,244,0.3040749568678487,0.41377053910649797
qpc,45,245,0.4104701241975338,0.41368432120747173
qpc,45,246,0.41298765472633897,0.41360055773686133
qpc,45,247,0.3866632235921089,0.41354058819020983
qpc,45,248,0.3243410811170707,0.41347176158393434
qpc,45,249,0.35529276643898705,0.41340796496106846
qpc,45,250,0.5067524180902948,0.4133170924872931
qpc,45,251,0.41154416244707653,0.4132238667283468
qpc,45,252,0.49033045227562194,0.413124394727187
qpc,45,253,0.34894670552580753,0.41305265665133045
qpc,45,254,0.3673575754692713,0.41298813301756543
qpc,45,255,0.3383744873701496,0.41291708603250576
qpc,45,256,0.43372100077364534,0.4128280839070086
qpc,45,257,0.3407555949262339,0.4127684986887249
qpc,45,258,0.3907300126903005,0.41267673690376866
qpc,45,259,0.3450646853962297,0.41261072896465417
qpc,45,260,0.38937739445132113,0.4125343700460767
qpc,45,261,0.30964337241333195,0.41248325055130214
qpc,45,262,0.5135767012634933,0.4123956337647353
qpc,45,263,0.3187751956931002,0.41232387408889665
qpc,45,264,0.40105201631839665,0.41222864556028116
qpc,45,265,0.49752333488697154,0.4121321258373261
qpc,45,266,0.4765371368637752,0.4120688536320497
qpc,45,267,0.37576389991999626,0.4119786467369772
qpc,45,268,0.47552585691999005,0.41190547739813044
qpc,45,269,0.4107412689852392,0.4118360876657397
qpc,45,270,0.4046656650355643,0.4117576204093465
qpc,45,271,0.35277778222262857,0.4116949421892458
qpc,45,272,0.4431502699540867,0.41159442604720814
qpc,45,273,0.3416723610886673,0.4115360903794908
qpc,45,274,0.31629056614645845,0.4114774321819832
qpc,45,275,0.432857543605606,0.4113749487427032
qpc,45,276,0.5280717284317655,0.41130845120408793
qpc,45,277,0.3181767643753788,0.4112552642248025
qpc,45,278,0.4833598277512004,0.41116513959027157
qpc,45,279,0.6491654864859715,0.4110186152656758
qpc,45,280,0.4985016328789127,0.41092965111329066
qpc,45,281,0.3982214175811797,0.4108391291753029
qpc,45,282,0.2741836790593595,0.4107755186891065
qpc,45,283,0.3202091477589792,0.41071958762809324
qpc,45,284,0.4674298207121811,0.41060600133687014
qpc,45,285,0.4292893278482809,0.4105037640147164
qpc,45,286,0.34000043053186263,0.41043959443106415
qpc,45,287,0.3927871317892455,0.4103668611891945
qpc,45,288,0.4504773940039208,0.4102607247377234
qpc,45,289,0.4326736202896079,0.4101691162507137
qpc,45,290,0.2502843077527133,0.4101068263012877
qpc,45,291,0.34048999173840777,0.41003355091343074
qpc,45,292,0.3335106366852394,0.409958372556337
qpc,45,293,0.40089305519003415,0.40988207738023974
qpc,45,294,0.2724253065792599,0.40980918575017083
qpc,45,295,0.3397758207745215,0.4097443858892296
qpc,45,296,0.3192459212999935,0.409685106317139
qpc,45,297,0.4414513610719435,0.4096027944659946
qpc,45,298,0.32347348737866083,0.40953653320270483
qpc,45,299,0.3443572614536155,0.40946594778324447
qpc,45,300,0.36989062724202093,0.4094152109848692
qpc,46,1,0.7259926407246273,0.5422717942497185
qpc,46,2,0.38644224794268345,0.5421761755589434
qpc,46,3,0.5036352439876539,0.5420103247871352
qpc,46,4,0.5343596044036321,0.5418886499579136
qpc,46,5,0.45985361740732644,0.5417762552772806
qpc,46,6,0.7658233113315316,0.5415608665573826
qpc,46,7,0.6292909547437406,0.5413715969207412
qpc,46,8,0.3658574651567459,0.5412607369380558
qpc,46,9,0.575849822763405,0.5411585930685071
qpc,46,10,0.43312746744821906,0.5410019587574487
qpc,46,11,0.7273602877232437,0.5408074957009082
qpc,46,12,0.42224919822792706,0.5406451743908038
qpc,46,13,0.5717913901562952,0.5405123705487579
qpc,46,14,0.7524923193091977,0.5402628833001805
qpc,46,15,0.4107744775469907,0.5401317181378199
qpc,46,16,0.44882620306856513,0.5400023099061761
qpc,46,17,0.4528119161977687,0.5398934187690081
qpc,46,18,0.5000846189348986,0.5397502937596211
qpc,46,19,0.4114724904730954,0.5396257931353944
qpc,46,20,0.7224903031124092,0.539522386773165
qpc,46,21,0.701908711917693,0.5393690426541569
qpc,46,22,0.4348928379304566,0.539279535533359
qpc,46,23,0.6426617189204888,0.5391260923435707
qpc,46,24,0.6633436448602344,0.5389184852778635
qpc,46,25,0.5279946150631701,0.5387834893483681
qpc,46,26,0.6015437192461044,0.5386168620606725
qpc,46,27,0.5960370444263943,0.5384314110043524
qpc,46,28,0.5464873946195932,0.5382973004177403
qpc,46,29,0.6720046689416241,0.5380972827457824
qpc,46,30,0.5538852145457867,0.537930999512072
qpc,46,31,0.6411481103993644,0.5377560213344263
qpc,46,32,0.5736800761499571,0.5376033048629068
qpc,46,33,0.48330036894827616,0.537482065445371
qpc,46,34,0.5537827349365939,0.5373770375387492
qpc,46,35,0.5258160484921698,0.5372399307326557
qpc,46,36,0.5073163362776411,0.5371284989719467
qpc,46,37,0.6139291793546228,0.5369066265631111
qpc,46,38,0.6630346275554114,0.5367672907801875
qpc,46,39,0.9732862315115518,0.5365287918694022
qpc,46,40,0.4866475665220258,0.5363870912908973
qpc,46,41,0.736838147313715,0.5362405430797706
qpc,46,42,0.4290055858675782,0.5361292387333758
qpc,46,43,0.44430576791381704,0.5360329838312882
qpc,46,44,0.5160993421517442,0.5358614679713174
qpc,46,45,0.7169730954609776,0.5356753146389623
qpc,46,46,0.5699503525885374,0.535474209713419
qpc,46,47,0.5719403855971013,0.5353378714823767
qpc,46,48,0.6835622742991925,0.5351833609745404
qpc,46,49,0.5937066143084064,0.5350224701708975
qpc,46,50,0.3332774604557593,0.5348872240671487
qpc,46,51,0.7572175193687398,0.5346715319071439
qpc,46,52,0.47665416903664676,0.5345710127546729
qpc,46,53,0.5504466925153375,0.5344292735418158
qpc,46,54,0.5157597405952203,0.5342552223100051
qpc,46,55,0.4788524871482797,0.5341479902625209
qpc,46,56,0.362023135533023,0.534048895856522
qpc,46,57,0.57228531919342,0.5338747001955919
qpc,46,58,0.40586422435220904,0.5337174082946731
qpc,46,59,0.4721519414849962,0.5335953344573094
qpc,46,60,0.5852624276267181,0.5334148924866838
qpc,46,61,0.48752558705645055,0.5332699969668594
qpc,46,62,0.6152692201139893,0.5331196560194119
qpc,46,63,0.4330393021752294,0.5330017322435697
qpc,46,64,0.703384215301688,0.5328150312620328
qpc,46,65,0.5029477013804908,0.5326651215242734
qpc,46,66,0.4775971128978489,0.5324905448578133
qpc,46,67,0.6808739296084152,0.5322602987225931
qpc,46,68,0.5683506399856642,0.5320944453564757
qpc,46,69,0.5605448567671614,0.5319215382606052
qpc,46,70,0.630654149440705,0.5317362803811793
qpc,46,71,0.48919616053011516,0.5315704078398911
qpc,46,72,0.5655904456300179,0.5314368767909172
qpc,46,73,0.6116350613698439,0.531288590280052
qpc,46,74,0.5040117960968642,0.5311706525086357
qpc,46,75,0.5571154198312629,0.5309836739463981
qpc,46,76,0.5825935346837647,0.5307926167570438
qpc,46,77,0.5605907466272066,0.5306625970349256
qpc,46,78,0.32612829270058746,0.5305490726016632
qpc,46,79,0.48668861453397827,0.5304403330732208
qpc,46,80,0.5902135911475822,0.5302403097274514
qpc,46,81,0.6947558786210066,0.5300168090722756
qpc,46,82,0.3691877223203033,0.5299069286134713
qpc,46,83,0.5829457868609063,0.5297027633936569
qpc,46,84,0.5982950227809274,0.5295226193137562
qpc,46,85,0.667274116257728,0.5292994531610902
qpc,46,86,0.5348942030033056,0.5291833002510675
qpc,46,87,0.46171514522214224,0.5290497045222671
qpc,46,88,0.5769751063352603,0.5288731268688435
qpc,46,89,0.5024340079557882,0.5287103050578627
qpc,46,90,0.39989665910977756,0.5286014566559645
qpc,46,91,0.7143807076899706,0.5283952372743039
qpc,46,92,0.452847977095562,0.5282979983374329
qpc,46,93,0.5324754364899446,0.5281241271082867
qpc,46,94,0.5452253881693343,0.5279771111587813
qpc,46,95,0.4452484083987839,0.527890193194888
qpc,46,96,0.4555438422430543,0.5277887702966254
qpc,46,97,0.44656478135271727,0.5276558934384805
qpc,46,98,0.6218454426464419,0.5274638876264754
qpc,46,99,0.41869799285959436,0.5273080019104963
qpc,46,100,0.5745937677577599,0.5271225955905208
qpc,46,101,0.6234507252966583,0.5268913428512134
qpc,46,102,0.5878874123163699,0.5266885182665199
qpc,46,103,0.42063304341686236,0.5265607553555576
qpc,46,104,0.387973849049993,0.526418732890547
qpc,46,105,0.4229111315188948,0.5262451721766599
qpc,46,106,0.39246856302656097,0.5261215664854149
qpc,46,107,0.4000314867589843,0.526018812535612
qpc,46,108,0.4731366106772076,0.5258642157554031
qpc,46,109,0.6366132807546834,0.5257289806702808
qpc,46,110,0.516563576837876,0.5255587170907244
qpc,46,111,0.5435518090305924,0.525386113911545
qpc,46,112,0.5561219780800746,0.5251998104783144
qpc,46,113,0.578233418886291,0.5250276501700132
qpc,46,114,0.5330197625433417,0.5248857536474136
qpc,46,115,0.5219159823973187,0.5247068770566153
qpc,46,116,0.643016197742178,0.5245084776147617
qpc,46,117,0.6275991436932569,0.524327748661321
qpc,46,118,0.6860443090153285,0.5241440536111364
qpc,46,119,0.7018938185758349,0.5239873233286202
qpc,46,120,0.69719815779163,0.5238125268456177
qpc,46,121,0.6148029503627875,0.523652824045229
qpc,46,122,0.4999435770609022,0.5235155532038253
qpc,46,123,0.6434449169633334,0.52334110999768
qpc,46,124,0.6397636958624153,0.5231453229453251
qpc,46,125,0.6952637253594797,0.5229519573741878
qpc,46,126,0.6090302824107561,0.5227490393679012
qpc,46,127,0.589021786029938,0.5225847412862777
qpc,46,128,0.38232620288293184,0.522481449181521
qpc,46,129,0.5219626124027594,0.5222879921857905
qpc,46,130,0.48576930761418874,0.5221408705634719
qpc,46,131,0.4068599521829058,0.52203711248732
qpc,46,132,0.7309598734420456,0.5218121309475318
qpc,46,133,0.5065568517733773,0.5217127302861256
qpc,46,134,0.5611213820865222,0.5215497708636646
qpc,46,135,0.4461280668944045,0.5214063237447587
qpc,46,136,0.5034613302494093,0.521242435315101
qpc,46,137,0.5372098866286708,0.5210601516184331
qpc,46,138,0.555144315167211,0.5208634988915644
qpc,46,139,0.6081717287138868,0.5206713364939533
qpc,46,140,0.5841347003579175,0.5204778236847446
qpc,46,141,0.6191770066536157,0.5202894522106566
qpc,46,142,0.43463716407301656,0.5201774814545806
qpc,46,143,0.6140330609770881,0.5199793517549874
qpc,46,144,0.5135882727724375,0.5198265282881283
qpc,46,145,0.5845053682614494,0.5196958263160532
qpc,46,146,0.6368589221038128,0.5194631133532753
qpc,46,147,0.5361653455079454,0.5193296064188123
qpc,46,148,0.4006603134596242,0.5191881908591661
qpc,46,149,0.41013452489249724,0.5190618226274397
qpc,46,150,0.7249746892098234,0.5188554436459921
qpc,46,151,0.6555986134702619,0.5186748583371504
qpc,46,152,0.6642952843342051,0.5185132859780217
qpc,46,153,0.4689034655975073,0.5183913526782015
qpc,46,154,0.6093178074727073,0.5182128443350186
qpc,46,155,0.4190216056666654,0.5180840012650088
qpc,46,156,0.3688765328033625,0.5179470422767722
qpc,46,157,0.4848285062904966,0.517772518671805
qpc,46,158,0.6250108983998085,0.5175904123866162
qpc,46,159,0.6772392829018963,0.5174038209255245
qpc,46,160,0.6005089519744273,0.5172196573479437
qpc,46,161,0.7396942456422761,0.5169947637244023
qpc,46,162,0.565440057859516,0.5168062659801996
qpc,46,163,0.6295954968682058,0.5166135011737653
qpc,46,164,0.6280547493089,0.5164717043803186
qpc,46,165,0.5514742324585566,0.516257403799216
qpc,46,166,0.44309437621496217,0.5161019638740167
qpc,46,167,0.49970091310729975,0.5159646707616741
qpc,46,168,0.7267920249646893,0.5157500942945146
qpc,46,169,0.4747803868390764,0.515594874161348
qpc,46,170,0.46655446373246134,0.5154755036796076
qpc,46,171,0.5781287638803831,0.5153474598254061
qpc,46,172,0.6376230325168386,0.5151620063599524
qpc,46,173,0.5270920761176707,0.5150487762122272
qpc,46,174,0.45616850701401906,0.5148939519060812
qpc,46,175,0.40513931459265207,0.5147670848782312
qpc,46,176,0.6914581605542134,0.5146240406386253
qpc,46,177,0.5105569445142798,0.5144613117412977
qpc,46,178,0.47994088014940417,0.5142911933632358
qpc,46,179,0.5839835627234307,0.5141141449068413
qpc,46,180,0.41711249819556323,0.51397453283962
qpc,46,181,0.5606838480184646,0.513840314623711
qpc,46,182,0.5390421978296747,0.5136806957205907
qpc,46,183,0.5279760641170104,0.5135283538845477
qpc,46,184,0.4726429609063508,0.5133639449333004
qpc,46,185,0.4996477701438181,0.5132052347892019
qpc,46,186,0.36285150295830015,0.5130933122082948
qpc,46,187,0.5413567435648649,0.5129609044020451
qpc,46,188,0.4209746359830084,0.5128173307076346
qpc,46,189,0.3453626925817601,0.5126985473827808
qpc,46,190,0.44092861257486854,0.5125299110290733
qpc,46,191,0.4795174694792172,0.5124022230803528
qpc,46,192,0.4964770825186332,0.5122470343268907
qpc,46,193,0.6276694699967065,0.5121028236702809
qpc,46,194,0.6878195095956898,0.5119173784681331
qpc,46,195,0.6455708096243802,0.5117262116111786
qpc,46,196,0.6126801663118889,0.5115513318724455
qpc,46,197,0.6182555131080278,0.5113612737016339
qpc,46,198,0.544613645836312,0.5112420745499091
qpc,46,199,0.5657423106923247,0.5110963970379452
qpc,46,200,0.5112639671080956,0.5109552249555086
qpc,46,201,0.4684123786515025,0.5108177052913139
qpc,46,202,0.6360206663058731,0.5106389221529896
qpc,46,203,0.4319309144626068,0.5105143168780713
qpc,46,204,0.33338299960330475,0.5104283322864199
qpc,46,205,0.6635250799785103,0.5102804974805345
qpc,46,206,0.6016710166323272,0.5100946855817767
qpc,46,207,0.41471608391719417,0.5099701549964185
qpc,46,208,0.40962788735839156,0.5098734088185491
qpc,46,209,0.5609593371122852,0.5097439687491726
qpc,46,210,0.3682593043483622,0.509660109676563
qpc,46,211,0.5710731691061456,0.5094702939429381
qpc,46,212,0.3959469431713789,0.5093414525329911
qpc,46,213,0.6446833271446868,0.5091669752179868
qpc,46,214,0.43204408220468016,0.5090239599382103
qpc,46,215,0.4729254975169145,0.5088813568814776
qpc,46,216,0.3156259228855301,0.5087797415550538
qpc,46,217,0.3110904103361688,0.5087132076839401
qpc,46,218,0.5831199434017129,0.5085022554050946
qpc,46,219,0.436276952501019,0.5083789988350956
qpc,46,220,0.567030308245444,0.5081886458611513
qpc,46,221,0.35580799228081694,0.5080528314640085
qpc,46,222,0.6004422929457112,0.5078726018415799
qpc,46,223,0.5496556241425063,0.5077120462011632
qpc,46,224,0.5174356440477517,0.5075647784435106
qpc,46,225,0.30254099561471526,0.5074907931864034
qpc,46,226,0.5522443155976227,0.5073062164475202
qpc,46,227,0.476295840154078,0.507164846506778
qpc,46,228,0.35602518639200087,0.5070425207327904
qpc,46,229,0.4435814260675164,0.5068909057077153
qpc,46,230,0.5573552462039664,0.5067079868734025
qpc,46,231,0.46264916427407377,0.5065606822833076
qpc,46,232,0.4671650904176584,0.506446807172432
qpc,46,233,0.5394037294385663,0.5062760273977255
qpc,46,234,0.3759286813870547,0.5061611490065919
qpc,46,235,0.42462998991736955,0.5060337569819626
qpc,46,236,0.4736390902395951,0.5058702445090119
qpc,46,237,0.5892710690150582,0.5057087298054754
qpc,46,238,0.4715308829091954,0.5055940788688769
qpc,46,239,0.5902278207821245,0.5054185170287903
qpc,46,240,0.3351480606208781,0.5053332518759365
qpc,46,241,0.48038929183955725,0.5051908062883783
qpc,46,242,0.3924321142534195,0.5050762149684633
qpc,46,243,0.46049101895263567,0.5049119477545014
qpc,46,244,0.5661032477027406,0.5047456891458734
qpc,46,245,0.48143123317726794,0.5046215158668333
qpc,46,246,0.505740217443644,0.504467351268496
qpc,46,247,0.5860992202462885,0.5042858703849175
qpc,46,248,0.465019845813457,0.5041432376684948
qpc,46,249,0.5631196320630713,0.5039767948139202
qpc,46,250,0.45189640000064946,0.5038540227959231
qpc,46,251,0.48093417477216016,0.5037302519359148
qpc,46,252,0.43850357838384046,0.5036056628016864
qpc,46,253,0.6205196062912482,0.5034479464875332
qpc,46,254,0.6671880990571069,0.5032337467766536
qpc,46,255,0.545152184531313,0.5031260534982834
qpc,46,256,0.5746484183317736,0.5029678097765964
qpc,46,257,0.5141353720072803,0.5028263916732619
qpc,46,258,0.39185416664267125,0.5027120387959516
qpc,46,259,0.6048355831296003,0.5025679219906151
qpc,46,260,0.7138873846151224,0.5023687024837298
qpc,46,261,0.6631540845186205,0.5021510027610282
qpc,46,262,0.5274924140954911,0.5019985077898945
qpc,46,263,0.5569000784285882,0.5018620985108457
qpc,46,264,0.544875852603872,0.5017060123035142
qpc,46,265,0.6074740139782328,0.5015026298290538
qpc,46,266,0.5747594874497002,0.5014103512771608
qpc,46,267,0.5564059920077639,0.5012390960094225
qpc,46,268,0.554058681376689,0.5011062882554785
qpc,46,269,0.447265304654513,0.5009625579590943
qpc,46,270,0.5729200063916473,0.5008143454425242
qpc,46,271,0.5059573211199682,0.5006718924672463
qpc,46,272,0.3937008591335192,0.5005534700318539
qpc,46,273,0.47527509534396917,0.5004194528473926
qpc,46,274,0.39819925326906885,0.5002676890123431
qpc,46,275,0.4198241686284384,0.5001712046893675
qpc,46,276,0.5051732288275086,0.5000438837066564
qpc,46,277,0.6661462286791229,0.4998562927315618
qpc,46,278,0.5275759807379083,0.49973362265766347
qpc,46,279,0.5266202504853293,0.4996215864817809
qpc,46,280,0.646234079608091,0.49943031154535117
qpc,46,281,0.5140033265813588,0.49926609196551625
qpc,46,282,0.5314950546760235,0.49913736099606454
qpc,46,283,0.5195915072282024,0.4990015362137678
qpc,46,284,0.4826607222157569,0.49886968910735435
qpc,46,285,0.4943493829483339,0.4987392140789957
qpc,46,286,0.5898953008888936,0.49858843586988383
qpc,46,287,0.5497470210195724,0.4984595419275586
qpc,46,288,0.5596047299064092,0.4982979779322794
qpc,46,289,0.5579424619284774,0.4981666632998075
qpc,46,290,0.5077032097272574,0.49804425698115584
qpc,46,291,0.6986431698601014,0.49788621038453174
qpc,46,292,0.5720857183331343,0.4977157717056409
qpc,46,293,0.44890306811103065,0.4975605325804958
qpc,46,294,0.35964690063012505,0.49745012579796166
qpc,46,295,0.5763943074449691,0.4972714358538854
qpc,46,296,0.6855008331122869,0.49705032384192344
qpc,46,297,0.6321238229502119,0.496858864579275
qpc,46,298,0.3499238148068423,0.4967684832861449
qpc,46,299,0.4805086558489419,0.49662787592718816
qpc,46,300,0.4656230012946089,0.49650373265807196
hebbian,42,1,0.3627836767387037,0.30959907365330286
hebbian,42,2,0.3754315161961185,0.30945096894472013
hebbian,42,3,0.3204724616785815,0.30935206047186514
hebbian,42,4,0.36705883873263057,0.30919375296021184
hebbian,42,5,0.38987792591311543,0.3089869614608252
hebbian,42,6,0.3395466238712337,0.3088346306570924
hebbian,42,7,0.26870647008044884,0.3087082509856912
hebbian,42,8,0.3122609429150851,0.3085822227170413
hebbian,42,9,0.3604969563135886,0.30838305527984117
hebbian,42,10,0.3504204368135253,0.3082084239111157
hebbian,42,11,0.35916110268338514,0.3080000888101305
hebbian,42,12,0.3838554314976564,0.3077651932404475
hebbian,42,13,0.31867396689093913,0.3076147052086924
hebbian,42,14,0.3918769618243792,0.3074586084234084
hebbian,42,15,0.25252538891999043,0.30735526675076263
hebbian,42,16,0.26733642758389176,0.30720685142302806
hebbian,42,17,0.34040292241083775,0.3070372936492371
hebbian,42,18,0.29217836780451567,0.30691985817326245
hebbian,42,19,0.32692653655379356,0.3067580371222775
hebbian,42,20,0.379529217884321,0.30654017781195403
hebbian,42,21,0.29091945676238856,0.30644224455543806
hebbian,42,22,0.2706606951210834,0.3063512014977407
hebbian,42,23,0.2643233601099315,0.30622584347146165
hebbian,42,24,0.3521950366700507,0.30604731230271487
hebbian,42,25,0.4071468506679159,0.3057950680703335
hebbian,42,26,0.2878271945071236,0.30565122476660533
hebbian,42,27,0.4304086749945328,0.3054541682796083
hebbian,42,28,0.39851285380118984,0.3052720206327973
hebbian,42,29,0.264638368113226,0.30514006331442806
hebbian,42,30,0.38960372537519866,0.3049380398528035
hebbian,42,31,0.3652051181479741,0.3048071493423636
hebbian,42,32,0.4089266435767403,0.3046305839385024
hebbian,42,33,0.4178954695902396,0.3044498760187413
hebbian,42,34,0.45122766407377046,0.304241345813687
hebbian,42,35,0.2643563002993685,0.3041146866849524
hebbian,42,36,0.3341070434841562,0.30395980577885773
hebbian,42,37,0.28444510182643373,0.30387450401670035
hebbian,42,38,0.3816470057231235,0.30367130358577543
hebbian,42,39,0.34699736472648424,0.30354982326948454
hebbian,42,40,0.3029174433231093,0.3034150759019948
hebbian,42,41,0.3159495207570855,0.30330395537333027
hebbian,42,42,0.2794470684691581,0.3031851986907305
hebbian,42,43,0.33475633446381764,0.30303661773872137
hebbian,42,44,0.30203593264143597,0.30292158191430224
hebbian,42,45,0.2781337858810293,0.3027869385785967
hebbian,42,46,0.311478464901534,0.30262142865919744
hebbian,42,47,0.33708004203908326,0.3024554757379691
hebbian,42,48,0.34552235446613855,0.30231079645624165
hebbian,42,49,0.45297118182346996,0.30208827723328957
hebbian,42,50,0.35535290650866835,0.3019261429339292
hebbian,42,51,0.4438626847057626,0.3017296773691225
hebbian,42,52,0.36734917172845977,0.30156005163942645
hebbian,42,53,0.320465333935954,0.3014309689713947
hebbian,42,54,0.32342763886758585,0.3013061589574237
hebbian,42,55,0.36172179770116225,0.30115597395082044
hebbian,42,56,0.3259941469299429,0.30100714502433723
hebbian,42,57,0.31053753546489954,0.30088021390440445
hebbian,42,58,0.3859462908186031,0.30067660069628016
hebbian,42,59,0.34636193961918016,0.3005413174135864
hebbian,42,60,0.4216234421570249,0.300358057725065
hebbian,42,61,0.38995660412608024,0.30023443126327226
hebbian,42,62,0.5072413067510824,0.29996032821004137
hebbian,42,63,0.28071947148634435,0.2997972574238033
hebbian,42,64,0.33169324086357405,0.29964700274630435
hebbian,42,65,0.3192574827384119,0.29950734131524853
hebbian,42,66,0.29939918020838263,0.2994064351985563
hebbian,42,67,0.31278361834000645,0.299289394617561
hebbian,42,68,0.38537887638052726,0.2990646165909244
hebbian,42,69,0.3640347480556392,0.29885917598621625
hebbian,42,70,0.445429011328673,0.29863673513823213
hebbian,42,71,0.32731548648006736,0.29848799518090596
hebbian,42,72,0.22090355468086761,0.29841110134392596
hebbian,42,73,0.23759656287992162,0.29829575330354213
hebbian,42,74,0.3114231006038589,0.29816787338405115
hebbian,42,75,0.2668144578616858,0.2980721891161022
hebbian,42,76,0.27678602942110325,0.2979593335564595
hebbian,42,77,0.37569807576304826,0.2978510718034895
hebbian,42,78,0.38384236629463897,0.29770339079813357
hebbian,42,79,0.3964839414999298,0.2975580809993654
hebbian,42,80,0.2649604980738977,0.29743187601444454
hebbian,42,81,0.35014786766422384,0.2972664864123272
hebbian,42,82,0.35890785885660376,0.29707130626952893
hebbian,42,83,0.3652327958885959,0.2968741882011425
hebbian,42,84,0.2822518689856851,0.29675405767903884
hebbian,42,85,0.30305210586489106,0.2965995390098359
hebbian,42,86,0.29380011633738445,0.29645561485061855
hebbian,42,87,0.39919834303681245,0.2962845037840557
hebbian,42,88,0.33794995500509684,0.2961033456979927
hebbian,42,89,0.37628757253898415,0.29597179280258823
hebbian,42,90,0.3601407675986885,0.29580419666304525
hebbian,42,91,0.42879169652,0.2956194345405388
hebbian,42,92,0.29126887568326176,0.29543508764538956
hebbian,42,93,0.36996178772141874,0.29527212023217203
hebbian,42,94,0.2956819977071125,0.29515610132334497
hebbian,42,95,0.3529875669837814,0.29501174345641334
hebbian,42,96,0.2471260532589316,0.29489228595823386
hebbian,42,97,0.31458796683916473,0.29473772225927325
hebbian,42,98,0.35210363526097743,0.2945628204537361
hebbian,42,99,0.2600240834660371,0.294458094611403
hebbian,42,100,0.37200333975942446,0.29430002744294176
hebbian,42,101,0.2837020225204551,0.2941356212538267
hebbian,42,102,0.30139703013608987,0.29402268233145024
hebbian,42,103,0.31243479989714684,0.29388794137511914
hebbian,42,104,0.3116100123095035,0.2937812735310623
hebbian,42,105,0.3469443176354908,0.29365845198188195
hebbian,42,106,0.3715642988995928,0.2934904639194881
hebbian,42,107,0.3581327318874943,0.2933039288746382
hebbian,42,108,0.3532308599032999,0.293164307753383
hebbian,42,109,0.3284419403694676,0.29303107854904076
hebbian,42,110,0.2604327840427192,0.2929083992742206
hebbian,42,111,0.3293304311562846,0.29278561420927146
hebbian,42,112,0.3325580490333643,0.2926284531801352
hebbian,42,113,0.3188811440562654,0.2924528043783154
hebbian,42,114,0.3829948156382803,0.2923327794655985
hebbian,42,115,0.3392524535814661,0.2922505863556271
hebbian,42,116,0.3318031318564915,0.2921675299854003
hebbian,42,117,0.3298612345190396,0.29200561071662734
hebbian,42,118,0.2916773255269029,0.2918848258566581
hebbian,42,119,0.3388090072509288,0.2917529727520039
hebbian,42,120,0.3055976260812615,0.2916160527047929
hebbian,42,121,0.43577884365369635,0.2914462133598046
hebbian,42,122,0.2974569848685623,0.2913393290961159
hebbian,42,123,0.2443888251301283,0.29123411202385613
hebbian,42,124,0.2388935120895745,0.2911408011170311
hebbian,42,125,0.30347187696257827,0.2910379396584515
hebbian,42,126,0.29486692755905475,0.2909276632220059
hebbian,42,127,0.2990984653756059,0.29079559694084717
hebbian,42,128,0.3313540111954668,0.2906102415811614
hebbian,42,129,0.33455166020671634,0.2904709022695851
hebbian,42,130,0.3374906706419028,0.2903434072499223
hebbian,42,131,0.40359446407748933,0.2901637257691449
hebbian,42,132,0.26840106823595766,0.2900584407012458
hebbian,42,133,0.25566199734275985,0.2899587287421288
hebbian,42,134,0.31160174440971217,0.28984538087287004
hebbian,42,135,0.291712231618118,0.28972537496899886
hebbian,42,136,0.3191168590940483,0.2895593984046379
hebbian,42,137,0.3454022733964438,0.28944243857920576
hebbian,42,138,0.2544893068513722,0.2893509675927053
hebbian,42,139,0.35858079774889584,0.28924093791767813
hebbian,42,140,0.35404503394571796,0.2890622357698575
hebbian,42,141,0.385887355315156,0.288905058281143
hebbian,42,142,0.32588871313813195,0.28874560373412217
hebbian,42,143,0.2458907793618308,0.288656846810695
hebbian,42,144,0.36094718911390256,0.2885108281866902
hebbian,42,145,0.23384062677782233,0.28841164042546813
hebbian,42,146,0.3945043970399107,0.28825478066554294
hebbian,42,147,0.3691558905022489,0.28809222274581625
hebbian,42,148,0.33534533973357505,0.2879592770232536
hebbian,42,149,0.25113833540438846,0.28785283990257676
hebbian,42,150,0.3172201577455349,0.28776901683246503
hebbian,42,151,0.22136923659206387,0.2876646084603012
hebbian,42,152,0.245993796273757,0.28754850652476316
hebbian,42,153,0.26384884617508364,0.28746325053322896
hebbian,42,154,0.2961502073948221,0.2873283945454183
hebbian,42,155,0.32603282842181236,0.2871528681040753
hebbian,42,156,0.35071205793038907,0.28696312460624585
hebbian,42,157,0.33643637312704555,0.2868297236462323
hebbian,42,158,0.34074638625791165,0.28666744536444255
hebbian,42,159,0.4205230114001342,0.28646498465878
hebbian,42,160,0.31501248779487145,0.2863059375507031
hebbian,42,161,0.35525207370675926,0.2861498399916861
hebbian,42,162,0.33249686201129103,0.2860228851597651
hebbian,42,163,0.27892215821722216,0.2859403056994718
hebbian,42,164,0.3245372697263753,0.2858075421431757
hebbian,42,165,0.20025784000455038,0.2857169923722923
hebbian,42,166,0.23513846685540898,0.2856205958937735
hebbian,42,167,0.292202949013457,0.2854910251282785
hebbian,42,168,0.27446227235459064,0.28536326115397176
hebbian,42,169,0.30950609080446034,0.2852246845797347
hebbian,42,170,0.28686118422730966,0.285082893749366
hebbian,42,171,0.3335876625598255,0.284938274062666
hebbian,42,172,0.31470970156406153,0.28483387475116834
hebbian,42,173,0.2873830826026883,0.2847520966730782
hebbian,42,174,0.2934390531218882,0.2846203926366161
hebbian,42,175,0.34751207528883854,0.28453929466143835
hebbian,42,176,0.3297464455563843,0.2844117317252824
hebbian,42,177,0.24700029931284528,0.2843007555272987
hebbian,42,178,0.37312585177854407,0.28412767933166444
hebbian,42,179,0.23401080979084493,0.28407469232662663
hebbian,42,180,0.3074508244465257,0.2839566172865623
hebbian,42,181,0.33511793124596456,0.2838449423764697
hebbian,42,182,0.19970228736989643,0.28372788966228585
hebbian,42,183,0.413444402955708,0.283529922743603
hebbian,42,184,0.42071488290622233,0.28336278398284354
hebbian,42,185,0.2424559073753849,0.28322595615619184
hebbian,42,186,0.3003075110917144,0.283129117116957
hebbian,42,187,0.29944871730171874,0.28301247112460526
hebbian,42,188,0.3346104063873685,0.2828334354267317
hebbian,42,189,0.34222957210318633,0.28272174285138724
hebbian,42,190,0.3214617616610435,0.2825687611864025
hebbian,42,191,0.3897548700638759,0.28242814492736296
hebbian,42,192,0.3122279311659385,0.2822890783239687
hebbian,42,193,0.3779258225231902,0.2821091569755531
hebbian,42,194,0.4218590316011577,0.2818966313574035
hebbian,42,195,0.3891029973648399,0.2817528137765953
hebbian,42,196,0.28469527055228033,0.2816258848842013
hebbian,42,197,0.29617898769346607,0.2814825277527788
hebbian,42,198,0.24168928969766185,0.28134072437563784
hebbian,42,199,0.29664883794943575,0.28122399643348667
hebbian,42,200,0.3815065896385531,0.2810805879931088
hebbian,42,201,0.2674302359171231,0.2809433698164754
hebbian,42,202,0.24128636404396903,0.28084069087264224
hebbian,42,203,0.35516997562778746,0.28064185624789806
hebbian,42,204,0.3351666626927591,0.2805166138212634
hebbian,42,205,0.36337844316709594,0.28035511437007277
hebbian,42,206,0.24577024282322446,0.28024859440777306
hebbian,42,207,0.26094821248410704,0.2801598576440448
hebbian,42,208,0.3169528440959836,0.2799936256251756
hebbian,42,209,0.4060871679544451,0.2798045403684038
hebbian,42,210,0.30243940603189967,0.279643902849616
hebbian,42,211,0.32983924012230914,0.2795205091403783
hebbian,42,212,0.3041314069826009,0.2794137849785896
hebbian,42,213,0.2408755479037576,0.27933741194472705
hebbian,42,214,0.3460940138426917,0.2792164062863997
hebbian,42,215,0.35102151618545285,0.2790780346350198
hebbian,42,216,0.3501046482505156,0.2789050854548766
hebbian,42,217,0.26002615086266656,0.2788499000839316
hebbian,42,218,0.26295330301811126,0.2787290038129582
hebbian,42,219,0.2963505790315644,0.2786520497090337
hebbian,42,220,0.33515733961631855,0.27849236206474587
hebbian,42,221,0.26496963484719027,0.27836750030987095
hebbian,42,222,0.35847978171944006,0.2782269517310098
hebbian,42,223,0.34000048200444266,0.27807772888418414
hebbian,42,224,0.366229357703972,0.2779112899461023
hebbian,42,225,0.29762488646846263,0.27779386845184295
hebbian,42,226,0.3549383959787034,0.27764974068357967
hebbian,42,227,0.30354797150407564,0.2775151271808091
hebbian,42,228,0.3860257209825787,0.2772855703051838
hebbian,42,229,0.2807529364099076,0.27713098069848163
hebbian,42,230,0.3503088024092604,0.27697587242617144
hebbian,42,231,0.3281422370549939,0.27681579291036174
hebbian,42,232,0.28081748938528706,0.27670236499999895
hebbian,42,233,0.31038686655035663,0.27659754000669534
hebbian,42,234,0.35373657821383253,0.27644342422217827
hebbian,42,235,0.2049848222196189,0.27639435312764
hebbian,42,236,0.28633653567270506,0.2763014660918397
hebbian,42,237,0.28679023198223846,0.2761983141169502
hebbian,42,238,0.23955817987492398,0.2760805854869219
hebbian,42,239,0.3516924358562854,0.27590148421391353
hebbian,42,240,0.23883224962329233,0.27579363902801923
hebbian,42,241,0.32473962624107533,0.275656460685866
hebbian,42,242,0.24926342872209328,0.2755591079542444
hebbian,42,243,0.26980496313892366,0.2754549362601011
hebbian,42,244,0.2888933868289774,0.27531710826077616
hebbian,42,245,0.21435301625538766,0.2752256849771366
hebbian,42,246,0.29467035520163876,0.2751025282266563
hebbian,42,247,0.33221993115851445,0.2749245949495325
hebbian,42,248,0.3030961705385522,0.2747930561525875
hebbian,42,249,0.2735854471654677,0.27465277043125325
hebbian,42,250,0.3046700382262397,0.27454286094251434
hebbian,42,251,0.3063784765611395,0.27441667916256396
hebbian,42,252,0.2948012290586866,0.274272757317129
hebbian,42,253,0.30887609421934603,0.27414830309957205
hebbian,42,254,0.31996286286270076,0.2739814227073273
hebbian,42,255,0.2702848062217281,0.27388071862426555
hebbian,42,256,0.2692425800070324,0.2737721974788841
hebbian,42,257,0.38297632255806985,0.2736113711619172
hebbian,42,258,0.36851239602562114,0.273453118171322
hebbian,42,259,0.25167850722808505,0.27335367570520275
hebbian,42,260,0.30961068853047174,0.2732192408046359
hebbian,42,261,0.324621691729619,0.2730739736328487
hebbian,42,262,0.2764468768573024,0.272973335659115
hebbian,42,263,0.2874374003145031,0.2728250416750326
hebbian,42,264,0.29145903313008303,0.2727022442689932
hebbian,42,265,0.32339111895189143,0.272549460917308
hebbian,42,266,0.36816846016733074,0.2723952903917755
hebbian,42,267,0.3600843535263305,0.272210939101623
hebbian,42,268,0.39336074340632254,0.2720255160260847
hebbian,42,269,0.33718744940638645,0.271869226128824
hebbian,42,270,0.20860087659981563,0.2717706825034834
hebbian,42,271,0.3427195599814483,0.27157936422618223
hebbian,42,272,0.26904602314571213,0.2714558982519598
hebbian,42,273,0.30838525695474855,0.2713204976588361
hebbian,42,274,0.3358863507525169,0.2711799502987403
hebbian,42,275,0.2575430001902587,0.2710396421528899
hebbian,42,276,0.33555860664750503,0.2709403880585476
hebbian,42,277,0.27632921590635473,0.2707959876864526
hebbian,42,278,0.4052909590320487,0.2706457317134037
hebbian,42,279,0.26222956369346173,0.27052718977461504
hebbian,42,280,0.29541066739645405,0.2703878323585913
hebbian,42,281,0.2851715646119745,0.2702603722089541
hebbian,42,282,0.23643682471060443,0.2701516721381922
hebbian,42,283,0.2471346104989835,0.2700354331278129
hebbian,42,284,0.2842115728629407,0.26992064956341155
hebbian,42,285,0.2493509837274061,0.2698053703306899
hebbian,42,286,0.3197211580053014,0.2696414803375513
hebbian,42,287,0.32059007528889066,0.26946526317092007
hebbian,42,288,0.35682430946348775,0.2693072279340083
hebbian,42,289,0.2685483852390765,0.26918152807815193
hebbian,42,290,0.23947861089739728,0.26905029806353714
hebbian,42,291,0.3692417213171371,0.268866939131547
hebbian,42,292,0.3232002844484747,0.26873404981112775
hebbian,42,293,0.24782829646090698,0.26859766880692587
hebbian,42,294,0.34034513828853674,0.26842426371810985
hebbian,42,295,0.26616988473162356,0.2683250146915873
hebbian,42,296,0.30012020010390517,0.2681854577615685
hebbian,42,297,0.30450484568202707,0.26806766533062043
hebbian,42,298,0.24629220538616392,0.2679924548563548
hebbian,42,299,0.24726492012632378,0.2679236864659268
hebbian,42,300,0.32873085103988653,0.2677732398865329
hebbian,43,1,0.848385938525344,0.5904692520397765
hebbian,43,2,0.6268274406357119,0.5900922043714601
hebbian,43,3,0.63927670969497,0.5896516979854441
hebbian,43,4,0.6022771352347183,0.5891711231252055
hebbian,43,5,0.7115325009192971,0.5886607680237315
hebbian,43,6,0.7776361605823523,0.5881565462718157
hebbian,43,7,0.9199268302581263,0.5875492412232957
hebbian,43,8,0.546316570871086,0.5872550070810854
hebbian,43,9,0.7401316985876563,0.5867774518967799
hebbian,43,10,0.7723843178814025,0.5862625663468514
hebbian,43,11,0.7872626845923044,0.5857859859159226
hebbian,43,12,0.8108219124403615,0.5852167692079647
hebbian,43,13,0.8187301751191505,0.5847466614722798
hebbian,43,14,0.6042403692187659,0.5843180125400206
hebbian,43,15,0.8133682210203326,0.5837563048718954
hebbian,43,16,0.7505140048440528,0.5832375989748041
hebbian,43,17,0.950746030182767,0.5825887052771364
hebbian,43,18,0.6137264036326007,0.5821137429172857
hebbian,43,19,0.7333633645165951,0.581653123234393
hebbian,43,20,0.9967363318538399,0.5810509487142491
hebbian,43,21,0.8792917221000248,0.5804643662192253
hebbian,43,22,0.5864036179550627,0.5800722598616139
hebbian,43,23,0.8470136997995148,0.5795269758232682
hebbian,43,24,0.5767017670731349,0.579159996000271
hebbian,43,25,0.6677731692345056,0.5787557508984894
hebbian,43,26,0.8677637278178542,0.5781359970999407
hebbian,43,27,0.7017240087225285,0.5776033531617975
hebbian,43,28,0.6958012120615811,0.5771913600407874
hebbian,43,29,0.8060859503841707,0.5766086489406801
hebbian,43,30,0.7923794117221441,0.5761560785958239
hebbian,43,31,1.0458682042749354,0.5754572988508537
hebbian,43,32,0.7576201859739962,0.5749833314733461
hebbian,43,33,0.6901834946530099,0.5745816028939993
hebbian,43,34,0.6948982662270153,0.5741415392037676
hebbian,43,35,0.6643420890207072,0.5737415571114718
hebbian,43,36,0.9188721305334482,0.5732493468364624
hebbian,43,37,0.8272411186663625,0.5727492423949033
hebbian,43,38,0.638679683333174,0.5723307456346839
hebbian,43,39,0.5216148748364251,0.5720083799129444
hebbian,43,40,0.6466216766800227,0.5715554453081184
hebbian,43,41,0.823481098227125,0.5710071055256958
hebbian,43,42,0.6723827820160003,0.5706110922497903
hebbian,43,43,0.7878597735643493,0.5701924827036021
hebbian,43,44,0.5889324524581163,0.569795426055911
hebbian,43,45,0.8012069134760028,0.5693271993903051
hebbian,43,46,0.7193744962806425,0.5688471858525945
hebbian,43,47,0.5732082895907806,0.568471546713989
hebbian,43,48,0.8550209688109732,0.5679546840460666
hebbian,43,49,0.5711896062860247,0.5675694831894543
hebbian,43,50,0.5384505770196266,0.5672322343398742
hebbian,43,51,0.4133589449355159,0.5670400287748713
hebbian,43,52,0.8544846796123851,0.5665447494984979
hebbian,43,53,0.778528684266782,0.5660531992614851
hebbian,43,54,0.5263396087949043,0.5657356637887697
hebbian,43,55,0.861187333965427,0.5651945818605826
hebbian,43,56,0.6390899884802562,0.5647489897209916
hebbian,43,57,0.6978316099951795,0.5643436275550995
hebbian,43,58,0.6326312351163434,0.5640219772157209
hebbian,43,59,0.9016618091215897,0.5634732942604758
hebbian,43,60,0.8920017326050764,0.5629656771314924
hebbian,43,61,0.9056660389857404,0.5624279288419205
hebbian,43,62,0.8014434129551757,0.5619489067955633
hebbian,43,63,0.7442691452946723,0.5614311049632668
hebbian,43,64,0.5665885946445794,0.5611176519272981
hebbian,43,65,0.7246878827808314,0.5605687922287145
hebbian,43,66,0.5388330462561839,0.560271227635572
hebbian,43,67,0.7483413972875407,0.5598497069483208
hebbian,43,68,0.7871806146717714,0.5594388259305699
hebbian,43,69,0.6929632428759497,0.5590824179413733
hebbian,43,70,0.7402642479389561,0.5586217029616707
hebbian,43,71,0.8972161291783756,0.5580747038974532
hebbian,43,72,0.6734776803357643,0.5576300383386431
hebbian,43,73,0.744109647697927,0.5571411968328615
hebbian,43,74,0.7939750560036632,0.5566710098575874
hebbian,43,75,0.6501736125907979,0.5562607047014475
hebbian,43,76,0.6814734563081121,0.5558397218124306
hebbian,43,77,0.7045444284030355,0.5553974332681265
hebbian,43,78,0.632373716268249,0.554977346576692
hebbian,43,79,0.6965135283036832,0.5545634267345319
hebbian,43,80,0.5528886750365339,0.5542107148807464
hebbian,43,81,0.5510982011559875,0.5538898180504831
hebbian,43,82,0.4278931598484841,0.5536315651900668
hebbian,43,83,0.7686481988799,0.5531435030440633
hebbian,43,84,0.7080876189412446,0.5526750021824289
hebbian,43,85,0.7120247018684309,0.5522030760718438
hebbian,43,86,0.8585468865156829,0.5515770507953999
hebbian,43,87,0.7351636470023382,0.5510866803325741
hebbian,43,88,0.7621547946209095,0.5506398145805024
hebbian,43,89,0.7241599490630545,0.5502133563316839
hebbian,43,90,0.604604340413177,0.5498586488758294
hebbian,43,91,0.6748256916056316,0.5495501895493785
hebbian,43,92,0.5341436152311125,0.5492946403917925
hebbian,43,93,0.5991079925032606,0.548939704610889
hebbian,43,94,0.7505159574304401,0.5484985074865328
hebbian,43,95,0.8177847510719725,0.5479507313924381
hebbian,43,96,0.5554609767474775,0.5476229064970708
hebbian,43,97,0.6954252317237564,0.5472174462207118
hebbian,43,98,0.7515783598083517,0.5467541181030833
hebbian,43,99,0.5687651796857567,0.546435871533125
hebbian,43,100,0.7552110746482972,0.5459884266790275
hebbian,43,101,0.6312205451468842,0.5456148525584593
hebbian,43,102,0.7329263089901791,0.5451126826349689
hebbian,43,103,0.5844908398123296,0.5446525491069472
hebbian,43,104,0.7210365564653102,0.5442856013673723
hebbian,43,105,0.5829404659977386,0.5439656039272834
hebbian,43,106,0.6189549703717889,0.5436192079816049
hebbian,43,107,0.581958407956081,0.5432461883604845
hebbian,43,108,0.777984020084953,0.5428102647852365
hebbian,43,109,0.6051434417729673,0.5424236969054511
hebbian,43,110,0.4705852075455402,0.5421484391362296
hebbian,43,111,0.8496405980495078,0.5416160588016293
hebbian,43,112,0.6509525758721288,0.5411778928498127
hebbian,43,113,0.5951817756807927,0.5408763815346377
hebbian,43,114,0.5911306845916129,0.5404629444408106
hebbian,43,115,0.5173908708060188,0.5402027260963529
hebbian,43,116,0.8078526340290486,0.5397137118866392
hebbian,43,117,0.5653306800837132,0.5393264291759986
hebbian,43,118,0.6551031363936625,0.5389690080132453
hebbian,43,119,0.9418207079561595,0.5384190804689623
hebbian,43,120,0.7316461767974054,0.5379178472708538
hebbian,43,121,0.529805317773292,0.5375809665757536
hebbian,43,122,0.7162736185852348,0.5371563023520284
hebbian,43,123,0.6064909813377833,0.5368538593328406
hebbian,43,124,0.7904303575256831,0.536440854294357
hebbian,43,125,0.5859231095356584,0.5361020936369703
hebbian,43,126,0.5996213196098927,0.535817650353361
hebbian,43,127,0.6096735159404565,0.535381233229979
hebbian,43,128,0.6789008561044735,0.5349591342048774
hebbian,43,129,0.67373019509877,0.5345412091114464
hebbian,43,130,0.5453513960753982,0.5341990803685035
hebbian,43,131,0.5758055457332717,0.5338308014893605
hebbian,43,132,0.707394054462291,0.5334200120410895
hebbian,43,133,0.6960338141377634,0.5329892246803727
hebbian,43,134,0.6081408325259312,0.5325812116395664
hebbian,43,135,0.6648914838882629,0.5321492539344684
hebbian,43,136,0.7729914266327039,0.5316802348968699
hebbian,43,137,0.6630552703806045,0.5313207914460631
hebbian,43,138,0.7397774835428594,0.5308458974002972
hebbian,43,139,0.6310974567629473,0.5304440445276982
hebbian,43,140,0.5634316717537564,0.5300326233685212
hebbian,43,141,0.5975509254271884,0.5296098974211259
hebbian,43,142,0.6815685644381235,0.5291492424652475
hebbian,43,143,0.6898363273511863,0.5288103258231152
hebbian,43,144,0.6705575091449157,0.5284054958335535
hebbian,43,145,0.5578641601247398,0.5280744612584708
hebbian,43,146,0.6681558157352245,0.5276678073057595
hebbian,43,147,0.5864723316491876,0.5273194025536463
hebbian,43,148,0.8167750606569462,0.5267237968644302
hebbian,43,149,0.5216706988346851,0.5263647428733684
hebbian,43,150,0.7830981525569735,0.5258329261500188
hebbian,43,151,0.6308985620767713,0.5254766755996937
hebbian,43,152,0.6431349827230881,0.5251311810862742
hebbian,43,153,0.6397369218701399,0.5247081789368893
hebbian,43,154,0.48147221791262085,0.5243756821191584
hebbian,43,155,0.7294405028972533,0.5239298779376026
hebbian,43,156,0.49692863757401995,0.5235504696238652
hebbian,43,157,0.5562137881764411,0.5231601400643993
hebbian,43,158,0.5220313240770715,0.5227879130845459
hebbian,43,159,0.669426546320573,0.5224431136979799
hebbian,43,160,0.951496113212938,0.5218689702709077
hebbian,43,161,0.471371717856428,0.5216204986289333
hebbian,43,162,0.6130236358026889,0.5212880966266067
hebbian,43,163,0.680779275788219,0.5208711126109314
hebbian,43,164,0.6408704868331114,0.5204620063295075
hebbian,43,165,0.7308850399543161,0.5199633724617929
hebbian,43,166,0.5362469542034762,0.5195917611035274
hebbian,43,167,0.6704529149926436,0.5191596333041943
hebbian,43,168,0.7708057964651043,0.5186889998426661
hebbian,43,169,0.5337166676087886,0.5183682929893707
hebbian,43,170,0.6175331477875781,0.5180028242496187
hebbian,43,171,0.8475212506997097,0.5174364975170597
hebbian,43,172,0.5237100641438198,0.517067262630013
hebbian,43,173,0.7085084960454016,0.5166284695314324
hebbian,43,174,0.6561333064388781,0.516247875045741
hebbian,43,175,0.6463167032148286,0.5158443570943585
hebbian,43,176,0.6120042154098955,0.5154890555929293
hebbian,43,177,0.6801982926534783,0.5151249070201623
hebbian,43,178,0.557479767380468,0.5147741085716923
hebbian,43,179,0.635240611975242,0.5142637544830697
hebbian,43,180,0.5538553303197523,0.5139188783680615
hebbian,43,181,0.6261734531489304,0.5135338009364789
hebbian,43,182,0.6729832684204706,0.5130828516357326
hebbian,43,183,0.552927958456793,0.5127170355816439
hebbian,43,184,0.6565644253192144,0.5122796656746061
hebbian,43,185,0.5410207562578695,0.5119247508055742
hebbian,43,186,0.38950129201184736,0.5116718552563005
hebbian,43,187,0.8170286747787596,0.5110877833896778
hebbian,43,188,0.8985699862157277,0.5104975483740541
hebbian,43,189,0.49403647639196746,0.5102057477638822
hebbian,43,190,0.6361885721505658,0.5097060119775935
hebbian,43,191,0.7831816800803547,0.5092064821954131
hebbian,43,192,0.5870079596678432,0.5088370574396774
hebbian,43,193,0.6423154223182075,0.508441126068212
hebbian,43,194,0.7040615541335578,0.5079994080423669
hebbian,43,195,0.5196608869024711,0.5076540293756316
hebbian,43,196,0.562738870841744,0.5072860883334119
hebbian,43,197,0.5441524496606949,0.5069147415827637
hebbian,43,198,0.5108596609036571,0.5065996142872781
hebbian,43,199,0.5752497394261854,0.506177423045093
hebbian,43,200,0.47745190400706755,0.5058390202059051
hebbian,43,201,0.6011762622966326,0.5054620348831593
hebbian,43,202,0.5832663313763933,0.5050865779974864
hebbian,43,203,0.4855591645464771,0.504814796665511
hebbian,43,204,0.6076398454563872,0.5044194560241692
hebbian,43,205,0.5592753868653755,0.5041217024446458
hebbian,43,206,0.46769115809518813,0.5038537921954026
hebbian,43,207,0.6849650449523539,0.5033933605753672
hebbian,43,208,0.5121321839836168,0.5031038522715895
hebbian,43,209,0.6093379648635375,0.5028070964282509
hebbian,43,210,0.5644589973772624,0.5024988143455309
hebbian,43,211,0.5195425465025645,0.5022297818997133
hebbian,43,212,0.7454812528072363,0.5017147578017818
hebbian,43,213,0.8666943269220365,0.5011139652029157
hebbian,43,214,0.6227438201604251,0.5007306408308869
hebbian,43,215,0.6875939517255678,0.5002847527584491
hebbian,43,216,0.7369920230730893,0.49979706375188443
hebbian,43,217,0.8393521148396276,0.4992643411561278
hebbian,43,218,0.8447394307878846,0.4986469311682279
hebbian,43,219,0.5802021018602612,0.49824942756617474
hebbian,43,220,0.5796002860429137,0.49784763042206837
hebbian,43,221,0.44613200521071517,0.49753754217919055
hebbian,43,222,0.5779347701152672,0.49715617257230493
hebbian,43,223,0.5078801854288938,0.4967904848061429
hebbian,43,224,0.6733974648761687,0.49635204419076173
hebbian,43,225,0.6097288005411114,0.49589145058318695
hebbian,43,226,0.7006292044107478,0.49542271000215227
hebbian,43,227,0.7323893711783944,0.49492721945366497
hebbian,43,228,0.5246049767091782,0.49460335405011574
hebbian,43,229,0.5366326024658985,0.4942699103828468
hebbian,43,230,0.5177541435275195,0.49389399438628095
hebbian,43,231,0.4791299310120294,0.4935972057463861
hebbian,43,232,0.5713689346489979,0.49320793406538305
hebbian,43,233,0.7561487095532433,0.4925825530682214
hebbian,43,234,0.7448151771918581,0.4921426162705461
hebbian,43,235,0.5794011069005573,0.49174642832194215
hebbian,43,236,0.472327657466022,0.4913827966608704
hebbian,43,237,0.7293312861766716,0.4908968345069634
hebbian,43,238,0.4899988740766325,0.49051853053813305
hebbian,43,239,0.6588745803193341,0.4900656300220875
hebbian,43,240,0.5005842441940662,0.48969641668886255
hebbian,43,241,0.48966839270050383,0.48933823192868153
hebbian,43,242,0.36638555030205344,0.4890651527926415
hebbian,43,243,0.46467833373872963,0.4887294719373681
hebbian,43,244,0.5798573514344763,0.4884015470070433
hebbian,43,245,0.6503083087744215,0.4879163276267169
hebbian,43,246,0.6069180805635148,0.48755401936729875
hebbian,43,247,0.5028985868854925,0.48721651493476503
hebbian,43,248,0.7985600884176346,0.4865686685463357
hebbian,43,249,0.48379787658651435,0.4862159901922645
hebbian,43,250,0.5976950418125204,0.48575686684443936
hebbian,43,251,0.7221396116359341,0.4852041132824046
hebbian,43,252,0.6845829782109947,0.48471119539499674
hebbian,43,253,0.45933636258113825,0.4844209726387023
hebbian,43,254,0.8215394337115048,0.4838368453474226
hebbian,43,255,0.8090857736540052,0.48324658276814164
hebbian,43,256,0.6113867916870778,0.48284678876639076
hebbian,43,257,0.5807311695696713,0.48239960519846475
hebbian,43,258,0.6570633640095342,0.48196341942254056
hebbian,43,259,0.4838200102721153,0.4816134003652529
hebbian,43,260,0.5022158276746784,0.48127825599313157
hebbian,43,261,0.7124959162388342,0.48071839584926546
hebbian,43,262,0.5856545950036769,0.48022398048059994
hebbian,43,263,0.427440997597218,0.4799294187328623
hebbian,43,264,0.5625028829144644,0.4795940322553076
hebbian,43,265,0.5248252233234197,0.4791930466285617
hebbian,43,266,0.5748597998416755,0.47885380240181347
hebbian,43,267,0.6471868450908476,0.47836305705648363
hebbian,43,268,0.6967495512537797,0.4778675203141628
hebbian,43,269,0.643926623642509,0.4773889005412749
hebbian,43,270,0.6540694793328583,0.4769937433855818
hebbian,43,271,0.3962433987602548,0.4766850403742195
hebbian,43,272,0.4346394786003518,0.47648067998476573
hebbian,43,273,0.5375488570149297,0.4761005146803792
hebbian,43,274,0.545234499959413,0.4757655358463675
hebbian,43,275,0.518876909433489,0.4754146367869281
hebbian,43,276,0.3687864882812341,0.4751522750510037
hebbian,43,277,0.7116712577168953,0.47461730019860715
hebbian,43,278,0.5509781175768295,0.47422525292963963
hebbian,43,279,0.7522595150068854,0.4737018902851165
hebbian,43,280,0.5798037085505237,0.4732769534103179
hebbian,43,281,0.4578043528661196,0.4729368853763258
hebbian,43,282,0.49007948207850494,0.4726085686084483
hebbian,43,283,0.6228501407624799,0.4721543832689887
hebbian,43,284,0.5962843052586343,0.4716801604152983
hebbian,43,285,0.5955236560281953,0.4711584076580909
hebbian,43,286,0.5707092230329314,0.47079445262919384
hebbian,43,287,0.6516728362297075,0.47031204625095
hebbian,43,288,0.6705052355054365,0.46975324215965303
hebbian,43,289,0.5769659129941688,0.4692933456024411
hebbian,43,290,0.7568671839016665,0.4686897282643889
hebbian,43,291,0.7183221538041675,0.468204415314427
hebbian,43,292,0.6730985007952243,0.46775714120990963
hebbian,43,293,0.5901523133384491,0.4673612217306031
hebbian,43,294,0.5057660572848899,0.467032573474738
hebbian,43,295,0.44345137553684283,0.4667240287180981
hebbian,43,296,0.4622187739912076,0.4663045600730421
hebbian,43,297,0.65953969102393,0.46583054518585043
hebbian,43,298,0.35823739972654256,0.4655617224106566
hebbian,43,299,0.4116942305246505,0.46523900992933326
hebbian,43,300,0.5177950398923901,0.4648345733279396
hebbian,44,1,0.38781524181382665,0.4793062249807483
hebbian,44,2,0.3492341674455305,0.47905507983465423
hebbian,44,3,0.39916531081703266,0.4787042817499446
hebbian,44,4,0.41741820642555316,0.4783863988593105
hebbian,44,5,0.37938713246461453,0.4780511386929344
hebbian,44,6,0.5929102407907508,0.47752306460327437
hebbian,44,7,0.5892248193253985,0.47700852601495836
hebbian,44,8,0.45255820378164735,0.4765930034562234
hebbian,44,9,0.5461732351283446,0.4761249574450798
hebbian,44,10,0.4442461684206226,0.4757334746660816
hebbian,44,11,0.5154416640330014,0.4752577582339688
hebbian,44,12,0.505286909359338,0.4748384620722185
hebbian,44,13,0.4900024412539021,0.4744105390497905
hebbian,44,14,0.4270727972782464,0.4740331900560217
hebbian,44,15,0.489528929390461,0.47360985019584895
hebbian,44,16,0.5727083234028068,0.4731843991819156
hebbian,44,17,0.5363529290579602,0.4726765101424436
hebbian,44,18,0.40212648280571234,0.4723237056917353
hebbian,44,19,0.37524632999539087,0.47194518511776673
hebbian,44,20,0.508582462226729,0.47158057363076283
hebbian,44,21,0.4349552512874222,0.47119520252511415
hebbian,44,22,0.3028780595119255,0.47094012025129167
hebbian,44,23,0.3664322322876884,0.4707278779442938
hebbian,44,24,0.5643433527576954,0.47024525858099964
hebbian,44,25,0.45897947499046743,0.4698838858785011
hebbian,44,26,0.56960846893613,0.4694059946712174
hebbian,44,27,0.5760250773749783,0.46893216404094984
hebbian,44,28,0.45222487887752455,0.46849563032661085
hebbian,44,29,0.5190965039565745,0.4680449193658419
hebbian,44,30,0.5877193484817156,0.4675928854329745
hebbian,44,31,0.4346365820575583,0.46717992146035375
hebbian,44,32,0.5136028804533578,0.46675879203998777
hebbian,44,33,0.6422901351195476,0.46624540958704963
hebbian,44,34,0.5054329946647707,0.46584076238922173
hebbian,44,35,0.4658128318923265,0.4654554623079546
hebbian,44,36,0.49190095642990084,0.4650638585161965
hebbian,44,37,0.4663316507659715,0.4646564834929865
hebbian,44,38,0.463557930197387,0.46430150595923214
hebbian,44,39,0.4751900368690944,0.46389859273485834
hebbian,44,40,0.3602772883649864,0.46354567798625806
hebbian,44,41,0.46040709414844183,0.4632143588957583
hebbian,44,42,0.4938812810007148,0.4628072363306751
hebbian,44,43,0.3285248160833947,0.46253025963784233
hebbian,44,44,0.517375074248178,0.4620796750370978
hebbian,44,45,0.5328134203808188,0.46159524808493074
hebbian,44,46,0.45144003487026185,0.4612445561989966
hebbian,44,47,0.6154703438468413,0.4608141009236788
hebbian,44,48,0.49518371280903106,0.4604418305218825
hebbian,44,49,0.5087908914306023,0.46001668155825054
hebbian,44,50,0.5264594816757567,0.45952996706332205
hebbian,44,51,0.5005299979870614,0.4590683326716395
hebbian,44,52,0.5379931415159238,0.4585893412437157
hebbian,44,53,0.49851328545256207,0.4581655478745456
hebbian,44,54,0.6151463229622114,0.45763373381520756
hebbian,44,55,0.3872202841294519,0.4572637062876232
hebbian,44,56,0.4503986645197296,0.4568308278742494
hebbian,44,57,0.5579506825510743,0.45632166255803586
hebbian,44,58,0.49775876143473485,0.45589637651054843
hebbian,44,59,0.469200590214004,0.45551851990817277
hebbian,44,60,0.558017078479245,0.45510290208880483
hebbian,44,61,0.4960258804936457,0.4546352319025888
hebbian,44,62,0.4740458075787531,0.4542480331605691
hebbian,44,63,0.4897993301096415,0.4538290832192925
hebbian,44,64,0.6690878497375014,0.4532793157094721
hebbian,44,65,0.517131217667989,0.45288405082803795
hebbian,44,66,0.5315341280795898,0.45236198446995185
hebbian,44,67,0.3835506991562566,0.4520418763078578
hebbian,44,68,0.5336126530939616,0.45156153131973054
hebbian,44,69,0.3225926567016878,0.4513036092776089
hebbian,44,70,0.4117970907560373,0.4509811915175334
hebbian,44,71,0.3983792733952654,0.4506358045514156
hebbian,44,72,0.5948521132639688,0.45013862668279386
hebbian,44,73,0.35284346977938225,0.44986417465374096
hebbian,44,74,0.5379487928501916,0.4493529560880971
hebbian,44,75,0.5386121661765648,0.4488866390069439
hebbian,44,76,0.45643405808378057,0.4484904502785686
hebbian,44,77,0.5296364973209059,0.44804764051475593
hebbian,44,78,0.3813699752634928,0.44772621312298594
hebbian,44,79,0.39974261131251465,0.44735712458305593
hebbian,44,80,0.4116668449997604,0.4469768816995372
hebbian,44,81,0.5559583764597442,0.44658021552812216
hebbian,44,82,0.4147593968435914,0.4462314662119255
hebbian,44,83,0.4302564274370031,0.4458307288661888
hebbian,44,84,0.5228001492575443,0.44541744143037204
hebbian,44,85,0.518431386810505,0.4449758540571875
hebbian,44,86,0.4985722027262001,0.4445023848778202
hebbian,44,87,0.4395646428291916,0.4441048515586855
hebbian,44,88,0.4253223636799105,0.44376936071064327
hebbian,44,89,0.39075362651691076,0.4433564416174878
hebbian,44,90,0.5799995805664593,0.4428918883846086
hebbian,44,91,0.40164272295448616,0.4425244752487464
hebbian,44,92,0.4873269807499985,0.44213841598226816
hebbian,44,93,0.487749466695223,0.44168551628722236
hebbian,44,94,0.4234928816141539,0.4412996782480411
hebbian,44,95,0.541294848125801,0.440912533226248
hebbian,44,96,0.49534743068300574,0.4404812900825428
hebbian,44,97,0.38654499462641095,0.4400738960592371
hebbian,44,98,0.43395985305620266,0.43972032511759157
hebbian,44,99,0.4539467668365177,0.43931156285795914
hebbian,44,100,0.4672513102133641,0.4389226745169017
hebbian,44,101,0.5880532398250964,0.4384108896332193
hebbian,44,102,0.5907866360344236,0.4379121633372686
hebbian,44,103,0.5073845307651336,0.43746476290306635
hebbian,44,104,0.4349952228329834,0.43709607049316573
hebbian,44,105,0.33925199095971054,0.436774189365692
hebbian,44,106,0.44258844558736943,0.43639722704575534
hebbian,44,107,0.5905528265170648,0.4359051426326287
hebbian,44,108,0.3197487012811901,0.43566656782617774
hebbian,44,109,0.3796848069293396,0.43532426974241445
hebbian,44,110,0.4290530689773264,0.43492233228614124
hebbian,44,111,0.4036743778978005,0.4346186429144032
hebbian,44,112,0.395365220163984,0.4342594963369635
hebbian,44,113,0.3784039745356028,0.4339501030864822
hebbian,44,114,0.49880441482822707,0.43359356923356285
hebbian,44,115,0.4542813817791562,0.43323495833406966
hebbian,44,116,0.44148445423631827,0.43288293380079207
hebbian,44,117,0.3748192637297941,0.4326050604518732
hebbian,44,118,0.4311833220132941,0.43230083661822155
hebbian,44,119,0.4729030483647508,0.43185680574297075
hebbian,44,120,0.4485289173331718,0.43148577291418605
hebbian,44,121,0.4245855958738015,0.4311150884408191
hebbian,44,122,0.49996024467417827,0.43073348645
hebbian,44,123,0.4373897557685277,0.43039515924704336
hebbian,44,124,0.5126913262475897,0.4299525946144967
hebbian,44,125,0.5322325999378608,0.42947840032303447
hebbian,44,126,0.4900755757773929,0.429070909455878
hebbian,44,127,0.3951938405899629,0.4287555368435513
hebbian,44,128,0.38249359722310333,0.42839272492130376
hebbian,44,129,0.42524253696675623,0.42807127860139543
hebbian,44,130,0.42274647842526913,0.4277521911689602
hebbian,44,131,0.4375709677897405,0.42738712303635545
hebbian,44,132,0.45847105525196036,0.4270109256208237
hebbian,44,133,0.4103332670028239,0.42665366103217267
hebbian,44,134,0.3841198028565339,0.4263568224003614
hebbian,44,135,0.32026688914275814,0.426069286647495
hebbian,44,136,0.504465458165688,0.42563207095486116
hebbian,44,137,0.4913575417101378,0.42515718232607763
hebbian,44,138,0.3948921146966118,0.42482258178546206
hebbian,44,139,0.42537711120577515,0.4244429213000291
hebbian,44,140,0.40577766175895585,0.42414769256936213
hebbian,44,141,0.433854887292379,0.42381526899852734
hebbian,44,142,0.4066826887424687,0.4233995484499096
hebbian,44,143,0.3678774004534496,0.4230544457925389
hebbian,44,144,0.40414867149856826,0.42272065119601054
hebbian,44,145,0.4082895242100363,0.42234516643302694
hebbian,44,146,0.4296994913213724,0.4219851737187937
hebbian,44,147,0.492010158408824,0.42155526269375165
hebbian,44,148,0.4548450040333314,0.42115028107794605
hebbian,44,149,0.38648806403867236,0.4207602678791452
hebbian,44,150,0.34116665541119473,0.420449081102638
hebbian,44,151,0.363998325369222,0.4201075329421994
hebbian,44,152,0.39149213510356395,0.41978349132105514
hebbian,44,153,0.39946072531471855,0.4194768154604891
hebbian,44,154,0.5224921160249776,0.41907157047156024
hebbian,44,155,0.48163610061515466,0.41868187858306966
hebbian,44,156,0.3599488496177371,0.4183897310124157
hebbian,44,157,0.4013033902813106,0.41802551828197615
hebbian,44,158,0.33895415092949166,0.4177345969534629
hebbian,44,159,0.3815616761573957,0.41736310766323703
hebbian,44,160,0.48651947193680234,0.4170121760885643
hebbian,44,161,0.3799924175276638,0.41667273072571287
hebbian,44,162,0.43216597400896817,0.41627056037282
hebbian,44,163,0.4736864612059543,0.41588810308560553
hebbian,44,164,0.41707684351801444,0.4155692307259538
hebbian,44,165,0.22299591556440063,0.41539168704900076
hebbian,44,166,0.45248682655944494,0.4149732818022086
hebbian,44,167,0.44380931901833237,0.41464706277136054
hebbian,44,168,0.39956893895728174,0.41434131659167794
hebbian,44,169,0.32560324115763606,0.41409907760581394
hebbian,44,170,0.39010553355706146,0.4136979726681741
hebbian,44,171,0.4169855904944506,0.41342739750509344
hebbian,44,172,0.40268461455210647,0.4130317601049912
hebbian,44,173,0.39102676325482333,0.41271958551239074
hebbian,44,174,0.5802558934813954,0.4122245842895784
hebbian,44,175,0.4080101018722867,0.4119338840859101
hebbian,44,176,0.3273668929283844,0.41167860676867324
hebbian,44,177,0.4134501586839334,0.4113116697948088
hebbian,44,178,0.38756688595661837,0.4109593748042519
hebbian,44,179,0.3957124739840777,0.41059163451667857
hebbian,44,180,0.5305428857967129,0.41008523713696643
hebbian,44,181,0.291696493153066,0.4098858051256273
hebbian,44,182,0.481976023970914,0.40949965066507
hebbian,44,183,0.38484677902567344,0.4091712962703431
hebbian,44,184,0.4769289908906483,0.40872478402201656
hebbian,44,185,0.45513514992883985,0.4083733580895963
hebbian,44,186,0.5628671045347665,0.4078570729868512
hebbian,44,187,0.43381823692516774,0.40752387274685964
hebbian,44,188,0.48895521878716186,0.4070854806792075
hebbian,44,189,0.3959504736686674,0.406789404607329
hebbian,44,190,0.4457111908907692,0.4064532080717755
hebbian,44,191,0.48522031493684903,0.40603315118491823
hebbian,44,192,0.428283725247966,0.4056970622873842
hebbian,44,193,0.3687495716815038,0.405316885426494
hebbian,44,194,0.39135184673466406,0.4049978983851331
hebbian,44,195,0.5071117795440909,0.4044955225760844
hebbian,44,196,0.3393266639369197,0.40422583958650665
hebbian,44,197,0.49360021317707803,0.4037966557633274
hebbian,44,198,0.3465415792187861,0.4034523455856185
hebbian,44,199,0.3847865322473774,0.40309868270611104
hebbian,44,200,0.3855807425378237,0.4027633076061703
hebbian,44,201,0.42538632889917993,0.40243894796608654
hebbian,44,202,0.38897126675348237,0.402051491827753
hebbian,44,203,0.4119052745873212,0.40170833936797057
hebbian,44,204,0.3291366082272075,0.40142246735187576
hebbian,44,205,0.31602004801949746,0.40113340975692824
hebbian,44,206,0.3774348984248528,0.4008265035669608
hebbian,44,207,0.3899929802439269,0.4004677866398612
hebbian,44,208,0.35412665997960735,0.4001010608542883
hebbian,44,209,0.3255826850043506,0.3998168434464493
hebbian,44,210,0.37477324934829764,0.3994492156483374
hebbian,44,211,0.3059150417352763,0.39915070548835785
hebbian,44,212,0.33895561139222624,0.3988196681794889
hebbian,44,213,0.3722206824125498,0.3984617697427428
hebbian,44,214,0.47161962779965777,0.3980481571242076
hebbian,44,215,0.47155065311465916,0.39762980353690475
hebbian,44,216,0.43927428231829263,0.3972321547998925
hebbian,44,217,0.39673123719512515,0.39684483727099745
hebbian,44,218,0.4216723398525873,0.39648298437451607
hebbian,44,219,0.3408822657693867,0.39619810582719894
hebbian,44,220,0.40720122204958065,0.39584625762219744
hebbian,44,221,0.28572238826104107,0.39558805798442
hebbian,44,222,0.47365404384337995,0.3951651901971668
hebbian,44,223,0.49448740302508754,0.39477422380751703
hebbian,44,224,0.4349794351696924,0.39443188760380077
hebbian,44,225,0.4110668940489231,0.394051019412183
hebbian,44,226,0.4079031165699795,0.3937026566322639
hebbian,44,227,0.39011475911900073,0.3933073894595649
hebbian,44,228,0.4351458082334735,0.39291241500434865
hebbian,44,229,0.3240727354027846,0.3925359235982994
hebbian,44,230,0.40145815213775826,0.39224534580434806
hebbian,44,231,0.4450441736517947,0.3918287106359981
hebbian,44,232,0.32967595698881,0.3915146308668348
hebbian,44,233,0.3516934615937888,0.39119284388724723
hebbian,44,234,0.28624780654580173,0.3909167797236299
hebbian,44,235,0.3117995097688148,0.3905956689955864
hebbian,44,236,0.40442687527106863,0.3902576986551594
hebbian,44,237,0.5279586608516373,0.38977368999867007
hebbian,44,238,0.37156567590656775,0.38944535060741386
hebbian,44,239,0.3734449027815537,0.3890574597057787
hebbian,44,240,0.39758079303279714,0.38872442413370606
hebbian,44,241,0.3920859411609822,0.3883566816465568
hebbian,44,242,0.5125669755252824,0.3879226843676604
hebbian,44,243,0.4667843554645176,0.3875578099960211
hebbian,44,244,0.47527712026025826,0.3871297196283025
hebbian,44,245,0.4399789646043443,0.38671898601017823
hebbian,44,246,0.4108848960875715,0.3864066358166879
hebbian,44,247,0.27242845452375936,0.3862005198314458
hebbian,44,248,0.44480729080234815,0.3857852022691482
hebbian,44,249,0.34115204087240447,0.38542772708903933
hebbian,44,250,0.429298946210957,0.3850508390171835
hebbian,44,251,0.36539611205444766,0.3847074121390825
hebbian,44,252,0.374297243416728,0.3843150890488625
hebbian,44,253,0.33718889309259903,0.38397246730918694
hebbian,44,254,0.3856308121966384,0.3836004313302582
hebbian,44,255,0.3961453123745845,0.3832490427312504
hebbian,44,256,0.5092327395830546,0.3828211472510552
hebbian,44,257,0.49596900270164157,0.38237413986830554
hebbian,44,258,0.3706770842860936,0.3820657358871035
hebbian,44,259,0.3397302519127058,0.3817520180845346
hebbian,44,260,0.3409307358129866,0.3814571287604538
hebbian,44,261,0.3896321289807062,0.38107293703339234
hebbian,44,262,0.3571663028047984,0.38076045550037235
hebbian,44,263,0.2620951237760081,0.3805543879696083
hebbian,44,264,0.3741296868564343,0.38022993180511366
hebbian,44,265,0.38267619578282,0.3798949911575156
hebbian,44,266,0.4039974656380182,0.37950258169344603
hebbian,44,267,0.4207435314167816,0.37915151017166343
hebbian,44,268,0.3851821930356879,0.3788205272411676
hebbian,44,269,0.3827645433709705,0.3784810208316616
hebbian,44,270,0.33594309659969324,0.37819171062042184
hebbian,44,271,0.37246109942809136,0.37782589779981274
hebbian,44,272,0.29758800678521397,0.37755667061988457
hebbian,44,273,0.3837495095532716,0.37716863088064145
hebbian,44,274,0.3426250883029043,0.37688170921415
hebbian,44,275,0.3007237409345669,0.37656628885517746
hebbian,44,276,0.35594575052090427,0.37623633264871625
hebbian,44,277,0.3367112919219299,0.37591903769986723
hebbian,44,278,0.3222709422180281,0.37562319561418384
hebbian,44,279,0.3804753540306571,0.37528474987266336
hebbian,44,280,0.3410992472098266,0.37498767148090717
hebbian,44,281,0.4309493245259959,0.37457398026923033
hebbian,44,282,0.37475731832129155,0.37425135215134453
hebbian,44,283,0.3561901829570644,0.3739061228229771
hebbian,44,284,0.36346751131503197,0.373580865748679
hebbian,44,285,0.37051744588579966,0.37316622847544983
hebbian,44,286,0.3885616393539483,0.37277666715120544
hebbian,44,287,0.35130663244686366,0.37244632160345087
hebbian,44,288,0.4874160285278222,0.37191712719338166
hebbian,44,289,0.32402564074404616,0.3716089132206971
hebbian,44,290,0.38120227470677603,0.3712266526674384
hebbian,44,291,0.36526733769422354,0.3708823755839535
hebbian,44,292,0.3374445781038925,0.370517739033908
hebbian,44,293,0.39534351296823267,0.37005705471877787
hebbian,44,294,0.36840860990955593,0.3696681599461841
hebbian,44,295,0.36217406240144395,0.3693096172342355
hebbian,44,296,0.32958534951380664,0.3689404167768538
hebbian,44,297,0.2996411619006763,0.36867673710544385
hebbian,44,298,0.2579247200235093,0.368436838841224
hebbian,44,299,0.35692258261315235,0.3680564836700592
hebbian,44,300,0.3270593635985979,0.3678016540439131
hebbian,45,1,0.4505089706551201,0.43449739461109493
hebbian,45,2,0.33699047256693526,0.4343558652978973
hebbian,45,3,0.36752971482138724,0.43421970341334676
hebbian,45,4,0.5591715608340314,0.4340166700221459
hebbian,45,5,0.382927576470005,0.43387451356539486
hebbian,45,6,0.5974392246015743,0.4336515638601651
hebbian,45,7,0.5850950906780006,0.43345001345433626
hebbian,45,8,0.34341812118786247,0.43333277467407916
hebbian,45,9,0.46590882794013067,0.4332144537581869
hebbian,45,10,0.3706176103721202,0.4330847953441064
hebbian,45,11,0.38321837637850176,0.43295874160391795
hebbian,45,12,0.7027854291509715,0.4327107526238527
hebbian,45,13,0.42117846764126765,0.43253987490708445
hebbian,45,14,0.374174597300196,0.43242113156884726
hebbian,45,15,0.33220847007539006,0.4322765330148552
hebbian,45,16,0.3351321539986122,0.432168339913231
hebbian,45,17,0.48684078378162665,0.4319834970907805
hebbian,45,18,0.382936232252016,0.431849799509814
hebbian,45,19,0.4234066372946987,0.4316732282808662
hebbian,45,20,0.5413866869004512,0.43150831620537544
hebbian,45,21,0.37312114710391053,0.4313684013835111
hebbian,45,22,0.30580406486495504,0.4312525064097395
hebbian,45,23,0.3952714619801564,0.4311377659801733
hebbian,45,24,0.44233968309843397,0.43094869148459997
hebbian,45,25,0.360665114403906,0.4308181870346581
hebbian,45,26,0.5976651140578553,0.4306222489642109
hebbian,45,27,0.4076941395555549,0.4304871916708269
hebbian,45,28,0.3598513253724437,0.43036351168197645
hebbian,45,29,0.6248476564520131,0.4301961943574006
hebbian,45,30,0.4017484286551614,0.43004248362193936
hebbian,45,31,0.29817439494223685,0.42993020024178863
hebbian,45,32,0.3832155611270684,0.42981880665885636
hebbian,45,33,0.3605179307930092,0.4296428231559975
hebbian,45,34,0.4905630088807923,0.4294943360749252
hebbian,45,35,0.4204533958017898,0.42935068617931316
hebbian,45,36,0.6825971836307675,0.4291298831166346
hebbian,45,37,0.35818415409400267,0.4290374104250502
hebbian,45,38,0.5319632141530498,0.42883532937298585
hebbian,45,39,0.4492633941279939,0.4286846235631201
hebbian,45,40,0.5785454930145018,0.42842981087658744
hebbian,45,41,0.3364215463912493,0.42833324635840164
hebbian,45,42,0.6172382082939554,0.4281319304700921
hebbian,45,43,0.5110144848888573,0.42793113500412083
hebbian,45,44,0.395528620302792,0.4278004308546914
hebbian,45,45,0.5157954095585915,0.42761238407556834
hebbian,45,46,0.4346903984845468,0.4274614491258679
hebbian,45,47,0.4008175300345618,0.4273130813169544
hebbian,45,48,0.5185517471396223,0.42711688844475054
hebbian,45,49,0.5812296719432238,0.42694365800157535
hebbian,45,50,0.40151831790978953,0.4268126106650463
hebbian,45,51,0.44254186783534455,0.42665633756504245
hebbian,45,52,0.4242605462360593,0.4265127867697477
hebbian,45,53,0.40641872884158037,0.42634229051057937
hebbian,45,54,0.5381879095144426,0.42614992282671543
hebbian,45,55,0.43104828870397194,0.42599760251178576
hebbian,45,56,0.4847192261278998,0.42582065284460635
hebbian,45,57,0.4651699665655323,0.42567892612581715
hebbian,45,58,0.6547817311901403,0.42543866408536346
hebbian,45,59,0.405656368480031,0.4252816442367661
hebbian,45,60,0.423268538742182,0.4251146118327867
hebbian,45,61,0.3662578826435058,0.42500336377734294
hebbian,45,62,0.33814041794646355,0.4249064547035885
hebbian,45,63,0.5645921219475432,0.4247366601492404
hebbian,45,64,0.43188117496703315,0.42459802496367993
hebbian,45,65,0.3463538866409944,0.4244849423062945
hebbian,45,66,0.47410861392374337,0.4243351501859907
hebbian,45,67,0.5317486290357947,0.42417939379047653
hebbian,45,68,0.44864789168578145,0.42402667910673564
hebbian,45,69,0.3827932587583146,0.42390636537545007
hebbian,45,70,0.46589222243178996,0.42372371191023056
hebbian,45,71,0.3481264906270579,0.4236141579071673
hebbian,45,72,0.5732624629706586,0.4234100143823858
hebbian,45,73,0.37096873121599977,0.4232760780799262
hebbian,45,74,0.4598460605644228,0.42315289061025135
hebbian,45,75,0.4393260564081556,0.42301699722190345
hebbian,45,76,0.3906857572880884,0.4228580341462018
hebbian,45,77,0.41499406757266316,0.42270833023861437
hebbian,45,78,0.524218970161205,0.42250650001186063
hebbian,45,79,0.3697829706112894,0.42236798407066295
hebbian,45,80,0.5346415593757475,0.4222405657564446
hebbian,45,81,0.5318188835866468,0.4220477879954356
hebbian,45,82,0.32684380023143766,0.4219501285882767
hebbian,45,83,0.4321409913091845,0.42178512487087105
hebbian,45,84,0.44032990134280287,0.42162474642071046
hebbian,45,85,0.4034290819609142,0.4214793211973201
hebbian,45,86,0.45682127590573984,0.4213041230516403
hebbian,45,87,0.40022193519009586,0.4211604681636539
hebbian,45,88,0.5405774070974584,0.42100463891813306
hebbian,45,89,0.49308438320582104,0.42083281624619656
hebbian,45,90,0.3406341272814214,0.42071213889445785
hebbian,45,91,0.48300645799495595,0.42054847286716224
hebbian,45,92,0.37601436045799863,0.42043167333932924
hebbian,45,93,0.45065396105360284,0.4202910258454735
hebbian,45,94,0.5023739748929843,0.4201387767078996
hebbian,45,95,0.4328272318458473,0.4199650691167042
hebbian,45,96,0.4168755499210829,0.4198329655198695
hebbian,45,97,0.3242268650226766,0.41972172009532094
hebbian,45,98,0.3734735905386901,0.4195914767316152
hebbian,45,99,0.3032529496065895,0.41949266272699515
hebbian,45,100,0.29489852819093243,0.41938034165715876
hebbian,45,101,0.48027503620597767,0.41919912935271214
hebbian,45,102,0.3987103384587337,0.4190744269116947
hebbian,45,103,0.5027355760144971,0.41887970191988777
hebbian,45,104,0.40079565870961187,0.41873399671917244
hebbian,45,105,0.2953293555180602,0.4186170999122886
hebbian,45,106,0.2872442127055751,0.4185316588029265
hebbian,45,107,0.4323920528704114,0.41838049074447226
hebbian,45,108,0.4288007180800534,0.418246009987479
hebbian,45,109,0.4071316778019023,0.4181304835907492
hebbian,45,110,0.4007443246128781,0.4179907727222935
hebbian,45,111,0.38721329490239226,0.4178306002778335
hebbian,45,112,0.4468036970967676,0.4176679531935414
hebbian,45,113,0.39890516722643077,0.4175426167833966
hebbian,45,114,0.34753748627816233,0.4174470511448763
hebbian,45,115,0.3639819382969249,0.417300839938588
hebbian,45,116,0.420754317847856,0.41716569153892896
hebbian,45,117,0.4277603005042714,0.41699766270568217
hebbian,45,118,0.3215834332266265,0.416871935369997
hebbian,45,119,0.5925532080141788,0.41667096569920875
hebbian,45,120,0.3754813128894972,0.4165343605755598
hebbian,45,121,0.39493412777084835,0.41637851225848727
hebbian,45,122,0.26432017998554946,0.4162873499595544
hebbian,45,123,0.5099408203927815,0.41611766479935036
hebbian,45,124,0.4290016109392195,0.41594763596454826
hebbian,45,125,0.6444606934571011,0.41573518193565756
hebbian,45,126,0.3800594387272724,0.4155964774061547
hebbian,45,127,0.4037776993972486,0.4154541602388519
hebbian,45,128,0.3707523925779739,0.41532820476746246
hebbian,45,129,0.42563391899103364,0.41519492910922673
hebbian,45,130,0.47581166815911874,0.41503303559698146
hebbian,45,131,0.2892434401743085,0.4149593799270806
hebbian,45,132,0.5159560218220786,0.4147718033245904
hebbian,45,133,0.5078426191373093,0.41458611821947533
hebbian,45,134,0.32321044246699404,0.4144956985027028
hebbian,45,135,0.38798861512391924,0.4143521199048746
hebbian,45,136,0.3084365959163695,0.4142625698315535
hebbian,45,137,0.3350619023516247,0.4141355364879555
hebbian,45,138,0.4026905464579522,0.4139806423693974
hebbian,45,139,0.4746938567184973,0.41384109271481645
hebbian,45,140,0.33492712905676225,0.41370299571979186
hebbian,45,141,0.49750052478291845,0.4135657761603111
hebbian,45,142,0.2798911123737173,0.41345998107677767
hebbian,45,143,0.4195995705148102,0.41331847018100193
hebbian,45,144,0.4555927721709817,0.41313831961320713
hebbian,45,145,0.48453451460545116,0.4129901409461369
hebbian,45,146,0.32695879191115373,0.4128642748103586
hebbian,45,147,0.4327793567675765,0.41271531128342337
hebbian,45,148,0.5388793050983769,0.41252376029863874
hebbian,45,149,0.3480313443130422,0.41237866594583766
hebbian,45,150,0.3922663327448225,0.412250746377248
hebbian,45,151,0.31616266091286904,0.412140296419215
hebbian,45,152,0.48812940470013333,0.41201829565946013
hebbian,45,153,0.41231393578999764,0.4118798412014296
hebbian,45,154,0.35954346474435417,0.4117278711506407
hebbian,45,155,0.4205849356730799,0.41161500367512643
hebbian,45,156,0.34025580694735946,0.41147891144984944
hebbian,45,157,0.42550473522183085,0.4113384004914914
hebbian,45,158,0.44767430449772994,0.4111590484816279
hebbian,45,159,0.27074682429683417,0.4110756945867551
hebbian,45,160,0.40917017401662503,0.4109197866037789
hebbian,45,161,0.5057493222809921,0.4107829792514435
hebbian,45,162,0.29227128163297533,0.4106631677711026
hebbian,45,163,0.35159950681332847,0.41056914099970904
hebbian,45,164,0.3708734564086387,0.41042857128916543
hebbian,45,165,0.5282269548107312,0.410243553172611
hebbian,45,166,0.31570510183082584,0.4101220039809591
hebbian,45,167,0.5478164005061115,0.40995813316069835
hebbian,45,168,0.33298414778954133,0.4098600469832379
hebbian,45,169,0.3926210242875793,0.4097308090324116
hebbian,45,170,0.408303341764367,0.4095738363082679
hebbian,45,171,0.3277067412940274,0.4094700520024036
hebbian,45,172,0.35881611738575586,0.40935653926581334
hebbian,45,173,0.36521318597374997,0.409231043452138
hebbian,45,174,0.4174237192183444,0.40911026497400704
hebbian,45,175,0.285762265401444,0.40902016920215034
hebbian,45,176,0.39608829989682626,0.4088844545163998
hebbian,45,177,0.5964643459995488,0.4086917792109755
hebbian,45,178,0.28754608296652057,0.4085869837309807
hebbian,45,179,0.6310263967268422,0.40835906426750823
hebbian,45,180,0.39428555972311874,0.40822211439754513
hebbian,45,181,0.38856342360436513,0.40806862171508435
hebbian,45,182,0.4107661730626446,0.407894103713648
hebbian,45,183,0.47857104517444427,0.407756103275878
hebbian,45,184,0.42859139338247954,0.4076010945146865
hebbian,45,185,0.3859255793836101,0.4074589988314846
hebbian,45,186,0.3888556123400835,0.4073400455099951
hebbian,45,187,0.4608616241760026,0.40718652857551935
hebbian,45,188,0.48670045917584176,0.407017547718293
hebbian,45,189,0.47020243900733616,0.4068527559596769
hebbian,45,190,0.441386250399335,0.4066983844587868
hebbian,45,191,0.40175615449328655,0.40657829535484374
hebbian,45,192,0.3762812145464007,0.4064405346592868
hebbian,45,193,0.4241205592153203,0.40631808376254414
hebbian,45,194,0.3899875959972311,0.40617586322172505
hebbian,45,195,0.3093536671906255,0.4060700418837817
hebbian,45,196,0.405831878543836,0.40596226905244037
hebbian,45,197,0.37646698980182697,0.4058308375868454
hebbian,45,198,0.34644692236988855,0.40569764876406395
hebbian,45,199,0.41007953456013135,0.40555319595653283
hebbian,45,200,0.4198269401980669,0.4053836694806281
hebbian,45,201,0.3833850544915035,0.40525364272707204
hebbian,45,202,0.4165121659524532,0.4051220730142686
hebbian,45,203,0.29583438797641326,0.4050238165323441
hebbian,45,204,0.31754682991525257,0.40490046513662614
hebbian,45,205,0.4746131462772979,0.404724541670541
hebbian,45,206,0.3405242979377133,0.4046001564306821
hebbian,45,207,0.3466705290058949,0.4044949814730722
hebbian,45,208,0.4228980773096839,0.40437473482863606
hebbian,45,209,0.40182382842270653,0.40424951420211985
hebbian,45,210,0.4721007642507391,0.4041002769596645
hebbian,45,211,0.4363114418886155,0.40391503918475147
hebbian,45,212,0.3573471844056351,0.4037928394694857
hebbian,45,213,0.44604170660825815,0.4036226655463412
hebbian,45,214,0.378367570452457,0.4034874553604789
hebbian,45,215,0.46339835367602733,0.40331995885170835
hebbian,45,216,0.39038294136457696,0.40317529815243935
hebbian,45,217,0.4411497622111017,0.40303326618885993
hebbian,45,218,0.3366380798841987,0.40289031180193535
hebbian,45,219,0.34298294795372514,0.4027464133678472
hebbian,45,220,0.4033043613949842,0.402604527365173
hebbian,45,221,0.5175672204847204,0.4024283656959876
hebbian,45,222,0.3816392354650186,0.40230064040246055
hebbian,45,223,0.496964531475682,0.40214955664718965
hebbian,45,224,0.39076721864824043,0.40199745927370706
hebbian,45,225,0.5056314696617271,0.40181343313313844
hebbian,45,226,0.37541180810048763,0.4016802822618934
hebbian,45,227,0.342259789307692,0.4015636709665305
hebbian,45,228,0.29193795939859096,0.40146264598424214
hebbian,45,229,0.31208941473999874,0.40134254987436696
hebbian,45,230,0.3891721766718858,0.4012257875731266
hebbian,45,231,0.4040270868112529,0.4010886901175689
hebbian,45,232,0.2940926963369447,0.40096320524514906
hebbian,45,233,0.3138095895767046,0.40085156265487
hebbian,45,234,0.3196199137359441,0.40073385331792244
hebbian,45,235,0.4382519570924994,0.400592708204942
hebbian,45,236,0.6083682454786432,0.40041436582889917
hebbian,45,237,0.30208214318725485,0.40029307593658914
hebbian,45,238,0.4167864920304186,0.40013466939877346
hebbian,45,239,0.3987083821285611,0.40000366996343983
hebbian,45,240,0.40203750480220346,0.3998933667127358
hebbian,45,241,0.325994333075545,0.39978199112984225
hebbian,45,242,0.2694847338185897,0.39969083476007244
hebbian,45,243,0.2840669117721287,0.3995699395459862
hebbian,45,244,0.28557047099231897,0.39946480443194526
hebbian,45,245,0.3846079870713193,0.3993215524420757
hebbian,45,246,0.385622889116072,0.399184461990567
hebbian,45,247,0.3587928884183979,0.399068319958109
hebbian,45,248,0.2991576548761558,0.39895391323926993
hebbian,45,249,0.33350613212324565,0.39883740002766205
hebbian,45,250,0.46825827977212225,0.39866769791853557
hebbian,45,251,0.38205097882468236,0.39850999193896175
hebbian,45,252,0.45976348638287257,0.3983528032140686
hebbian,45,253,0.32304549424149454,0.39822817036430164
hebbian,45,254,0.34049115530272084,0.39812201906445116
hebbian,45,255,0.31280075648289785,0.3979950923691713
hebbian,45,256,0.4103259614816144,0.39786077964122013
hebbian,45,257,0.3221175869884206,0.39775826396246716
hebbian,45,258,0.3659236973559845,0.39761084245570777
hebbian,45,259,0.32241038035846237,0.3975031632981231
hebbian,45,260,0.36564302690982453,0.39737807925197177
hebbian,45,261,0.29006787520892147,0.397292081017802
hebbian,45,262,0.4770836621269896,0.39714165312898014
hebbian,45,263,0.2916292208437963,0.3970177797614148
hebbian,45,264,0.3698438504396702,0.39686096284371675
hebbian,45,265,0.4616717901437103,0.39669754778717414
hebbian,45,266,0.44164810862632264,0.39657826665649176
hebbian,45,267,0.3508012961594784,0.39643465501874275
hebbian,45,268,0.44330014503870774,0.39628819678983845
hebbian,45,269,0.3808072133704929,0.3961741719403284
hebbian,45,270,0.3707320639965668,0.39603838329657726
hebbian,45,271,0.32822541919917103,0.39591839983662447
hebbian,45,272,0.4155936734914095,0.39575793752960753
hebbian,45,273,0.31801006193243236,0.3956542244612197
hebbian,45,274,0.29611831702689106,0.39554331155677636
hebbian,45,275,0.40231406909223555,0.3953845661849389
hebbian,45,276,0.48876816459808975,0.39525323922410177
hebbian,45,277,0.2980756940910572,0.3951629324474371
hebbian,45,278,0.44704996840983835,0.39500635763057185
hebbian,45,279,0.6051569236223568,0.39476062352902164
hebbian,45,280,0.4665696410311663,0.3945994960679738
hebbian,45,281,0.36729313946942876,0.3944558773069372
hebbian,45,282,0.2497385553624008,0.3943548935705959
hebbian,45,283,0.29491310186447006,0.39425638452408396
hebbian,45,284,0.43081951339041763,0.39409117921451137
hebbian,45,285,0.397204233791306,0.39392562148985805
hebbian,45,286,0.3133143986315271,0.39381223514671015
hebbian,45,287,0.36286420727350865,0.39367545927770525
hebbian,45,288,0.4210918375908093,0.39348977057571777
hebbian,45,289,0.39797918078899674,0.3933478982581138
hebbian,45,290,0.23104418423510456,0.39324265069010994
hebbian,45,291,0.3136058094450457,0.3931284318722234
hebbian,45,292,0.3092809458179496,0.3930123551853923
hebbian,45,293,0.37017986092969746,0.392881560743468
hebbian,45,294,0.2502073512005916,0.3927748706558176
hebbian,45,295,0.315069803026952,0.3926624064985244
hebbian,45,296,0.29122864650674096,0.39256250533226
hebbian,45,297,0.40837689003199357,0.3924047878584778
hebbian,45,298,0.29554001166651545,0.3922957645066483
hebbian,45,299,0.3182386691403664,0.39218112290163964
hebbian,45,300,0.3420370149309887,0.39207281809259453
hebbian,46,1,0.7259926407246273,0.5420731559371991
hebbian,46,2,0.38619770286114585,0.5418684896357141
hebbian,46,3,0.5029702812178516,0.5415602921442804
hebbian,46,4,0.5333601657669158,0.5412902206205752
hebbian,46,5,0.45883817663441184,0.5410710528558188
hebbian,46,6,0.7641737213078812,0.5406277654602957
hebbian,46,7,0.6268989915840877,0.5402666125910125
hebbian,46,8,0.3642142581766837,0.5400651118690776
hebbian,46,9,0.5731183648713019,0.5398135322444975
hebbian,46,10,0.4303228556455587,0.5395542730446502
hebbian,46,11,0.7231476239966279,0.5391852131410655
hebbian,46,12,0.41925038341605114,0.5389078622056034
hebbian,46,13,0.5684240575188808,0.5386275632024812
hebbian,46,14,0.7474489808768743,0.5381721081047642
hebbian,46,15,0.40832601790194833,0.5379335349790934
hebbian,46,16,0.44502971726155083,0.5376776831287776
hebbian,46,17,0.4490128434797632,0.5374431333746902
hebbian,46,18,0.495664658576465,0.5371815129442419
hebbian,46,19,0.40797544326692037,0.5369625815598533
hebbian,46,20,0.7153001591065858,0.536688386431726
hebbian,46,21,0.6939570015163712,0.5363541044642975
hebbian,46,22,0.43046848599160237,0.5361467516369148
hebbian,46,23,0.6339787043473162,0.5358348658915616
hebbian,46,24,0.6551586281261443,0.5354555992388282
hebbian,46,25,0.5208335581539687,0.5351962948690812
hebbian,46,26,0.5934767217556174,0.5348896191773749
hebbian,46,27,0.5864440879839345,0.5345712180688891
hebbian,46,28,0.5383988263462811,0.5343098960796503
hebbian,46,29,0.6617088111635275,0.5339594670404847
hebbian,46,30,0.5438391630126013,0.5336657670770181
hebbian,46,31,0.631586858720627,0.5333494868697514
hebbian,46,32,0.5620226768807541,0.5330806101545723
hebbian,46,33,0.4744679129951096,0.5328480556364008
hebbian,46,34,0.5440774214885651,0.532594936247292
hebbian,46,35,0.5167126637958422,0.5323420457415133
hebbian,46,36,0.4972302095447808,0.5321177070077799
hebbian,46,37,0.6019533805877695,0.5317760145945998
hebbian,46,38,0.6491657698091751,0.5314872995896156
hebbian,46,39,0.955488762081507,0.5310253193904919
hebbian,46,40,0.47529374350799275,0.5307688976700227
hebbian,46,41,0.7201866138457432,0.5304694331925559
hebbian,46,42,0.42027497100577965,0.5302624416906114
hebbian,46,43,0.4331716522102539,0.5300603389452624
hebbian,46,44,0.5070465050102435,0.5297744095920107
hebbian,46,45,0.7012592716940977,0.5294201837456389
hebbian,46,46,0.555295601450457,0.5290969411145079
hebbian,46,47,0.5572921426539443,0.5288224680342539
hebbian,46,48,0.6666159971959174,0.5285119364930261
hebbian,46,49,0.5788883853193552,0.5282234536075753
hebbian,46,50,0.32452889273598473,0.5280093354891683
hebbian,46,51,0.7348634477044448,0.5276317930029715
hebbian,46,52,0.464632686583983,0.527431290063441
hebbian,46,53,0.536870055981728,0.5271828386485082
hebbian,46,54,0.5018611835005288,0.5269035397108177
hebbian,46,55,0.46641376522083067,0.5266836541235622
hebbian,46,56,0.35316888022228976,0.5265114904404634
hebbian,46,57,0.5559906981466906,0.5262316589279782
hebbian,46,58,0.3950339902609128,0.5259856085005475
hebbian,46,59,0.4595420326613397,0.5257754168909031
hebbian,46,60,0.5666847090149223,0.5254749001141572
hebbian,46,61,0.4750432213829584,0.5252488383305702
hebbian,46,62,0.5968040678896611,0.5249670590921806
hebbian,46,63,0.4214843056309291,0.5247661247082243
hebbian,46,64,0.6834346843418136,0.5244384553513721
hebbian,46,65,0.48632424054665,0.5241818874051195
hebbian,46,66,0.459831617233161,0.5239071755201052
hebbian,46,67,0.65904277684149,0.5235483917702384
hebbian,46,68,0.5511877742612,0.5232628575575892
hebbian,46,69,0.5407825550560383,0.5229654396538647
hebbian,46,70,0.6089632230038441,0.522656125606978
hebbian,46,71,0.47341796544597586,0.5223925722226105
hebbian,46,72,0.5451309914485449,0.5221494332327048
hebbian,46,73,0.5908633175126405,0.5218746011754957
hebbian,46,74,0.485535022268838,0.5216573435660329
hebbian,46,75,0.5369956135510825,0.5213643375007642
hebbian,46,76,0.5598914664149952,0.521079967247854
hebbian,46,77,0.5407306354533754,0.520852466259606
hebbian,46,78,0.31526285689671807,0.5206783877649888
hebbian,46,79,0.4691011892319336,0.5204975673052444
hebbian,46,80,0.5656456468869098,0.520194930156679
hebbian,46,81,0.6668916534239612,0.5198488050989634
hebbian,46,82,0.3555951520670372,0.5196656733549752
hebbian,46,83,0.5614055290409833,0.5193423117918965
hebbian,46,84,0.5760048507630132,0.5190539348162003
hebbian,46,85,0.641382447525504,0.518722695362233
hebbian,46,86,0.5124769728899483,0.5185081957043282
hebbian,46,87,0.43972971729597854,0.5182934438697859
hebbian,46,88,0.5526230196608664,0.5180199570804129
hebbian,46,89,0.481444785237956,0.5177828049785133
hebbian,46,90,0.3827550430272413,0.5176000794438953
hebbian,46,91,0.6851798015985018,0.5172747429253791
hebbian,46,92,0.4363445119013182,0.5170955811861028
hebbian,46,93,0.5126580206812025,0.5168545253509842
hebbian,46,94,0.5228861888734146,0.516615472257457
hebbian,46,95,0.42997329512201116,0.5164596241707301
hebbian,46,96,0.4345417024452128,0.5162794485492314
hebbian,46,97,0.42720006484413997,0.5160634173001754
hebbian,46,98,0.5923979566636592,0.5157713032661423
hebbian,46,99,0.40234950279563775,0.5155393719698333
hebbian,46,100,0.5481137313276209,0.5152569251914715
hebbian,46,101,0.5966140873629114,0.5149108786888918
hebbian,46,102,0.5584537962703144,0.5146036090637329
hebbian,46,103,0.40165801088638586,0.5144017859966065
hebbian,46,104,0.3695810904993106,0.5141866174084101
hebbian,46,105,0.40453863616368685,0.5139531923758522
hebbian,46,106,0.3761532475093434,0.513776483555031
hebbian,46,107,0.3811087742228103,0.5136108120601283
hebbian,46,108,0.4512648993368558,0.5133693608911168
hebbian,46,109,0.6093894588507213,0.5131103597771833
hebbian,46,110,0.4932618965015796,0.5128502314803542
hebbian,46,111,0.5151717977127653,0.512595303468323
hebbian,46,112,0.5289999889105308,0.5123206941129375
hebbian,46,113,0.5476256561913505,0.5120523589207396
hebbian,46,114,0.5088495479827589,0.5118246364878994
hebbian,46,115,0.4954009091927338,0.5115684262539656
hebbian,46,116,0.6086026683570971,0.5112840756795137
hebbian,46,117,0.5966601964196447,0.5110005179870366
hebbian,46,118,0.6490350289169445,0.5107111990690294
hebbian,46,119,0.6657395760665759,0.5104519660670475
hebbian,46,120,0.6648571651524106,0.5101395350496207
hebbian,46,121,0.5797018720358804,0.5098796870880205
hebbian,46,122,0.4737804089363702,0.5096490403520958
hebbian,46,123,0.6106583789344124,0.5093720638182496
hebbian,46,124,0.6020445010754425,0.509082184865531
hebbian,46,125,0.660462669843906,0.5087780875394964
hebbian,46,126,0.575465137387561,0.5084782374397961
hebbian,46,127,0.55607781988843,0.5082128111143998
hebbian,46,128,0.3598368324433495,0.5080416997144429
hebbian,46,129,0.4962105112363355,0.5077574501236809
hebbian,46,130,0.4575224515978231,0.5075371078218093
hebbian,46,131,0.38470421027401097,0.5073637294881461
hebbian,46,132,0.6904172866549384,0.5070165816939824
hebbian,46,133,0.4758455270538632,0.5068314981164521
hebbian,46,134,0.5302740560534341,0.5065835329195
hebbian,46,135,0.41816120565811754,0.5063684839111138
hebbian,46,136,0.4769936255260176,0.5061256861308844
hebbian,46,137,0.5082666145106025,0.5058611605710945
hebbian,46,138,0.5211929738430213,0.5055835918008231
hebbian,46,139,0.5680185847347656,0.5052908015831435
hebbian,46,140,0.5508413242428885,0.5049981684589975
hebbian,46,141,0.580676078849226,0.5047143636657799
hebbian,46,142,0.41121765612406547,0.5045253915544292
hebbian,46,143,0.581759159201827,0.5042530617889581
hebbian,46,144,0.48497214755749973,0.504004958084848
hebbian,46,145,0.550105518920659,0.5037952451287673
hebbian,46,146,0.5983041074380291,0.5034611005133401
hebbian,46,147,0.5002091487384817,0.5032510314910135
hebbian,46,148,0.3753135302899202,0.5030629525249555
hebbian,46,149,0.38308625566224697,0.5028890413859589
hebbian,46,150,0.6774745243242576,0.5025872750743979
hebbian,46,151,0.6203726620990726,0.5022960093771093
hebbian,46,152,0.6202129875990919,0.5020498446728049
hebbian,46,153,0.4401457144188554,0.5018550079915508
hebbian,46,154,0.5693469446408909,0.5015896211035509
hebbian,46,155,0.39159952204835996,0.5014020686368644
hebbian,46,156,0.34856639316865445,0.5012125106637316
hebbian,46,157,0.45056038677651855,0.5009686672342187
hebbian,46,158,0.5838197047804312,0.5006844985821028
hebbian,46,159,0.6386412426524721,0.5003815423534241
hebbian,46,160,0.5632412469204467,0.5001008969121585
hebbian,46,161,0.6880363653144387,0.4997754194720866
hebbian,46,162,0.533689127120946,0.4995121684581035
hebbian,46,163,0.5862256555709174,0.49922176641874105
hebbian,46,164,0.5820783650016668,0.49899436232692096
hebbian,46,165,0.5151638051009346,0.498705782708082
hebbian,46,166,0.4122562585405679,0.4984897109022191
hebbian,46,167,0.4652146678830331,0.4982790396613976
hebbian,46,168,0.6827781548906329,0.49796287372888776
hebbian,46,169,0.444652573973394,0.4977457812654701
hebbian,46,170,0.4343502906819865,0.4975523507828759
hebbian,46,171,0.5378378159655741,0.4973417390831794
hebbian,46,172,0.590026031731902,0.4970785460129006
hebbian,46,173,0.4850099395434898,0.49689635743275457
hebbian,46,174,0.41861369685746197,0.4966731484211768
hebbian,46,175,0.3761641686150794,0.49647862278271243
hebbian,46,176,0.6437650918321286,0.49622971505300095
hebbian,46,177,0.47485292960179,0.4960031664401049
hebbian,46,178,0.4472529034905968,0.49575384831142066
hebbian,46,179,0.5434467609276835,0.4954882337413486
hebbian,46,180,0.38900821353319515,0.49527948746410055
hebbian,46,181,0.5243479403604323,0.49506044236906055
hebbian,46,182,0.5002645763704473,0.49483238999449314
hebbian,46,183,0.49305577016306557,0.49458138046376016
hebbian,46,184,0.43725051496260176,0.494357516103276
hebbian,46,185,0.4659405252235824,0.49412135494211334
hebbian,46,186,0.33649937426917254,0.49395547172985566
hebbian,46,187,0.5030096006474263,0.4937404847748968
hebbian,46,188,0.39044265508045345,0.4935325293558526
hebbian,46,189,0.3218662751375234,0.4933649171227804
hebbian,46,190,0.4111295404326174,0.49313384895059065
hebbian,46,191,0.44069359553059395,0.49294529233721235
hebbian,46,192,0.4587476875254925,0.492716527852508
hebbian,46,193,0.5762168187726219,0.49249903423358743
hebbian,46,194,0.6381225441297999,0.4922030290600394
hebbian,46,195,0.5942957478242336,0.4919291293361716
hebbian,46,196,0.5642355325082815,0.4916868662297588
hebbian,46,197,0.5692223641346413,0.4913836675100512
hebbian,46,198,0.5030510241640155,0.4911642158403754
hebbian,46,199,0.5224580173541342,0.49094466331645653
hebbian,46,200,0.47120763079747996,0.4907388953696135
hebbian,46,201,0.4344509891794457,0.4905336752834663
hebbian,46,202,0.5833745406527462,0.4902688098399592
hebbian,46,203,0.40030738447196484,0.49007503214006926
hebbian,46,204,0.30921437124386664,0.4899384626386142
hebbian,46,205,0.6058238007479305,0.4896908607224221
hebbian,46,206,0.5582538984734527,0.4894084005367374
hebbian,46,207,0.37834434733250755,0.4892375141044113
hebbian,46,208,0.3771449392499229,0.48908837444036635
hebbian,46,209,0.5142765477441877,0.488860082143755
hebbian,46,210,0.33169187546553053,0.48871653173635654
hebbian,46,211,0.5233497026257365,0.48846434220442997
hebbian,46,212,0.36720137793178975,0.4882861281074546
hebbian,46,213,0.5848785034609911,0.48801054974016267
hebbian,46,214,0.3985572913344149,0.4878097053211691
hebbian,46,215,0.4337870470189418,0.4875919571038502
hebbian,46,216,0.2921971148802839,0.48744185422463643
hebbian,46,217,0.28338267751364715,0.4873267641214918
hebbian,46,218,0.5315255434770569,0.4870355316158237
hebbian,46,219,0.39960855646191795,0.4868586028092081
hebbian,46,220,0.5196709898968501,0.4865835289671688
hebbian,46,221,0.32719908337609743,0.4864006995933115
hebbian,46,222,0.5455247350661827,0.48613145293117765
hebbian,46,223,0.5052307647475216,0.485910299343459
hebbian,46,224,0.4731607966460088,0.4857074454847397
hebbian,46,225,0.28378235029543836,0.4855955926109401
hebbian,46,226,0.5072723542995154,0.48533217683015817
hebbian,46,227,0.4373796903455169,0.48511732016704284
hebbian,46,228,0.3286391964196823,0.48494602875386694
hebbian,46,229,0.407621692367065,0.48473688959980327
hebbian,46,230,0.5089838570584315,0.4844637798096725
hebbian,46,231,0.42314543336245247,0.48426980763184724
hebbian,46,232,0.4270341361752029,0.4840687325352652
hebbian,46,233,0.49150629344202695,0.4838066748308652
hebbian,46,234,0.34522687579638045,0.48364291696898204
hebbian,46,235,0.38801534836077,0.4834657511269362
hebbian,46,236,0.4356521904344809,0.4832415650011923
hebbian,46,237,0.5426608613486585,0.48298244590306294
hebbian,46,238,0.42978865606283756,0.48280374463614795
hebbian,46,239,0.5352476983452126,0.4825450642641532
hebbian,46,240,0.30647909725573885,0.48241512512374995
hebbian,46,241,0.43682863252073806,0.4822095471884745
hebbian,46,242,0.35590332987897166,0.48202970737752443
hebbian,46,243,0.41870937978531547,0.48179071403773266
hebbian,46,244,0.5146871188278911,0.48154984747874774
hebbian,46,245,0.4319106130200395,0.4813519019106395
hebbian,46,246,0.4560791988812527,0.4811108456660569
hebbian,46,247,0.5308719707000602,0.48085166321370904
hebbian,46,248,0.4251636729211804,0.48063095925835503
hebbian,46,249,0.5136212920170568,0.48037022253513373
hebbian,46,250,0.40530393002187526,0.4801709282631304
hebbian,46,251,0.4340329551925526,0.47997017224698013
hebbian,46,252,0.4001145679361385,0.4797875658377138
hebbian,46,253,0.5641083517129797,0.47953847531993055
hebbian,46,254,0.5959714183910281,0.4792239440883184
hebbian,46,255,0.49589040896476105,0.4790322825602456
hebbian,46,256,0.5210498093534531,0.47877305734451203
hebbian,46,257,0.4629942573097841,0.47855489003298474
hebbian,46,258,0.35089055651245016,0.47837624139962803
hebbian,46,259,0.5475824039463104,0.4781199976293062
hebbian,46,260,0.6386087840860437,0.4778239684784371
hebbian,46,261,0.5971253713817906,0.47750519935135605
hebbian,46,262,0.4750260442124161,0.4772539322059226
hebbian,46,263,0.5052540723227923,0.47702057674171705
hebbian,46,264,0.489567954488764,0.4767842428885642
hebbian,46,265,0.5534546553315502,0.4764757027637427
hebbian,46,266,0.5100433764852483,0.47628866317502694
hebbian,46,267,0.5002049157560852,0.47606145087083185
hebbian,46,268,0.491030100110133,0.475844828341124
hebbian,46,269,0.4006329742969541,0.47562037781090194
hebbian,46,270,0.5109446440597458,0.4753975445339647
hebbian,46,271,0.45262560583952527,0.47516710837532294
hebbian,46,272,0.3569647554898879,0.47498953666643834
hebbian,46,273,0.42807386575543543,0.47479622203257926
hebbian,46,274,0.3600490420012261,0.4745730203372018
hebbian,46,275,0.3763140060935051,0.4744013665067512
hebbian,46,276,0.45533349867797807,0.4742001184173153
hebbian,46,277,0.598601730150162,0.47389041678397587
hebbian,46,278,0.4765105970530346,0.4736902952283007
hebbian,46,279,0.4638518895591422,0.47350378969686097
hebbian,46,280,0.5817200617186926,0.47321340866861217
hebbian,46,281,0.46593067945374816,0.4729779992091969
hebbian,46,282,0.4749212142843474,0.4727662593143691
hebbian,46,283,0.4665314079227345,0.4725619417362596
hebbian,46,284,0.4289293933884351,0.4723536751999068
hebbian,46,285,0.44824911960239044,0.4721388727717631
hebbian,46,286,0.5340307311268778,0.4719026081468605
hebbian,46,287,0.490039877560439,0.4716906058629143
hebbian,46,288,0.49869555719916964,0.4714342696477596
hebbian,46,289,0.5030568867501879,0.4712062146971477
hebbian,46,290,0.45425244888119676,0.4710070225140057
hebbian,46,291,0.6284857027970303,0.47071714640876866
hebbian,46,292,0.5029419760752715,0.4704500379217773
hebbian,46,293,0.40703455951328976,0.47021249992843994
hebbian,46,294,0.32497892800333883,0.47003798331312213
hebbian,46,295,0.5168239336816174,0.46978411290204186
hebbian,46,296,0.6134442647812628,0.46944527096087213
hebbian,46,297,0.5596262767165927,0.4691577608542464
hebbian,46,298,0.3157421860810131,0.4690241396585158
hebbian,46,299,0.4309546887891035,0.46880433024202883
hebbian,46,300,0.41015251153738386,0.46860657281769175
anti_hebbian,42,1,0.3627836767387037,0.309598725646568
anti_hebbian,42,2,0.37543148178808167,0.30945056126006987
anti_hebbian,42,3,0.32047260656576293,0.3093515406600187
anti_hebbian,42,4,0.3670579357285417,0.30919318274127533
anti_hebbian,42,5,0.38987641245326154,0.30898606482447344
anti_hebbian,42,6,0.33954435672527233,0.3088332754395343
anti_hebbian,42,7,0.268703510548426,0.3087067248497246
anti_hebbian,42,8,0.3122562153105334,0.3085804534554064
anti_hebbian,42,9,0.36049430641086766,0.30838132484835173
anti_hebbian,42,10,0.3504215746830005,0.3082064884762708
anti_hebbian,42,11,0.35915727094953476,0.3079980239550832
anti_hebbian,42,12,0.38384967560589317,0.307762847630921
anti_hebbian,42,13,0.31867144353452564,0.3076121380656183
anti_hebbian,42,14,0.39188233146541857,0.30745631754523933
anti_hebbian,42,15,0.2525255498595316,0.3073530247816639
anti_hebbian,42,16,0.26733346748869846,0.3072044276413545
anti_hebbian,42,17,0.34040120852093053,0.3070346864212784
anti_hebbian,42,18,0.2921792523283942,0.30691732316233716
anti_hebbian,42,19,0.32691898134620134,0.30675514712381013
anti_hebbian,42,20,0.3795336381570381,0.3065371390817871
anti_hebbian,42,21,0.2909224308180052,0.3064392575014947
anti_hebbian,42,22,0.2706614840663706,0.3063482154990546
anti_hebbian,42,23,0.26432131306024614,0.30622262935873246
anti_hebbian,42,24,0.3521966021249541,0.30604412940538955
anti_hebbian,42,25,0.4071508384182748,0.3057919941684479
anti_hebbian,42,26,0.2878274761161659,0.3056481555721408
anti_hebbian,42,27,0.4304162451357067,0.3054513888673812
anti_hebbian,42,28,0.3985085694048231,0.30526923013844715
anti_hebbian,42,29,0.2646427866930191,0.3051371293318444
anti_hebbian,42,30,0.38961005997353204,0.3049351631302948
anti_hebbian,42,31,0.3652036386961146,0.3048040676232082
anti_hebbian,42,32,0.4089305044848637,0.3046273452046936
anti_hebbian,42,33,0.4178996123236304,0.3044465318241256
anti_hebbian,42,34,0.4512314624908234,0.30423801875642587
anti_hebbian,42,35,0.2643499158786588,0.3041110524869447
anti_hebbian,42,36,0.3341079657036959,0.30395620843296045
anti_hebbian,42,37,0.2844339766439077,0.30387088532746304
anti_hebbian,42,38,0.38165281626067404,0.3036678143242876
anti_hebbian,42,39,0.34701202270564346,0.3035465086446244
anti_hebbian,42,40,0.30291952088715307,0.30341184983156116
anti_hebbian,42,41,0.3159671495029982,0.30330077066547195
anti_hebbian,42,42,0.2794391174174432,0.30318201274508966
anti_hebbian,42,43,0.33476451948289015,0.3030334024550499
anti_hebbian,42,44,0.3020207925285203,0.302918348447261
anti_hebbian,42,45,0.2781349166003514,0.30278399096299496
anti_hebbian,42,46,0.3114843125774769,0.3026186872329345
anti_hebbian,42,47,0.3370893078737792,0.30245284637065245
anti_hebbian,42,48,0.345539101394788,0.30230830178310475
anti_hebbian,42,49,0.45299899349080497,0.30208603365083603
anti_hebbian,42,50,0.35537045909223,0.30192393794596284
anti_hebbian,42,51,0.44387800423860546,0.3017276226281984
anti_hebbian,42,52,0.36734995187376085,0.301557993556895
anti_hebbian,42,53,0.32048333145423513,0.3014290678233245
anti_hebbian,42,54,0.32344303662410073,0.30130441957227944
anti_hebbian,42,55,0.36171336092766193,0.30115433667328023
anti_hebbian,42,56,0.3260002540144914,0.30100563658275176
anti_hebbian,42,57,0.31055666769135215,0.30087899976786375
anti_hebbian,42,58,0.38595022573532667,0.30067554263753693
anti_hebbian,42,59,0.34636486630200247,0.3005404742444982
anti_hebbian,42,60,0.4216665752090421,0.3003575584806289
anti_hebbian,42,61,0.3899889278542093,0.3002342393099597
anti_hebbian,42,62,0.5072661038990689,0.2999606326575383
anti_hebbian,42,63,0.2807282278455755,0.2997978908206056
anti_hebbian,42,64,0.3317266671968427,0.299648148558864
anti_hebbian,42,65,0.3192881361405476,0.2995089173715955
anti_hebbian,42,66,0.29941256648491466,0.2994082193300353
anti_hebbian,42,67,0.3128099232680631,0.29929118534972465
anti_hebbian,42,68,0.38539362946563954,0.29906688761100125
anti_hebbian,42,69,0.3640766398791628,0.29886198280367626
anti_hebbian,42,70,0.4454805663891466,0.2986400205579549
anti_hebbian,42,71,0.32732340419778216,0.2984915528911092
anti_hebbian,42,72,0.22092916808565466,0.2984149044116716
anti_hebbian,42,73,0.23759821002501408,0.29829981802350475
anti_hebbian,42,74,0.3114595751046126,0.29817218173044935
anti_hebbian,42,75,0.26683955843811935,0.29807673907503024
anti_hebbian,42,76,0.2768180558640351,0.29796426320913977
anti_hebbian,42,77,0.3757707672462216,0.2978565065387552
anti_hebbian,42,78,0.3838934616888675,0.2977089937751646
anti_hebbian,42,79,0.3965049580180697,0.2975638196040543
anti_hebbian,42,80,0.264960663305909,0.29743760134242836
anti_hebbian,42,81,0.35020667743834055,0.2972726665461931
anti_hebbian,42,82,0.35893486473694053,0.2970779425594722
anti_hebbian,42,83,0.3652609327702959,0.29688117780721357
anti_hebbian,42,84,0.28228332166250863,0.29676109387121347
anti_hebbian,42,85,0.3031019544426574,0.29660698124796214
anti_hebbian,42,86,0.2938704700159561,0.2964634289784536
anti_hebbian,42,87,0.3992608847346651,0.29629286586965875
anti_hebbian,42,88,0.33799467911159387,0.2961121607017563
anti_hebbian,42,89,0.37633511204740194,0.2959807995115608
anti_hebbian,42,90,0.3601788362456205,0.29581342171215724
anti_hebbian,42,91,0.4288624855853299,0.2956292994874537
anti_hebbian,42,92,0.2913238342931491,0.29544544195653555
anti_hebbian,42,93,0.3700194823162998,0.29528305732579596
anti_hebbian,42,94,0.29572018577165526,0.295167021355034
anti_hebbian,42,95,0.35305309262939283,0.295023313481757
anti_hebbian,42,96,0.24719333905223292,0.29490457829198635
anti_hebbian,42,97,0.31463302697173257,0.2947502024287576
anti_hebbian,42,98,0.3521284128525035,0.2945759079893467
anti_hebbian,42,99,0.260062958118525,0.29447159111481913
anti_hebbian,42,100,0.3720902024152273,0.29431405504955976
anti_hebbian,42,101,0.28372960036340966,0.2941501516967862
anti_hebbian,42,102,0.3014245297755116,0.29403758335574354
anti_hebbian,42,103,0.3124987511376526,0.29390347962530605
anti_hebbian,42,104,0.31168880641878355,0.29379737592513505
anti_hebbian,42,105,0.3470669411701761,0.2936752514794451
anti_hebbian,42,106,0.3716491755807654,0.29350793824800575
anti_hebbian,42,107,0.3581850261180595,0.2933219156705002
anti_hebbian,42,108,0.35331459974973123,0.2931828248320779
anti_hebbian,42,109,0.3285156679149295,0.2930502381855073
anti_hebbian,42,110,0.26049322506162803,0.2929277557654942
anti_hebbian,42,111,0.3293861423607797,0.2928054273738837
anti_hebbian,42,112,0.3326343317423722,0.29264894288965765
anti_hebbian,42,113,0.3189457969278737,0.2924738328473235
anti_hebbian,42,114,0.38308563698826953,0.2923543483430698
anti_hebbian,42,115,0.33933038799034576,0.29227251427915324
anti_hebbian,42,116,0.33187455999727333,0.292189601685109
anti_hebbian,42,117,0.32997751282463006,0.29202839367767947
anti_hebbian,42,118,0.29178470277003377,0.29190796447164974
anti_hebbian,42,119,0.33890326909634916,0.29177664569304845
anti_hebbian,42,120,0.30570565809514305,0.2916403356302026
anti_hebbian,42,121,0.4358824480280341,0.29147120500208756
anti_hebbian,42,122,0.2974791646736702,0.29136460949740356
anti_hebbian,42,123,0.24443683385403836,0.2912599089008902
anti_hebbian,42,124,0.23901792575676895,0.2911673570225907
anti_hebbian,42,125,0.3036067980828442,0.2910650428440191
anti_hebbian,42,126,0.29495551239906803,0.2909552383809447
anti_hebbian,42,127,0.29916273801676924,0.2908233433860065
anti_hebbian,42,128,0.3315060466264417,0.2906389444589571
anti_hebbian,42,129,0.3346791980902808,0.29050048146528334
anti_hebbian,42,130,0.3376291664046076,0.2903736341303253
anti_hebbian,42,131,0.4036775882165612,0.2901942913190873
anti_hebbian,42,132,0.2685208038096444,0.29008916648825683
anti_hebbian,42,133,0.2557522027463114,0.28998983594055067
anti_hebbian,42,134,0.3117208200284385,0.28987694180929363
anti_hebbian,42,135,0.29173796052203727,0.2897572208949577
anti_hebbian,42,136,0.31922033686806217,0.28959202817954577
anti_hebbian,42,137,0.34556074420898086,0.2894757588778765
anti_hebbian,42,138,0.2545343326797375,0.28938438779174797
anti_hebbian,42,139,0.3586261389630878,0.28927463571606593
anti_hebbian,42,140,0.3541338785270043,0.2890966699453656
anti_hebbian,42,141,0.38600406189304853,0.2889398934955951
anti_hebbian,42,142,0.3260015790447456,0.2887811560571979
anti_hebbian,42,143,0.24596607574935764,0.2886928086184449
anti_hebbian,42,144,0.3611027136014374,0.28854765736686316
anti_hebbian,42,145,0.23394581504120954,0.2884489243999165
anti_hebbian,42,146,0.39459315685718144,0.28829264542362865
anti_hebbian,42,147,0.36926254855535146,0.28813113405120927
anti_hebbian,42,148,0.33553886316494164,0.2879992781865624
anti_hebbian,42,149,0.2513622177435393,0.28789371734418856
anti_hebbian,42,150,0.317363814187272,0.2878103464225841
anti_hebbian,42,151,0.22149026238372632,0.28770648858871384
anti_hebbian,42,152,0.24607098321368726,0.287590822369314
anti_hebbian,42,153,0.26390661540985416,0.2875058948734315
anti_hebbian,42,154,0.2962750262237811,0.28737152370150637
anti_hebbian,42,155,0.32617803355041497,0.2871967705494617
anti_hebbian,42,156,0.35087321296321006,0.2870079385888979
anti_hebbian,42,157,0.33658820246710186,0.2868751297246066
anti_hebbian,42,158,0.3409831752423449,0.2867141131721332
anti_hebbian,42,159,0.42079492541198216,0.2865131656194711
anti_hebbian,42,160,0.3151777216879801,0.28635472385192784
anti_hebbian,42,161,0.35542183028572794,0.2861994868309678
anti_hebbian,42,162,0.3327299289036219,0.28607354691091097
anti_hebbian,42,163,0.27910826369437247,0.2859917018375851
anti_hebbian,42,164,0.3247380153445637,0.2858597559029021
anti_hebbian,42,165,0.20035580867410424,0.2857696251827331
anti_hebbian,42,166,0.23530526496019707,0.2856740793166834
anti_hebbian,42,167,0.29238629301815977,0.28554514143984777
anti_hebbian,42,168,0.2745866370611136,0.28541834292577195
anti_hebbian,42,169,0.30966599572293774,0.2852804106539228
anti_hebbian,42,170,0.2870273103265689,0.2851394731344377
anti_hebbian,42,171,0.3337952277300461,0.284995749103694
anti_hebbian,42,172,0.31488456037648316,0.28489207584038967
anti_hebbian,42,173,0.2875344513291549,0.28481076657035853
anti_hebbian,42,174,0.2936128569608107,0.28467982307548517
anti_hebbian,42,175,0.34765898947007917,0.28459906603877344
anti_hebbian,42,176,0.3299350938589325,0.28447238592263624
anti_hebbian,42,177,0.24717118320660447,0.28436203503571605
anti_hebbian,42,178,0.3733057816809515,0.2841896209528866
anti_hebbian,42,179,0.23418624694405155,0.2841369454868192
anti_hebbian,42,180,0.3076389238440622,0.2840195382598283
anti_hebbian,42,181,0.33531133428417154,0.28390856035925605
anti_hebbian,42,182,0.19982993149335418,0.2837920323734816
anti_hebbian,42,183,0.41378827529156836,0.2835956832240005
anti_hebbian,42,184,0.42105734485247914,0.2834295578896946
anti_hebbian,42,185,0.24255815949845633,0.2832933321923613
anti_hebbian,42,186,0.3004359896002976,0.2831971439337257
anti_hebbian,42,187,0.2996019206342293,0.2830813823037564
anti_hebbian,42,188,0.33485661953781076,0.2829037176599898
anti_hebbian,42,189,0.34255557167467077,0.28279297026286454
anti_hebbian,42,190,0.32172173508918717,0.28264142921819996
anti_hebbian,42,191,0.3901262834709312,0.282501996374191
anti_hebbian,42,192,0.312484574285336,0.28236404613441796
anti_hebbian,42,193,0.3781748167489687,0.28218511691041237
anti_hebbian,42,194,0.4221960352428825,0.2819742292629593
anti_hebbian,42,195,0.3893933048893231,0.28183148894650084
anti_hebbian,42,196,0.2849369461840805,0.2817055289825558
anti_hebbian,42,197,0.2964170404263011,0.28156307944209014
anti_hebbian,42,198,0.24188153575517746,0.2814223605748633
anti_hebbian,42,199,0.2968461520006087,0.2813064808167353
anti_hebbian,42,200,0.3817987818597411,0.28116427462782906
anti_hebbian,42,201,0.26760254560799474,0.28102767473810053
anti_hebbian,42,202,0.24143386000281672,0.28092550628786
anti_hebbian,42,203,0.3555178809629981,0.2807283840753955
anti_hebbian,42,204,0.3354899262658667,0.28060423304550614
anti_hebbian,42,205,0.36370080474540106,0.28044408035859375
anti_hebbian,42,206,0.24594943666143226,0.2803383053257126
anti_hebbian,42,207,0.2610792990777293,0.2802499479194231
anti_hebbian,42,208,0.31731003755616377,0.28008514124469114
anti_hebbian,42,209,0.40637853311075783,0.27989717568944356
anti_hebbian,42,210,0.30279313161141763,0.2797379347009023
anti_hebbian,42,211,0.33021668053790815,0.27961569111310847
anti_hebbian,42,212,0.3043789646497767,0.27951001175110357
anti_hebbian,42,213,0.2410826274084808,0.2794342834335472
anti_hebbian,42,214,0.3464344416801558,0.2793144526952085
anti_hebbian,42,215,0.3514286168178841,0.27917734788211884
anti_hebbian,42,216,0.35042616440844854,0.27900566328237447
anti_hebbian,42,217,0.26033797067216957,0.278951259166945
anti_hebbian,42,218,0.2632417609449624,0.27883110044155773
anti_hebbian,42,219,0.29654025700763,0.2787546020951851
anti_hebbian,42,220,0.33558260260279626,0.27859660256551694
anti_hebbian,42,221,0.26532203924742903,0.27847292689720166
anti_hebbian,42,222,0.3588729936154546,0.278333602270365
anti_hebbian,42,223,0.34034569740300225,0.2781855032914867
anti_hebbian,42,224,0.3666412960806048,0.27802075290464917
anti_hebbian,42,225,0.29794504733851346,0.27790431460365855
anti_hebbian,42,226,0.3552818750060273,0.27776158289318037
anti_hebbian,42,227,0.3039637000801297,0.27762790139739824
anti_hebbian,42,228,0.38640364420116574,0.27739975168348807
anti_hebbian,42,229,0.2810379028536183,0.27724648677577923
anti_hebbian,42,230,0.3507835447636557,0.2770928622084326
anti_hebbian,42,231,0.3284046321871549,0.2769338978836909
anti_hebbian,42,232,0.28108976671638997,0.27682122033427453
anti_hebbian,42,233,0.31072848640020717,0.27671746449924284
anti_hebbian,42,234,0.3541785749671654,0.2765648712744468
anti_hebbian,42,235,0.20517394785538196,0.27651616444901217
anti_hebbian,42,236,0.2866130200846951,0.2764238211454821
anti_hebbian,42,237,0.28702277514120633,0.27632167885606507
anti_hebbian,42,238,0.23987464697004615,0.2762050448004498
anti_hebbian,42,239,0.3521412663536576,0.2760273172742891
anti_hebbian,42,240,0.23911414315434418,0.2759202627071203
anti_hebbian,42,241,0.32521516371443265,0.2757846923867498
anti_hebbian,42,242,0.24947438542231185,0.27568812125675196
anti_hebbian,42,243,0.27008328915345853,0.2755843035908175
anti_hebbian,42,244,0.2892081903107818,0.2754474377955778
anti_hebbian,42,245,0.21469386063150117,0.2753569303088091
anti_hebbian,42,246,0.29499538037870326,0.2752350568650692
anti_hebbian,42,247,0.33263503811325223,0.2750584239817514
anti_hebbian,42,248,0.3035065362223328,0.27492822538426287
anti_hebbian,42,249,0.27387308311630015,0.27478921005223184
anti_hebbian,42,250,0.3051017453121071,0.2746803520351763
anti_hebbian,42,251,0.30685672525582197,0.2745552636638421
anti_hebbian,42,252,0.295120334920398,0.27441261386728893
anti_hebbian,42,253,0.3092670997332877,0.27428926372396184
anti_hebbian,42,254,0.3205644304539111,0.2741243276288403
anti_hebbian,42,255,0.27072848699796487,0.27402455513395135
anti_hebbian,42,256,0.2695469224601199,0.2739169401649881
anti_hebbian,42,257,0.38355449357079685,0.2737576659728447
anti_hebbian,42,258,0.3690615619855943,0.27360069776643103
anti_hebbian,42,259,0.25218712344009175,0.27350209462568714
anti_hebbian,42,260,0.3100479075164305,0.27336901387728296
anti_hebbian,42,261,0.3250766431514672,0.2732249508421941
anti_hebbian,42,262,0.2767295492531638,0.27312493604007587
anti_hebbian,42,263,0.28779666484911653,0.2729779916627085
anti_hebbian,42,264,0.2917846948265793,0.27285626198238955
anti_hebbian,42,265,0.3239740204946464,0.2727049278470722
anti_hebbian,42,266,0.36863358034348603,0.272552291020377
anti_hebbian,42,267,0.3607387329769365,0.2723698598957492
anti_hebbian,42,268,0.39392876780025987,0.2721861178606436
anti_hebbian,42,269,0.3379419915911488,0.27203159950740863
anti_hebbian,42,270,0.20899536212829262,0.2719339404059048
anti_hebbian,42,271,0.3433248983811679,0.27174423328448016
anti_hebbian,42,272,0.269629189379105,0.27162223529014556
anti_hebbian,42,273,0.3089099835188741,0.27148851585055134
anti_hebbian,42,274,0.3363572395617481,0.2713494069153196
anti_hebbian,42,275,0.25803061842948954,0.2712104890212302
anti_hebbian,42,276,0.33602074632790274,0.2711122799348899
anti_hebbian,42,277,0.2767312293464259,0.27096894885457684
anti_hebbian,42,278,0.4060226145208878,0.27082023051165605
anti_hebbian,42,279,0.2625397037716126,0.27070251170093274
anti_hebbian,42,280,0.29609621706004363,0.27056486474827335
anti_hebbian,42,281,0.2858191569291043,0.2704386812617926
anti_hebbian,42,282,0.2368341239947885,0.2703309781131115
anti_hebbian,42,283,0.2474186540445489,0.2702155026483677
anti_hebbian,42,284,0.28488668520435234,0.27010239428262584
anti_hebbian,42,285,0.24972931308931454,0.2699879007836204
anti_hebbian,42,286,0.3202592720212972,0.26982541200341403
anti_hebbian,42,287,0.3211167451867547,0.26965065662104426
anti_hebbian,42,288,0.35758480999818093,0.2694945047402918
anti_hebbian,42,289,0.2689995669427331,0.269370122809371
anti_hebbian,42,290,0.2399891116831091,0.26924031528351533
anti_hebbian,42,291,0.3700481195578517,0.2690589773403499
anti_hebbian,42,292,0.32364841412837647,0.2689273390676315
anti_hebbian,42,293,0.2484547470257692,0.26879253976548617
anti_hebbian,42,294,0.34103927045569127,0.2686210969382346
anti_hebbian,42,295,0.2666651546481777,0.2685231447505273
anti_hebbian,42,296,0.30054652103337326,0.2683849142256859
anti_hebbian,42,297,0.3051004267303502,0.2682686625242012
anti_hebbian,42,298,0.2469084280777746,0.26819474694756124
anti_hebbian,42,299,0.24793362343494052,0.268127023954039
anti_hebbian,42,300,0.32930286872662895,0.2679779484361111
anti_hebbian,43,1,0.848385938525344,0.5904688124182844
anti_hebbian,43,2,0.626826498987008,0.590091497932636
anti_hebbian,43,3,0.6392748112278532,0.58965053971093
anti_hebbian,43,4,0.6022737100986593,0.5891698972323711
anti_hebbian,43,5,0.7115260828558644,0.5886590325369154
anti_hebbian,43,6,0.7776326175548047,0.5881546192376347
anti_hebbian,43,7,0.9199189196276781,0.5875468541892694
anti_hebbian,43,8,0.5463154787669691,0.5872526476270591
anti_hebbian,43,9,0.7401257262350803,0.5867746104378982
anti_hebbian,43,10,0.7723781530272338,0.5862595345220961
anti_hebbian,43,11,0.7872569846091706,0.5857831001087577
anti_hebbian,43,12,0.8108096483031968,0.5852134065088499
anti_hebbian,43,13,0.8187211631937876,0.5847433502324061
anti_hebbian,43,14,0.6042311721526087,0.5843147801579598
anti_hebbian,43,15,0.813351396434278,0.5837530247016497
anti_hebbian,43,16,0.7505002297528762,0.5832339093806105
anti_hebbian,43,17,0.9507191434519662,0.5825851192081011
anti_hebbian,43,18,0.6137057584152961,0.5821101718371888
anti_hebbian,43,19,0.7333507971556071,0.5816495856637296
anti_hebbian,43,20,0.9967210731394762,0.5810472922106047
anti_hebbian,43,21,0.879282372718819,0.5804606435247035
anti_hebbian,43,22,0.5863923632646654,0.5800690041358127
anti_hebbian,43,23,0.847000768742727,0.5795236100782002
anti_hebbian,43,24,0.5767007712635044,0.5791568045585561
anti_hebbian,43,25,0.6677451812022004,0.5787522864720123
anti_hebbian,43,26,0.867742727762247,0.5781326088038684
anti_hebbian,43,27,0.7016856184878288,0.5775997575878513
anti_hebbian,43,28,0.6957928732249424,0.5771878771647768
anti_hebbian,43,29,0.806060012468591,0.5766053346237964
anti_hebbian,43,30,0.792374464397871,0.5761527910702716
anti_hebbian,43,31,1.0458339261933975,0.5754545400308362
anti_hebbian,43,32,0.757582856468521,0.5749803353392817
anti_hebbian,43,33,0.6901771222671662,0.5745789873471665
anti_hebbian,43,34,0.6949023388390034,0.5741392597787641
anti_hebbian,43,35,0.6643181227916162,0.5737397448845868
anti_hebbian,43,36,0.9188780421573572,0.5732482026634675
anti_hebbian,43,37,0.8272186031763438,0.5727485147751277
anti_hebbian,43,38,0.6386590635975722,0.5723302265711909
anti_hebbian,43,39,0.5216132192588693,0.5720077249723253
anti_hebbian,43,40,0.6465967309729221,0.571555333697915
anti_hebbian,43,41,0.8234578296076707,0.5710074312755582
anti_hebbian,43,42,0.6723896859206872,0.5706119939938696
anti_hebbian,43,43,0.7878559828975444,0.5701939805894851
anti_hebbian,43,44,0.5889238859017674,0.5697970702402493
anti_hebbian,43,45,0.8012068749148558,0.5693294501609787
anti_hebbian,43,46,0.7193320101092836,0.5688494809225801
anti_hebbian,43,47,0.5732043372359229,0.568474177860666
anti_hebbian,43,48,0.8550229047962263,0.5679580225224595
anti_hebbian,43,49,0.571199992218678,0.5675732900475892
anti_hebbian,43,50,0.5384725138928291,0.5672368809824903
anti_hebbian,43,51,0.4133586408799512,0.5670448241859275
anti_hebbian,43,52,0.8544959658233386,0.566550373095308
anti_hebbian,43,53,0.7785308023404239,0.5660594888161632
anti_hebbian,43,54,0.5263508413562926,0.5657422334489597
anti_hebbian,43,55,0.8612154233150762,0.5652019441809856
anti_hebbian,43,56,0.6390927458539603,0.5647564993368424
anti_hebbian,43,57,0.6978019585896443,0.564351412914366
anti_hebbian,43,58,0.6326472255116118,0.5640301122001372
anti_hebbian,43,59,0.9016824332668586,0.5634825074722845
anti_hebbian,43,60,0.892050560669845,0.5629757159425628
anti_hebbian,43,61,0.9057082824399036,0.5624392397592844
anti_hebbian,43,62,0.8014507974807347,0.5619610202000749
anti_hebbian,43,63,0.7442672638609382,0.5614440205203509
anti_hebbian,43,64,0.5665986250499061,0.5611312550495484
anti_hebbian,43,65,0.7246838113410887,0.5605831461281976
anti_hebbian,43,66,0.5388728007425572,0.560285875127954
anti_hebbian,43,67,0.7483249308696776,0.5598641370053566
anti_hebbian,43,68,0.7872403374492842,0.5594541629645174
anti_hebbian,43,69,0.6930407201535809,0.5590986181619999
anti_hebbian,43,70,0.740327395200444,0.558639071301689
anti_hebbian,43,71,0.8972514984098917,0.5580933186576474
anti_hebbian,43,72,0.6734612372801965,0.5576491545520476
anti_hebbian,43,73,0.7441401946643722,0.5571614047418482
anti_hebbian,43,74,0.7940578234779335,0.5566925204050335
anti_hebbian,43,75,0.6501653455066868,0.5562826341084551
anti_hebbian,43,76,0.6815210653988685,0.555862479776177
anti_hebbian,43,77,0.7045872052162272,0.5554205158242982
anti_hebbian,43,78,0.6324025110701414,0.5550015870298394
anti_hebbian,43,79,0.6965603589543239,0.5545884747197845
anti_hebbian,43,80,0.5528988984133478,0.5542363461814118
anti_hebbian,43,81,0.5511239576969179,0.5539159919739874
anti_hebbian,43,82,0.4278904307038357,0.5536578588485223
anti_hebbian,43,83,0.7686612865403206,0.5531704946724327
anti_hebbian,43,84,0.7081220333169667,0.5527029940056243
anti_hebbian,43,85,0.7120381184001295,0.5522321881147584
anti_hebbian,43,86,0.8585380621993048,0.5516074781429706
anti_hebbian,43,87,0.7352828963416842,0.5511187437009492
anti_hebbian,43,88,0.7622595587674844,0.5506732113704912
anti_hebbian,43,89,0.7242865058954173,0.5502478369178962
anti_hebbian,43,90,0.6046582443277704,0.5498936005917663
anti_hebbian,43,91,0.6749620689441066,0.5495861326840131
anti_hebbian,43,92,0.5342349389500614,0.5493314423733332
anti_hebbian,43,93,0.5991276826112831,0.5489770397240548
anti_hebbian,43,94,0.7505777018285015,0.5485367258342847
anti_hebbian,43,95,0.8178776517180286,0.5479902209935364
anti_hebbian,43,96,0.5555037751687704,0.5476628670344703
anti_hebbian,43,97,0.6954640048416258,0.547258329407432
anti_hebbian,43,98,0.7516435534861454,0.546795638549276
anti_hebbian,43,99,0.5688543713945255,0.5464779713115621
anti_hebbian,43,100,0.7552785952621397,0.5460318045538252
anti_hebbian,43,101,0.6312875486881266,0.5456592729214651
anti_hebbian,43,102,0.7330409364992276,0.5451582650456126
anti_hebbian,43,103,0.5844947612525495,0.5446987404335301
anti_hebbian,43,104,0.7212004306379154,0.5443332649399621
anti_hebbian,43,105,0.5830799343082778,0.5440140141868455
anti_hebbian,43,106,0.6190395732272258,0.5436686683506029
anti_hebbian,43,107,0.5820623346834366,0.5432966600341564
anti_hebbian,43,108,0.7781017870767681,0.5428618746939013
anti_hebbian,43,109,0.6051936157533911,0.5424762706130758
anti_hebbian,43,110,0.47060584273654493,0.5422013488535311
anti_hebbian,43,111,0.8498037829339848,0.541670753323913
anti_hebbian,43,112,0.6510044012981453,0.5412337218540114
anti_hebbian,43,113,0.5953204169810062,0.5409331227716503
anti_hebbian,43,114,0.5912367363106816,0.5405209244588802
anti_hebbian,43,115,0.5174976633308823,0.5402612416941351
anti_hebbian,43,116,0.8079691410603527,0.5397737529180501
anti_hebbian,43,117,0.5653783219113652,0.539387655408866
anti_hebbian,43,118,0.6552189094693974,0.5390316965524592
anti_hebbian,43,119,0.9420101678431578,0.5384835216056726
anti_hebbian,43,120,0.731791882688942,0.5379840939841417
anti_hebbian,43,121,0.5299363520835505,0.5376481715337841
anti_hebbian,43,122,0.7164116468214432,0.5372250211853156
anti_hebbian,43,123,0.6066966707794992,0.5369239781370791
anti_hebbian,43,124,0.7907372128294277,0.5365126744008767
anti_hebbian,43,125,0.5860228953462581,0.5361749204479485
anti_hebbian,43,126,0.5997807823052335,0.5358912480906078
anti_hebbian,43,127,0.6098842118817374,0.5354564069601112
anti_hebbian,43,128,0.6791012657982334,0.5350357258839622
anti_hebbian,43,129,0.6739368192670318,0.5346191623841088
anti_hebbian,43,130,0.5455023274294977,0.5342780636355206
anti_hebbian,43,131,0.575976894161218,0.5339112183803267
anti_hebbian,43,132,0.7076154357554719,0.5335021592307976
anti_hebbian,43,133,0.6961796921206167,0.5330727362496975
anti_hebbian,43,134,0.6082316178858835,0.5326657886167925
anti_hebbian,43,135,0.6650962530533687,0.5322353676833222
anti_hebbian,43,136,0.7732364786911077,0.5317684116668001
anti_hebbian,43,137,0.663333719936924,0.53141052157595
anti_hebbian,43,138,0.7401439748665763,0.5309380529199309
anti_hebbian,43,139,0.6313012448484585,0.5305375775258442
anti_hebbian,43,140,0.5635811244388634,0.5301276970540757
anti_hebbian,43,141,0.5976932729413746,0.5297066482197187
anti_hebbian,43,142,0.6818143149046132,0.5292479065961063
anti_hebbian,43,143,0.6901267221962331,0.5289103166311417
anti_hebbian,43,144,0.6708628367713996,0.528507049857237
anti_hebbian,43,145,0.558087215186531,0.5281772940269418
anti_hebbian,43,146,0.6684131757668956,0.5277720857077596
anti_hebbian,43,147,0.5865754305753805,0.52742437877571
anti_hebbian,43,148,0.8171109545771085,0.5268316394056619
anti_hebbian,43,149,0.5217856947392664,0.5264735807469573
anti_hebbian,43,150,0.7834111909871803,0.5259447425443049
anti_hebbian,43,151,0.6311257165850662,0.5255898650876966
anti_hebbian,43,152,0.6435239196640059,0.5252463177662696
anti_hebbian,43,153,0.6399421913433836,0.5248249102687363
anti_hebbian,43,154,0.48164261969169275,0.5244933839970429
anti_hebbian,43,155,0.7298237177706437,0.5240498129567527
anti_hebbian,43,156,0.4970791661035783,0.5236714880537119
anti_hebbian,43,157,0.5565066211480596,0.5232828396139919
anti_hebbian,43,158,0.5221975685905164,0.5229115184933574
anti_hebbian,43,159,0.6697733165649982,0.5225685755511299
anti_hebbian,43,160,0.952022912488905,0.5219976767929534
anti_hebbian,43,161,0.47148459880949856,0.5217500117301642
anti_hebbian,43,162,0.6133962607851842,0.5214196491260368
anti_hebbian,43,163,0.6811285687019661,0.521004408391436
anti_hebbian,43,164,0.6411721578555843,0.5205971573624562
anti_hebbian,43,165,0.7312938410192775,0.5201005539458486
anti_hebbian,43,166,0.5364248029823742,0.5197298040826553
anti_hebbian,43,167,0.6708524348004531,0.5192995407082712
anti_hebbian,43,168,0.7713470879149602,0.5188319290920298
anti_hebbian,43,169,0.5339471532125206,0.5185122879106088
anti_hebbian,43,170,0.6178044764382182,0.518148301364808
anti_hebbian,43,171,0.847971891498092,0.5175846806188183
anti_hebbian,43,172,0.5239507672938498,0.5172169429352174
anti_hebbian,43,173,0.708949363966896,0.5167806096209654
anti_hebbian,43,174,0.6565246234384587,0.5164021767304142
anti_hebbian,43,175,0.6466555751682475,0.5160003140833799
anti_hebbian,43,176,0.6123190792755812,0.515646734024635
anti_hebbian,43,177,0.6806752986684712,0.5152841916149777
anti_hebbian,43,178,0.557775975321988,0.5149347209942187
anti_hebbian,43,179,0.6355644181199294,0.5144266767323741
anti_hebbian,43,180,0.5541915946613362,0.5140836087078399
anti_hebbian,43,181,0.6266033318075969,0.5137001087287715
anti_hebbian,43,182,0.6733359837932713,0.5132506788646986
anti_hebbian,43,183,0.5533431398436692,0.5128872352337017
anti_hebbian,43,184,0.65709316889849,0.5124519136017909
anti_hebbian,43,185,0.5414555004255551,0.5120985969705575
anti_hebbian,43,186,0.38968033700265425,0.5118461825710431
anti_hebbian,43,187,0.8175631611443763,0.5112657722396514
anti_hebbian,43,188,0.8991505415088048,0.5106791082574117
anti_hebbian,43,189,0.4944000309737896,0.5103892591956489
anti_hebbian,43,190,0.6364539418949146,0.5098914957469616
anti_hebbian,43,191,0.7838654201328573,0.5093952197671853
anti_hebbian,43,192,0.5872921860111915,0.5090273661109062
anti_hebbian,43,193,0.6428334776466071,0.5086338814039169
anti_hebbian,43,194,0.7046712687833305,0.5081946018674918
anti_hebbian,43,195,0.5199646259272964,0.5078504187802712
anti_hebbian,43,196,0.5631216340312759,0.5074846785504812
anti_hebbian,43,197,0.5447642832995291,0.5071157105765286
anti_hebbian,43,198,0.5112186306773567,0.5068023017220518
anti_hebbian,43,199,0.575630948342468,0.5063822433740914
anti_hebbian,43,200,0.47784097341530557,0.506045282382255
anti_hebbian,43,201,0.6015453529768755,0.5056703661130159
anti_hebbian,43,202,0.5837010814290007,0.5052971499778511
anti_hebbian,43,203,0.4859492535942226,0.5050264210561871
anti_hebbian,43,204,0.6080729628630811,0.5046329733925884
anti_hebbian,43,205,0.5596022967808867,0.5043365286782221
anti_hebbian,43,206,0.46791333231185345,0.5040696290086257
anti_hebbian,43,207,0.6857215091046739,0.5036124249455463
anti_hebbian,43,208,0.5126333976935357,0.5033242988098895
anti_hebbian,43,209,0.6098168532737612,0.5030286587682711
anti_hebbian,43,210,0.565125410088755,0.5027222927692212
anti_hebbian,43,211,0.5200641796546686,0.5024548733069822
anti_hebbian,43,212,0.7461477206208762,0.5019433329635696
anti_hebbian,43,213,0.8675116020074055,0.501346580285111
anti_hebbian,43,214,0.6233985307163312,0.5009658104488662
anti_hebbian,43,215,0.688363131561092,0.5005225287876833
anti_hebbian,43,216,0.737753310772179,0.5000376394477057
anti_hebbian,43,217,0.8403024892784456,0.49950916195806655
anti_hebbian,43,218,0.8455577999198816,0.49889608293402404
anti_hebbian,43,219,0.5807782331866844,0.4985016140024141
anti_hebbian,43,220,0.5803024544547377,0.49810244725011127
anti_hebbian,43,221,0.4465410900102834,0.49779408692329097
anti_hebbian,43,222,0.5786128963556884,0.4974152440435846
anti_hebbian,43,223,0.5083961864232172,0.4970513691702839
anti_hebbian,43,224,0.6741944903070767,0.4966157820541831
anti_hebbian,43,225,0.6105522521114677,0.4961588131987688
anti_hebbian,43,226,0.7014993424400124,0.4956929307170749
anti_hebbian,43,227,0.7334210249402559,0.4952012996250338
anti_hebbian,43,228,0.5252882217465666,0.4948796709189367
anti_hebbian,43,229,0.5370055020171167,0.49454741883398845
anti_hebbian,43,230,0.5184895232845226,0.49417389871113226
anti_hebbian,43,231,0.4796851737749862,0.4938784350284642
anti_hebbian,43,232,0.5721491687445747,0.4934910712509361
anti_hebbian,43,233,0.7569835044573341,0.49287013150510484
anti_hebbian,43,234,0.7457868780853564,0.4924325682185529
anti_hebbian,43,235,0.5803197438363639,0.49203979582051693
anti_hebbian,43,236,0.47284034794235263,0.4916783434713853
anti_hebbian,43,237,0.7303478745695131,0.4911963243074459
anti_hebbian,43,238,0.4906700830381564,0.4908206133695586
anti_hebbian,43,239,0.659773039977424,0.4903707574272431
anti_hebbian,43,240,0.5012650268506686,0.49000382167201945
anti_hebbian,43,241,0.4902648789986218,0.4896481038378774
anti_hebbian,43,242,0.3668155048052363,0.4893765338490349
anti_hebbian,43,243,0.46533668194445327,0.4890428061651598
anti_hebbian,43,244,0.5806018191591986,0.4887163890250942
anti_hebbian,43,245,0.6511363961874652,0.48823378039348053
anti_hebbian,43,246,0.6077661085443031,0.4878738962575563
anti_hebbian,43,247,0.503538361698115,0.48753852954182525
anti_hebbian,43,248,0.7994586255610323,0.48689447567664607
anti_hebbian,43,249,0.48429107943424965,0.4865432847736182
anti_hebbian,43,250,0.5987502665680554,0.48608747354281845
anti_hebbian,43,251,0.7234043644225332,0.48553935884759597
anti_hebbian,43,252,0.6855512571865392,0.48504993458436924
anti_hebbian,43,253,0.4599471608932608,0.48476113417582417
anti_hebbian,43,254,0.8225870802812763,0.4841815373252901
anti_hebbian,43,255,0.8102577250500811,0.4835961108714805
anti_hebbian,43,256,0.6124869922625001,0.4831993582516342
anti_hebbian,43,257,0.5815943271379177,0.48275547457525203
anti_hebbian,43,258,0.6582953600097068,0.4823230586280176
anti_hebbian,43,259,0.48440554282243875,0.4819749271983376
anti_hebbian,43,260,0.5031477065038429,0.4816419234870311
anti_hebbian,43,261,0.7136722488193282,0.4810864216422866
anti_hebbian,43,262,0.5864987956916586,0.48059497819999253
anti_hebbian,43,263,0.42795148888259016,0.4803021292745812
anti_hebbian,43,264,0.5635043713212977,0.47996940925469966
anti_hebbian,43,265,0.5257434732744687,0.47957093994262767
anti_hebbian,43,266,0.5757274818001026,0.4792338942352844
anti_hebbian,43,267,0.6481937429835936,0.4787466153517997
anti_hebbian,43,268,0.6982854407451893,0.47825605661045345
anti_hebbian,43,269,0.6451980038749245,0.4777812082089809
anti_hebbian,43,270,0.6551615059063725,0.47738841627629575
anti_hebbian,43,271,0.3968543147475979,0.4770811581596159
anti_hebbian,43,272,0.43500051637433834,0.4768777095864776
anti_hebbian,43,273,0.5382951404795346,0.4764999446411127
anti_hebbian,43,274,0.5462130473289941,0.47616725672421767
anti_hebbian,43,275,0.5198761488436704,0.4758194672167771
anti_hebbian,43,276,0.36945023226243445,0.47555830717915887
anti_hebbian,43,277,0.713058763034915,0.4750276948095912
anti_hebbian,43,278,0.5521322728927225,0.4746388105787062
anti_hebbian,43,279,0.7536358251926165,0.474119202628872
anti_hebbian,43,280,0.5808096907905573,0.4736969216878194
anti_hebbian,43,281,0.4585983028557872,0.47335896508613323
anti_hebbian,43,282,0.49121489819181496,0.4730331005898942
anti_hebbian,43,283,0.6243597755468008,0.47258305157080216
anti_hebbian,43,284,0.5974135253437575,0.47211215779854243
anti_hebbian,43,285,0.5966678113450411,0.4715948474951834
anti_hebbian,43,286,0.5719350518108548,0.4712334867907759
anti_hebbian,43,287,0.6527487555674383,0.4707544047410494
anti_hebbian,43,288,0.6716479740666359,0.4701996926084823
anti_hebbian,43,289,0.5781541510889647,0.46974262456688526
anti_hebbian,43,290,0.7586781671300065,0.4691446307414574
anti_hebbian,43,291,0.719981868966505,0.4686638366467951
anti_hebbian,43,292,0.6744381897881105,0.46822045200101836
anti_hebbian,43,293,0.5913582187450213,0.4678279176141856
anti_hebbian,43,294,0.5067019975575382,0.46750121371316716
anti_hebbian,43,295,0.4442507876342815,0.46719511601734276
anti_hebbian,43,296,0.4630039567054218,0.46677819874905196
anti_hebbian,43,297,0.6609263473598139,0.4663078472524516
anti_hebbian,43,298,0.3589567057997333,0.46604095650696775
anti_hebbian,43,299,0.41234778540217476,0.4657203162795023
anti_hebbian,43,300,0.5190597371382897,0.4653181198342014
anti_hebbian,44,1,0.38781524181382665,0.47930638548114873
anti_hebbian,44,2,0.34923475835222983,0.4790553565438552
anti_hebbian,44,3,0.399165322584205,0.4787041121085227
anti_hebbian,44,4,0.41741877941973643,0.4783860371814503
anti_hebbian,44,5,0.3793868124796427,0.4780503425348746
anti_hebbian,44,6,0.5929093545639076,0.47752212556736456
anti_hebbian,44,7,0.589222723579819,0.47700736856146514
anti_hebbian,44,8,0.4525550135387719,0.47659153609322724
anti_hebbian,44,9,0.5461700468286429,0.47612299196536323
anti_hebbian,44,10,0.44424428207166194,0.47573135969913777
anti_hebbian,44,11,0.5154370845459878,0.4752557214700988
anti_hebbian,44,12,0.5052808568344436,0.47483629879055944
anti_hebbian,44,13,0.48999536672107047,0.4744082407582123
anti_hebbian,44,14,0.4270654075268217,0.47403080177402324
anti_hebbian,44,15,0.4895269275985302,0.47360760674759567
anti_hebbian,44,16,0.572703656421613,0.47318210948201567
anti_hebbian,44,17,0.5363495779601792,0.4726742454990001
anti_hebbian,44,18,0.4021218827173003,0.47232146190578955
anti_hebbian,44,19,0.37523871091207445,0.47194274104396106
anti_hebbian,44,20,0.508578682357765,0.47157823186830977
anti_hebbian,44,21,0.43495656886168965,0.4711931413511247
anti_hebbian,44,22,0.30288110828560116,0.47093833722775214
anti_hebbian,44,23,0.3664275076140909,0.4707258660161044
anti_hebbian,44,24,0.5643261479788951,0.47024286480379823
anti_hebbian,44,25,0.4589722031473303,0.4698816816920022
anti_hebbian,44,26,0.5695896380432655,0.46940382564196853
anti_hebbian,44,27,0.5760155110695913,0.46893016901044576
anti_hebbian,44,28,0.45221384425101596,0.4684934981072962
anti_hebbian,44,29,0.5190996117112121,0.4680430637003121
anti_hebbian,44,30,0.587711502721806,0.46759119662293197
anti_hebbian,44,31,0.43465031500199947,0.4671788425715039
anti_hebbian,44,32,0.5136163659465895,0.46675784440962576
anti_hebbian,44,33,0.6422954751020453,0.4662449176523154
anti_hebbian,44,34,0.5054566247889358,0.4658407120333878
anti_hebbian,44,35,0.4658080124923901,0.46545545079410383
anti_hebbian,44,36,0.49189836990659597,0.4650641652740709
anti_hebbian,44,37,0.4663531163854872,0.46465744944292137
anti_hebbian,44,38,0.4635809203304084,0.4643027223776335
anti_hebbian,44,39,0.47516530553971387,0.46389976180197984
anti_hebbian,44,40,0.360278043760006,0.46354712244755175
anti_hebbian,44,41,0.4604349956938664,0.4632164589921304
anti_hebbian,44,42,0.49390092164328353,0.46281005716178764
anti_hebbian,44,43,0.32851779122785074,0.4625330795345709
anti_hebbian,44,44,0.5173512820762669,0.4620825335781493
anti_hebbian,44,45,0.5328095720908825,0.461598465392601
anti_hebbian,44,46,0.45146175649027787,0.4612483506947526
anti_hebbian,44,47,0.6154865790019984,0.4608184305539786
anti_hebbian,44,48,0.4952120493594727,0.46044678939274947
anti_hebbian,44,49,0.5088153850330067,0.46002228128313727
anti_hebbian,44,50,0.5264748636052048,0.45953605494226074
anti_hebbian,44,51,0.5005283808990835,0.4590749743473359
anti_hebbian,44,52,0.538006374617295,0.45859644358301943
anti_hebbian,44,53,0.4985401310698107,0.4581734145403609
anti_hebbian,44,54,0.6151783858360249,0.4576421453860889
anti_hebbian,44,55,0.3871995770395955,0.4572723402183699
anti_hebbian,44,56,0.45041606938794587,0.45684017107814645
anti_hebbian,44,57,0.5579911998706162,0.4563318934264104
anti_hebbian,44,58,0.4977679904572019,0.4559071037144073
anti_hebbian,44,59,0.4692329056660444,0.45552981515749136
anti_hebbian,44,60,0.5580192636756665,0.45511471814041987
anti_hebbian,44,61,0.4960429756219592,0.45464746445940346
anti_hebbian,44,62,0.4740650274041359,0.4542606210614797
anti_hebbian,44,63,0.48984147667112654,0.453842346808254
anti_hebbian,44,64,0.6691079882882183,0.4532931380315832
anti_hebbian,44,65,0.5171790177582405,0.45289824514809685
anti_hebbian,44,66,0.5315808865726062,0.4523769320842939
anti_hebbian,44,67,0.3835745527761858,0.45205742871160703
anti_hebbian,44,68,0.5336414819340675,0.4515775595259547
anti_hebbian,44,69,0.32264420136010263,0.4513204292946889
anti_hebbian,44,70,0.41185322832603416,0.4509985222518782
anti_hebbian,44,71,0.3984497060613382,0.45065406756516024
anti_hebbian,44,72,0.5948968867184283,0.45015804666619247
anti_hebbian,44,73,0.35289778498135926,0.44988427623859956
anti_hebbian,44,74,0.538008115755257,0.44937371608428534
anti_hebbian,44,75,0.5386421679585656,0.448908194688536
anti_hebbian,44,76,0.4564501741496359,0.4485124138137316
anti_hebbian,44,77,0.5297182638237397,0.4480703891178499
anti_hebbian,44,78,0.381449949094293,0.4477498716489358
anti_hebbian,44,79,0.39980129405106934,0.4473813750837199
anti_hebbian,44,80,0.41172119992324063,0.44700185890818067
anti_hebbian,44,81,0.5560771158054294,0.4466065180603549
anti_hebbian,44,82,0.4148322567999966,0.4462587943430176
anti_hebbian,44,83,0.43025326522455637,0.4458588701023814
anti_hebbian,44,84,0.522910003702381,0.4454468877600225
anti_hebbian,44,85,0.5185022450835896,0.4450062333550312
anti_hebbian,44,86,0.498643353154117,0.44453384438475313
anti_hebbian,44,87,0.4396345773728001,0.4441371420228859
anti_hebbian,44,88,0.425372734361027,0.4438022781486965
anti_hebbian,44,89,0.39090707958943716,0.4433907339546462
anti_hebbian,44,90,0.5800668573634125,0.44292737921134673
anti_hebbian,44,91,0.4016787593695672,0.44256079326237
anti_hebbian,44,92,0.4874371275824754,0.44217604604007854
anti_hebbian,44,93,0.48786037884023314,0.4417243102498983
anti_hebbian,44,94,0.4236162270370111,0.44133970970478126
anti_hebbian,44,95,0.5414165587863843,0.440953735366425
anti_hebbian,44,96,0.495414586696026,0.4405234349446614
anti_hebbian,44,97,0.3865789151419724,0.44011707572097497
anti_hebbian,44,98,0.43410466156719785,0.43976461464552336
anti_hebbian,44,99,0.4541155853781359,0.43935725737739156
anti_hebbian,44,100,0.4673736614316451,0.4389693286651073
anti_hebbian,44,101,0.588236224328655,0.43845952018170636
anti_hebbian,44,102,0.5909527845504605,0.43796241111012285
anti_hebbian,44,103,0.5074816819704495,0.4375161310908796
anti_hebbian,44,104,0.43515661043524734,0.43714903456929866
anti_hebbian,44,105,0.33927356403696707,0.43682778073079054
anti_hebbian,44,106,0.44269134444896796,0.4364520122292013
anti_hebbian,44,107,0.590753405580827,0.43596184429071305
anti_hebbian,44,108,0.3198718082572376,0.4357241064406568
anti_hebbian,44,109,0.379867683844462,0.4353831514598714
anti_hebbian,44,110,0.4291518684193589,0.4349823555946543
anti_hebbian,44,111,0.40386999974055215,0.4346802884874203
anti_hebbian,44,112,0.39557208905554614,0.43432279691157977
anti_hebbian,44,113,0.378536301504243,0.4340141954618199
anti_hebbian,44,114,0.49896429071789683,0.4336588647150308
anti_hebbian,44,115,0.4544129938018704,0.4333011917528985
anti_hebbian,44,116,0.44163519554102104,0.4329505001119949
anti_hebbian,44,117,0.37495992535930994,0.43267400006592033
anti_hebbian,44,118,0.43130893865172404,0.43237105583467256
anti_hebbian,44,119,0.47311654720329643,0.4319288161246381
anti_hebbian,44,120,0.44866061486489794,0.43155917035613506
anti_hebbian,44,121,0.42478376177078575,0.43118987742357046
anti_hebbian,44,122,0.5001298299124514,0.4308093383207191
anti_hebbian,44,123,0.4376568619683611,0.43047267602234357
anti_hebbian,44,124,0.5129245032805824,0.4300317192608038
anti_hebbian,44,125,0.532401825131329,0.4295591197074745
anti_hebbian,44,126,0.49013638508213314,0.4291529179833278
anti_hebbian,44,127,0.3953993788261323,0.4288387913679021
anti_hebbian,44,128,0.3827162745702549,0.4284776331511503
anti_hebbian,44,129,0.4254770315672287,0.42815784891336023
anti_hebbian,44,130,0.4228746342257571,0.4278399039177292
anti_hebbian,44,131,0.4377294782699386,0.42747597023808565
anti_hebbian,44,132,0.45866363304055907,0.4271013720687183
anti_hebbian,44,133,0.4104135960634837,0.4267448254761158
anti_hebbian,44,134,0.384262529249253,0.4264489300932784
anti_hebbian,44,135,0.32044685296864545,0.42616248829652864
anti_hebbian,44,136,0.5046075800695097,0.42572674559439877
anti_hebbian,44,137,0.4916068097924816,0.4252540031479896
anti_hebbian,44,138,0.39509071569701143,0.4249208462456162
anti_hebbian,44,139,0.4255980452471959,0.4245426723704598
anti_hebbian,44,140,0.4060114000183646,0.42424844003989487
anti_hebbian,44,141,0.4340708965085651,0.4239172788233846
anti_hebbian,44,142,0.4068681285168866,0.42350307396938697
anti_hebbian,44,143,0.36805314174174797,0.4231591736354971
anti_hebbian,44,144,0.40433011402732977,0.42282675916668405
anti_hebbian,44,145,0.40850043754271903,0.42245279978540373
anti_hebbian,44,146,0.4299562970275403,0.42209427131358496
anti_hebbian,44,147,0.49233171052327196,0.42166624632205785
anti_hebbian,44,148,0.4550488009508194,0.42126278406160406
anti_hebbian,44,149,0.3867536520495388,0.4208743627879437
anti_hebbian,44,150,0.3413322152373016,0.42056411553238754
anti_hebbian,44,151,0.36420661612781574,0.4202242203125772
anti_hebbian,44,152,0.3917488638620182,0.419901443983273
anti_hebbian,44,153,0.3996466893573611,0.41959612834102783
anti_hebbian,44,154,0.5228347384393831,0.4191930262049838
anti_hebbian,44,155,0.4818668465204789,0.41880449100130274
anti_hebbian,44,156,0.3601753972407351,0.41851369468725386
anti_hebbian,44,157,0.40155679256485355,0.41815153480202516
anti_hebbian,44,158,0.33909582769420615,0.41786155235474465
anti_hebbian,44,159,0.38172612051312743,0.4174913266120694
anti_hebbian,44,160,0.48691774988333636,0.4171424179285448
anti_hebbian,44,161,0.3802221508146304,0.4168043253994563
anti_hebbian,44,162,0.4324037809707072,0.4164039214218707
anti_hebbian,44,163,0.47395302917513116,0.41602280090859334
anti_hebbian,44,164,0.4174285503217138,0.41570566296526434
anti_hebbian,44,165,0.22317170200437944,0.41552888109603864
anti_hebbian,44,166,0.4527163128555917,0.41511221775444385
anti_hebbian,44,167,0.44415111680005825,0.41478748175605556
anti_hebbian,44,168,0.39979381657360236,0.4144828446310504
anti_hebbian,44,169,0.3258294752521588,0.41424168012396956
anti_hebbian,44,170,0.3905380817337306,0.41384283927981463
anti_hebbian,44,171,0.4172780435053691,0.4135734143508082
anti_hebbian,44,172,0.40305101663518694,0.4131795110962125
anti_hebbian,44,173,0.39133582227009545,0.41286891797634123
anti_hebbian,44,174,0.580715534419902,0.4123760175813266
anti_hebbian,44,175,0.40833273752217936,0.41208651275646624
anti_hebbian,44,176,0.32755534790716356,0.4118322919502739
anti_hebbian,44,177,0.4138127256140992,0.4114671054469578
anti_hebbian,44,178,0.388166750783127,0.4111175873034807
anti_hebbian,44,179,0.39607304976435354,0.41075208316511225
anti_hebbian,44,180,0.5310644137125944,0.41024817882866216
anti_hebbian,44,181,0.2918294082442615,0.41004939966067977
anti_hebbian,44,182,0.48230730108217307,0.40966513806197863
anti_hebbian,44,183,0.3851645013039581,0.4093384271478352
anti_hebbian,44,184,0.47735649786160833,0.40889414725930506
anti_hebbian,44,185,0.4555661088836567,0.40854480452764297
anti_hebbian,44,186,0.5634605443335441,0.408031434162747
anti_hebbian,44,187,0.4342281793822481,0.407700050389501
anti_hebbian,44,188,0.48946428192413544,0.4072641896597597
anti_hebbian,44,189,0.39637218761923776,0.40697006769196953
anti_hebbian,44,190,0.44602646763474785,0.4066352780722954
anti_hebbian,44,191,0.4856989252870088,0.40621755416544253
anti_hebbian,44,192,0.42871284290518524,0.40588342452770676
anti_hebbian,44,193,0.36927716309700853,0.40550584252525346
anti_hebbian,44,194,0.39163691358216984,0.4051880521673079
anti_hebbian,44,195,0.5077439500011381,0.4046890643644678
anti_hebbian,44,196,0.33978813454172074,0.40442103673353175
anti_hebbian,44,197,0.4940486256165372,0.40399394754957685
anti_hebbian,44,198,0.34700814679303554,0.4036515624592174
anti_hebbian,44,199,0.3851816973939398,0.403299813258
anti_hebbian,44,200,0.38608391522690316,0.40296676171729395
anti_hebbian,44,201,0.42590341994943903,0.40264437276513226
anti_hebbian,44,202,0.3894048758402384,0.4022589587017805
anti_hebbian,44,203,0.41231147584020744,0.4019176690000837
anti_hebbian,44,204,0.32962642118095964,0.40163338213015104
anti_hebbian,44,205,0.3163855791666355,0.40134607054630134
anti_hebbian,44,206,0.37789538607991663,0.4010408844356334
anti_hebbian,44,207,0.39062474851015605,0.4006846010286276
anti_hebbian,44,208,0.3544390135223317,0.40032003488166995
anti_hebbian,44,209,0.3261045868318252,0.4000375178358687
anti_hebbian,44,210,0.3752101375987084,0.39967193484796926
anti_hebbian,44,211,0.3064189702018272,0.3993753855897188
anti_hebbian,44,212,0.3395076689450509,0.39904654014797347
anti_hebbian,44,213,0.3726812403759173,0.39869066813956994
anti_hebbian,44,214,0.4721110884235209,0.39827936487341775
anti_hebbian,44,215,0.4720458317901716,0.3978632995537359
anti_hebbian,44,216,0.43999724662252737,0.39746856422266535
anti_hebbian,44,217,0.3974406689530816,0.3970842507806075
anti_hebbian,44,218,0.42218848798241526,0.39672447474765793
anti_hebbian,44,219,0.3412775705391713,0.3964415709863099
anti_hebbian,44,220,0.40775014812905264,0.3960915198762024
anti_hebbian,44,221,0.28599341628636565,0.3958344722759081
anti_hebbian,44,222,0.47447681189273705,0.39541464113905544
anti_hebbian,44,223,0.49538893430410813,0.39502682356025814
anti_hebbian,44,224,0.4355862392619468,0.39468669309836013
anti_hebbian,44,225,0.4117107878629248,0.39430867168550615
anti_hebbian,44,226,0.40856440751929424,0.3939626731333629
anti_hebbian,44,227,0.39083875359461273,0.39357015249310767
anti_hebbian,44,228,0.4356297880376136,0.39317721630665187
anti_hebbian,44,229,0.32443870403111563,0.39280268946692776
anti_hebbian,44,230,0.40207546364405783,0.3925138850345668
anti_hebbian,44,231,0.44590758831696986,0.3921009333232897
anti_hebbian,44,232,0.3302655551100659,0.3917887261533555
anti_hebbian,44,233,0.3524425082888283,0.3914695473173036
anti_hebbian,44,234,0.28674430499494175,0.3911953112579604
anti_hebbian,44,235,0.312335514346622,0.39087648937453817
anti_hebbian,44,236,0.40495653275247107,0.3905407841635609
anti_hebbian,44,237,0.528858732395523,0.39006021126927953
anti_hebbian,44,238,0.3721258362150178,0.38973396234344754
anti_hebbian,44,239,0.3741797173357382,0.38934887904558274
anti_hebbian,44,240,0.3983995232238787,0.3890181797646667
anti_hebbian,44,241,0.3927459872544171,0.38865320503176304
anti_hebbian,44,242,0.5135015005086403,0.3882222361809614
anti_hebbian,44,243,0.4676458096776607,0.38786017128804856
anti_hebbian,44,244,0.47627772460392676,0.38743504215288005
anti_hebbian,44,245,0.4407563375971365,0.3870272808664688
anti_hebbian,44,246,0.41158368951644037,0.3867169115524696
anti_hebbian,44,247,0.2728355345623252,0.38651226807951616
anti_hebbian,44,248,0.4455089930507732,0.386099344474379
anti_hebbian,44,249,0.3419970503153427,0.38574467624241915
anti_hebbian,44,250,0.43011439840916654,0.3853708943413442
anti_hebbian,44,251,0.36599651110788767,0.38502951851454564
anti_hebbian,44,252,0.3751214970854811,0.3846402129150664
anti_hebbian,44,253,0.338089509115139,0.384300276407015
anti_hebbian,44,254,0.3864823481835625,0.38393084410677353
anti_hebbian,44,255,0.39683150979013354,0.38358173166767423
anti_hebbian,44,256,0.5102709061300619,0.38315677526719344
anti_hebbian,44,257,0.4970387075056294,0.38271301650648504
anti_hebbian,44,258,0.3716999143157795,0.3824070055883317
anti_hebbian,44,259,0.3404408580989835,0.3820953357888248
anti_hebbian,44,260,0.3417523701663386,0.38180292954704703
anti_hebbian,44,261,0.390674622211587,0.38142166884213297
anti_hebbian,44,262,0.3579653505861674,0.38111190530018657
anti_hebbian,44,263,0.2624933133279821,0.3809067132993513
anti_hebbian,44,264,0.37467812358999975,0.38058452739802284
anti_hebbian,44,265,0.38345991061996915,0.3802519087430507
anti_hebbian,44,266,0.40491204037211376,0.3798622753434102
anti_hebbian,44,267,0.42158696990950906,0.37951357264058333
anti_hebbian,44,268,0.3860466068371452,0.3791851394396261
anti_hebbian,44,269,0.3836357420552752,0.37884833754976044
anti_hebbian,44,270,0.3368088963504663,0.37856146424427417
anti_hebbian,44,271,0.37353620418888744,0.3781985613931863
anti_hebbian,44,272,0.29833465950370164,0.3779313721695852
anti_hebbian,44,273,0.38468904678885774,0.3775465188190366
anti_hebbian,44,274,0.3436053439370542,0.3772622457097882
anti_hebbian,44,275,0.3014837068805509,0.3769484674257808
anti_hebbian,44,276,0.35666460465139893,0.3766211746667368
anti_hebbian,44,277,0.3376018787392575,0.37630653092452676
anti_hebbian,44,278,0.32314415948052816,0.37601286324461286
anti_hebbian,44,279,0.3815799396793105,0.3756776529579973
anti_hebbian,44,280,0.3417076397096299,0.3753826274242648
anti_hebbian,44,281,0.4319817853244792,0.3749718019765504
anti_hebbian,44,282,0.3755454670375426,0.37465116836313755
anti_hebbian,44,283,0.3572775861671835,0.374308411501559
anti_hebbian,44,284,0.36441532042810326,0.37398606983491517
anti_hebbian,44,285,0.37130722929335963,0.3735740021161262
anti_hebbian,44,286,0.38951974533382094,0.3731873733349358
anti_hebbian,44,287,0.35237100619601525,0.37285995616818884
anti_hebbian,44,288,0.4885580218703834,0.3723345818493814
anti_hebbian,44,289,0.3248764531663699,0.372028297692905
anti_hebbian,44,290,0.3821993190413005,0.371648909069298
anti_hebbian,44,291,0.36605509916486156,0.37130708865493295
anti_hebbian,44,292,0.3384544621260298,0.3709452808283887
anti_hebbian,44,293,0.3962629141044298,0.3704877221702499
anti_hebbian,44,294,0.3694434243569641,0.3701018045007588
anti_hebbian,44,295,0.3631973070727499,0.36974594551412315
anti_hebbian,44,296,0.33035864628669365,0.3693792897459547
anti_hebbian,44,297,0.30044008958000257,0.3691177520455003
anti_hebbian,44,298,0.2585853042241783,0.36887928491947974
anti_hebbian,44,299,0.35791905042094285,0.3685019216692019
anti_hebbian,44,300,0.327852624944721,0.36824891497777684
anti_hebbian,45,1,0.4505089706551201,0.4344973093155138
anti_hebbian,45,2,0.33699107394099903,0.4343559675739288
anti_hebbian,45,3,0.36752960960384123,0.4342196614978875
anti_hebbian,45,4,0.5591719075367181,0.43401635995354615
anti_hebbian,45,5,0.38292592811874304,0.43387407365271236
anti_hebbian,45,6,0.5974380481586363,0.433651138704476
anti_hebbian,45,7,0.5850966718833062,0.43344983775518847
anti_hebbian,45,8,0.34341893747338886,0.4333325715986551
anti_hebbian,45,9,0.4659131812630054,0.43321426971312366
anti_hebbian,45,10,0.37061610339258133,0.43308460110648866
anti_hebbian,45,11,0.38321529141123556,0.43295823410880896
anti_hebbian,45,12,0.702789079207851,0.4327102487640175
anti_hebbian,45,13,0.4211756027532788,0.4325393072506224
anti_hebbian,45,14,0.37417343042506934,0.43242051379040936
anti_hebbian,45,15,0.3322031313937912,0.43227567903065994
anti_hebbian,45,16,0.33512871788356874,0.43216731704893013
anti_hebbian,45,17,0.4868389841183953,0.4319825939537437
anti_hebbian,45,18,0.38293612181938114,0.4318490035819576
anti_hebbian,45,19,0.4233979863651743,0.431672394546517
anti_hebbian,45,20,0.5413847566012189,0.4315075772799626
anti_hebbian,45,21,0.3731150603920359,0.43136759117762163
anti_hebbian,45,22,0.3057972014445005,0.4312516855895358
anti_hebbian,45,23,0.3952677500282359,0.4311369554183243
anti_hebbian,45,24,0.4423385883866864,0.4309478544406363
anti_hebbian,45,25,0.3606578356460198,0.4308173225173799
anti_hebbian,45,26,0.5976624507559667,0.43062128301498903
anti_hebbian,45,27,0.40769589193255223,0.430486229399788
anti_hebbian,45,28,0.35983582120080365,0.4303624657319909
anti_hebbian,45,29,0.6248467147383234,0.4301952863787541
anti_hebbian,45,30,0.4017428034365139,0.430041411793096
anti_hebbian,45,31,0.2981708591269565,0.4299291746485189
anti_hebbian,45,32,0.3832258632456277,0.429817882429674
anti_hebbian,45,33,0.3605264251488473,0.42964198514287816
anti_hebbian,45,34,0.49055592843927753,0.42949342945505303
anti_hebbian,45,35,0.42045887794884473,0.42934988550905434
anti_hebbian,45,36,0.6825986134408388,0.42912938016579666
anti_hebbian,45,37,0.3581810522678393,0.42903699755267016
anti_hebbian,45,38,0.5319665269114234,0.4288350571214713
anti_hebbian,45,39,0.44925683795526317,0.4286843082249817
anti_hebbian,45,40,0.5785497907761341,0.42842970564283667
anti_hebbian,45,41,0.33643601642435356,0.4283332460589813
anti_hebbian,45,42,0.6172320774730893,0.4281321580306072
anti_hebbian,45,43,0.5109821705843125,0.4279312800516227
anti_hebbian,45,44,0.3955321225068962,0.4278007108848012
anti_hebbian,45,45,0.5158117760462094,0.4276129693890679
anti_hebbian,45,46,0.43469256608693563,0.42746229260140356
anti_hebbian,45,47,0.4008392470997156,0.4273142980120432
anti_hebbian,45,48,0.5185648089513732,0.42711852702078545
anti_hebbian,45,49,0.5812650010453043,0.4269456056518095
anti_hebbian,45,50,0.4015005322142514,0.42681444820603154
anti_hebbian,45,51,0.4425333471100291,0.42665833805808584
anti_hebbian,45,52,0.4242787607177154,0.4265148613671331
anti_hebbian,45,53,0.40642956292466675,0.42634477541565496
anti_hebbian,45,54,0.5382160690619233,0.42615268364591147
anti_hebbian,45,55,0.4310511705810739,0.4260006276402884
anti_hebbian,45,56,0.48472964758383297,0.4258237585196232
anti_hebbian,45,57,0.46517402165208666,0.4256821728361342
anti_hebbian,45,58,0.6548207578864049,0.42544234005794596
anti_hebbian,45,59,0.4056593061674557,0.4252858065584858
anti_hebbian,45,60,0.42327520199900553,0.42511902423151005
anti_hebbian,45,61,0.3662792674531469,0.4250080233103904
anti_hebbian,45,62,0.33814734641930716,0.42491134627361987
anti_hebbian,45,63,0.5646393163746453,0.42474174495295425
anti_hebbian,45,64,0.4318907599296965,0.4246034375997231
anti_hebbian,45,65,0.3463595910180896,0.424490510984662
anti_hebbian,45,66,0.47412329171697853,0.4243408286467361
anti_hebbian,45,67,0.5317820255264627,0.42418534658139256
anti_hebbian,45,68,0.4486590479325234,0.4240327621377833
anti_hebbian,45,69,0.3827894029628541,0.4239124997016846
anti_hebbian,45,70,0.46588255898609776,0.4237298303526344
anti_hebbian,45,71,0.3480912876771487,0.4236203073774601
anti_hebbian,45,72,0.5732982809116803,0.4234163961095765
anti_hebbian,45,73,0.3709676506849915,0.4232827626250394
anti_hebbian,45,74,0.45986948789939347,0.42315991734374575
anti_hebbian,45,75,0.43937514316909515,0.4230243540321729
anti_hebbian,45,76,0.3906720626682125,0.42286543488756295
anti_hebbian,45,77,0.41501550839466167,0.42271608247533027
anti_hebbian,45,78,0.524243690583686,0.4225147720499919
anti_hebbian,45,79,0.36978292405631497,0.4223763160886053
anti_hebbian,45,80,0.534693089096209,0.42224928809905704
anti_hebbian,45,81,0.5318679330707031,0.42205699211513104
anti_hebbian,45,82,0.3268815365043658,0.4219595441979037
anti_hebbian,45,83,0.4321809505186608,0.42179494724255523
anti_hebbian,45,84,0.4403166967079803,0.42163486458406374
anti_hebbian,45,85,0.403434341317214,0.42148990929044045
anti_hebbian,45,86,0.45685363020403275,0.42131478028200015
anti_hebbian,45,87,0.4002454066769561,0.4211714220802359
anti_hebbian,45,88,0.5406344891658521,0.4210160363470389
anti_hebbian,45,89,0.4931019516508317,0.4208445254822359
anti_hebbian,45,90,0.3406567317016229,0.4207239786895473
anti_hebbian,45,91,0.48303798664114483,0.42056068390121787
anti_hebbian,45,92,0.37600281699145677,0.42044405523613365
anti_hebbian,45,93,0.45071432178652604,0.42030384475419236
anti_hebbian,45,94,0.5024035144517034,0.420152043847767
anti_hebbian,45,95,0.43284495264766276,0.4199786759781906
anti_hebbian,45,96,0.41689020879654193,0.419846896017022
anti_hebbian,45,97,0.32425006211109975,0.4197360095295886
anti_hebbian,45,98,0.37350265259877563,0.4196061798498507
anti_hebbian,45,99,0.3032395670923523,0.4195075944802982
anti_hebbian,45,100,0.2949107711081467,0.4193954676540035
anti_hebbian,45,101,0.4803231832397598,0.4192145539816984
anti_hebbian,45,102,0.3987200257693289,0.4190901997647087
anti_hebbian,45,103,0.5027986244394721,0.41889593327819646
anti_hebbian,45,104,0.4008419334714428,0.41875055197398797
anti_hebbian,45,105,0.29534906770534375,0.418634037242688
anti_hebbian,45,106,0.28726270189588254,0.4185486948428874
anti_hebbian,45,107,0.4324324009185971,0.41839771176219664
anti_hebbian,45,108,0.4288516191285242,0.4182636753104016
anti_hebbian,45,109,0.40720006778470447,0.418148716822674
anti_hebbian,45,110,0.4007647707433001,0.4180094297182449
anti_hebbian,45,111,0.3872656821088951,0.41784974215079906
anti_hebbian,45,112,0.44685942086002495,0.4176875021617376
anti_hebbian,45,113,0.39891435765368993,0.4175623584735687
anti_hebbian,45,114,0.3475914556779456,0.4174672107104923
anti_hebbian,45,115,0.36402996380216346,0.4173216623996444
anti_hebbian,45,116,0.4207879056541371,0.41718699393253206
anti_hebbian,45,117,0.4278194070674352,0.4170193676935298
anti_hebbian,45,118,0.32161302413954374,0.4168940507172365
anti_hebbian,45,119,0.5926214207088112,0.416693713748015
anti_hebbian,45,120,0.3755164034536935,0.4165574711056608
anti_hebbian,45,121,0.39496689654690914,0.41640219932042477
anti_hebbian,45,122,0.2643286258780011,0.41631127996297157
anti_hebbian,45,123,0.5100194901184507,0.41614230856465023
anti_hebbian,45,124,0.42902589691889526,0.4159728176625131
anti_hebbian,45,125,0.6445560007625285,0.41576099314959264
anti_hebbian,45,126,0.38013987201234295,0.4156228358859187
anti_hebbian,45,127,0.40381817019569205,0.4154809664175084
anti_hebbian,45,128,0.37080434956919506,0.41535548239630143
anti_hebbian,45,129,0.42564367302669903,0.41522258646929333
anti_hebbian,45,130,0.475859740270439,0.41506123125375144
anti_hebbian,45,131,0.2893009018839189,0.41498801303490646
anti_hebbian,45,132,0.5160738633163954,0.41480110602823594
anti_hebbian,45,133,0.5079728113000785,0.4146162099722503
anti_hebbian,45,134,0.32326643201032884,0.4145261790264351
anti_hebbian,45,135,0.38803654124622156,0.4143831946753772
anti_hebbian,45,136,0.30851928241605975,0.41429420917624793
anti_hebbian,45,137,0.3351289055470862,0.4141677007956714
anti_hebbian,45,138,0.4027491606388745,0.41401332164011695
anti_hebbian,45,139,0.47480064116662196,0.41387437870724614
anti_hebbian,45,140,0.33497047547174164,0.41373693573694276
anti_hebbian,45,141,0.4976306583484251,0.41360038337612764
anti_hebbian,45,142,0.2799543997487266,0.413494953072078
anti_hebbian,45,143,0.4195953351370632,0.413353763216408
anti_hebbian,45,144,0.4556970874006811,0.41317441705653735
anti_hebbian,45,145,0.48462884002246254,0.41302680357292504
anti_hebbian,45,146,0.32711841050945645,0.41290185520296724
anti_hebbian,45,147,0.4328856804315433,0.41275365036077954
anti_hebbian,45,148,0.5390010631233415,0.41256285993996367
anti_hebbian,45,149,0.3481186842971206,0.4124184117633223
anti_hebbian,45,150,0.39234550253560696,0.41229098582706525
anti_hebbian,45,151,0.31623732504489155,0.41218101398229956
anti_hebbian,45,152,0.48826586912649594,0.41205965276449136
anti_hebbian,45,153,0.41240304799317135,0.4119217822930044
anti_hebbian,45,154,0.35963043249134574,0.4117706073383828
anti_hebbian,45,155,0.4207177261850784,0.4116583381163821
anti_hebbian,45,156,0.3403186895964082,0.41152295028940283
anti_hebbian,45,157,0.4255899399221554,0.4113830593010023
anti_hebbian,45,158,0.44778946132987757,0.41120445151760054
anti_hebbian,45,159,0.27081920676853893,0.4111214198312923
anti_hebbian,45,160,0.409226514293216,0.41096616653273405
anti_hebbian,45,161,0.5058920960636303,0.4108301786540043
anti_hebbian,45,162,0.29237366664694076,0.41071101217211514
anti_hebbian,45,163,0.3516367954264332,0.410617302513305
anti_hebbian,45,164,0.3709574474011801,0.41047742705784207
anti_hebbian,45,165,0.5283373369118033,0.410292998870236
anti_hebbian,45,166,0.3157689135069748,0.4101721752201617
anti_hebbian,45,167,0.5480015339166895,0.4100093467406532
anti_hebbian,45,168,0.3330190672085601,0.40991143730248436
anti_hebbian,45,169,0.3927575967203385,0.4097829959833038
anti_hebbian,45,170,0.4084003656547709,0.4096265963083299
anti_hebbian,45,171,0.32786467624024207,0.40952337016354373
anti_hebbian,45,172,0.3588908773196503,0.4094104466510526
anti_hebbian,45,173,0.3653645250908933,0.4092857890999702
anti_hebbian,45,174,0.4175252237183893,0.40916541679493534
anti_hebbian,45,175,0.2858647558347276,0.4090758791548128
anti_hebbian,45,176,0.39614739556361983,0.40894073215293336
anti_hebbian,45,177,0.5967233469722644,0.4087490658096911
anti_hebbian,45,178,0.2876239925623747,0.40864478609681454
anti_hebbian,45,179,0.6312478726948397,0.40841809011339375
anti_hebbian,45,180,0.39447994684087717,0.4082818413961152
anti_hebbian,45,181,0.38871387697782395,0.40812925814423767
anti_hebbian,45,182,0.4108868664268777,0.4079555564503819
anti_hebbian,45,183,0.4786959731241084,0.40781821862355
anti_hebbian,45,184,0.42877533137878837,0.4076639412682151
anti_hebbian,45,185,0.38603720542841946,0.407522386858219
anti_hebbian,45,186,0.3890713334062703,0.4074042955674638
anti_hebbian,45,187,0.4610325702536797,0.4072515796887992
anti_hebbian,45,188,0.48688369037840973,0.4070836470856659
anti_hebbian,45,189,0.4705067302665831,0.40691995713659
anti_hebbian,45,190,0.4414767371855076,0.406766292845998
anti_hebbian,45,191,0.40185483630244934,0.4066468190664633
anti_hebbian,45,192,0.37647305243577556,0.4065097980268326
anti_hebbian,45,193,0.4243588309492481,0.40638813815684033
anti_hebbian,45,194,0.3901501958947155,0.4062465471910151
anti_hebbian,45,195,0.3094105793127234,0.40614107367384134
anti_hebbian,45,196,0.4059572610661588,0.4060338356415525
anti_hebbian,45,197,0.37663106363385357,0.40590308729575963
anti_hebbian,45,198,0.34649254552663367,0.4057703598747144
anti_hebbian,45,199,0.4102879890002099,0.4056269827534739
anti_hebbian,45,200,0.42004408695319945,0.40545858916511907
anti_hebbian,45,201,0.38353716448105374,0.40532933471090987
anti_hebbian,45,202,0.4166627259058382,0.40519858291642175
anti_hebbian,45,203,0.2960007032522627,0.40510095033281085
anti_hebbian,45,204,0.31771337843712305,0.40497856490970235
anti_hebbian,45,205,0.4748255841619675,0.4048036726873169
anti_hebbian,45,206,0.3406109382145336,0.4046801217304116
anti_hebbian,45,207,0.3467571721161845,0.40457555764156095
anti_hebbian,45,208,0.42303930274099694,0.4044560922157956
anti_hebbian,45,209,0.40207449129833017,0.4043317362119776
anti_hebbian,45,210,0.4723381782520775,0.4041833020490778
anti_hebbian,45,211,0.4366848877389753,0.40399961734871775
anti_hebbian,45,212,0.3575239353882008,0.4038780364545603
anti_hebbian,45,213,0.4462226711412204,0.4037088750808177
anti_hebbian,45,214,0.3785142612136888,0.40357465263205095
anti_hebbian,45,215,0.4636180923598525,0.40340812619250926
anti_hebbian,45,216,0.39048398419235086,0.4032642457132499
anti_hebbian,45,217,0.4413927732693116,0.4031230717258636
anti_hebbian,45,218,0.3367607202877517,0.4029808259883584
anti_hebbian,45,219,0.3432349980441053,0.4028380945915275
anti_hebbian,45,220,0.4035799207634827,0.40269702568930305
anti_hebbian,45,221,0.5178711092433079,0.40252174643831007
anti_hebbian,45,222,0.38186164824612556,0.402394884216323
anti_hebbian,45,223,0.49731463870257103,0.4022447575358533
anti_hebbian,45,224,0.39097126219719575,0.40209379639542
anti_hebbian,45,225,0.5060634379393526,0.40191106762538936
anti_hebbian,45,226,0.37555307634279583,0.40177863656375973
anti_hebbian,45,227,0.34243289342850697,0.40166260282287053
anti_hebbian,45,228,0.292057421158729,0.40156248641019315
anti_hebbian,45,229,0.3121492439834812,0.4014426898053665
anti_hebbian,45,230,0.3893690541841814,0.40132672277046494
anti_hebbian,45,231,0.40414969792453137,0.40119082434254516
anti_hebbian,45,232,0.2942258091741393,0.4010664495606816
anti_hebbian,45,233,0.3138815691691557,0.4009553412417403
anti_hebbian,45,234,0.31977921586083924,0.4008383491241194
anti_hebbian,45,235,0.4385542361688793,0.4006981656413886
anti_hebbian,45,236,0.6088071222680957,0.4005208703786158
anti_hebbian,45,237,0.30214948438918565,0.4004001454680448
anti_hebbian,45,238,0.4170635151498988,0.4002430449378635
anti_hebbian,45,239,0.3989671523268338,0.4001128035092815
anti_hebbian,45,240,0.4023811954805494,0.4000035384174772
anti_hebbian,45,241,0.3261767044952463,0.3998929172010581
anti_hebbian,45,242,0.2696768531096747,0.3998026060241703
anti_hebbian,45,243,0.2841581771122891,0.39968236693476183
anti_hebbian,45,244,0.2857556785836305,0.3995779459534321
anti_hebbian,45,245,0.3847722420500075,0.3994357802922231
anti_hebbian,45,246,0.3858355457078962,0.3992996105117321
anti_hebbian,45,247,0.3591085823891069,0.3991845008442001
anti_hebbian,45,248,0.29940617793796925,0.3990711305386467
anti_hebbian,45,249,0.33367227708434255,0.3989553524719656
anti_hebbian,45,250,0.46872266131743906,0.3987872979459041
anti_hebbian,45,251,0.3823874589448528,0.3986309619102105
anti_hebbian,45,252,0.4600645955274586,0.3984747520400997
anti_hebbian,45,253,0.32327810594377165,0.3983512988447067
anti_hebbian,45,254,0.34075476676165883,0.39824611382717867
anti_hebbian,45,255,0.31311597024322935,0.39812054896742644
anti_hebbian,45,256,0.41040479510368866,0.39798676671908834
anti_hebbian,45,257,0.32231194629002097,0.3978849055438492
anti_hebbian,45,258,0.36613001036756565,0.39773863964474976
anti_hebbian,45,259,0.3225281153499851,0.3976314893816691
anti_hebbian,45,260,0.36586705628302807,0.39750719421957287
anti_hebbian,45,261,0.2902516224280909,0.39742160756643224
anti_hebbian,45,262,0.4776198052366143,0.3972723971196306
anti_hebbian,45,263,0.292054990762125,0.397149924255667
anti_hebbian,45,264,0.3702424680990206,0.3969945600256646
anti_hebbian,45,265,0.4620890122388008,0.3968325342278244
anti_hebbian,45,266,0.44204716864064403,0.3967143512028793
anti_hebbian,45,267,0.3510340088410865,0.3965716353381755
anti_hebbian,45,268,0.44365132173246385,0.3964263764849725
anti_hebbian,45,269,0.3811309709988355,0.3963130367084813
anti_hebbian,45,270,0.371208506292653,0.3961784352659525
anti_hebbian,45,271,0.3285177439860086,0.39605964737677074
anti_hebbian,45,272,0.41581653883898506,0.39590024248306477
anti_hebbian,45,273,0.31823570535932466,0.39579731768553406
anti_hebbian,45,274,0.2961856468608498,0.3956872295052605
anti_hebbian,45,275,0.40258752470918413,0.39552967393954486
anti_hebbian,45,276,0.48921787074229883,0.3953996087878942
anti_hebbian,45,277,0.2982248375165235,0.3953100346951545
anti_hebbian,45,278,0.4475174033530027,0.395154866739409
anti_hebbian,45,279,0.6057836739948765,0.3949108384570328
anti_hebbian,45,280,0.466941072322162,0.3947508331174783
anti_hebbian,45,281,0.36760159304228857,0.3946084435669519
anti_hebbian,45,282,0.2501315799166238,0.3945086229672225
anti_hebbian,45,283,0.2952370198236751,0.3944110728266646
anti_hebbian,45,284,0.43126425880997815,0.39424721478316005
anti_hebbian,45,285,0.3975528807370655,0.39408275474456683
anti_hebbian,45,286,0.31362451257547913,0.393970272700515
anti_hebbian,45,287,0.3632893038726014,0.39383518876286244
anti_hebbian,45,288,0.4214870072542289,0.39365085653016374
anti_hebbian,45,289,0.398455822998222,0.3935102636773148
anti_hebbian,45,290,0.2312161578620525,0.3934058724807509
anti_hebbian,45,291,0.3138690623988091,0.39329236989912236
anti_hebbian,45,292,0.30947262526782093,0.39317694553472265
anti_hebbian,45,293,0.37052520613169554,0.39304710107692925
anti_hebbian,45,294,0.25049448092305654,0.392941275144325
anti_hebbian,45,295,0.31533621217003893,0.3928297454927712
anti_hebbian,45,296,0.29158154354692645,0.3927309314956898
anti_hebbian,45,297,0.40882592334295453,0.3925747493456565
anti_hebbian,45,298,0.29588623778109013,0.39246679061774076
anti_hebbian,45,299,0.3185224187595622,0.39235305407343696
anti_hebbian,45,300,0.3423055343921816,0.39224546215086753
anti_hebbian,46,1,0.7259926407246273,0.5420723329838636
anti_hebbian,46,2,0.3861957907744495,0.5418674585408786
anti_hebbian,46,3,0.5029669284567283,0.5415589257167353
anti_hebbian,46,4,0.5333539310909086,0.5412883595137791
anti_hebbian,46,5,0.4588300401506604,0.5410688335791174
anti_hebbian,46,6,0.7641686538900687,0.5406249045657214
anti_hebbian,46,7,0.6268850690505182,0.540263234189445
anti_hebbian,46,8,0.36420329252473416,0.5400616865684575
anti_hebbian,46,9,0.573108709556325,0.539809861988861
anti_hebbian,46,10,0.4303001897485189,0.539550351593802
anti_hebbian,46,11,0.7231202013580271,0.5391808266928549
anti_hebbian,46,12,0.4192403917145068,0.5389034540849641
anti_hebbian,46,13,0.5684082694972097,0.5386228836528383
anti_hebbian,46,14,0.7474341470469357,0.5381671241479935
anti_hebbian,46,15,0.4083090320965193,0.537928352395315
anti_hebbian,46,16,0.4450151348354475,0.537672463759945
anti_hebbian,46,17,0.44900572588394605,0.5374376237107258
anti_hebbian,46,18,0.4956408831218093,0.5371756884592521
anti_hebbian,46,19,0.4079581714441194,0.5369565127037458
anti_hebbian,46,20,0.7152836994425449,0.5366824373084154
anti_hebbian,46,21,0.6939233781407743,0.5363479795521234
anti_hebbian,46,22,0.43045032965158575,0.536140227627102
anti_hebbian,46,23,0.6339484535529731,0.535828153224776
anti_hebbian,46,24,0.6551369090397625,0.5354487924949087
anti_hebbian,46,25,0.520801392776211,0.5351891545836054
anti_hebbian,46,26,0.5934421378917082,0.5348826195921063
anti_hebbian,46,27,0.5863840302931507,0.5345642149875914
anti_hebbian,46,28,0.5383627435158402,0.5343029446672422
anti_hebbian,46,29,0.6616746434569473,0.5339526699948574
anti_hebbian,46,30,0.5437739566740468,0.5336586860838248
anti_hebbian,46,31,0.6315539029890354,0.533342392153057
anti_hebbian,46,32,0.5619525183895127,0.5330734360197807
anti_hebbian,46,33,0.4744347990257829,0.5328409802587841
anti_hebbian,46,34,0.5440552876281199,0.5325877102823974
anti_hebbian,46,35,0.5166802278174513,0.5323345729737384
anti_hebbian,46,36,0.4972135810707503,0.5321105159359766
anti_hebbian,46,37,0.6019009602762468,0.5317689817186695
anti_hebbian,46,38,0.6491167749546587,0.531480130543489
anti_hebbian,46,39,0.9554724172656328,0.5310183161322957
anti_hebbian,46,40,0.4752678481267879,0.5307620281732818
anti_hebbian,46,41,0.7201506563503877,0.5304624360082306
anti_hebbian,46,42,0.42026601288284543,0.5302554774680761
anti_hebbian,46,43,0.43316719386254543,0.5300536986530637
anti_hebbian,46,44,0.5070207557981294,0.5297675904767766
anti_hebbian,46,45,0.7012431577313072,0.5294138622840175
anti_hebbian,46,46,0.5552627906980285,0.5290906321148143
anti_hebbian,46,47,0.557263873422236,0.5288160657838811
anti_hebbian,46,48,0.6665719713367211,0.528505603413859
anti_hebbian,46,49,0.5788374516171448,0.5282173898610507
anti_hebbian,46,50,0.32448175903480514,0.5280031443269894
anti_hebbian,46,51,0.734782627583341,0.5276260431634897
anti_hebbian,46,52,0.4646046367144636,0.527425550342522
anti_hebbian,46,53,0.5368573837190527,0.5271776416340336
anti_hebbian,46,54,0.5017964318698702,0.5268987153811155
anti_hebbian,46,55,0.46640506468079795,0.5266789185143392
anti_hebbian,46,56,0.3531546874403076,0.526506966683594
anti_hebbian,46,57,0.5559461611741126,0.5262275433176278
anti_hebbian,46,58,0.39501713479830697,0.5259817249048127
anti_hebbian,46,59,0.4595389589931652,0.5257716452649126
anti_hebbian,46,60,0.566641619324356,0.5254717108179707
anti_hebbian,46,61,0.47497652894946385,0.5252455291627264
anti_hebbian,46,62,0.5967876647822603,0.5249642476220309
anti_hebbian,46,63,0.4214953677142624,0.5247635889497541
anti_hebbian,46,64,0.6834158349113688,0.5244363200943875
anti_hebbian,46,65,0.486316925311052,0.5241799963215665
anti_hebbian,46,66,0.45975808392636314,0.5239055663727079
anti_hebbian,46,67,0.6589469174587661,0.523547151109474
anti_hebbian,46,68,0.5511642675674082,0.5232620934106731
anti_hebbian,46,69,0.5408009093659517,0.522965385423983
anti_hebbian,46,70,0.6089232166680367,0.5226566316785495
anti_hebbian,46,71,0.47336111570796885,0.5223932861629532
anti_hebbian,46,72,0.5451203824208412,0.5221504997186917
anti_hebbian,46,73,0.5908862282968145,0.5218761203722375
anti_hebbian,46,74,0.4855489444782274,0.5216595335710811
anti_hebbian,46,75,0.5369445679716267,0.5213673114432996
anti_hebbian,46,76,0.5598387005407696,0.5210831976576796
anti_hebbian,46,77,0.5406748614526478,0.5208562261776705
anti_hebbian,46,78,0.31524596893112866,0.5206823964383419
anti_hebbian,46,79,0.4690678463667492,0.5205019280250192
anti_hebbian,46,80,0.5655210640172793,0.5201997074639917
anti_hebbian,46,81,0.6668970711969691,0.519854634438837
anti_hebbian,46,82,0.3555425568405088,0.5196716857902288
anti_hebbian,46,83,0.561399580376968,0.519348811494249
anti_hebbian,46,84,0.5759821154199577,0.519060758250399
anti_hebbian,46,85,0.6413005980262543,0.518730021331351
anti_hebbian,46,86,0.5124595701122824,0.51851620560723
anti_hebbian,46,87,0.4397303182850456,0.5183021054809268
anti_hebbian,46,88,0.552622202820676,0.5180294805193357
anti_hebbian,46,89,0.481396776136106,0.5177928644744341
anti_hebbian,46,90,0.3827655019518529,0.5176108292961087
anti_hebbian,46,91,0.6852098777618185,0.517286424531982
anti_hebbian,46,92,0.4364050720849519,0.5171079025782195
anti_hebbian,46,93,0.5125898896688897,0.5168671708617133
anti_hebbian,46,94,0.5229260986995738,0.5166288061932502
anti_hebbian,46,95,0.4300211762215651,0.5164733195875199
anti_hebbian,46,96,0.4345497602638383,0.5162937661274956
anti_hebbian,46,97,0.42724161979419206,0.5160784229048991
anti_hebbian,46,98,0.592372999048396,0.5157873024712583
anti_hebbian,46,99,0.4023573323992362,0.5155559165878293
anti_hebbian,46,100,0.5481250597427194,0.5152745880010695
anti_hebbian,46,101,0.5966266774324732,0.5149294210363329
anti_hebbian,46,102,0.5584655163737248,0.5146230119379678
anti_hebbian,46,103,0.4016849459462174,0.5144217377618506
anti_hebbian,46,104,0.36956200360227964,0.5142073056976715
anti_hebbian,46,105,0.40453676986117065,0.5139744458962271
anti_hebbian,46,106,0.3761713467843897,0.5137980841759838
anti_hebbian,46,107,0.38109655920910757,0.5136328841202371
anti_hebbian,46,108,0.45127192644517305,0.513391906663533
anti_hebbian,46,109,0.6094578145438085,0.5131332841059261
anti_hebbian,46,110,0.4933162035362328,0.5128738475866484
anti_hebbian,46,111,0.5151909765542827,0.5126196515826354
anti_hebbian,46,112,0.5289768393599246,0.5123460171277994
anti_hebbian,46,113,0.5476666307375129,0.5120787286277461
anti_hebbian,46,114,0.5088652533236028,0.5118515370085289
anti_hebbian,46,115,0.4953554859766842,0.5115961249445317
anti_hebbian,46,116,0.6085877641062132,0.5113128846947642
anti_hebbian,46,117,0.5967932551946358,0.5110302852110796
anti_hebbian,46,118,0.6491494277073533,0.5107422086033686
anti_hebbian,46,119,0.6657419161362934,0.5104839716848609
anti_hebbian,46,120,0.6650448515412954,0.5101728799758021
anti_hebbian,46,121,0.5797956659781,0.5099141686037865
anti_hebbian,46,122,0.4738274797839973,0.5096843238538806
anti_hebbian,46,123,0.6107101223645812,0.5094082251289405
anti_hebbian,46,124,0.6021031794571976,0.5091201392796448
anti_hebbian,46,125,0.6604990416161713,0.5088166950079591
anti_hebbian,46,126,0.5755093965711475,0.5085183034972087
anti_hebbian,46,127,0.5561858123485464,0.5082537823803722
anti_hebbian,46,128,0.35988994613339037,0.508083582344278
anti_hebbian,46,129,0.4963212566113122,0.507800185331231
anti_hebbian,46,130,0.4576223976149276,0.5075810994688201
anti_hebbian,46,131,0.38482006588390405,0.5074086820697448
anti_hebbian,46,132,0.6905086008657209,0.5070628845519692
anti_hebbian,46,133,0.4759085017015694,0.5068787244292905
anti_hebbian,46,134,0.5303878772098367,0.5066318694845466
anti_hebbian,46,135,0.41823588934730477,0.5064178242015882
anti_hebbian,46,136,0.4769182186091341,0.5061755411831724
anti_hebbian,46,137,0.5083794493091833,0.5059121726700592
anti_hebbian,46,138,0.5212378458882988,0.5056357514286209
anti_hebbian,46,139,0.5682353575063758,0.5053446204727167
anti_hebbian,46,140,0.5509984538178473,0.5050529198674926
anti_hebbian,46,141,0.5807382238165008,0.5047700591222954
anti_hebbian,46,142,0.41134493864050226,0.5045820914767444
anti_hebbian,46,143,0.5817635673720023,0.5043110266383427
anti_hebbian,46,144,0.4851290920927597,0.5040638911568466
anti_hebbian,46,145,0.5502015442217502,0.503855299908398
anti_hebbian,46,146,0.59847261798214,0.5035226135553498
anti_hebbian,46,147,0.5004305082055961,0.5033140441983208
anti_hebbian,46,148,0.3752960264693178,0.5031266957494431
anti_hebbian,46,149,0.38318449205078375,0.5029537772342941
anti_hebbian,46,150,0.6776023102040574,0.5026535009631105
anti_hebbian,46,151,0.6205098808804091,0.5023629718552636
anti_hebbian,46,152,0.6204260103875312,0.5021182377552751
anti_hebbian,46,153,0.4401867529718857,0.5019240494496013
anti_hebbian,46,154,0.5695193091412947,0.5016601580939472
anti_hebbian,46,155,0.3917766984309003,0.5014738326907257
anti_hebbian,46,156,0.3486857122551077,0.5012848412891956
anti_hebbian,46,157,0.4506355796148941,0.501042201615622
anti_hebbian,46,158,0.584085960786963,0.500759443865483
anti_hebbian,46,159,0.6389046457162129,0.5004578335443228
anti_hebbian,46,160,0.5634283410413818,0.5001785026620599
anti_hebbian,46,161,0.6882492102210185,0.49985508900718484
anti_hebbian,46,162,0.5337419397413292,0.49959270754543034
anti_hebbian,46,163,0.5864462337597218,0.49930399965249694
anti_hebbian,46,164,0.582294431005354,0.49907851689712235
anti_hebbian,46,165,0.5151862586117186,0.4987909540756107
anti_hebbian,46,166,0.41229845713349406,0.49857596616232286
anti_hebbian,46,167,0.4653870732264323,0.4983664088038189
anti_hebbian,46,168,0.6830464918037932,0.49805138198931004
anti_hebbian,46,169,0.4447171818102553,0.49783526646912335
anti_hebbian,46,170,0.43453244642837446,0.49764323437607205
anti_hebbian,46,171,0.5380568842692068,0.49743411200842935
anti_hebbian,46,172,0.5902115072057894,0.49717301565701566
anti_hebbian,46,173,0.4852365839766433,0.49699247283680165
anti_hebbian,46,174,0.418800365661001,0.4967706683679632
anti_hebbian,46,175,0.3764149606589884,0.4965775265096526
anti_hebbian,46,176,0.6441182363683486,0.4963303785530784
anti_hebbian,46,177,0.4750706314200026,0.4961051543254357
anti_hebbian,46,178,0.4474502004744078,0.49585709947962653
anti_hebbian,46,179,0.5436999650350043,0.49559303326862736
anti_hebbian,46,180,0.3891058561729848,0.49538504096068947
anti_hebbian,46,181,0.5245465775318605,0.4951670125466994
anti_hebbian,46,182,0.5003662312938213,0.49494000654611886
anti_hebbian,46,183,0.49346225005318073,0.494690547509514
anti_hebbian,46,184,0.4374095708150614,0.4944681092347495
anti_hebbian,46,185,0.4661474513628886,0.49423338623995244
anti_hebbian,46,186,0.3366234987975586,0.4940684840725097
anti_hebbian,46,187,0.5032557156095994,0.4938546796328873
anti_hebbian,46,188,0.390591339940217,0.49364789224673905
anti_hebbian,46,189,0.3218730062638103,0.49348080551396584
anti_hebbian,46,190,0.41120265229400044,0.4932505961646756
anti_hebbian,46,191,0.4409257244783473,0.4930635687310748
anti_hebbian,46,192,0.45894339912762805,0.4928361248062529
anti_hebbian,46,193,0.5764246918289596,0.4926205196841642
anti_hebbian,46,194,0.6386094894870998,0.4923265772617624
anti_hebbian,46,195,0.5946550229936309,0.4920544505755192
anti_hebbian,46,196,0.5644523543996868,0.4918137599697708
anti_hebbian,46,197,0.5697624901676501,0.4915125480844882
anti_hebbian,46,198,0.5034489119525667,0.4912947995941731
anti_hebbian,46,199,0.5227530914801781,0.49107676435370057
anti_hebbian,46,200,0.4714300923816339,0.4908725960633943
anti_hebbian,46,201,0.43485619035720724,0.49066870482694724
anti_hebbian,46,202,0.5838526025691075,0.49040604671786475
anti_hebbian,46,203,0.4006122880552649,0.49021341011230907
anti_hebbian,46,204,0.30938675526835546,0.4900779794880411
anti_hebbian,46,205,0.606181550953534,0.4898324738907418
anti_hebbian,46,206,0.5586956807962427,0.48955132917300026
anti_hebbian,46,207,0.37851421588480594,0.4893821461819807
anti_hebbian,46,208,0.3771828318144317,0.4892337960697729
anti_hebbian,46,209,0.5147335042853419,0.4890073426378796
anti_hebbian,46,210,0.33206756471095406,0.4888652370595786
anti_hebbian,46,211,0.523700295461845,0.48861488851313306
anti_hebbian,46,212,0.3674975448886253,0.488437585196799
anti_hebbian,46,213,0.5853725432318414,0.4881644014575569
anti_hebbian,46,214,0.39892317821673495,0.48796486956799695
anti_hebbian,46,215,0.43402512597174553,0.48774849800672043
anti_hebbian,46,216,0.29237276922276145,0.48759913732531074
anti_hebbian,46,217,0.2835573599741691,0.4874849288906971
anti_hebbian,46,218,0.5319669115193892,0.48719622747518987
anti_hebbian,46,219,0.39989845365834636,0.4870208579825056
anti_hebbian,46,220,0.5200012111076908,0.4867475842562584
anti_hebbian,46,221,0.3273011782596812,0.4865660356580199
anti_hebbian,46,222,0.5460952045841645,0.48629913738131464
anti_hebbian,46,223,0.5054845361888994,0.4860796690144979
anti_hebbian,46,224,0.4734905434292228,0.48587824016546083
anti_hebbian,46,225,0.2839010747546033,0.4857668581819129
anti_hebbian,46,226,0.5076486799538377,0.48550526832536545
anti_hebbian,46,227,0.43776855047183827,0.48529193450285174
anti_hebbian,46,228,0.3287828494074081,0.4851215284915314
anti_hebbian,46,229,0.4079198546178422,0.4849139225513501
anti_hebbian,46,230,0.5094934418528373,0.4846429687358854
anti_hebbian,46,231,0.42331472927670033,0.4844504224521478
anti_hebbian,46,232,0.42753925149528704,0.4842506400526582
anti_hebbian,46,233,0.4920247103840356,0.4839906494581028
anti_hebbian,46,234,0.3455099764287134,0.48382791994757074
anti_hebbian,46,235,0.3882571129383966,0.48365196835034996
anti_hebbian,46,236,0.43593508982856577,0.48342925643734114
anti_hebbian,46,237,0.5430156264956814,0.48317166803058015
anti_hebbian,46,238,0.43028545936102114,0.4829945751144431
anti_hebbian,46,239,0.5358383940644902,0.4827380089275753
anti_hebbian,46,240,0.3067023072563455,0.48260897583781504
anti_hebbian,46,241,0.43714642258881614,0.48240530201631476
anti_hebbian,46,242,0.35630632665718726,0.4822267785757499
anti_hebbian,46,243,0.4190607528596732,0.48198952613556834
anti_hebbian,46,244,0.5151151802723056,0.4817508309081528
anti_hebbian,46,245,0.4324301205092811,0.4815550312530401
anti_hebbian,46,246,0.4565706121094343,0.48131608034994305
anti_hebbian,46,247,0.5311886564608181,0.4810590054844198
anti_hebbian,46,248,0.42556889881842885,0.48083977758663116
anti_hebbian,46,249,0.5141678689170913,0.480581007512221
anti_hebbian,46,250,0.4058615705772652,0.48038378568525275
anti_hebbian,46,251,0.43455861860865536,0.4801848111820486
anti_hebbian,46,252,0.4005992179900256,0.4800034715425249
anti_hebbian,46,253,0.5646564904858327,0.47975671767458383
anti_hebbian,46,254,0.5968597757601237,0.47944539610533377
anti_hebbian,46,255,0.49640283091147874,0.4792553161781471
anti_hebbian,46,256,0.5215915122949026,0.478998465818048
anti_hebbian,46,257,0.4636189235048869,0.4787823233150449
anti_hebbian,46,258,0.35131953743323957,0.47860549993908136
anti_hebbian,46,259,0.5484358905052421,0.4783516270051467
anti_hebbian,46,260,0.6394599855541545,0.47805888994576456
anti_hebbian,46,261,0.5978357274025796,0.4777432228462784
anti_hebbian,46,262,0.47553513521520585,0.4774937724964278
anti_hebbian,46,263,0.5057793726220784,0.47726225036819264
anti_hebbian,46,264,0.49017971973524743,0.4770284169731543
anti_hebbian,46,265,0.5540440714801496,0.4767223955615031
anti_hebbian,46,266,0.5108430496487177,0.47653749359531355
anti_hebbian,46,267,0.5006224097446723,0.4763130338492984
anti_hebbian,46,268,0.4916073956736925,0.47609900550436673
anti_hebbian,46,269,0.4012584469457059,0.4758765682731556
anti_hebbian,46,270,0.5117263333455531,0.47565642841438643
anti_hebbian,46,271,0.4531118402465452,0.47542814981362075
anti_hebbian,46,272,0.3573862568795242,0.4752520007605831
anti_hebbian,46,273,0.4285651644469002,0.4750605956233395
anti_hebbian,46,274,0.3603352895439064,0.4748388189035848
anti_hebbian,46,275,0.3769835118302939,0.4746689559676786
anti_hebbian,46,276,0.4559021234391677,0.4744696697134165
anti_hebbian,46,277,0.599469815458648,0.4741626564306213
anti_hebbian,46,278,0.47718981372829583,0.47396452808710887
anti_hebbian,46,279,0.4646528397202672,0.4737803174256766
anti_hebbian,46,280,0.5824184702193105,0.4734921022419456
anti_hebbian,46,281,0.4663927828801635,0.4732584082569509
anti_hebbian,46,282,0.4756762556312721,0.4730488106231544
anti_hebbian,46,283,0.4671544633786364,0.47284672537345884
anti_hebbian,46,284,0.4295727049479404,0.4726406415529029
anti_hebbian,46,285,0.44866167605820984,0.4724275760533069
anti_hebbian,46,286,0.5347079929822709,0.4721931713014015
anti_hebbian,46,287,0.4909438783626887,0.47198340094429064
anti_hebbian,46,288,0.4997315213739663,0.471729355438619
anti_hebbian,46,289,0.5038256189447372,0.471503506645421
anti_hebbian,46,290,0.45474863674166627,0.47130637887665705
anti_hebbian,46,291,0.629564844561791,0.4710192186463327
anti_hebbian,46,292,0.5039732835970816,0.4707553414935755
anti_hebbian,46,293,0.40756681902963426,0.4705192695901576
anti_hebbian,46,294,0.325196680963918,0.47034628219924135
anti_hebbian,46,295,0.5175644250859668,0.4700948657056625
anti_hebbian,46,296,0.6146117597439623,0.46975952009323624
anti_hebbian,46,297,0.5605091738145079,0.46947537906288983
anti_hebbian,46,298,0.3161356527571766,0.46934318971304284
anti_hebbian,46,299,0.4317077976846978,0.469125222232744
anti_hebbian,46,300,0.4109973120842811,0.4689297531595944
