learning_rule,seed,epochs_executed,initial_validation_loss,best_validation_loss,best_epoch,relative_improvement_pct,stability_variance,stop_reason,acquisition_epoch
gradient_descent,42,300,0.3097579883738591,0.25281484585032793,300,18.38310702573528,"StabilityResult(stability_variance=7.407949900639463e-05, window_means=array([0.27683456, 0.26216487, 0.2634286 , 0.26374777, 0.2496694 ]), final_segment=array([0.30779863, 0.23921187, 0.27657065, 0.3044936 , 0.22946923,
       0.30346341, 0.25037088, 0.36285979, 0.23696493, 0.25765226,
       0.25298277, 0.21215858, 0.2234839 , 0.24866084, 0.22270975,
       0.28590654, 0.28412988, 0.3156807 , 0.24053628, 0.21019451,
       0.32626963, 0.2894913 , 0.21539524, 0.30059964, 0.23389279,
       0.26927307, 0.26988704, 0.21305804, 0.21623243, 0.29567303]), start_index=270, window_size=6, num_windows=5)",max_epochs_reached,157.0
gradient_descent,43,300,0.5909985805903136,0.3984405638319007,300,32.58180697592845,"StabilityResult(stability_variance=0.0024656237127246806, window_means=array([0.3728291 , 0.45146005, 0.47352624, 0.47423568, 0.36066387]), final_segment=array([0.31887495, 0.36434495, 0.43077204, 0.42857953, 0.40277526,
       0.29162789, 0.54309337, 0.41718621, 0.57768573, 0.44335627,
       0.35649081, 0.37094792, 0.47213303, 0.46028347, 0.44683561,
       0.43734796, 0.51200855, 0.51254881, 0.43945299, 0.56156972,
       0.52634126, 0.50307753, 0.43526842, 0.37970416, 0.33918495,
       0.35563388, 0.49231225, 0.27176177, 0.32196099, 0.38312936]), start_index=270, window_size=6, num_windows=5)",max_epochs_reached,272.0
gradient_descent,44,300,0.4796871347963805,0.32593799149693053,300,32.05196307061977,"StabilityResult(stability_variance=0.0003280241592194907, window_means=array([0.2765248 , 0.29609404, 0.31053693, 0.29163847, 0.25744133]), final_segment=array([0.30155152, 0.23991848, 0.30919251, 0.27400984, 0.24606614,
       0.2884103 , 0.27113128, 0.2616215 , 0.29955549, 0.28139069,
       0.34894091, 0.31392436, 0.28704191, 0.29188209, 0.30232754,
       0.31156648, 0.27751949, 0.39288408, 0.26361905, 0.30639468,
       0.29711982, 0.26632904, 0.31865925, 0.29770899, 0.28528908,
       0.26675657, 0.24093654, 0.20931648, 0.2800361 , 0.26231319]), start_index=270, window_size=6, num_windows=5)",max_epochs_reached,228.0
gradient_descent,45,300,0.4346853654239037,0.37102943804332644,300,14.64413859861608,"StabilityResult(stability_variance=0.0010403816924471141, window_means=array([0.34240051, 0.36904804, 0.3346996 , 0.28059004, 0.29509038]), final_segment=array([0.29995961, 0.38280752, 0.29061121, 0.27164842, 0.36604556,
       0.44333072, 0.2744125 , 0.40543032, 0.55390588, 0.42872978,
       0.3303566 , 0.22145317, 0.26544657, 0.38716573, 0.35898465,
       0.28219104, 0.32838386, 0.38602576, 0.35681579, 0.20841235,
       0.28132305, 0.28003119, 0.33332254, 0.22363531, 0.28530594,
       0.25843541, 0.36965665, 0.26265056, 0.2862247 , 0.30826903]), start_index=270, window_size=6, num_windows=5)",max_epochs_reached,
gradient_descent,46,300,0.5424696655674627,0.4289139538175395,300,20.933098928423153,"StabilityResult(stability_variance=0.000777129048915915, window_means=array([0.3444924 , 0.43065201, 0.40348368, 0.3954056 , 0.39414409]), final_segment=array([0.3825328 , 0.30752366, 0.36300037, 0.30791321, 0.31892547,
       0.38705888, 0.50812844, 0.40689987, 0.38155487, 0.49231046,
       0.39761358, 0.39740486, 0.39478109, 0.35735769, 0.38403913,
       0.4579575 , 0.40957544, 0.41719123, 0.42625007, 0.37827077,
       0.53408592, 0.41038303, 0.34726537, 0.27617845, 0.43313183,
       0.5119252 , 0.45554144, 0.26727542, 0.36173968, 0.33525099]), start_index=270, window_size=6, num_windows=5)",max_epochs_reached,
gradient_descent,47,300,0.46465647822352935,0.4268770652064384,300,8.130611492070196,"StabilityResult(stability_variance=0.0002790893363537686, window_means=array([0.32632402, 0.31644333, 0.28630303, 0.30647693, 0.33434402]), final_segment=array([0.38765036, 0.33876543, 0.27141129, 0.31128855, 0.34396429,
       0.30486422, 0.2994503 , 0.34694458, 0.35264028, 0.29374734,
       0.33534011, 0.27053735, 0.23764529, 0.42520954, 0.29996389,
       0.21857644, 0.3117649 , 0.22465814, 0.32936286, 0.25111854,
       0.34185251, 0.29385665, 0.35138413, 0.27128689, 0.35455236,
       0.40509884, 0.25478607, 0.33942588, 0.3239575 , 0.32824348]), start_index=270, window_size=6, num_windows=5)",max_epochs_reached,
gradient_descent,48,300,0.45491756330985755,0.34442651679609615,300,24.288147001812447,"StabilityResult(stability_variance=8.05148808518778e-05, window_means=array([0.42026224, 0.42682223, 0.40478728, 0.41763817, 0.40384659]), final_segment=array([0.39496133, 0.46725479, 0.41794662, 0.45244064, 0.33499873,
       0.45397135, 0.46209913, 0.44227164, 0.4314495 , 0.43677187,
       0.41667458, 0.37166668, 0.23042025, 0.38382795, 0.45004596,
       0.38109163, 0.40895691, 0.57438096, 0.38545373, 0.44236626,
       0.31657609, 0.40447963, 0.36046124, 0.59649209, 0.46120891,
       0.46176667, 0.38508865, 0.36387617, 0.33376258, 0.41737655]), start_index=270, window_size=6, num_windows=5)",max_epochs_reached,284.0
gradient_descent,49,300,0.5090802164032752,0.4246435325475657,300,16.586125552524265,"StabilityResult(stability_variance=0.0020196896460153158, window_means=array([0.42866191, 0.36145221, 0.31489811, 0.37412193, 0.30334614]), final_segment=array([0.42266926, 0.53124528, 0.34624287, 0.44772485, 0.43579051,
       0.38829871, 0.46169643, 0.4079923 , 0.35095529, 0.33032707,
       0.35528499, 0.26245717, 0.29934435, 0.27619866, 0.33776107,
       0.37187965, 0.30284078, 0.30136416, 0.38609608, 0.46070726,
       0.26601713, 0.36667811, 0.39862046, 0.36661255, 0.3343135 ,
       0.30946258, 0.26293431, 0.35539276, 0.27427584, 0.28369786]), start_index=270, window_size=6, num_windows=5)",max_epochs_reached,
gradient_descent,50,300,0.434083577206711,0.34593109279183365,300,20.307721610232456,"StabilityResult(stability_variance=0.0020108866126594786, window_means=array([0.52218921, 0.49415474, 0.39324494, 0.43649766, 0.45639184]), final_segment=array([0.5238752 , 0.54287263, 0.40330718, 0.66831   , 0.47317748,
       0.52159277, 0.38280367, 0.55116603, 0.71952597, 0.54500138,
       0.33193925, 0.43449214, 0.31492104, 0.47359736, 0.45876189,
       0.35755448, 0.38724053, 0.36739431, 0.51276957, 0.46049701,
       0.4265418 , 0.39616869, 0.46295276, 0.3600561 , 0.37157577,
       0.55676743, 0.51786494, 0.4038768 , 0.4111929 , 0.47707321]), start_index=270, window_size=6, num_windows=5)",max_epochs_reached,
gradient_descent,51,300,0.580987191439706,0.35269004850843216,300,39.29469466711405,"StabilityResult(stability_variance=0.0010289446471935591, window_means=array([0.39954004, 0.38263275, 0.42851784, 0.36242658, 0.33413401]), final_segment=array([0.33966719, 0.36736212, 0.38415415, 0.35113039, 0.41004208,
       0.54488431, 0.36576971, 0.2818229 , 0.41514436, 0.51037998,
       0.3733787 , 0.34930083, 0.55286671, 0.40954584, 0.3663744 ,
       0.28855585, 0.44803828, 0.50572593, 0.37398756, 0.39875244,
       0.31290865, 0.31239132, 0.36163694, 0.41488254, 0.40177316,
       0.35440894, 0.36821231, 0.29712886, 0.29266213, 0.29061867]), start_index=270, window_size=6, num_windows=5)",max_epochs_reached,232.0
gradient_descent,52,300,0.42867880538820885,0.355528036489094,300,17.06423736831822,"StabilityResult(stability_variance=0.00014943363682644962, window_means=array([0.32104354, 0.30464654, 0.32223794, 0.31359418, 0.34159278]), final_segment=array([0.25543237, 0.46124099, 0.26743507, 0.24175144, 0.30892886,
       0.39147251, 0.28274653, 0.30603871, 0.32674958, 0.31673748,
       0.30012751, 0.29547944, 0.28572739, 0.3183365 , 0.33773577,
       0.43424454, 0.28620806, 0.27117534, 0.32584829, 0.20074438,
       0.30902752, 0.3390887 , 0.37018061, 0.33667558, 0.37351626,
       0.27419255, 0.34985023, 0.29261898, 0.43073387, 0.3286448 ]), start_index=270, window_size=6, num_windows=5)",max_epochs_reached,
gradient_descent,53,300,0.5714413000244304,0.3799772891850022,300,33.50545556144484,"StabilityResult(stability_variance=0.0004528867867641266, window_means=array([0.46504608, 0.42850816, 0.41959279, 0.47364259, 0.43364902]), final_segment=array([0.49130833, 0.39980816, 0.57089417, 0.4724799 , 0.47582388,
       0.37996206, 0.48317736, 0.44158443, 0.38054692, 0.3378484 ,
       0.54139415, 0.38649769, 0.58729697, 0.42915707, 0.34299856,
       0.35885869, 0.43623566, 0.36300979, 0.53684866, 0.56685843,
       0.47422592, 0.4244656 , 0.33539148, 0.50406544, 0.47487674,
       0.38538248, 0.4330004 , 0.45301247, 0.36865278, 0.48696927]), start_index=270, window_size=6, num_windows=5)",max_epochs_reached,265.0
gradient_descent,54,300,0.5128981931016565,0.36362790451073645,300,29.10329780813532,"StabilityResult(stability_variance=0.001965194510722988, window_means=array([0.48426871, 0.40774545, 0.38710354, 0.35604155, 0.37571522]), final_segment=array([0.57164633, 0.38432327, 0.46974722, 0.51585352, 0.48870736,
       0.4753346 , 0.36680984, 0.48810222, 0.36270732, 0.46840874,
       0.38581481, 0.37462977, 0.32945067, 0.3441452 , 0.44226236,
       0.34771055, 0.33015528, 0.52889716, 0.30984893, 0.36749779,
       0.36975628, 0.3922179 , 0.33835495, 0.35857343, 0.29496157,
       0.38514653, 0.29445027, 0.41405346, 0.41316126, 0.45251822]), start_index=270, window_size=6, num_windows=5)",max_epochs_reached,269.0
gradient_descent,55,300,0.8268175618372092,0.5161484924800277,300,37.57407724466654,"StabilityResult(stability_variance=0.0005687624593960973, window_means=array([0.4459891 , 0.43668373, 0.50090035, 0.44854824, 0.47788593]), final_segment=array([0.46729909, 0.43586237, 0.41280882, 0.33023209, 0.51921804,
       0.51051423, 0.44274126, 0.55713194, 0.51717553, 0.36219384,
       0.42850734, 0.31235247, 0.51653108, 0.47216393, 0.58621756,
       0.32954995, 0.55620966, 0.54472995, 0.43866388, 0.55696273,
       0.38958177, 0.41914729, 0.43155176, 0.45538201, 0.38562348,
       0.49493573, 0.62325827, 0.51046705, 0.51931497, 0.33371606]), start_index=270, window_size=6, num_windows=5)",max_epochs_reached,285.0
gradient_descent,56,300,0.4470015199368949,0.31347439894825674,300,29.871737574290297,"StabilityResult(stability_variance=3.848023923324446e-05, window_means=array([0.30035891, 0.306701  , 0.30271675, 0.31760208, 0.30216042]), final_segment=array([0.25908437, 0.2757518 , 0.35327402, 0.3275712 , 0.32553207,
       0.26094002, 0.29184661, 0.27828273, 0.33288174, 0.3047534 ,
       0.26984287, 0.36259867, 0.30073737, 0.30621079, 0.34706908,
       0.31899894, 0.33791533, 0.20536898, 0.34917129, 0.33587394,
       0.23784061, 0.31733654, 0.29430751, 0.37108258, 0.33069157,
       0.27687638, 0.33223475, 0.24312199, 0.32923375, 0.30080406]), start_index=270, window_size=6, num_windows=5)",max_epochs_reached,232.0
gradient_descent,57,300,0.38792490723202705,0.2900394827857548,300,25.233085739381167,"StabilityResult(stability_variance=0.0003613586006259133, window_means=array([0.31776151, 0.29466287, 0.32664804, 0.30302884, 0.27201113]), final_segment=array([0.24237983, 0.34872894, 0.36313349, 0.31497777, 0.31682159,
       0.32052742, 0.29068284, 0.31347152, 0.27243782, 0.37231341,
       0.29609007, 0.22298154, 0.32336786, 0.34840524, 0.34134374,
       0.29496386, 0.30493156, 0.34687598, 0.34761469, 0.2957289 ,
       0.26161514, 0.26220956, 0.38693363, 0.26407115, 0.25981497,
       0.2955951 , 0.23513629, 0.23852906, 0.27942162, 0.32356974]), start_index=270, window_size=6, num_windows=5)",max_epochs_reached,220.0
gradient_descent,58,300,0.4894663922600952,0.3776482681395869,300,22.844903325066248,"StabilityResult(stability_variance=0.0006072621019498872, window_means=array([0.37418567, 0.36887662, 0.37018986, 0.31017906, 0.33857506]), final_segment=array([0.45360165, 0.35752964, 0.3076934 , 0.29964727, 0.37817445,
       0.44846763, 0.46041975, 0.35311089, 0.31114305, 0.33701937,
       0.29117119, 0.46039546, 0.43750853, 0.3286762 , 0.38772024,
       0.36651048, 0.41102267, 0.28970105, 0.32452812, 0.36947387,
       0.31550447, 0.27481382, 0.26056237, 0.31619171, 0.31689207,
       0.38566873, 0.31876762, 0.4166394 , 0.30070916, 0.29277337]), start_index=270, window_size=6, num_windows=5)",max_epochs_reached,
gradient_descent,59,300,0.4353375006776416,0.3397759629495629,300,21.951138502731478,"StabilityResult(stability_variance=0.0005144380547439832, window_means=array([0.3831972 , 0.39907944, 0.39958059, 0.34943981, 0.41659784]), final_segment=array([0.33621407, 0.29002983, 0.45042031, 0.37356812, 0.41765037,
       0.43130052, 0.44908035, 0.41094927, 0.4219909 , 0.3923131 ,
       0.38959527, 0.33054773, 0.35613873, 0.39645664, 0.35009586,
       0.3899041 , 0.56735811, 0.33753012, 0.50435675, 0.34482318,
       0.31520109, 0.37814683, 0.19723681, 0.35687418, 0.44395005,
       0.45837738, 0.44152909, 0.44942247, 0.39883757, 0.30747051]), start_index=270, window_size=6, num_windows=5)",max_epochs_reached,294.0
gradient_descent,60,300,0.4784775367454605,0.4021169533537935,300,15.959073838881,"StabilityResult(stability_variance=0.00028442783905100973, window_means=array([0.47356981, 0.46527596, 0.47421229, 0.42832233, 0.45780154]), final_segment=array([0.55091056, 0.4448616 , 0.50431412, 0.33063227, 0.46943128,
       0.54126906, 0.51399948, 0.4384328 , 0.48350857, 0.35338003,
       0.52936978, 0.47296509, 0.53643105, 0.44710962, 0.5363864 ,
       0.51330096, 0.43809216, 0.37395356, 0.38257615, 0.47071301,
       0.36853447, 0.44360611, 0.45968016, 0.44482406, 0.5244475 ,
       0.40031113, 0.46993995, 0.40677644, 0.50853158, 0.43680264]), start_index=270, window_size=6, num_windows=5)",max_epochs_reached,
gradient_descent,61,300,0.45996834988678165,0.3790748541585122,300,17.586752598995314,"StabilityResult(stability_variance=0.0005236217201039998, window_means=array([0.31841503, 0.33930388, 0.33023721, 0.31462   , 0.2727688 ]), final_segment=array([0.27741359, 0.30341793, 0.37053429, 0.30742606, 0.3029833 ,
       0.34871499, 0.31216015, 0.41323338, 0.27880786, 0.33894825,
       0.40172626, 0.29094738, 0.34316327, 0.30627705, 0.26900569,
       0.30349043, 0.37079112, 0.38869572, 0.28547334, 0.43117216,
       0.37942502, 0.22658526, 0.2857018 , 0.2793624 , 0.37341072,
       0.21315424, 0.31319905, 0.24220687, 0.19363227, 0.30100966]), start_index=270, window_size=6, num_windows=5)",max_epochs_reached,
gradient_descent,62,300,0.5055337712967992,0.4210122562832152,300,16.7192618599483,"StabilityResult(stability_variance=0.003335663761306089, window_means=array([0.58490905, 0.41426504, 0.55027219, 0.53854223, 0.51483937]), final_segment=array([0.61765237, 0.54449393, 0.72020964, 0.68328837, 0.50223793,
       0.44157204, 0.23456479, 0.37970118, 0.53523905, 0.39645412,
       0.49402014, 0.44561095, 0.2567732 , 0.32101886, 0.66440798,
       0.63874813, 0.49879419, 0.92189077, 0.48813286, 0.49863617,
       0.47592354, 0.43938773, 0.62241185, 0.70676122, 0.44531292,
       0.75316825, 0.50299231, 0.39546619, 0.40998421, 0.58211235]), start_index=270, window_size=6, num_windows=5)",max_epochs_reached,
gradient_descent,63,300,0.5607825334682386,0.3860237926906411,300,31.16337088760191,"StabilityResult(stability_variance=0.0008888994526399161, window_means=array([0.3543136 , 0.37673437, 0.41844696, 0.40461349, 0.33876648]), final_segment=array([0.3627914 , 0.42466101, 0.29405893, 0.45317337, 0.33411594,
       0.25708098, 0.3320413 , 0.33481973, 0.35237448, 0.31740058,
       0.47494231, 0.44882781, 0.32557768, 0.46707139, 0.40816084,
       0.5512148 , 0.40173809, 0.35691895, 0.48390009, 0.50033465,
       0.41678848, 0.35731689, 0.33750564, 0.33183518, 0.43668861,
       0.30947877, 0.34435535, 0.30257442, 0.31664434, 0.3228574 ]), start_index=270, window_size=6, num_windows=5)",max_epochs_reached,274.0
gradient_descent,64,300,0.44449444734549254,0.390463452326089,300,12.155606294313694,"StabilityResult(stability_variance=0.00015282313847860972, window_means=array([0.34349272, 0.36188458, 0.35901865, 0.37292406, 0.37938851]), final_segment=array([0.36777863, 0.20544893, 0.3449436 , 0.254048  , 0.48704915,
       0.40168801, 0.35523138, 0.43083108, 0.33505235, 0.25440634,
       0.32005052, 0.4757358 , 0.39492984, 0.41368041, 0.30814383,
       0.33569045, 0.40404087, 0.29762648, 0.34470976, 0.48482522,
       0.40781069, 0.36317686, 0.25558185, 0.38143995, 0.33655186,
       0.43865123, 0.43556356, 0.28664998, 0.35084491, 0.42806952]), start_index=270, window_size=6, num_windows=5)",max_epochs_reached,
gradient_descent,65,300,0.6164303743709447,0.40510728509201266,300,34.281745038048,"StabilityResult(stability_variance=0.0026088509251211943, window_means=array([0.52415483, 0.39293833, 0.42928024, 0.3965736 , 0.38804827]), final_segment=array([0.66646196, 0.39220108, 0.45154077, 0.50755586, 0.50540546,
       0.62176387, 0.25927777, 0.37522737, 0.42674793, 0.38349566,
       0.52968324, 0.38319799, 0.43798581, 0.40589996, 0.37909874,
       0.537141  , 0.26103811, 0.55451783, 0.41223176, 0.51734653,
       0.44778513, 0.36065872, 0.27450516, 0.36691429, 0.26967489,
       0.47842519, 0.39013944, 0.40734968, 0.40967472, 0.37302567]), start_index=270, window_size=6, num_windows=5)",max_epochs_reached,269.0
gradient_descent,66,300,0.5370903473549111,0.43691871728033166,300,18.65079694094478,"StabilityResult(stability_variance=0.00015603197743871473, window_means=array([0.29816095, 0.30802981, 0.29864932, 0.30237447, 0.27184846]), final_segment=array([0.3740389 , 0.33200888, 0.19630268, 0.30324588, 0.2731366 ,
       0.31023277, 0.27466526, 0.2625047 , 0.28675111, 0.36724276,
       0.40144884, 0.25556619, 0.32589589, 0.32630341, 0.34237578,
       0.23007052, 0.27596461, 0.29128571, 0.28951571, 0.30968039,
       0.26396746, 0.35111093, 0.27946465, 0.32050765, 0.30535973,
       0.19201375, 0.30991047, 0.29214228, 0.29640586, 0.2352587 ]), start_index=270, window_size=6, num_windows=5)",max_epochs_reached,
gradient_descent,67,300,0.3857334081205546,0.3133071329455953,300,18.776251589886574,"StabilityResult(stability_variance=0.0005517570208081275, window_means=array([0.38423957, 0.35907288, 0.31236233, 0.36252601, 0.3586493 ]), final_segment=array([0.4391596 , 0.36297809, 0.41643957, 0.38949519, 0.31849411,
       0.37887085, 0.293312  , 0.39554873, 0.37800895, 0.40243788,
       0.34988083, 0.33524887, 0.43156016, 0.27809718, 0.29407553,
       0.24457323, 0.30342175, 0.32244613, 0.38265079, 0.40461263,
       0.36064627, 0.34959452, 0.35855317, 0.31909868, 0.31553273,
       0.41384903, 0.27943669, 0.36428671, 0.35200267, 0.42678798]), start_index=270, window_size=6, num_windows=5)",max_epochs_reached,286.0
gradient_descent,68,300,0.41910123727820864,0.3283898071843928,300,21.644276376497448,"StabilityResult(stability_variance=0.00012339552555591253, window_means=array([0.26977022, 0.28044827, 0.29669397, 0.29454517, 0.29844994]), final_segment=array([0.27194467, 0.29759816, 0.2378125 , 0.16854104, 0.28380838,
       0.35891654, 0.30641149, 0.29301468, 0.28709001, 0.29322198,
       0.24191812, 0.26103334, 0.35572707, 0.33049543, 0.29149527,
       0.31406364, 0.23582682, 0.25255561, 0.24291055, 0.37548081,
       0.22583952, 0.38444329, 0.27960608, 0.25899078, 0.29794859,
       0.31469491, 0.31352816, 0.30986174, 0.29757455, 0.25709171]), start_index=270, window_size=6, num_windows=5)",max_epochs_reached,284.0
gradient_descent,69,300,0.4457764194477186,0.3344565777481127,300,24.97212433029147,"StabilityResult(stability_variance=0.0005504200153501906, window_means=array([0.40936191, 0.40272176, 0.35021894, 0.35805669, 0.38266675]), final_segment=array([0.63524261, 0.37496898, 0.49122375, 0.27763543, 0.32548606,
       0.35161464, 0.45236353, 0.39691835, 0.43964044, 0.35909339,
       0.3408427 , 0.42747212, 0.23984279, 0.40074129, 0.32675012,
       0.44909157, 0.33628927, 0.34859862, 0.34282436, 0.42649843,
       0.40514628, 0.23430506, 0.39327546, 0.34629057, 0.35279529,
       0.44731226, 0.30016826, 0.40992703, 0.37726356, 0.40853411]), start_index=270, window_size=6, num_windows=5)",max_epochs_reached,271.0
gradient_descent,70,300,0.4344405739644142,0.357659835943366,300,17.673473110579557,"StabilityResult(stability_variance=5.7040547641700444e-05, window_means=array([0.37687802, 0.37883626, 0.36078928, 0.36420759, 0.36297073]), final_segment=array([0.37477245, 0.43322935, 0.45701352, 0.31866638, 0.31010849,
       0.36747791, 0.3334946 , 0.44162363, 0.38457265, 0.32865824,
       0.48025744, 0.304411  , 0.34499941, 0.27435474, 0.41821609,
       0.33639251, 0.36028138, 0.43049158, 0.29587515, 0.41953987,
       0.36234861, 0.40629861, 0.33514397, 0.36603933, 0.32310638,
       0.30204961, 0.36969167, 0.38020232, 0.3703015 , 0.43247292]), start_index=270, window_size=6, num_windows=5)",max_epochs_reached,
gradient_descent,71,300,0.3225185820336533,0.24881232383369956,300,22.85333692564196,"StabilityResult(stability_variance=0.0001922657376610982, window_means=array([0.20768357, 0.22856283, 0.23403419, 0.23928805, 0.24935522]), final_segment=array([0.19895683, 0.15642233, 0.1928794 , 0.22865461, 0.23307069,
       0.23611757, 0.18483   , 0.32256679, 0.24065115, 0.16845557,
       0.2722665 , 0.18260699, 0.23442688, 0.23859771, 0.28794645,
       0.22766667, 0.20003895, 0.21552851, 0.26653922, 0.29063783,
       0.2393781 , 0.22519105, 0.25215063, 0.16183149, 0.18620896,
       0.3016312 , 0.22850412, 0.23866473, 0.23371488, 0.30740744]), start_index=270, window_size=6, num_windows=5)",max_epochs_reached,148.0
chl,42,300,0.3097579883738591,0.25281484585032793,300,18.38310702573528,"StabilityResult(stability_variance=7.407949900639463e-05, window_means=array([0.27683456, 0.26216487, 0.2634286 , 0.26374777, 0.2496694 ]), final_segment=array([0.30779863, 0.23921187, 0.27657065, 0.3044936 , 0.22946923,
       0.30346341, 0.25037088, 0.36285979, 0.23696493, 0.25765226,
       0.25298277, 0.21215858, 0.2234839 , 0.24866084, 0.22270975,
       0.28590654, 0.28412988, 0.3156807 , 0.24053628, 0.21019451,
       0.32626963, 0.2894913 , 0.21539524, 0.30059964, 0.23389279,
       0.26927307, 0.26988704, 0.21305804, 0.21623243, 0.29567303]), start_index=270, window_size=6, num_windows=5)",max_epochs_reached,157.0
chl,43,300,0.5909985805903136,0.3984405638319007,300,32.58180697592845,"StabilityResult(stability_variance=0.0024656237127246806, window_means=array([0.3728291 , 0.45146005, 0.47352624, 0.47423568, 0.36066387]), final_segment=array([0.31887495, 0.36434495, 0.43077204, 0.42857953, 0.40277526,
       0.29162789, 0.54309337, 0.41718621, 0.57768573, 0.44335627,
       0.35649081, 0.37094792, 0.47213303, 0.46028347, 0.44683561,
       0.43734796, 0.51200855, 0.51254881, 0.43945299, 0.56156972,
       0.52634126, 0.50307753, 0.43526842, 0.37970416, 0.33918495,
       0.35563388, 0.49231225, 0.27176177, 0.32196099, 0.38312936]), start_index=270, window_size=6, num_windows=5)",max_epochs_reached,272.0
chl,44,300,0.4796871347963805,0.32593799149693053,300,32.05196307061977,"StabilityResult(stability_variance=0.0003280241592194907, window_means=array([0.2765248 , 0.29609404, 0.31053693, 0.29163847, 0.25744133]), final_segment=array([0.30155152, 0.23991848, 0.30919251, 0.27400984, 0.24606614,
       0.2884103 , 0.27113128, 0.2616215 , 0.29955549, 0.28139069,
       0.34894091, 0.31392436, 0.28704191, 0.29188209, 0.30232754,
       0.31156648, 0.27751949, 0.39288408, 0.26361905, 0.30639468,
       0.29711982, 0.26632904, 0.31865925, 0.29770899, 0.28528908,
       0.26675657, 0.24093654, 0.20931648, 0.2800361 , 0.26231319]), start_index=270, window_size=6, num_windows=5)",max_epochs_reached,228.0
chl,45,300,0.4346853654239037,0.37102943804332644,300,14.64413859861608,"StabilityResult(stability_variance=0.0010403816924471141, window_means=array([0.34240051, 0.36904804, 0.3346996 , 0.28059004, 0.29509038]), final_segment=array([0.29995961, 0.38280752, 0.29061121, 0.27164842, 0.36604556,
       0.44333072, 0.2744125 , 0.40543032, 0.55390588, 0.42872978,
       0.3303566 , 0.22145317, 0.26544657, 0.38716573, 0.35898465,
       0.28219104, 0.32838386, 0.38602576, 0.35681579, 0.20841235,
       0.28132305, 0.28003119, 0.33332254, 0.22363531, 0.28530594,
       0.25843541, 0.36965665, 0.26265056, 0.2862247 , 0.30826903]), start_index=270, window_size=6, num_windows=5)",max_epochs_reached,
chl,46,300,0.5424696655674627,0.4289139538175395,300,20.933098928423153,"StabilityResult(stability_variance=0.000777129048915915, window_means=array([0.3444924 , 0.43065201, 0.40348368, 0.3954056 , 0.39414409]), final_segment=array([0.3825328 , 0.30752366, 0.36300037, 0.30791321, 0.31892547,
       0.38705888, 0.50812844, 0.40689987, 0.38155487, 0.49231046,
       0.39761358, 0.39740486, 0.39478109, 0.35735769, 0.38403913,
       0.4579575 , 0.40957544, 0.41719123, 0.42625007, 0.37827077,
       0.53408592, 0.41038303, 0.34726537, 0.27617845, 0.43313183,
       0.5119252 , 0.45554144, 0.26727542, 0.36173968, 0.33525099]), start_index=270, window_size=6, num_windows=5)",max_epochs_reached,
chl,47,300,0.46465647822352935,0.4268770652064384,300,8.130611492070196,"StabilityResult(stability_variance=0.0002790893363537686, window_means=array([0.32632402, 0.31644333, 0.28630303, 0.30647693, 0.33434402]), final_segment=array([0.38765036, 0.33876543, 0.27141129, 0.31128855, 0.34396429,
       0.30486422, 0.2994503 , 0.34694458, 0.35264028, 0.29374734,
       0.33534011, 0.27053735, 0.23764529, 0.42520954, 0.29996389,
       0.21857644, 0.3117649 , 0.22465814, 0.32936286, 0.25111854,
       0.34185251, 0.29385665, 0.35138413, 0.27128689, 0.35455236,
       0.40509884, 0.25478607, 0.33942588, 0.3239575 , 0.32824348]), start_index=270, window_size=6, num_windows=5)",max_epochs_reached,
chl,48,300,0.45491756330985755,0.34442651679609615,300,24.288147001812447,"StabilityResult(stability_variance=8.05148808518778e-05, window_means=array([0.42026224, 0.42682223, 0.40478728, 0.41763817, 0.40384659]), final_segment=array([0.39496133, 0.46725479, 0.41794662, 0.45244064, 0.33499873,
       0.45397135, 0.46209913, 0.44227164, 0.4314495 , 0.43677187,
       0.41667458, 0.37166668, 0.23042025, 0.38382795, 0.45004596,
       0.38109163, 0.40895691, 0.57438096, 0.38545373, 0.44236626,
       0.31657609, 0.40447963, 0.36046124, 0.59649209, 0.46120891,
       0.46176667, 0.38508865, 0.36387617, 0.33376258, 0.41737655]), start_index=270, window_size=6, num_windows=5)",max_epochs_reached,284.0
chl,49,300,0.5090802164032752,0.4246435325475657,300,16.586125552524265,"StabilityResult(stability_variance=0.0020196896460153158, window_means=array([0.42866191, 0.36145221, 0.31489811, 0.37412193, 0.30334614]), final_segment=array([0.42266926, 0.53124528, 0.34624287, 0.44772485, 0.43579051,
       0.38829871, 0.46169643, 0.4079923 , 0.35095529, 0.33032707,
       0.35528499, 0.26245717, 0.29934435, 0.27619866, 0.33776107,
       0.37187965, 0.30284078, 0.30136416, 0.38609608, 0.46070726,
       0.26601713, 0.36667811, 0.39862046, 0.36661255, 0.3343135 ,
       0.30946258, 0.26293431, 0.35539276, 0.27427584, 0.28369786]), start_index=270, window_size=6, num_windows=5)",max_epochs_reached,
chl,50,300,0.434083577206711,0.34593109279183365,300,20.307721610232456,"StabilityResult(stability_variance=0.0020108866126594786, window_means=array([0.52218921, 0.49415474, 0.39324494, 0.43649766, 0.45639184]), final_segment=array([0.5238752 , 0.54287263, 0.40330718, 0.66831   , 0.47317748,
       0.52159277, 0.38280367, 0.55116603, 0.71952597, 0.54500138,
       0.33193925, 0.43449214, 0.31492104, 0.47359736, 0.45876189,
       0.35755448, 0.38724053, 0.36739431, 0.51276957, 0.46049701,
       0.4265418 , 0.39616869, 0.46295276, 0.3600561 , 0.37157577,
       0.55676743, 0.51786494, 0.4038768 , 0.4111929 , 0.47707321]), start_index=270, window_size=6, num_windows=5)",max_epochs_reached,
chl,51,300,0.580987191439706,0.35269004850843216,300,39.29469466711405,"StabilityResult(stability_variance=0.0010289446471935591, window_means=array([0.39954004, 0.38263275, 0.42851784, 0.36242658, 0.33413401]), final_segment=array([0.33966719, 0.36736212, 0.38415415, 0.35113039, 0.41004208,
       0.54488431, 0.36576971, 0.2818229 , 0.41514436, 0.51037998,
       0.3733787 , 0.34930083, 0.55286671, 0.40954584, 0.3663744 ,
       0.28855585, 0.44803828, 0.50572593, 0.37398756, 0.39875244,
       0.31290865, 0.31239132, 0.36163694, 0.41488254, 0.40177316,
       0.35440894, 0.36821231, 0.29712886, 0.29266213, 0.29061867]), start_index=270, window_size=6, num_windows=5)",max_epochs_reached,232.0
chl,52,300,0.42867880538820885,0.355528036489094,300,17.06423736831822,"StabilityResult(stability_variance=0.00014943363682644962, window_means=array([0.32104354, 0.30464654, 0.32223794, 0.31359418, 0.34159278]), final_segment=array([0.25543237, 0.46124099, 0.26743507, 0.24175144, 0.30892886,
       0.39147251, 0.28274653, 0.30603871, 0.32674958, 0.31673748,
       0.30012751, 0.29547944, 0.28572739, 0.3183365 , 0.33773577,
       0.43424454, 0.28620806, 0.27117534, 0.32584829, 0.20074438,
       0.30902752, 0.3390887 , 0.37018061, 0.33667558, 0.37351626,
       0.27419255, 0.34985023, 0.29261898, 0.43073387, 0.3286448 ]), start_index=270, window_size=6, num_windows=5)",max_epochs_reached,
chl,53,300,0.5714413000244304,0.3799772891850022,300,33.50545556144484,"StabilityResult(stability_variance=0.0004528867867641266, window_means=array([0.46504608, 0.42850816, 0.41959279, 0.47364259, 0.43364902]), final_segment=array([0.49130833, 0.39980816, 0.57089417, 0.4724799 , 0.47582388,
       0.37996206, 0.48317736, 0.44158443, 0.38054692, 0.3378484 ,
       0.54139415, 0.38649769, 0.58729697, 0.42915707, 0.34299856,
       0.35885869, 0.43623566, 0.36300979, 0.53684866, 0.56685843,
       0.47422592, 0.4244656 , 0.33539148, 0.50406544, 0.47487674,
       0.38538248, 0.4330004 , 0.45301247, 0.36865278, 0.48696927]), start_index=270, window_size=6, num_windows=5)",max_epochs_reached,265.0
chl,54,300,0.5128981931016565,0.36362790451073645,300,29.10329780813532,"StabilityResult(stability_variance=0.001965194510722988, window_means=array([0.48426871, 0.40774545, 0.38710354, 0.35604155, 0.37571522]), final_segment=array([0.57164633, 0.38432327, 0.46974722, 0.51585352, 0.48870736,
       0.4753346 , 0.36680984, 0.48810222, 0.36270732, 0.46840874,
       0.38581481, 0.37462977, 0.32945067, 0.3441452 , 0.44226236,
       0.34771055, 0.33015528, 0.52889716, 0.30984893, 0.36749779,
       0.36975628, 0.3922179 , 0.33835495, 0.35857343, 0.29496157,
       0.38514653, 0.29445027, 0.41405346, 0.41316126, 0.45251822]), start_index=270, window_size=6, num_windows=5)",max_epochs_reached,269.0
chl,55,300,0.8268175618372092,0.5161484924800277,300,37.57407724466654,"StabilityResult(stability_variance=0.0005687624593960973, window_means=array([0.4459891 , 0.43668373, 0.50090035, 0.44854824, 0.47788593]), final_segment=array([0.46729909, 0.43586237, 0.41280882, 0.33023209, 0.51921804,
       0.51051423, 0.44274126, 0.55713194, 0.51717553, 0.36219384,
       0.42850734, 0.31235247, 0.51653108, 0.47216393, 0.58621756,
       0.32954995, 0.55620966, 0.54472995, 0.43866388, 0.55696273,
       0.38958177, 0.41914729, 0.43155176, 0.45538201, 0.38562348,
       0.49493573, 0.62325827, 0.51046705, 0.51931497, 0.33371606]), start_index=270, window_size=6, num_windows=5)",max_epochs_reached,285.0
chl,56,300,0.4470015199368949,0.31347439894825674,300,29.871737574290297,"StabilityResult(stability_variance=3.848023923324446e-05, window_means=array([0.30035891, 0.306701  , 0.30271675, 0.31760208, 0.30216042]), final_segment=array([0.25908437, 0.2757518 , 0.35327402, 0.3275712 , 0.32553207,
       0.26094002, 0.29184661, 0.27828273, 0.33288174, 0.3047534 ,
       0.26984287, 0.36259867, 0.30073737, 0.30621079, 0.34706908,
       0.31899894, 0.33791533, 0.20536898, 0.34917129, 0.33587394,
       0.23784061, 0.31733654, 0.29430751, 0.37108258, 0.33069157,
       0.27687638, 0.33223475, 0.24312199, 0.32923375, 0.30080406]), start_index=270, window_size=6, num_windows=5)",max_epochs_reached,232.0
chl,57,300,0.38792490723202705,0.2900394827857548,300,25.233085739381167,"StabilityResult(stability_variance=0.0003613586006259133, window_means=array([0.31776151, 0.29466287, 0.32664804, 0.30302884, 0.27201113]), final_segment=array([0.24237983, 0.34872894, 0.36313349, 0.31497777, 0.31682159,
       0.32052742, 0.29068284, 0.31347152, 0.27243782, 0.37231341,
       0.29609007, 0.22298154, 0.32336786, 0.34840524, 0.34134374,
       0.29496386, 0.30493156, 0.34687598, 0.34761469, 0.2957289 ,
       0.26161514, 0.26220956, 0.38693363, 0.26407115, 0.25981497,
       0.2955951 , 0.23513629, 0.23852906, 0.27942162, 0.32356974]), start_index=270, window_size=6, num_windows=5)",max_epochs_reached,220.0
chl,58,300,0.4894663922600952,0.3776482681395869,300,22.844903325066248,"StabilityResult(stability_variance=0.0006072621019498872, window_means=array([0.37418567, 0.36887662, 0.37018986, 0.31017906, 0.33857506]), final_segment=array([0.45360165, 0.35752964, 0.3076934 , 0.29964727, 0.37817445,
       0.44846763, 0.46041975, 0.35311089, 0.31114305, 0.33701937,
       0.29117119, 0.46039546, 0.43750853, 0.3286762 , 0.38772024,
       0.36651048, 0.41102267, 0.28970105, 0.32452812, 0.36947387,
       0.31550447, 0.27481382, 0.26056237, 0.31619171, 0.31689207,
       0.38566873, 0.31876762, 0.4166394 , 0.30070916, 0.29277337]), start_index=270, window_size=6, num_windows=5)",max_epochs_reached,
chl,59,300,0.4353375006776416,0.3397759629495629,300,21.951138502731478,"StabilityResult(stability_variance=0.0005144380547439832, window_means=array([0.3831972 , 0.39907944, 0.39958059, 0.34943981, 0.41659784]), final_segment=array([0.33621407, 0.29002983, 0.45042031, 0.37356812, 0.41765037,
       0.43130052, 0.44908035, 0.41094927, 0.4219909 , 0.3923131 ,
       0.38959527, 0.33054773, 0.35613873, 0.39645664, 0.35009586,
       0.3899041 , 0.56735811, 0.33753012, 0.50435675, 0.34482318,
       0.31520109, 0.37814683, 0.19723681, 0.35687418, 0.44395005,
       0.45837738, 0.44152909, 0.44942247, 0.39883757, 0.30747051]), start_index=270, window_size=6, num_windows=5)",max_epochs_reached,294.0
chl,60,300,0.4784775367454605,0.4021169533537935,300,15.959073838881,"StabilityResult(stability_variance=0.00028442783905100973, window_means=array([0.47356981, 0.46527596, 0.47421229, 0.42832233, 0.45780154]), final_segment=array([0.55091056, 0.4448616 , 0.50431412, 0.33063227, 0.46943128,
       0.54126906, 0.51399948, 0.4384328 , 0.48350857, 0.35338003,
       0.52936978, 0.47296509, 0.53643105, 0.44710962, 0.5363864 ,
       0.51330096, 0.43809216, 0.37395356, 0.38257615, 0.47071301,
       0.36853447, 0.44360611, 0.45968016, 0.44482406, 0.5244475 ,
       0.40031113, 0.46993995, 0.40677644, 0.50853158, 0.43680264]), start_index=270, window_size=6, num_windows=5)",max_epochs_reached,
chl,61,300,0.45996834988678165,0.3790748541585122,300,17.586752598995314,"StabilityResult(stability_variance=0.0005236217201039998, window_means=array([0.31841503, 0.33930388, 0.33023721, 0.31462   , 0.2727688 ]), final_segment=array([0.27741359, 0.30341793, 0.37053429, 0.30742606, 0.3029833 ,
       0.34871499, 0.31216015, 0.41323338, 0.27880786, 0.33894825,
       0.40172626, 0.29094738, 0.34316327, 0.30627705, 0.26900569,
       0.30349043, 0.37079112, 0.38869572, 0.28547334, 0.43117216,
       0.37942502, 0.22658526, 0.2857018 , 0.2793624 , 0.37341072,
       0.21315424, 0.31319905, 0.24220687, 0.19363227, 0.30100966]), start_index=270, window_size=6, num_windows=5)",max_epochs_reached,
chl,62,300,0.5055337712967992,0.4210122562832152,300,16.7192618599483,"StabilityResult(stability_variance=0.003335663761306089, window_means=array([0.58490905, 0.41426504, 0.55027219, 0.53854223, 0.51483937]), final_segment=array([0.61765237, 0.54449393, 0.72020964, 0.68328837, 0.50223793,
       0.44157204, 0.23456479, 0.37970118, 0.53523905, 0.39645412,
       0.49402014, 0.44561095, 0.2567732 , 0.32101886, 0.66440798,
       0.63874813, 0.49879419, 0.92189077, 0.48813286, 0.49863617,
       0.47592354, 0.43938773, 0.62241185, 0.70676122, 0.44531292,
       0.75316825, 0.50299231, 0.39546619, 0.40998421, 0.58211235]), start_index=270, window_size=6, num_windows=5)",max_epochs_reached,
chl,63,300,0.5607825334682386,0.3860237926906411,300,31.16337088760191,"StabilityResult(stability_variance=0.0008888994526399161, window_means=array([0.3543136 , 0.37673437, 0.41844696, 0.40461349, 0.33876648]), final_segment=array([0.3627914 , 0.42466101, 0.29405893, 0.45317337, 0.33411594,
       0.25708098, 0.3320413 , 0.33481973, 0.35237448, 0.31740058,
       0.47494231, 0.44882781, 0.32557768, 0.46707139, 0.40816084,
       0.5512148 , 0.40173809, 0.35691895, 0.48390009, 0.50033465,
       0.41678848, 0.35731689, 0.33750564, 0.33183518, 0.43668861,
       0.30947877, 0.34435535, 0.30257442, 0.31664434, 0.3228574 ]), start_index=270, window_size=6, num_windows=5)",max_epochs_reached,274.0
chl,64,300,0.44449444734549254,0.390463452326089,300,12.155606294313694,"StabilityResult(stability_variance=0.00015282313847860972, window_means=array([0.34349272, 0.36188458, 0.35901865, 0.37292406, 0.37938851]), final_segment=array([0.36777863, 0.20544893, 0.3449436 , 0.254048  , 0.48704915,
       0.40168801, 0.35523138, 0.43083108, 0.33505235, 0.25440634,
       0.32005052, 0.4757358 , 0.39492984, 0.41368041, 0.30814383,
       0.33569045, 0.40404087, 0.29762648, 0.34470976, 0.48482522,
       0.40781069, 0.36317686, 0.25558185, 0.38143995, 0.33655186,
       0.43865123, 0.43556356, 0.28664998, 0.35084491, 0.42806952]), start_index=270, window_size=6, num_windows=5)",max_epochs_reached,
chl,65,300,0.6164303743709447,0.40510728509201266,300,34.281745038048,"StabilityResult(stability_variance=0.0026088509251211943, window_means=array([0.52415483, 0.39293833, 0.42928024, 0.3965736 , 0.38804827]), final_segment=array([0.66646196, 0.39220108, 0.45154077, 0.50755586, 0.50540546,
       0.62176387, 0.25927777, 0.37522737, 0.42674793, 0.38349566,
       0.52968324, 0.38319799, 0.43798581, 0.40589996, 0.37909874,
       0.537141  , 0.26103811, 0.55451783, 0.41223176, 0.51734653,
       0.44778513, 0.36065872, 0.27450516, 0.36691429, 0.26967489,
       0.47842519, 0.39013944, 0.40734968, 0.40967472, 0.37302567]), start_index=270, window_size=6, num_windows=5)",max_epochs_reached,269.0
chl,66,300,0.5370903473549111,0.43691871728033166,300,18.65079694094478,"StabilityResult(stability_variance=0.00015603197743871473, window_means=array([0.29816095, 0.30802981, 0.29864932, 0.30237447, 0.27184846]), final_segment=array([0.3740389 , 0.33200888, 0.19630268, 0.30324588, 0.2731366 ,
       0.31023277, 0.27466526, 0.2625047 , 0.28675111, 0.36724276,
       0.40144884, 0.25556619, 0.32589589, 0.32630341, 0.34237578,
       0.23007052, 0.27596461, 0.29128571, 0.28951571, 0.30968039,
       0.26396746, 0.35111093, 0.27946465, 0.32050765, 0.30535973,
       0.19201375, 0.30991047, 0.29214228, 0.29640586, 0.2352587 ]), start_index=270, window_size=6, num_windows=5)",max_epochs_reached,
chl,67,300,0.3857334081205546,0.3133071329455953,300,18.776251589886574,"StabilityResult(stability_variance=0.0005517570208081275, window_means=array([0.38423957, 0.35907288, 0.31236233, 0.36252601, 0.3586493 ]), final_segment=array([0.4391596 , 0.36297809, 0.41643957, 0.38949519, 0.31849411,
       0.37887085, 0.293312  , 0.39554873, 0.37800895, 0.40243788,
       0.34988083, 0.33524887, 0.43156016, 0.27809718, 0.29407553,
       0.24457323, 0.30342175, 0.32244613, 0.38265079, 0.40461263,
       0.36064627, 0.34959452, 0.35855317, 0.31909868, 0.31553273,
       0.41384903, 0.27943669, 0.36428671, 0.35200267, 0.42678798]), start_index=270, window_size=6, num_windows=5)",max_epochs_reached,286.0
chl,68,300,0.41910123727820864,0.3283898071843928,300,21.644276376497448,"StabilityResult(stability_variance=0.00012339552555591253, window_means=array([0.26977022, 0.28044827, 0.29669397, 0.29454517, 0.29844994]), final_segment=array([0.27194467, 0.29759816, 0.2378125 , 0.16854104, 0.28380838,
       0.35891654, 0.30641149, 0.29301468, 0.28709001, 0.29322198,
       0.24191812, 0.26103334, 0.35572707, 0.33049543, 0.29149527,
       0.31406364, 0.23582682, 0.25255561, 0.24291055, 0.37548081,
       0.22583952, 0.38444329, 0.27960608, 0.25899078, 0.29794859,
       0.31469491, 0.31352816, 0.30986174, 0.29757455, 0.25709171]), start_index=270, window_size=6, num_windows=5)",max_epochs_reached,284.0
chl,69,300,0.4457764194477186,0.3344565777481127,300,24.97212433029147,"StabilityResult(stability_variance=0.0005504200153501906, window_means=array([0.40936191, 0.40272176, 0.35021894, 0.35805669, 0.38266675]), final_segment=array([0.63524261, 0.37496898, 0.49122375, 0.27763543, 0.32548606,
       0.35161464, 0.45236353, 0.39691835, 0.43964044, 0.35909339,
       0.3408427 , 0.42747212, 0.23984279, 0.40074129, 0.32675012,
       0.44909157, 0.33628927, 0.34859862, 0.34282436, 0.42649843,
       0.40514628, 0.23430506, 0.39327546, 0.34629057, 0.35279529,
       0.44731226, 0.30016826, 0.40992703, 0.37726356, 0.40853411]), start_index=270, window_size=6, num_windows=5)",max_epochs_reached,271.0
chl,70,300,0.4344405739644142,0.357659835943366,300,17.673473110579557,"StabilityResult(stability_variance=5.7040547641700444e-05, window_means=array([0.37687802, 0.37883626, 0.36078928, 0.36420759, 0.36297073]), final_segment=array([0.37477245, 0.43322935, 0.45701352, 0.31866638, 0.31010849,
       0.36747791, 0.3334946 , 0.44162363, 0.38457265, 0.32865824,
       0.48025744, 0.304411  , 0.34499941, 0.27435474, 0.41821609,
       0.33639251, 0.36028138, 0.43049158, 0.29587515, 0.41953987,
       0.36234861, 0.40629861, 0.33514397, 0.36603933, 0.32310638,
       0.30204961, 0.36969167, 0.38020232, 0.3703015 , 0.43247292]), start_index=270, window_size=6, num_windows=5)",max_epochs_reached,
chl,71,300,0.3225185820336533,0.24881232383369956,300,22.85333692564196,"StabilityResult(stability_variance=0.0001922657376610982, window_means=array([0.20768357, 0.22856283, 0.23403419, 0.23928805, 0.24935522]), final_segment=array([0.19895683, 0.15642233, 0.1928794 , 0.22865461, 0.23307069,
       0.23611757, 0.18483   , 0.32256679, 0.24065115, 0.16845557,
       0.2722665 , 0.18260699, 0.23442688, 0.23859771, 0.28794645,
       0.22766667, 0.20003895, 0.21552851, 0.26653922, 0.29063783,
       0.2393781 , 0.22519105, 0.25215063, 0.16183149, 0.18620896,
       0.3016312 , 0.22850412, 0.23866473, 0.23371488, 0.30740744]), start_index=270, window_size=6, num_windows=5)",max_epochs_reached,148.0
qpc,42,300,0.3097579883738591,0.28045461457860826,300,9.460086549853054,"StabilityResult(stability_variance=6.943849850457193e-05, window_means=array([0.33646209, 0.3216922 , 0.32570204, 0.32892887, 0.31124756]), final_segment=array([0.37456366, 0.29639266, 0.33706863, 0.36370977, 0.28313537,
       0.36390246, 0.29954221, 0.44303552, 0.28471785, 0.33043728,
       0.31428113, 0.25813919, 0.26797908, 0.31682804, 0.27299517,
       0.34985237, 0.35302184, 0.39353574, 0.29323771, 0.26678277,
       0.40795255, 0.35273254, 0.27743387, 0.3754338 , 0.29522996,
       0.3272118 , 0.33536107, 0.2762557 , 0.27580588, 0.35762096]), start_index=270, window_size=6, num_windows=5)",max_epochs_reached,
qpc,43,300,0.5909985805903136,0.5101334003078357,300,13.682804483507635,"StabilityResult(stability_variance=0.007918079754793826, window_means=array([0.53629186, 0.69292832, 0.72211601, 0.75535109, 0.55748714]), final_segment=array([0.45251957, 0.48182211, 0.61635393, 0.6331081 , 0.60592162,
       0.42802585, 0.83470097, 0.65153542, 0.88213393, 0.67698082,
       0.53223966, 0.57997909, 0.73584551, 0.69617902, 0.70142194,
       0.66793665, 0.74871836, 0.7825946 , 0.67668498, 0.9012783 ,
       0.86279247, 0.79176381, 0.7024149 , 0.59717208, 0.51786946,
       0.53920234, 0.77968256, 0.41993079, 0.47177497, 0.61646272]), start_index=270, window_size=6, num_windows=5)",max_epochs_reached,
qpc,44,300,0.4796871347963805,0.40517112437441205,300,15.534294129776752,"StabilityResult(stability_variance=0.0006289954507246965, window_means=array([0.402861  , 0.42703079, 0.45505465, 0.42559588, 0.38053375]), final_segment=array([0.43789236, 0.35139885, 0.45214658, 0.40644788, 0.35133273,
       0.4179476 , 0.39747222, 0.37827902, 0.45620294, 0.39448305,
       0.50484183, 0.43090567, 0.42074413, 0.42922412, 0.43115079,
       0.45770445, 0.42015925, 0.57134518, 0.37977935, 0.44980841,
       0.42608116, 0.4028197 , 0.46316743, 0.43191923, 0.43091028,
       0.38561646, 0.35327421, 0.30275173, 0.42496964, 0.38568022]), start_index=270, window_size=6, num_windows=5)",max_epochs_reached,
qpc,45,300,0.4346853654239037,0.4094152109848692,300,5.8134357512567965,"StabilityResult(stability_variance=0.001240984629526686, window_means=array([0.40247004, 0.4369348 , 0.40003221, 0.33837949, 0.35636575]), final_segment=array([0.35277778, 0.44315027, 0.34167236, 0.31629057, 0.43285754,
       0.52807173, 0.31817676, 0.48335983, 0.64916549, 0.49850163,
       0.39822142, 0.27418368, 0.32020915, 0.46742982, 0.42928933,
       0.34000043, 0.39278713, 0.45047739, 0.43267362, 0.25028431,
       0.34048999, 0.33351064, 0.40089306, 0.27242531, 0.33977582,
       0.31924592, 0.44145136, 0.32347349, 0.34435726, 0.36989063]), start_index=270, window_size=6, num_windows=5)",max_epochs_reached,
qpc,46,300,0.5424696655674627,0.49650373265807196,300,8.47345682662403,"StabilityResult(stability_variance=0.0015234985319556168, window_means=array([0.44968832, 0.56867915, 0.53264144, 0.52415409, 0.53167907]), final_segment=array([0.50595732, 0.39370086, 0.4752751 , 0.39819925, 0.41982417,
       0.50517323, 0.66614623, 0.52757598, 0.52662025, 0.64623408,
       0.51400333, 0.53149505, 0.51959151, 0.48266072, 0.49434938,
       0.5898953 , 0.54974702, 0.55960473, 0.55794246, 0.50770321,
       0.69864317, 0.57208572, 0.44890307, 0.3596469 , 0.57639431,
       0.68550083, 0.63212382, 0.34992381, 0.48050866, 0.465623  ]), start_index=270, window_size=6, num_windows=5)",max_epochs_reached,
qpc,47,300,0.46465647822352935,0.45270705906344105,300,2.5716673973368906,"StabilityResult(stability_variance=0.0003503259233060458, window_means=array([0.37504061, 0.36487087, 0.33555791, 0.35604371, 0.39154249]), final_segment=array([0.45149038, 0.38697509, 0.3137963 , 0.35552334, 0.39462559,
       0.34783294, 0.34235231, 0.4002135 , 0.41162593, 0.34088359,
       0.38438433, 0.30976554, 0.27851758, 0.49522244, 0.35815618,
       0.25635156, 0.36141317, 0.26368653, 0.3827555 , 0.28723075,
       0.40236241, 0.33403968, 0.41240625, 0.31746767, 0.4198223 ,
       0.46652591, 0.29455863, 0.39726596, 0.38227155, 0.38881057]), start_index=270, window_size=6, num_windows=5)",max_epochs_reached,
qpc,48,300,0.45491756330985755,0.4231704416832876,300,6.978653757746009,"StabilityResult(stability_variance=0.00010935942836541583, window_means=array([0.58101921, 0.60477572, 0.57692808, 0.59845668, 0.58760746]), final_segment=array([0.54575681, 0.62975022, 0.60692218, 0.6385348 , 0.4516859 ,
       0.61346536, 0.6663556 , 0.62239615, 0.60241635, 0.60714384,
       0.59149254, 0.53884985, 0.32341411, 0.55831796, 0.65275706,
       0.53894851, 0.56111597, 0.82701487, 0.53928043, 0.6474721 ,
       0.44730715, 0.56965444, 0.51120472, 0.87582125, 0.68660924,
       0.66078962, 0.56416092, 0.53527547, 0.48472704, 0.59408249]), start_index=270, window_size=6, num_windows=5)",max_epochs_reached,
qpc,49,300,0.5090802164032752,0.4774405839692113,300,6.215058337486068,"StabilityResult(stability_variance=0.0023439460609849506, window_means=array([0.52814572, 0.45459186, 0.40476661, 0.47715713, 0.39676077]), final_segment=array([0.52561255, 0.64116459, 0.43197095, 0.5440057 , 0.551421  ,
       0.47469952, 0.56683445, 0.50798106, 0.45795126, 0.41347265,
       0.44102375, 0.34028799, 0.36559064, 0.36067046, 0.4502809 ,
       0.47705206, 0.38354762, 0.39145796, 0.47831181, 0.59501738,
       0.3423594 , 0.46435613, 0.51672131, 0.46617672, 0.44313154,
       0.37309434, 0.35474604, 0.46761567, 0.36362537, 0.37835169]), start_index=270, window_size=6, num_windows=5)",max_epochs_reached,
qpc,50,300,0.434083577206711,0.39706153709857267,300,8.528781564686652,"StabilityResult(stability_variance=0.002666889557815054, window_means=array([0.63739198, 0.60826197, 0.48822746, 0.54919123, 0.58702384]), final_segment=array([0.64289601, 0.66946071, 0.48490889, 0.81980261, 0.5746653 ,
       0.63261836, 0.45935076, 0.68005622, 0.88630584, 0.67251972,
       0.40899958, 0.54233972, 0.38297695, 0.59740378, 0.57202267,
       0.443363  , 0.47756519, 0.45603318, 0.64195246, 0.58389726,
       0.54777392, 0.48253018, 0.57965865, 0.45933491, 0.48063364,
       0.71376015, 0.66211528, 0.51855576, 0.53843658, 0.60864162]), start_index=270, window_size=6, num_windows=5)",max_epochs_reached,
qpc,51,300,0.580987191439706,0.49781057356449143,300,14.316428847441557,"StabilityResult(stability_variance=0.002204087592789702, window_means=array([0.70254331, 0.684159  , 0.78804645, 0.69682802, 0.64473681]), final_segment=array([0.5820231 , 0.67477496, 0.70025422, 0.63278613, 0.63368421,
       0.99173722, 0.61589441, 0.52110402, 0.7256358 , 0.88306027,
       0.76314977, 0.59610977, 0.99677866, 0.76138481, 0.63410955,
       0.56261835, 0.8501583 , 0.92322902, 0.66766366, 0.72156169,
       0.61027459, 0.65185405, 0.75388794, 0.77572618, 0.71523416,
       0.74610557, 0.69758984, 0.58296789, 0.54038307, 0.58614033]), start_index=270, window_size=6, num_windows=5)",max_epochs_reached,
qpc,52,300,0.42867880538820885,0.40649016059145066,300,5.176053613535733,"StabilityResult(stability_variance=0.0003368331165698449, window_means=array([0.39081676, 0.3752421 , 0.40227167, 0.3875827 , 0.42949746]), final_segment=array([0.30473271, 0.56952445, 0.31680585, 0.30154837, 0.37962784,
       0.47266134, 0.34319165, 0.38630177, 0.40081405, 0.39088052,
       0.36759257, 0.36267205, 0.35303675, 0.39891516, 0.42170792,
       0.53598192, 0.35509362, 0.34889463, 0.39341065, 0.24502636,
       0.3824247 , 0.4153452 , 0.46318737, 0.42610191, 0.47188217,
       0.34021476, 0.44376636, 0.3515843 , 0.5436211 , 0.42591604]), start_index=270, window_size=6, num_windows=5)",max_epochs_reached,
qpc,53,300,0.5714413000244304,0.5035787834683333,300,11.87567586612935,"StabilityResult(stability_variance=0.0008704521937334317, window_means=array([0.67477189, 0.64375157, 0.63085247, 0.71604166, 0.67354015]), final_segment=array([0.71823044, 0.58002431, 0.82165295, 0.67876909, 0.6856965 ,
       0.56425805, 0.70862745, 0.67365007, 0.55288477, 0.49380144,
       0.81323436, 0.62031133, 0.84651965, 0.65426465, 0.53112132,
       0.53352175, 0.66261495, 0.5570725 , 0.79947192, 0.87063201,
       0.72029078, 0.62385762, 0.51505024, 0.7669474 , 0.76276204,
       0.59548438, 0.65769642, 0.66543263, 0.60741826, 0.7524472 ]), start_index=270, window_size=6, num_windows=5)",max_epochs_reached,
qpc,54,300,0.5128981931016565,0.4461250589407885,300,13.018789120131204,"StabilityResult(stability_variance=0.0030357587255547486, window_means=array([0.64362407, 0.54222652, 0.5274243 , 0.48140678, 0.51083394]), final_segment=array([0.74926955, 0.52133137, 0.62469774, 0.68582574, 0.64104396,
       0.63957605, 0.4950135 , 0.65591003, 0.49150315, 0.59600924,
       0.51507632, 0.49984686, 0.42861924, 0.48746415, 0.59077771,
       0.473396  , 0.46855028, 0.71573843, 0.41471984, 0.48086647,
       0.50551349, 0.55365179, 0.46272944, 0.47095965, 0.41874334,
       0.5276988 , 0.39124157, 0.57519627, 0.55333701, 0.59878664]), start_index=270, window_size=6, num_windows=5)",max_epochs_reached,
qpc,55,300,0.8268175618372092,0.6863382628048005,300,16.9903622656805,"StabilityResult(stability_variance=0.002449338111678815, window_means=array([0.71224736, 0.69742507, 0.80020542, 0.7516382 , 0.82628806]), final_segment=array([0.76498819, 0.66956676, 0.65846711, 0.50884086, 0.78449669,
       0.88712456, 0.69821002, 0.87631717, 0.84669471, 0.56492826,
       0.67020235, 0.52819792, 0.80213102, 0.74843448, 0.94495724,
       0.53951831, 0.89764188, 0.86854961, 0.75669163, 0.91798415,
       0.70316774, 0.71847921, 0.67807332, 0.73543317, 0.66702776,
       0.87951925, 1.00987569, 0.82770512, 0.96099484, 0.61260569]), start_index=270, window_size=6, num_windows=5)",max_epochs_reached,
qpc,56,300,0.4470015199368949,0.40023978374266617,300,10.46120295090502,"StabilityResult(stability_variance=0.0001588722535485043, window_means=array([0.44029758, 0.45208495, 0.45066906, 0.47764774, 0.46208025]), final_segment=array([0.37054951, 0.4153931 , 0.53391869, 0.45991229, 0.47240041,
       0.3896115 , 0.43443427, 0.40856602, 0.51315028, 0.45245081,
       0.38456826, 0.51934007, 0.45823036, 0.44843569, 0.52821192,
       0.4853603 , 0.48171996, 0.30205613, 0.54516818, 0.51898431,
       0.32944353, 0.4677517 , 0.43173641, 0.5728023 , 0.49989539,
       0.40277984, 0.501765  , 0.3868812 , 0.51163956, 0.46952053]), start_index=270, window_size=6, num_windows=5)",max_epochs_reached,
qpc,57,300,0.38792490723202705,0.3559152082516163,300,8.251519400703232,"StabilityResult(stability_variance=0.0004537305662285383, window_means=array([0.44748168, 0.42096309, 0.4618238 , 0.44860827, 0.40305123]), final_segment=array([0.33709118, 0.48599351, 0.50800012, 0.45482826, 0.43364471,
       0.46533231, 0.43552101, 0.44465738, 0.3828201 , 0.52097823,
       0.40233741, 0.33946441, 0.45633894, 0.50638255, 0.46487828,
       0.39832719, 0.44911928, 0.49589655, 0.52017941, 0.42273754,
       0.40585631, 0.40987148, 0.54750282, 0.38550206, 0.35916109,
       0.46948811, 0.35455221, 0.36053335, 0.38715063, 0.48742197]), start_index=270, window_size=6, num_windows=5)",max_epochs_reached,
qpc,58,300,0.4894663922600952,0.4540147865182705,300,7.242909074538923,"StabilityResult(stability_variance=0.0006746961101065767, window_means=array([0.50716435, 0.5057775 , 0.51639365, 0.44505983, 0.47921575]), final_segment=array([0.60937991, 0.49392079, 0.43258412, 0.40577803, 0.52214995,
       0.57917328, 0.63921051, 0.48358898, 0.43774777, 0.46181642,
       0.39244863, 0.61985269, 0.61010535, 0.43584649, 0.55768877,
       0.51455698, 0.57138948, 0.40877485, 0.44856411, 0.55675118,
       0.45452211, 0.38350508, 0.3685286 , 0.45848788, 0.45804494,
       0.54004815, 0.45801458, 0.58391088, 0.43174772, 0.40352824]), start_index=270, window_size=6, num_windows=5)",max_epochs_reached,
qpc,59,300,0.4353375006776416,0.4064238284419706,300,6.641668174844638,"StabilityResult(stability_variance=0.0008940962726164271, window_means=array([0.51236758, 0.54215511, 0.54407324, 0.48471419, 0.57205629]), final_segment=array([0.44238846, 0.38173859, 0.60945772, 0.47788863, 0.58484569,
       0.57788639, 0.5987524 , 0.55951879, 0.56642959, 0.51654249,
       0.56211643, 0.44957099, 0.50168447, 0.52614243, 0.46937741,
       0.53247796, 0.76394017, 0.470817  , 0.66887086, 0.49391795,
       0.43872882, 0.51384743, 0.28423338, 0.50868671, 0.60834347,
       0.63592696, 0.60579039, 0.61393655, 0.54471456, 0.4236258 ]), start_index=270, window_size=6, num_windows=5)",max_epochs_reached,
qpc,60,300,0.4784775367454605,0.4352981355355772,300,9.024331947448093,"StabilityResult(stability_variance=0.000337782703152478, window_means=array([0.5359949 , 0.52763348, 0.53833519, 0.48764761, 0.5180663 ]), final_segment=array([0.62002355, 0.50479093, 0.56490982, 0.37109675, 0.53781438,
       0.61733399, 0.58415697, 0.49960635, 0.5488252 , 0.40307293,
       0.59645132, 0.5336881 , 0.6141414 , 0.51101148, 0.59601379,
       0.58113131, 0.49172499, 0.43598817, 0.42790488, 0.53587119,
       0.43051265, 0.49291515, 0.53315888, 0.50552294, 0.60091789,
       0.44739344, 0.52630816, 0.46131728, 0.57628698, 0.49617403]), start_index=270, window_size=6, num_windows=5)",max_epochs_reached,
qpc,61,300,0.45996834988678165,0.4207223847358989,300,8.532318617257664,"StabilityResult(stability_variance=0.0006687030784094144, window_means=array([0.38752928, 0.42239574, 0.41049052, 0.39305063, 0.34664996]), final_segment=array([0.3419098 , 0.37064186, 0.44878772, 0.37239993, 0.35543106,
       0.43600533, 0.3948078 , 0.50901545, 0.34052062, 0.42257229,
       0.50256649, 0.36489181, 0.41732514, 0.37858269, 0.33294163,
       0.38354496, 0.45837488, 0.49217385, 0.36430632, 0.53052109,
       0.46735158, 0.29280003, 0.36076828, 0.34255651, 0.46350859,
       0.28191644, 0.39879227, 0.30801656, 0.23838777, 0.38927812]), start_index=270, window_size=6, num_windows=5)",max_epochs_reached,
qpc,62,300,0.5055337712967992,0.4595826209870459,300,9.089630192633635,"StabilityResult(stability_variance=0.0043107248433714085, window_means=array([0.65888642, 0.4698616 , 0.62784315, 0.62192729, 0.59804421]), final_segment=array([0.69021822, 0.61532993, 0.81287371, 0.77363309, 0.56393227,
       0.4973313 , 0.26829885, 0.42772748, 0.60807134, 0.45255597,
       0.55732827, 0.50518768, 0.27882446, 0.36944029, 0.76555882,
       0.73152571, 0.57507514, 1.0466345 , 0.56391121, 0.5754863 ,
       0.55556118, 0.501305  , 0.72265492, 0.81264512, 0.52458855,
       0.87325099, 0.59081643, 0.45498721, 0.47152658, 0.67309547]), start_index=270, window_size=6, num_windows=5)",max_epochs_reached,
qpc,63,300,0.5607825334682386,0.5063094469780057,300,9.713763043462924,"StabilityResult(stability_variance=0.002144529837060616, window_means=array([0.52533626, 0.59343305, 0.62345427, 0.6527148 , 0.55153419]), final_segment=array([0.51566828, 0.60845472, 0.41810921, 0.7084268 , 0.51097051,
       0.39038803, 0.50233371, 0.52752811, 0.52150296, 0.52220274,
       0.74899545, 0.73803531, 0.44291664, 0.72955042, 0.58551667,
       0.8436759 , 0.61729356, 0.52177244, 0.79596373, 0.77803652,
       0.64621912, 0.62159289, 0.52347122, 0.55100531, 0.67885948,
       0.4938626 , 0.54683867, 0.45932408, 0.58820969, 0.54211066]), start_index=270, window_size=6, num_windows=5)",max_epochs_reached,
qpc,64,300,0.44449444734549254,0.41743644454328255,300,6.087365762114593,"StabilityResult(stability_variance=0.00027247689525390086, window_means=array([0.3861292 , 0.40912091, 0.41113252, 0.42333541, 0.43569412]), final_segment=array([0.41589792, 0.23519383, 0.38679829, 0.28996334, 0.54273189,
       0.44618995, 0.40015295, 0.49112067, 0.3744956 , 0.29072511,
       0.36152086, 0.53671024, 0.44759155, 0.47281468, 0.35695024,
       0.38839091, 0.45821255, 0.34283519, 0.39455717, 0.54649987,
       0.46205921, 0.41194321, 0.29730709, 0.4276459 , 0.38187979,
       0.50193083, 0.49630244, 0.33319255, 0.39806654, 0.5027926 ]), start_index=270, window_size=6, num_windows=5)",max_epochs_reached,
qpc,65,300,0.6164303743709447,0.5387202477217254,300,12.606472665874222,"StabilityResult(stability_variance=0.0052994951106403055, window_means=array([0.78176388, 0.59359358, 0.64857212, 0.60160315, 0.58771043]), final_segment=array([0.97537362, 0.59613774, 0.68564749, 0.75220578, 0.75920276,
       0.92201589, 0.3998956 , 0.57843936, 0.59741265, 0.58437032,
       0.81689256, 0.58455099, 0.65254003, 0.62373404, 0.54229596,
       0.82228045, 0.39818339, 0.85239883, 0.63628775, 0.78346293,
       0.63497085, 0.55007178, 0.42349723, 0.58132834, 0.39912051,
       0.77781729, 0.55308925, 0.66385054, 0.58829565, 0.54408936]), start_index=270, window_size=6, num_windows=5)",max_epochs_reached,
qpc,66,300,0.5370903473549111,0.4969359717888441,300,7.476279505640212,"StabilityResult(stability_variance=0.00024222852082856003, window_means=array([0.3983326 , 0.4207825 , 0.40701751, 0.4233714 , 0.38087909]), final_segment=array([0.48703091, 0.46525322, 0.27446321, 0.41960587, 0.35543941,
       0.388203  , 0.38415733, 0.35926762, 0.38575615, 0.49217052,
       0.54482385, 0.35851951, 0.450574  , 0.4358973 , 0.46468152,
       0.30877275, 0.37319024, 0.40898927, 0.38418148, 0.42551939,
       0.38015814, 0.48801187, 0.40194914, 0.46040836, 0.42839782,
       0.27042532, 0.44676842, 0.38074173, 0.41104787, 0.34789338]), start_index=270, window_size=6, num_windows=5)",max_epochs_reached,
qpc,67,300,0.3857334081205546,0.35576687127136486,300,7.768716999442324,"StabilityResult(stability_variance=0.0009394965017596117, window_means=array([0.48742525, 0.45709035, 0.40127737, 0.47997863, 0.46967125]), final_segment=array([0.55765558, 0.46322046, 0.51451509, 0.48170563, 0.41537926,
       0.49207545, 0.35908028, 0.49791053, 0.48399631, 0.52600197,
       0.45239922, 0.42315378, 0.55219332, 0.3574802 , 0.37318988,
       0.32475845, 0.38463646, 0.41540591, 0.49232132, 0.53557645,
       0.46268472, 0.47355982, 0.49152824, 0.42420123, 0.41799331,
       0.52861658, 0.379043  , 0.48298267, 0.47714903, 0.5322429 ]), start_index=270, window_size=6, num_windows=5)",max_epochs_reached,
qpc,68,300,0.41910123727820864,0.3989628426170638,300,4.805138441473165,"StabilityResult(stability_variance=0.0003819246190957638, window_means=array([0.36504437, 0.37986153, 0.41267331, 0.40758112, 0.4127241 ]), final_segment=array([0.37077619, 0.38972631, 0.3045703 , 0.24329248, 0.38162759,
       0.50027337, 0.42441584, 0.38940288, 0.38551515, 0.39129677,
       0.34038167, 0.34815684, 0.48591226, 0.44578778, 0.41551239,
       0.43969045, 0.32486409, 0.36427293, 0.34855991, 0.52441398,
       0.32427433, 0.5094662 , 0.36535524, 0.37341704, 0.39872813,
       0.43927592, 0.45356558, 0.42564427, 0.41743996, 0.34169072]), start_index=270, window_size=6, num_windows=5)",max_epochs_reached,
qpc,69,300,0.4457764194477186,0.39623345098556045,300,11.113860289769914,"StabilityResult(stability_variance=0.0007250650364659404, window_means=array([0.50722729, 0.51295564, 0.44844332, 0.46301647, 0.50907241]), final_segment=array([0.77767693, 0.46301375, 0.60845935, 0.34981975, 0.40299612,
       0.44139787, 0.57319203, 0.51202514, 0.56839105, 0.45531023,
       0.42989041, 0.53892502, 0.32112659, 0.50056327, 0.41346787,
       0.57068516, 0.44389554, 0.44092149, 0.44292222, 0.56613032,
       0.52037454, 0.30456105, 0.49788919, 0.44622148, 0.47733657,
       0.57178938, 0.42080164, 0.55305635, 0.49145469, 0.53999585]), start_index=270, window_size=6, num_windows=5)",max_epochs_reached,
qpc,70,300,0.4344405739644142,0.3972255663974244,300,8.566190590209043,"StabilityResult(stability_variance=5.646160721181938e-05, window_means=array([0.45229627, 0.45292392, 0.43500898, 0.43833797, 0.43932741]), final_segment=array([0.44531634, 0.51928896, 0.54738094, 0.38903851, 0.37543927,
       0.43731361, 0.38598847, 0.54100323, 0.46578676, 0.39232315,
       0.56745405, 0.36498785, 0.4193975 , 0.32563   , 0.48307108,
       0.40560013, 0.43990455, 0.5364506 , 0.34351482, 0.52080882,
       0.43569477, 0.49994666, 0.40408301, 0.42597972, 0.39712394,
       0.36315224, 0.45583761, 0.45854125, 0.44156593, 0.51974349]), start_index=270, window_size=6, num_windows=5)",max_epochs_reached,
qpc,71,300,0.3225185820336533,0.28964935275981657,300,10.19142186058817,"StabilityResult(stability_variance=0.0006482814014944847, window_means=array([0.27698138, 0.31440078, 0.32373034, 0.33732023, 0.35240731]), final_segment=array([0.25805394, 0.21812835, 0.25799673, 0.31111943, 0.29479857,
       0.32179129, 0.25636861, 0.45219429, 0.3272185 , 0.2213173 ,
       0.38264552, 0.24666045, 0.30127582, 0.3196506 , 0.40464723,
       0.3204077 , 0.29469112, 0.30170955, 0.36684384, 0.40313776,
       0.33478842, 0.33011378, 0.36186442, 0.22717318, 0.25181889,
       0.41730169, 0.32263385, 0.33408836, 0.33820238, 0.45039868]), start_index=270, window_size=6, num_windows=5)",max_epochs_reached,
hebbian,42,300,0.3097579883738591,0.2677732398865329,300,13.554048664808976,"StabilityResult(stability_variance=6.997164590389516e-05, window_means=array([0.3081898 , 0.29347813, 0.29630545, 0.29810707, 0.28218048]), final_segment=array([0.34271956, 0.26904602, 0.30838526, 0.33588635, 0.257543  ,
       0.33555861, 0.27632922, 0.40529096, 0.26222956, 0.29541067,
       0.28517156, 0.23643682, 0.24713461, 0.28421157, 0.24935098,
       0.31972116, 0.32059008, 0.35682431, 0.26854839, 0.23947861,
       0.36924172, 0.32320028, 0.2478283 , 0.34034514, 0.26616988,
       0.3001202 , 0.30450485, 0.24629221, 0.24726492, 0.32873085]), start_index=270, window_size=6, num_windows=5)",max_epochs_reached,214.0
hebbian,43,300,0.5909985805903136,0.4648345733279396,300,21.347599030839675,"StabilityResult(stability_variance=0.005194040469315139, window_means=array([0.46688827, 0.59043274, 0.61792423, 0.63686202, 0.47548942]), final_segment=array([0.3962434 , 0.43463948, 0.53754886, 0.5452345 , 0.51887691,
       0.36878649, 0.71167126, 0.55097812, 0.75225952, 0.57980371,
       0.45780435, 0.49007948, 0.62285014, 0.59628431, 0.59552366,
       0.57070922, 0.65167284, 0.67050524, 0.57696591, 0.75686718,
       0.71832215, 0.6730985 , 0.59015231, 0.50576606, 0.44345138,
       0.46221877, 0.65953969, 0.3582374 , 0.41169423, 0.51779504]), start_index=270, window_size=6, num_windows=5)",max_epochs_reached,
hebbian,44,300,0.4796871347963805,0.3678016540439131,300,23.324678240528797,"StabilityResult(stability_variance=0.0004701089885386487, window_means=array([0.3421822 , 0.36437725, 0.38624324, 0.36194866, 0.32221787]), final_segment=array([0.3724611 , 0.29758801, 0.38374951, 0.34262509, 0.30072374,
       0.35594575, 0.33671129, 0.32227094, 0.38047535, 0.34109925,
       0.43094932, 0.37475732, 0.35619018, 0.36346751, 0.37051745,
       0.38856164, 0.35130663, 0.48741603, 0.32402564, 0.38120227,
       0.36526734, 0.33744458, 0.39534351, 0.36840861, 0.36217406,
       0.32958535, 0.29964116, 0.25792472, 0.35692258, 0.32705936]), start_index=270, window_size=6, num_windows=5)",max_epochs_reached,
hebbian,45,300,0.4346853654239037,0.39207281809259453,300,9.80307843806831,"StabilityResult(stability_variance=0.0011370273379524122, window_means=array([0.37483828, 0.40564732, 0.37003455, 0.31204956, 0.32841517]), final_segment=array([0.32822542, 0.41559367, 0.31801006, 0.29611832, 0.40231407,
       0.48876816, 0.29807569, 0.44704997, 0.60515692, 0.46656964,
       0.36729314, 0.24973856, 0.2949131 , 0.43081951, 0.39720423,
       0.3133144 , 0.36286421, 0.42109184, 0.39797918, 0.23104418,
       0.31360581, 0.30928095, 0.37017986, 0.25020735, 0.3150698 ,
       0.29122865, 0.40837689, 0.29554001, 0.31823867, 0.34203701]), start_index=270, window_size=6, num_windows=5)",max_epochs_reached,
hebbian,46,300,0.5424696655674627,0.46860657281769175,300,13.616077992583191,"StabilityResult(stability_variance=0.001181586499440704, window_means=array([0.40489346, 0.51025603, 0.47774601, 0.47012508, 0.47445731]), final_segment=array([0.45262561, 0.35696476, 0.42807387, 0.36004904, 0.37631401,
       0.4553335 , 0.59860173, 0.4765106 , 0.46385189, 0.58172006,
       0.46593068, 0.47492121, 0.46653141, 0.42892939, 0.44824912,
       0.53403073, 0.49003988, 0.49869556, 0.50305689, 0.45425245,
       0.6284857 , 0.50294198, 0.40703456, 0.32497893, 0.51682393,
       0.61344426, 0.55962628, 0.31574219, 0.43095469, 0.41015251]), start_index=270, window_size=6, num_windows=5)",max_epochs_reached,
hebbian,47,300,0.46465647822352935,0.44066861212775027,300,5.1624947073780785,"StabilityResult(stability_variance=0.0003166895657238567, window_means=array([0.35180676, 0.34189436, 0.31205704, 0.33260382, 0.36463209]), final_segment=array([0.42097586, 0.36402618, 0.29343023, 0.33442937, 0.37039761,
       0.32758128, 0.32185278, 0.37467168, 0.3838759 , 0.31864378,
       0.36117117, 0.29115083, 0.25894091, 0.46188021, 0.33029657,
       0.23836157, 0.33795735, 0.24490562, 0.35742786, 0.27008954,
       0.37350832, 0.31524783, 0.38372881, 0.29562054, 0.38890988,
       0.43780365, 0.27583164, 0.36996867, 0.35488189, 0.36039682]), start_index=270, window_size=6, num_windows=5)",max_epochs_reached,
hebbian,48,300,0.45491756330985755,0.38849544954249443,300,14.600912148586598,"StabilityResult(stability_variance=8.124387510940331e-05, window_means=array([0.50814331, 0.52472585, 0.49946357, 0.5175039 , 0.50514596]), final_segment=array([0.47712993, 0.55743985, 0.52043332, 0.55329919, 0.39882345,
       0.54173409, 0.57446454, 0.54127598, 0.52629309, 0.52988301,
       0.51326267, 0.46317582, 0.28138743, 0.47891705, 0.56069957,
       0.46861081, 0.49358999, 0.71357657, 0.47112242, 0.55526775,
       0.38853032, 0.49597629, 0.44272508, 0.75140152, 0.58478314,
       0.57142745, 0.4833567 , 0.45759544, 0.41692909, 0.51678394]), start_index=270, window_size=6, num_windows=5)",max_epochs_reached,
hebbian,49,300,0.5090802164032752,0.45410854757653035,300,10.798233177303088,"StabilityResult(stability_variance=0.0021872076895341113, window_means=array([0.48264573, 0.41207498, 0.36372269, 0.43044999, 0.3542879 ]), final_segment=array([0.47825249, 0.59107405, 0.39287213, 0.50008421, 0.49867111,
       0.43492039, 0.51951859, 0.46245287, 0.40871809, 0.37542258,
       0.40191898, 0.30441876, 0.33575007, 0.32171327, 0.39866791,
       0.42915652, 0.34658102, 0.35046732, 0.4367595 , 0.53386291,
       0.30794785, 0.4203884 , 0.46283393, 0.42090732, 0.3938506 ,
       0.34419867, 0.31315129, 0.41645357, 0.32305713, 0.33501612]), start_index=270, window_size=6, num_windows=5)",max_epochs_reached,
hebbian,50,300,0.434083577206711,0.3748423591080911,300,13.647422111620028,"StabilityResult(stability_variance=0.0023485578729417365, window_means=array([0.58774034, 0.55942642, 0.44754387, 0.50075079, 0.53084158]), final_segment=array([0.59100628, 0.61460618, 0.44994573, 0.75440383, 0.53128981,
       0.58519022, 0.42674096, 0.62490382, 0.81528801, 0.61795426,
       0.3759365 , 0.49573497, 0.35386767, 0.54432634, 0.52341583,
       0.40620607, 0.43919684, 0.41825047, 0.58601843, 0.53008703,
       0.49566115, 0.4459219 , 0.53012958, 0.41668667, 0.433074  ,
       0.64598648, 0.60115945, 0.46936889, 0.48274157, 0.55271913]), start_index=270, window_size=6, num_windows=5)",max_epochs_reached,
hebbian,51,300,0.580987191439706,0.4317065299404867,300,25.69431197429616,"StabilityResult(stability_variance=0.0016081439980195975, window_means=array([0.56507134, 0.54827948, 0.62631188, 0.5428986 , 0.50317947]), final_segment=array([0.47321303, 0.53323899, 0.55547665, 0.50359479, 0.53231749,
       0.79258709, 0.50212369, 0.40982872, 0.58935692, 0.71730463,
       0.58260697, 0.48845596, 0.79897259, 0.60094384, 0.51637945,
       0.43308331, 0.67024176, 0.73825032, 0.53400874, 0.57613723,
       0.47114489, 0.49478956, 0.56845117, 0.61286   , 0.57794244,
       0.56296356, 0.54683135, 0.44913162, 0.42967861, 0.45252921]), start_index=270, window_size=6, num_windows=5)",max_epochs_reached,
hebbian,52,300,0.42867880538820885,0.38254961725808395,300,10.760781160699231,"StabilityResult(stability_variance=0.00024032594527876116, window_means=array([0.35753258, 0.34154118, 0.36419653, 0.35256374, 0.38801551]), final_segment=array([0.28115831, 0.51801992, 0.29315538, 0.27270711, 0.34590164,
       0.43425314, 0.31428678, 0.34771845, 0.36538944, 0.35542891,
       0.33557558, 0.33084791, 0.32103933, 0.36039305, 0.38181601,
       0.48781634, 0.32255047, 0.31156397, 0.36188019, 0.22404086,
       0.34732276, 0.37949721, 0.41913033, 0.38351112, 0.42553264,
       0.30881233, 0.39955558, 0.32408829, 0.490243  , 0.3798612 ]), start_index=270, window_size=6, num_windows=5)",max_epochs_reached,
hebbian,53,300,0.5714413000244304,0.447394568100481,300,21.70769454686704,"StabilityResult(stability_variance=0.0006224834455082358, window_means=array([0.57794293, 0.54400489, 0.53337275, 0.60373197, 0.56256108]), final_segment=array([0.61331117, 0.49604678, 0.704541  , 0.5843394 , 0.59017144,
       0.47924779, 0.60476169, 0.56467229, 0.47333753, 0.42111373,
       0.68876547, 0.51137863, 0.72905993, 0.55153635, 0.44328761,
       0.45133599, 0.55802862, 0.46698797, 0.67779592, 0.73151232,
       0.60724753, 0.53022097, 0.43138422, 0.64423084, 0.62726809,
       0.49849584, 0.55397539, 0.56748763, 0.49577269, 0.63236685]), start_index=270, window_size=6, num_windows=5)",max_epochs_reached,
hebbian,54,300,0.5128981931016565,0.40917812468374687,300,20.222350129697634,"StabilityResult(stability_variance=0.0025125388815076142, window_means=array([0.57195219, 0.48173909, 0.46422353, 0.42535672, 0.450373  ]), final_segment=array([0.66913535, 0.45988314, 0.55472972, 0.60915919, 0.57279626,
       0.56600946, 0.43669346, 0.57978227, 0.43398835, 0.53838409,
       0.45788146, 0.4437049 , 0.38462278, 0.4225112 , 0.5246425 ,
       0.41662553, 0.40487171, 0.63206747, 0.36803083, 0.43106908,
       0.44445855, 0.47987156, 0.40655117, 0.42215916, 0.36253542,
       0.46438032, 0.34810131, 0.5031545 , 0.49051424, 0.5335522 ]), start_index=270, window_size=6, num_windows=5)",max_epochs_reached,
hebbian,55,300,0.8268175618372092,0.6104710901549397,300,26.1661679272441,"StabilityResult(stability_variance=0.0013757622303149464, window_means=array([0.59189655, 0.58036075, 0.66667228, 0.61457591, 0.66911577]), final_segment=array([0.62975473, 0.56522874, 0.54687083, 0.42789895, 0.66652315,
       0.71510289, 0.58386929, 0.73400017, 0.69770598, 0.47477484,
       0.56151674, 0.43029748, 0.67477447, 0.62555263, 0.78602816,
       0.44508362, 0.74453814, 0.72405666, 0.61033071, 0.75618065,
       0.55993056, 0.58312805, 0.568588  , 0.60929747, 0.53972708,
       0.70402681, 0.83836652, 0.68631452, 0.76143956, 0.48482012]), start_index=270, window_size=6, num_windows=5)",max_epochs_reached,
hebbian,56,300,0.4470015199368949,0.3580892422058671,300,19.890822237825937,"StabilityResult(stability_variance=8.32433869000731e-05, window_means=array([0.37155708, 0.38074184, 0.37810059, 0.39901571, 0.38364821]), final_segment=array([0.31523928, 0.34749342, 0.44499087, 0.39524614, 0.40038011,
       0.32599264, 0.36452538, 0.34415884, 0.4236626 , 0.3798442 ,
       0.32880318, 0.4434568 , 0.3806892 , 0.37940425, 0.43919417,
       0.40342073, 0.41179498, 0.25410021, 0.44798642, 0.42851933,
       0.28459624, 0.39333473, 0.36530543, 0.47435208, 0.41766808,
       0.3414908 , 0.41903317, 0.31467112, 0.42231359, 0.38671248]), start_index=270, window_size=6, num_windows=5)",max_epochs_reached,
hebbian,57,300,0.38792490723202705,0.3239632061523806,300,16.48816559267473,"StabilityResult(stability_variance=0.0004025056373289968, window_means=array([0.38286595, 0.35788944, 0.3945214 , 0.37612267, 0.33741434]), final_segment=array([0.28920189, 0.41830092, 0.43597442, 0.38563417, 0.37560064,
       0.39248366, 0.36250653, 0.37994305, 0.32752194, 0.44766137,
       0.35005208, 0.27965166, 0.39014974, 0.42651468, 0.40477693,
       0.34801612, 0.37680746, 0.42086346, 0.43453274, 0.35946052,
       0.33263233, 0.33461562, 0.47012066, 0.32537417, 0.31053543,
       0.38119255, 0.29393748, 0.29886811, 0.33460472, 0.40534776]), start_index=270, window_size=6, num_windows=5)",max_epochs_reached,
hebbian,58,300,0.4894663922600952,0.418757473060315,300,14.446123435213606,"StabilityResult(stability_variance=0.0006428834735277892, window_means=array([0.44487842, 0.44161841, 0.44768529, 0.3814101 , 0.41352064]), final_segment=array([0.53627767, 0.42918759, 0.37300249, 0.35598589, 0.45546834,
       0.51934852, 0.55555481, 0.42319732, 0.3771404 , 0.40340179,
       0.34541621, 0.54499995, 0.52950498, 0.3862197 , 0.47667567,
       0.44554658, 0.49640955, 0.35175527, 0.3907325 , 0.46759188,
       0.38879645, 0.33197366, 0.31775133, 0.39161478, 0.39132271,
       0.46793596, 0.39256279, 0.50693186, 0.37075437, 0.35161619]), start_index=270, window_size=6, num_windows=5)",max_epochs_reached,
hebbian,59,300,0.4353375006776416,0.37727085834547086,300,13.338304704231737,"StabilityResult(stability_variance=0.0007309241213315909, window_means=array([0.45435514, 0.47824195, 0.4797149 , 0.42398091, 0.50389748]), final_segment=array([0.39432797, 0.34080683, 0.53738555, 0.43211649, 0.50923572,
       0.51225826, 0.53184125, 0.49288068, 0.50164145, 0.46268122,
       0.48404436, 0.39636271, 0.4360264 , 0.46789365, 0.41648091,
       0.46913976, 0.67745716, 0.41129154, 0.5966362 , 0.42543143,
       0.38334783, 0.45401539, 0.24406279, 0.44039183, 0.53657041,
       0.55742877, 0.53223336, 0.54292795, 0.48142174, 0.37280264]), start_index=270, window_size=6, num_windows=5)",max_epochs_reached,
hebbian,60,300,0.4784775367454605,0.42047550556677626,300,12.122205688736448,"StabilityResult(stability_variance=0.0003085570515123968, window_means=array([0.5074445 , 0.49923138, 0.50918952, 0.46089305, 0.49102433]), final_segment=array([0.58831923, 0.4773317 , 0.53714342, 0.35276151, 0.5064953 ,
       0.58261586, 0.55207849, 0.47181705, 0.51912497, 0.38045525,
       0.56596356, 0.50594897, 0.57873221, 0.48190792, 0.56894163,
       0.55055456, 0.46746157, 0.40753923, 0.40754939, 0.50637418,
       0.40239633, 0.47099599, 0.49975037, 0.47829202, 0.5664687 ,
       0.42648944, 0.50127858, 0.43682478, 0.54572685, 0.46935761]), start_index=270, window_size=6, num_windows=5)",max_epochs_reached,
hebbian,61,300,0.45996834988678165,0.40081774167898304,300,12.859712678569768,"StabilityResult(stability_variance=0.0005929383634601909, window_means=array([0.35412633, 0.38217203, 0.3718171 , 0.3553331 , 0.31092322]), final_segment=array([0.31071032, 0.33770088, 0.41116523, 0.34098949, 0.33055158,
       0.39364048, 0.35457616, 0.46289347, 0.31086734, 0.38183282,
       0.4540903 , 0.32877208, 0.38116895, 0.34392691, 0.30212301,
       0.34499638, 0.41635589, 0.44233145, 0.32606415, 0.48313587,
       0.4255663 , 0.26073944, 0.32440182, 0.31209104, 0.42078015,
       0.24822024, 0.35736554, 0.27618437, 0.21656012, 0.3464289 ]), start_index=270, window_size=6, num_windows=5)",max_epochs_reached,
hebbian,62,300,0.5055337712967992,0.4427151332452394,300,12.42620011130353,"StabilityResult(stability_variance=0.00385702493681375, window_means=array([0.6259436 , 0.44512964, 0.59360442, 0.58521706, 0.5615489 ]), final_segment=array([0.65805614, 0.58354984, 0.77157738, 0.733214  , 0.53657185,
       0.47269242, 0.25326288, 0.40621657, 0.57549369, 0.4275204 ,
       0.52940563, 0.47887866, 0.26939684, 0.34784506, 0.72075092,
       0.69074429, 0.54104749, 0.99184195, 0.53039237, 0.54164565,
       0.52028121, 0.47409449, 0.67856699, 0.76632166, 0.48971412,
       0.82023079, 0.55209571, 0.42877749, 0.44484335, 0.63363192]), start_index=270, window_size=6, num_windows=5)",max_epochs_reached,
hebbian,63,300,0.5607825334682386,0.4505106165275563,300,19.66393572543889,"StabilityResult(stability_variance=0.0014041660287434747, window_means=array([0.44482776, 0.49039535, 0.52767125, 0.53535126, 0.45121417]), final_segment=array([0.44467494, 0.52228337, 0.36012246, 0.58681517, 0.42802024,
       0.32705037, 0.42111321, 0.43562281, 0.44201874, 0.42462626,
       0.61874338, 0.6002477 , 0.38822341, 0.60533492, 0.50355473,
       0.70705221, 0.51632162, 0.44554061, 0.64899529, 0.6483326 ,
       0.53921747, 0.49363722, 0.43594864, 0.44597633, 0.56564314,
       0.4057544 , 0.45266839, 0.38684037, 0.45808151, 0.43829718]), start_index=270, window_size=6, num_windows=5)",max_epochs_reached,
hebbian,64,300,0.44449444734549254,0.4046729763171357,300,8.958823055309113,"StabilityResult(stability_variance=0.00021244010555591068, window_means=array([0.36582962, 0.38665382, 0.38636809, 0.39948586, 0.40910324]), final_segment=array([0.39304681, 0.22072942, 0.36698498, 0.27268834, 0.51634865,
       0.42517949, 0.37881754, 0.46247322, 0.35571045, 0.27333453,
       0.34172381, 0.50786339, 0.42269984, 0.44462935, 0.33358073,
       0.36322674, 0.43283481, 0.32123706, 0.37092556, 0.51746525,
       0.43615952, 0.38887596, 0.27745616, 0.40603274, 0.36033425,
       0.47212676, 0.46764103, 0.31109098, 0.37591671, 0.46750972]), start_index=270, window_size=6, num_windows=5)",max_epochs_reached,
hebbian,65,300,0.6164303743709447,0.47729930370744184,300,22.57044371077325,"StabilityResult(stability_variance=0.0039076864334174595, window_means=array([0.66242639, 0.50065753, 0.54726821, 0.50758191, 0.49598447]), final_segment=array([0.83221609, 0.50134153, 0.57592471, 0.63896861, 0.6413391 ,
       0.7847683 , 0.33435605, 0.48353904, 0.51999184, 0.49152451,
       0.6831657 , 0.49136808, 0.554488  , 0.52215969, 0.46699655,
       0.69010654, 0.33357755, 0.71628092, 0.53283478, 0.6618184 ,
       0.55115552, 0.46399724, 0.35380189, 0.4818836 , 0.33735875,
       0.63767017, 0.48034195, 0.54549829, 0.50806578, 0.46697189]), start_index=270, window_size=6, num_windows=5)",max_epochs_reached,
hebbian,66,300,0.5370903473549111,0.46839821262124226,300,12.789679626894666,"StabilityResult(stability_variance=0.00018971498140039718, window_means=array([0.35006212, 0.366472  , 0.35505376, 0.36547827, 0.32853378]), final_segment=array([0.43301232, 0.40068237, 0.23651256, 0.36305203, 0.31605383,
       0.3510596 , 0.33199763, 0.31247199, 0.33745366, 0.43197574,
       0.47589495, 0.30903802, 0.39070813, 0.38358335, 0.40655247,
       0.2706048 , 0.32660983, 0.35226396, 0.33922958, 0.37024803,
       0.32442194, 0.42257941, 0.34292072, 0.39346994, 0.36907457,
       0.23218882, 0.38065073, 0.33915846, 0.35639552, 0.29373458]), start_index=270, window_size=6, num_windows=5)",max_epochs_reached,
hebbian,67,300,0.3857334081205546,0.3366466895796083,300,12.725555398511156,"StabilityResult(stability_variance=0.0007406105806793079, window_means=array([0.44072868, 0.41284284, 0.36101973, 0.4266138 , 0.42004789]), final_segment=array([0.50387958, 0.41778654, 0.47052485, 0.44015529, 0.37131536,
       0.44071049, 0.32925821, 0.45148743, 0.43653099, 0.46980973,
       0.40633746, 0.38363322, 0.49793071, 0.32101295, 0.33730268,
       0.2884452 , 0.34810023, 0.37332664, 0.4427405 , 0.47611494,
       0.41673578, 0.41729818, 0.43027578, 0.3765176 , 0.37179891,
       0.47815146, 0.33347693, 0.42998198, 0.42063406, 0.48624403]), start_index=270, window_size=6, num_windows=5)",max_epochs_reached,
hebbian,68,300,0.41910123727820864,0.36650512241355127,300,12.549739820916567,"StabilityResult(stability_variance=0.0002491826974490102, window_means=array([0.32056526, 0.33360312, 0.35859768, 0.35531144, 0.36016055]), final_segment=array([0.32451655, 0.34707246, 0.27363195, 0.2074767 , 0.33629372,
       0.43440017, 0.36935154, 0.34398299, 0.33999341, 0.34608851,
       0.2940744 , 0.30812785, 0.42557169, 0.39242382, 0.35753329,
       0.38116146, 0.28319283, 0.31170297, 0.29884075, 0.4548728 ,
       0.27837119, 0.45296522, 0.32663675, 0.32018193, 0.35258597,
       0.38249891, 0.38818655, 0.37215033, 0.36236298, 0.30317858]), start_index=270, window_size=6, num_windows=5)",max_epochs_reached,
hebbian,69,300,0.4457764194477186,0.368110954900514,300,17.422515224880208,"StabilityResult(stability_variance=0.0006137664055329399, window_means=array([0.46213711, 0.46217127, 0.40325828, 0.41484172, 0.45067228]), final_segment=array([0.71266694, 0.42262931, 0.55448163, 0.3160603 , 0.36708345,
       0.39990102, 0.51737652, 0.4588487 , 0.50885839, 0.41096301,
       0.38876602, 0.48821498, 0.28302023, 0.45486645, 0.3738332 ,
       0.51513663, 0.39380958, 0.39888359, 0.39681903, 0.50139125,
       0.46769065, 0.27253732, 0.44996017, 0.4006519 , 0.41948524,
       0.51481389, 0.36412648, 0.48699439, 0.43918936, 0.47942435]), start_index=270, window_size=6, num_windows=5)",max_epochs_reached,
hebbian,70,300,0.4344405739644142,0.3797943510390506,300,12.578526546611126,"StabilityResult(stability_variance=5.339219946844539e-05, window_means=array([0.41823265, 0.42003801, 0.40208071, 0.40575386, 0.40571723]), final_segment=array([0.41335993, 0.48029893, 0.50705909, 0.35694077, 0.34603052,
       0.40570666, 0.3630159 , 0.49645254, 0.42945294, 0.36424936,
       0.52862029, 0.33843705, 0.38588078, 0.30331492, 0.45493378,
       0.37490993, 0.40460878, 0.48883609, 0.32319526, 0.47576081,
       0.40365841, 0.45830955, 0.37347011, 0.40012901, 0.36433856,
       0.33598437, 0.41789501, 0.42368518, 0.41054406, 0.4818562 ]), start_index=270, window_size=6, num_windows=5)",max_epochs_reached,
hebbian,71,300,0.3225185820336533,0.27001949237026446,300,16.277849583845313,"StabilityResult(stability_variance=0.0003956599435837021, window_means=array([0.24316341, 0.27248069, 0.28023357, 0.28963398, 0.30238837]), final_segment=array([0.22916985, 0.18774722, 0.22607631, 0.27092745, 0.26502584,
       0.28003378, 0.22102011, 0.38906217, 0.2858349 , 0.19553983,
       0.32846947, 0.21495766, 0.26911108, 0.2812265 , 0.34791984,
       0.27520967, 0.2481943 , 0.25974005, 0.31880055, 0.34852726,
       0.28839297, 0.27907378, 0.30785933, 0.19514998, 0.22016746,
       0.36138144, 0.27682979, 0.28816175, 0.28701593, 0.38077383]), start_index=270, window_size=6, num_windows=5)",max_epochs_reached,201.0
anti_hebbian,42,300,0.3097579883738591,0.2679779484361111,300,13.487962056146236,"StabilityResult(stability_variance=6.98179049947554e-05, window_means=array([0.30871211, 0.29400717, 0.29683258, 0.29869654, 0.28274284]), final_segment=array([0.3433249 , 0.26962919, 0.30890998, 0.33635724, 0.25803062,
       0.33602075, 0.27673123, 0.40602261, 0.2625397 , 0.29609622,
       0.28581916, 0.23683412, 0.24741865, 0.28488669, 0.24972931,
       0.32025927, 0.32111675, 0.35758481, 0.26899957, 0.23998911,
       0.37004812, 0.32364841, 0.24845475, 0.34103927, 0.26666515,
       0.30054652, 0.30510043, 0.24690843, 0.24793362, 0.32930287]), start_index=270, window_size=6, num_windows=5)",max_epochs_reached,214.0
anti_hebbian,43,300,0.5909985805903136,0.4653181198342014,300,21.265780474561787,"StabilityResult(stability_variance=0.005224276040133916, window_means=array([0.4676149 , 0.59157496, 0.61912882, 0.63821877, 0.47642422]), final_segment=array([0.39685431, 0.43500052, 0.53829514, 0.54621305, 0.51987615,
       0.36945023, 0.71305876, 0.55213227, 0.75363583, 0.58080969,
       0.4585983 , 0.4912149 , 0.62435978, 0.59741353, 0.59666781,
       0.57193505, 0.65274876, 0.67164797, 0.57815415, 0.75867817,
       0.71998187, 0.67443819, 0.59135822, 0.506702  , 0.44425079,
       0.46300396, 0.66092635, 0.35895671, 0.41234779, 0.51905974]), start_index=270, window_size=6, num_windows=5)",max_epochs_reached,
anti_hebbian,44,300,0.4796871347963805,0.36824891497777684,300,23.23143810515314,"StabilityResult(stability_variance=0.00047229183683429805, window_means=array([0.34305226, 0.36526014, 0.38724148, 0.36288195, 0.32305884]), final_segment=array([0.3735362 , 0.29833466, 0.38468905, 0.34360534, 0.30148371,
       0.3566646 , 0.33760188, 0.32314416, 0.38157994, 0.34170764,
       0.43198179, 0.37554547, 0.35727759, 0.36441532, 0.37130723,
       0.38951975, 0.35237101, 0.48855802, 0.32487645, 0.38219932,
       0.3660551 , 0.33845446, 0.39626291, 0.36944342, 0.36319731,
       0.33035865, 0.30044009, 0.2585853 , 0.35791905, 0.32785262]), start_index=270, window_size=6, num_windows=5)",max_epochs_reached,
anti_hebbian,45,300,0.4346853654239037,0.39224546215086753,300,9.763361421576477,"StabilityResult(stability_variance=0.0011385836609536563, window_means=array([0.37509351, 0.40603336, 0.37040916, 0.31233889, 0.32874298]), final_segment=array([0.32851774, 0.41581654, 0.31823571, 0.29618565, 0.40258752,
       0.48921787, 0.29822484, 0.4475174 , 0.60578367, 0.46694107,
       0.36760159, 0.25013158, 0.29523702, 0.43126426, 0.39755288,
       0.31362451, 0.3632893 , 0.42148701, 0.39845582, 0.23121616,
       0.31386906, 0.30947263, 0.37052521, 0.25049448, 0.31533621,
       0.29158154, 0.40882592, 0.29588624, 0.31852242, 0.34230553]), start_index=270, window_size=6, num_windows=5)",max_epochs_reached,
anti_hebbian,46,300,0.5424696655674627,0.4689297531595944,300,13.55650224809164,"StabilityResult(stability_variance=0.0011874296851832758, window_means=array([0.4053807 , 0.51096666, 0.47846204, 0.47081265, 0.47525435]), final_segment=array([0.45311184, 0.35738626, 0.42856516, 0.36033529, 0.37698351,
       0.45590212, 0.59946982, 0.47718981, 0.46465284, 0.58241847,
       0.46639278, 0.47567626, 0.46715446, 0.4295727 , 0.44866168,
       0.53470799, 0.49094388, 0.49973152, 0.50382562, 0.45474864,
       0.62956484, 0.50397328, 0.40756682, 0.32519668, 0.51756443,
       0.61461176, 0.56050917, 0.31613565, 0.4317078 , 0.41099731]), start_index=270, window_size=6, num_windows=5)",max_epochs_reached,
anti_hebbian,47,300,0.46465647822352935,0.44084059257357655,300,5.125482322124397,"StabilityResult(stability_variance=0.00031685377967643374, window_means=array([0.35225961, 0.34233614, 0.3125855 , 0.3331009 , 0.36520688]), final_segment=array([0.42159755, 0.36442138, 0.29388285, 0.33485957, 0.37091819,
       0.3278781 , 0.32224191, 0.37536557, 0.38427535, 0.31900585,
       0.36162632, 0.29150183, 0.25937451, 0.46265308, 0.33095154,
       0.23870462, 0.33842954, 0.24539971, 0.35801536, 0.27046849,
       0.37414142, 0.31556567, 0.38426176, 0.29615273, 0.38951482,
       0.43845684, 0.27616066, 0.37061945, 0.35553021, 0.36095931]), start_index=270, window_size=6, num_windows=5)",max_epochs_reached,
anti_hebbian,48,300,0.45491756330985755,0.38885218616183415,300,14.5224942882727,"StabilityResult(stability_variance=8.095861788766847e-05, window_means=array([0.509169  , 0.52583347, 0.50060147, 0.51859732, 0.50634125]), final_segment=array([0.47810645, 0.5584162 , 0.52172964, 0.55459361, 0.39954142,
       0.5426267 , 0.57571988, 0.54229043, 0.52729386, 0.53094549,
       0.51438083, 0.46437033, 0.28199578, 0.48026527, 0.56211297,
       0.46961441, 0.49437228, 0.71524814, 0.47205901, 0.55656188,
       0.38932144, 0.49691771, 0.44374198, 0.75298192, 0.58628661,
       0.57270808, 0.48450135, 0.45873314, 0.41796994, 0.51784838]), start_index=270, window_size=6, num_windows=5)",max_epochs_reached,
anti_hebbian,49,300,0.5090802164032752,0.45441076781337936,300,10.738867241029974,"StabilityResult(stability_variance=0.0021873318930593537, window_means=array([0.48319297, 0.41259295, 0.36427362, 0.43105413, 0.3548474 ]), final_segment=array([0.47877519, 0.59157011, 0.39332481, 0.50056948, 0.49940501,
       0.43551324, 0.5200691 , 0.46301766, 0.40926179, 0.37589441,
       0.40236287, 0.30495186, 0.33598743, 0.32226613, 0.39948967,
       0.42977967, 0.34701273, 0.3511061 , 0.43724621, 0.53468535,
       0.30827227, 0.42098464, 0.46360274, 0.42153355, 0.39451534,
       0.34444526, 0.31371251, 0.41720339, 0.32359047, 0.33561742]), start_index=270, window_size=6, num_windows=5)",max_epochs_reached,
anti_hebbian,50,300,0.434083577206711,0.37518072241776734,300,13.569473226326192,"StabilityResult(stability_variance=0.002353943890533579, window_means=array([0.58865202, 0.56033262, 0.44829617, 0.50166334, 0.53197722]), final_segment=array([0.59191733, 0.61567086, 0.45056247, 0.75565894, 0.53206168,
       0.58604082, 0.42737726, 0.62589824, 0.81669564, 0.61899481,
       0.37645989, 0.49656987, 0.35435491, 0.54528922, 0.5243332 ,
       0.40697151, 0.4398999 , 0.41892829, 0.58707024, 0.53114986,
       0.49669578, 0.44656784, 0.53104449, 0.41745182, 0.4339436 ,
       0.64740863, 0.60246541, 0.47044643, 0.48382345, 0.5537758 ]), start_index=270, window_size=6, num_windows=5)",max_epochs_reached,
anti_hebbian,51,300,0.580987191439706,0.4325284962840692,300,25.552834441625315,"StabilityResult(stability_variance=0.0016165715120345571, window_means=array([0.56718099, 0.55029068, 0.62882283, 0.54523195, 0.50537155]), final_segment=array([0.47490913, 0.53540677, 0.5576497 , 0.50552803, 0.53377975,
       0.79581253, 0.50363281, 0.41148776, 0.59101254, 0.7199322 ,
       0.58559521, 0.49008355, 0.80206268, 0.6036014 , 0.51797913,
       0.4350905 , 0.67300983, 0.74119346, 0.53590843, 0.57833377,
       0.47346485, 0.49720296, 0.57149287, 0.61498885, 0.58002859,
       0.56598278, 0.54901261, 0.4511789 , 0.43141764, 0.45460879]), start_index=270, window_size=6, num_windows=5)",max_epochs_reached,
anti_hebbian,52,300,0.42867880538820885,0.3828711995899728,300,10.68576407848132,"StabilityResult(stability_variance=0.00024163345281669603, window_means=array([0.35800281, 0.34203589, 0.36475856, 0.35306889, 0.38862174]), final_segment=array([0.28145187, 0.51869903, 0.29348677, 0.27320558, 0.34644144,
       0.43473215, 0.31475394, 0.34833346, 0.36590037, 0.35597879,
       0.3360255 , 0.3312233 , 0.32156019, 0.36082202, 0.3823963 ,
       0.48851997, 0.32301207, 0.31224082, 0.3622122 , 0.2242979 ,
       0.34790933, 0.3800086 , 0.41978867, 0.38419665, 0.42622695,
       0.3093026 , 0.40014751, 0.32442822, 0.49096174, 0.3806634 ]), start_index=270, window_size=6, num_windows=5)",max_epochs_reached,
anti_hebbian,53,300,0.5714413000244304,0.44801206380576936,300,21.599635205468026,"StabilityResult(stability_variance=0.000624897370575165, window_means=array([0.57939198, 0.54556089, 0.53484508, 0.60541498, 0.56418701]), final_segment=array([0.61503168, 0.49717256, 0.7063929 , 0.585651  , 0.59157627,
       0.48052745, 0.60615366, 0.56641777, 0.47466792, 0.42220753,
       0.69074518, 0.51317326, 0.73073306, 0.55312096, 0.4446179 ,
       0.45263378, 0.55960526, 0.46835955, 0.67953968, 0.73365066,
       0.60897372, 0.53149682, 0.43264712, 0.64618189, 0.62955426,
       0.49986135, 0.55554699, 0.5686706 , 0.49745682, 0.63403205]), start_index=270, window_size=6, num_windows=5)",max_epochs_reached,
anti_hebbian,54,300,0.5128981931016565,0.4097190277030876,300,20.116890015660243,"StabilityResult(stability_variance=0.0025204091182182615, window_means=array([0.5731554 , 0.48278488, 0.46532518, 0.42628218, 0.45144109]), final_segment=array([0.67040325, 0.46084093, 0.55591304, 0.61049551, 0.57394828,
       0.5673314 , 0.43785877, 0.58124937, 0.43490703, 0.53939515,
       0.45869373, 0.44460524, 0.385239  , 0.42355506, 0.52569728,
       0.41755176, 0.40627944, 0.63362853, 0.36876224, 0.43179603,
       0.44545813, 0.48132411, 0.40756161, 0.42279098, 0.36360759,
       0.46540097, 0.34886917, 0.50437345, 0.49164551, 0.53474984]), start_index=270, window_size=6, num_windows=5)",max_epochs_reached,
anti_hebbian,55,300,0.8268175618372092,0.6114134852320852,300,26.052189327775142,"StabilityResult(stability_variance=0.0013898745928845092, window_means=array([0.59416838, 0.58247437, 0.66897028, 0.61708667, 0.6720462 ]), final_segment=array([0.63252156, 0.56701262, 0.54903064, 0.42917047, 0.66869998,
       0.71857498, 0.58589272, 0.73668778, 0.70038054, 0.4762691 ,
       0.56330152, 0.43231457, 0.67697708, 0.62764134, 0.78911594,
       0.44656265, 0.74707646, 0.72644821, 0.61314894, 0.75937432,
       0.56239417, 0.5855049 , 0.57014663, 0.61195105, 0.54201278,
       0.70744226, 0.84151983, 0.68877105, 0.7653021 , 0.48722919]), start_index=270, window_size=6, num_windows=5)",max_epochs_reached,
anti_hebbian,56,300,0.4470015199368949,0.3586369507824036,300,19.76829277156957,"StabilityResult(stability_variance=8.422369505611422e-05, window_means=array([0.37274136, 0.38189654, 0.37935454, 0.40035731, 0.38494577]), final_segment=array([0.31623633, 0.34859791, 0.44671349, 0.39625349, 0.40150137,
       0.32714559, 0.36578216, 0.34527516, 0.42519706, 0.38102538,
       0.32952771, 0.44457178, 0.38216196, 0.3803779 , 0.44084373,
       0.40493606, 0.41292175, 0.25488582, 0.44973982, 0.43004085,
       0.28536698, 0.39458672, 0.36634058, 0.4760689 , 0.41889197,
       0.34246434, 0.42038016, 0.31595332, 0.42375708, 0.38822774]), start_index=270, window_size=6, num_windows=5)",max_epochs_reached,
anti_hebbian,57,300,0.38792490723202705,0.3243041860623782,300,16.40026716088013,"StabilityResult(stability_variance=0.00040283158570507806, window_means=array([0.38386209, 0.35892394, 0.39557878, 0.37725375, 0.33844477]), final_segment=array([0.29006079, 0.41920193, 0.43709584, 0.38658675, 0.37649056,
       0.39373668, 0.36385192, 0.38092827, 0.32849656, 0.44868788,
       0.35076991, 0.2808091 , 0.39119319, 0.42803785, 0.40550001,
       0.34852656, 0.37798838, 0.42222666, 0.43585229, 0.36044421,
       0.33397576, 0.33602404, 0.47090669, 0.32631955, 0.31122304,
       0.38279693, 0.29490391, 0.29986122, 0.33530676, 0.40657674]), start_index=270, window_size=6, num_windows=5)",max_epochs_reached,
anti_hebbian,58,300,0.4894663922600952,0.41914448458867276,300,14.367055385909808,"StabilityResult(stability_variance=0.0006419793164633711, window_means=array([0.44578291, 0.44255959, 0.44870744, 0.38241781, 0.4144928 ]), final_segment=array([0.53731992, 0.43020318, 0.37402832, 0.35672421, 0.45646315,
       0.51995871, 0.55678015, 0.42394189, 0.37814059, 0.40423743,
       0.34609981, 0.54615765, 0.53061466, 0.38681089, 0.47801928,
       0.44662815, 0.4974821 , 0.35268955, 0.39165089, 0.46920662,
       0.38970905, 0.33263503, 0.31853351, 0.39277179, 0.39251111,
       0.4689462 , 0.39348933, 0.50800344, 0.37165514, 0.3523516 ]), start_index=270, window_size=6, num_windows=5)",max_epochs_reached,
anti_hebbian,59,300,0.4353375006776416,0.37753130408072944,300,13.278478538359703,"StabilityResult(stability_variance=0.0007317188216738783, window_means=array([0.45507848, 0.4790414 , 0.48052696, 0.42478618, 0.50472624]), final_segment=array([0.39498505, 0.34117956, 0.53842918, 0.43258066, 0.51021948,
       0.51307698, 0.53281908, 0.49374721, 0.50235603, 0.46318293,
       0.48509911, 0.39704403, 0.43697168, 0.46858143, 0.41713323,
       0.47011486, 0.67829235, 0.41206823, 0.59755282, 0.426322  ,
       0.3842241 , 0.45470953, 0.2446662 , 0.44124242, 0.53733208,
       0.55846145, 0.53329888, 0.54373925, 0.48209966, 0.37342613]), start_index=270, window_size=6, num_windows=5)",max_epochs_reached,
anti_hebbian,60,300,0.4784775367454605,0.42075312503786727,300,12.06418426666942,"StabilityResult(stability_variance=0.0003087255192114021, window_means=array([0.50801506, 0.49981172, 0.50977115, 0.461459  , 0.49157828]), final_segment=array([0.5890525 , 0.4778555 , 0.53774447, 0.35305407, 0.50709636,
       0.58328745, 0.55284712, 0.47233087, 0.51969677, 0.38089344,
       0.56652979, 0.50657234, 0.57942772, 0.48253854, 0.56951174,
       0.55108145, 0.46789793, 0.40816953, 0.40790225, 0.50705687,
       0.40302966, 0.47138677, 0.50055377, 0.47882471, 0.56717003,
       0.42685183, 0.50174142, 0.43733757, 0.54641345, 0.46995539]), start_index=270, window_size=6, num_windows=5)",max_epochs_reached,
anti_hebbian,61,300,0.45996834988678165,0.40112796165768894,300,12.792268912323188,"StabilityResult(stability_variance=0.0005933627493074426, window_means=array([0.35459252, 0.38280282, 0.37243654, 0.35590701, 0.3115279 ]), final_segment=array([0.3111652 , 0.33823075, 0.41169538, 0.34140663, 0.33068885,
       0.39436833, 0.35530202, 0.46358555, 0.31122499, 0.38257957,
       0.45474684, 0.32937793, 0.38187235, 0.34445339, 0.30255548,
       0.34563115, 0.41692945, 0.44317741, 0.32673093, 0.48380528,
       0.42607892, 0.26135888, 0.32492906, 0.31253897, 0.4213024 ,
       0.24884076, 0.35812613, 0.27671734, 0.21697061, 0.34721018]), start_index=270, window_size=6, num_windows=5)",max_epochs_reached,
anti_hebbian,62,300,0.5055337712967992,0.4429978831221542,300,12.370269154170938,"StabilityResult(stability_variance=0.0038634961045133933, window_means=array([0.62650751, 0.44560155, 0.59423425, 0.5859315 , 0.5623034 ]), final_segment=array([0.65857022, 0.58413856, 0.77227878, 0.73398622, 0.5370286 ,
       0.47304266, 0.25353212, 0.40666328, 0.57610282, 0.42804203,
       0.52992547, 0.47934361, 0.26950017, 0.34825928, 0.72158959,
       0.69150865, 0.54172152, 0.99282629, 0.53109908, 0.54231809,
       0.52101345, 0.474601  , 0.67934885, 0.76720854, 0.49042968,
       0.82135117, 0.55294146, 0.42930926, 0.44533064, 0.63445818]), start_index=270, window_size=6, num_windows=5)",max_epochs_reached,
anti_hebbian,63,300,0.5607825334682386,0.4511829981124438,300,19.54403513211459,"StabilityResult(stability_variance=0.0014105773217714418, window_means=array([0.44588774, 0.49184784, 0.5289082 , 0.53693203, 0.452652  ]), final_segment=array([0.44543446, 0.52337291, 0.36090487, 0.58850449, 0.42914624,
       0.32796346, 0.42229467, 0.43693727, 0.443012  , 0.42595822,
       0.62065006, 0.60223484, 0.38878247, 0.60701883, 0.50443517,
       0.7089976 , 0.51761476, 0.44660037, 0.65093708, 0.64996932,
       0.54058134, 0.49549963, 0.4371178 , 0.44748705, 0.5671684 ,
       0.40703982, 0.45395443, 0.38772403, 0.46021544, 0.43980984]), start_index=270, window_size=6, num_windows=5)",max_epochs_reached,
anti_hebbian,64,300,0.44449444734549254,0.4047939289130961,300,8.931611782663815,"StabilityResult(stability_variance=0.0002133169344225225, window_means=array([0.36610213, 0.38697186, 0.38672955, 0.39984299, 0.40946496]), final_segment=array([0.39337967, 0.22100967, 0.367221  , 0.27292004, 0.5166723 ,
       0.4254101 , 0.3791177 , 0.46282869, 0.35598808, 0.27363972,
       0.34202867, 0.50822831, 0.42304174, 0.4450839 , 0.33395784,
       0.36360596, 0.43311427, 0.3215736 , 0.37127446, 0.51785145,
       0.43664613, 0.38921668, 0.27776626, 0.40630294, 0.3606402 ,
       0.47256236, 0.46799551, 0.31140086, 0.3762376 , 0.46795322]), start_index=270, window_size=6, num_windows=5)",max_epochs_reached,
anti_hebbian,65,300,0.6164303743709447,0.4780635438840058,300,22.44646536571784,"StabilityResult(stability_variance=0.0039341569576771575, window_means=array([0.66434874, 0.50205618, 0.54885065, 0.50895192, 0.4973495 ]), final_segment=array([0.83455638, 0.50290922, 0.57771549, 0.64073901, 0.64333263,
       0.7868397 , 0.33535113, 0.48499382, 0.52097979, 0.49303655,
       0.68519748, 0.49277828, 0.55599805, 0.52385519, 0.46810228,
       0.6921604 , 0.33463366, 0.71835434, 0.53437185, 0.66366036,
       0.55219006, 0.46527811, 0.35483598, 0.48337513, 0.33824527,
       0.64005597, 0.48110187, 0.54748408, 0.50909716, 0.46811262]), start_index=270, window_size=6, num_windows=5)",max_epochs_reached,
anti_hebbian,66,300,0.5370903473549111,0.46882088970265506,300,12.71098205143191,"StabilityResult(stability_variance=0.00019051349704680027, window_means=array([0.35070608, 0.36727244, 0.35580543, 0.36631574, 0.32928769]), final_segment=array([0.43371746, 0.40166251, 0.23707213, 0.36393325, 0.31650307,
       0.35134807, 0.33270342, 0.3131704 , 0.33821889, 0.43286753,
       0.47692863, 0.30974577, 0.39158981, 0.38440284, 0.40738927,
       0.271134  , 0.32727579, 0.35304088, 0.33976152, 0.37099177,
       0.32524119, 0.42357236, 0.34381819, 0.39450938, 0.3699951 ,
       0.2328301 , 0.3816636 , 0.33940346, 0.35728248, 0.29455143]), start_index=270, window_size=6, num_windows=5)",max_epochs_reached,
anti_hebbian,67,300,0.3857334081205546,0.33702458764756216,300,12.62758668229466,"StabilityResult(stability_variance=0.0007453835534789073, window_means=array([0.44183668, 0.41393909, 0.36200809, 0.42804079, 0.42130599]), final_segment=array([0.50510097, 0.41886647, 0.47136379, 0.44120462, 0.37239475,
       0.44208947, 0.33005491, 0.45256018, 0.437737  , 0.47123256,
       0.40747872, 0.38457117, 0.4991597 , 0.32196137, 0.33826016,
       0.28942822, 0.34888985, 0.37434923, 0.44400295, 0.47775563,
       0.41792758, 0.41882259, 0.4320161 , 0.37771988, 0.37312709,
       0.47940657, 0.33473364, 0.43123911, 0.42211348, 0.48721604]), start_index=270, window_size=6, num_windows=5)",max_epochs_reached,
anti_hebbian,68,300,0.41910123727820864,0.3668397684165183,300,12.469891332484433,"StabilityResult(stability_variance=0.00025140033253478664, window_means=array([0.32103271, 0.33413081, 0.35926368, 0.35592225, 0.36078648]), final_segment=array([0.32503104, 0.34745671, 0.27391542, 0.20795028, 0.33676997,
       0.43507283, 0.37001559, 0.3445708 , 0.34049348, 0.3465691 ,
       0.2946174 , 0.30851846, 0.42625919, 0.39314409, 0.35825163,
       0.3818719 , 0.28374821, 0.31230705, 0.2994715 , 0.45571736,
       0.2789121 , 0.45367957, 0.32690515, 0.32084781, 0.35314086,
       0.3832257 , 0.38897563, 0.37273218, 0.36308508, 0.30355945]), start_index=270, window_size=6, num_windows=5)",max_epochs_reached,
anti_hebbian,69,300,0.4457764194477186,0.36858917135054164,300,17.315238027351427,"StabilityResult(stability_variance=0.0006157409006915823, window_means=array([0.46293453, 0.46310659, 0.40408295, 0.41570219, 0.45181086]), final_segment=array([0.71373802, 0.4233208 , 0.55558549, 0.31667652, 0.36768265,
       0.40060366, 0.51843369, 0.45981507, 0.50998837, 0.41179492,
       0.38946782, 0.48913966, 0.28383947, 0.45555755, 0.37454741,
       0.51612055, 0.39477979, 0.39965293, 0.39761088, 0.50268327,
       0.46869535, 0.27303152, 0.45076996, 0.40142219, 0.42065734,
       0.51571497, 0.36539499, 0.48819694, 0.44017435, 0.48072656]), start_index=270, window_size=6, num_windows=5)",max_epochs_reached,
anti_hebbian,70,300,0.4344405739644142,0.38011428934809677,300,12.504882801477793,"StabilityResult(stability_variance=5.348271918115844e-05, window_means=array([0.41890379, 0.42065866, 0.40271081, 0.40633564, 0.40639707]), final_segment=array([0.41406742, 0.48103307, 0.50780361, 0.35762806, 0.34657277,
       0.40631782, 0.36340774, 0.49739501, 0.43012257, 0.36479254,
       0.52942347, 0.33881064, 0.38660561, 0.30365015, 0.45541606,
       0.37539023, 0.40538777, 0.48981503, 0.32333463, 0.47671764,
       0.40422243, 0.45907812, 0.37412289, 0.40053816, 0.36500114,
       0.33652994, 0.41869164, 0.42440489, 0.41120426, 0.48255053]), start_index=270, window_size=6, num_windows=5)",max_epochs_reached,
anti_hebbian,71,300,0.3225185820336533,0.2702854202461872,300,16.195396078609768,"StabilityResult(stability_variance=0.0004006019388714168, window_means=array([0.24372414, 0.27323317, 0.28100098, 0.29051799, 0.30330576]), final_segment=array([0.22952173, 0.18833214, 0.2265682 , 0.27167428, 0.26548276,
       0.28076571, 0.2216764 , 0.39030418, 0.28635795, 0.19596975,
       0.32952783, 0.2155629 , 0.26963861, 0.28173707, 0.34896489,
       0.27610983, 0.24904973, 0.26050576, 0.31950185, 0.34957347,
       0.28939778, 0.28004802, 0.30892892, 0.1956579 , 0.2207288 ,
       0.36226373, 0.27762798, 0.28887352, 0.28807076, 0.38226976]), start_index=270, window_size=6, num_windows=5)",max_epochs_reached,201.0
